quarterYear,survival,ciLb,ciUb,sex,dep,region,route,stage,ageBand,diagnosisYear
0,1.00,1.00,1.00,All Persons,All IMD Quintiles,All Regions,All Routes,All Stages,All Ages,All Years
0.25,0.94,0.94,0.95,All Persons,All IMD Quintiles,All Regions,All Routes,All Stages,All Ages,All Years
0.5,0.90,0.89,0.90,All Persons,All IMD Quintiles,All Regions,All Routes,All Stages,All Ages,All Years
0.75,0.86,0.86,0.87,All Persons,All IMD Quintiles,All Regions,All Routes,All Stages,All Ages,All Years
1,0.83,0.82,0.83,All Persons,All IMD Quintiles,All Regions,All Routes,All Stages,All Ages,All Years
1.25,0.80,0.80,0.81,All Persons,All IMD Quintiles,All Regions,All Routes,All Stages,All Ages,All Years
1.5,0.78,0.78,0.79,All Persons,All IMD Quintiles,All Regions,All Routes,All Stages,All Ages,All Years
1.75,0.77,0.76,0.77,All Persons,All IMD Quintiles,All Regions,All Routes,All Stages,All Ages,All Years
2,0.75,0.74,0.76,All Persons,All IMD Quintiles,All Regions,All Routes,All Stages,All Ages,All Years
2.25,0.74,0.73,0.74,All Persons,All IMD Quintiles,All Regions,All Routes,All Stages,All Ages,All Years
2.5,0.72,0.72,0.73,All Persons,All IMD Quintiles,All Regions,All Routes,All Stages,All Ages,All Years
2.75,0.71,0.71,0.72,All Persons,All IMD Quintiles,All Regions,All Routes,All Stages,All Ages,All Years
3,0.70,0.69,0.71,All Persons,All IMD Quintiles,All Regions,All Routes,All Stages,All Ages,All Years
3.25,0.69,0.68,0.70,All Persons,All IMD Quintiles,All Regions,All Routes,All Stages,All Ages,All Years
3.5,0.68,0.67,0.69,All Persons,All IMD Quintiles,All Regions,All Routes,All Stages,All Ages,All Years
3.75,0.67,0.67,0.68,All Persons,All IMD Quintiles,All Regions,All Routes,All Stages,All Ages,All Years
4,0.66,0.66,0.67,All Persons,All IMD Quintiles,All Regions,All Routes,All Stages,All Ages,All Years
4.25,0.66,0.65,0.66,All Persons,All IMD Quintiles,All Regions,All Routes,All Stages,All Ages,All Years
4.5,0.65,0.64,0.66,All Persons,All IMD Quintiles,All Regions,All Routes,All Stages,All Ages,All Years
4.75,0.64,0.63,0.65,All Persons,All IMD Quintiles,All Regions,All Routes,All Stages,All Ages,All Years
5,0.63,0.63,0.64,All Persons,All IMD Quintiles,All Regions,All Routes,All Stages,All Ages,All Years
0,1.00,1.00,1.00,Male,All IMD Quintiles,All Regions,All Routes,All Stages,All Ages,All Years
0.25,0.94,0.94,0.95,Male,All IMD Quintiles,All Regions,All Routes,All Stages,All Ages,All Years
0.5,0.90,0.89,0.90,Male,All IMD Quintiles,All Regions,All Routes,All Stages,All Ages,All Years
0.75,0.87,0.86,0.87,Male,All IMD Quintiles,All Regions,All Routes,All Stages,All Ages,All Years
1,0.83,0.83,0.84,Male,All IMD Quintiles,All Regions,All Routes,All Stages,All Ages,All Years
1.25,0.81,0.80,0.81,Male,All IMD Quintiles,All Regions,All Routes,All Stages,All Ages,All Years
1.5,0.79,0.78,0.79,Male,All IMD Quintiles,All Regions,All Routes,All Stages,All Ages,All Years
1.75,0.77,0.76,0.78,Male,All IMD Quintiles,All Regions,All Routes,All Stages,All Ages,All Years
2,0.75,0.75,0.76,Male,All IMD Quintiles,All Regions,All Routes,All Stages,All Ages,All Years
2.25,0.74,0.73,0.75,Male,All IMD Quintiles,All Regions,All Routes,All Stages,All Ages,All Years
2.5,0.73,0.72,0.73,Male,All IMD Quintiles,All Regions,All Routes,All Stages,All Ages,All Years
2.75,0.71,0.71,0.72,Male,All IMD Quintiles,All Regions,All Routes,All Stages,All Ages,All Years
3,0.70,0.69,0.71,Male,All IMD Quintiles,All Regions,All Routes,All Stages,All Ages,All Years
3.25,0.69,0.68,0.70,Male,All IMD Quintiles,All Regions,All Routes,All Stages,All Ages,All Years
3.5,0.68,0.67,0.69,Male,All IMD Quintiles,All Regions,All Routes,All Stages,All Ages,All Years
3.75,0.67,0.67,0.68,Male,All IMD Quintiles,All Regions,All Routes,All Stages,All Ages,All Years
4,0.66,0.65,0.67,Male,All IMD Quintiles,All Regions,All Routes,All Stages,All Ages,All Years
4.25,0.66,0.65,0.66,Male,All IMD Quintiles,All Regions,All Routes,All Stages,All Ages,All Years
4.5,0.65,0.64,0.66,Male,All IMD Quintiles,All Regions,All Routes,All Stages,All Ages,All Years
4.75,0.64,0.63,0.65,Male,All IMD Quintiles,All Regions,All Routes,All Stages,All Ages,All Years
5,0.63,0.62,0.64,Male,All IMD Quintiles,All Regions,All Routes,All Stages,All Ages,All Years
0,1.00,1.00,1.00,Female,All IMD Quintiles,All Regions,All Routes,All Stages,All Ages,All Years
0.25,0.94,0.93,0.95,Female,All IMD Quintiles,All Regions,All Routes,All Stages,All Ages,All Years
0.5,0.89,0.88,0.90,Female,All IMD Quintiles,All Regions,All Routes,All Stages,All Ages,All Years
0.75,0.85,0.84,0.86,Female,All IMD Quintiles,All Regions,All Routes,All Stages,All Ages,All Years
1,0.82,0.81,0.83,Female,All IMD Quintiles,All Regions,All Routes,All Stages,All Ages,All Years
1.25,0.79,0.78,0.81,Female,All IMD Quintiles,All Regions,All Routes,All Stages,All Ages,All Years
1.5,0.77,0.76,0.79,Female,All IMD Quintiles,All Regions,All Routes,All Stages,All Ages,All Years
1.75,0.76,0.74,0.77,Female,All IMD Quintiles,All Regions,All Routes,All Stages,All Ages,All Years
2,0.74,0.73,0.75,Female,All IMD Quintiles,All Regions,All Routes,All Stages,All Ages,All Years
2.25,0.73,0.72,0.74,Female,All IMD Quintiles,All Regions,All Routes,All Stages,All Ages,All Years
2.5,0.72,0.70,0.73,Female,All IMD Quintiles,All Regions,All Routes,All Stages,All Ages,All Years
2.75,0.71,0.69,0.72,Female,All IMD Quintiles,All Regions,All Routes,All Stages,All Ages,All Years
3,0.70,0.68,0.71,Female,All IMD Quintiles,All Regions,All Routes,All Stages,All Ages,All Years
3.25,0.69,0.67,0.70,Female,All IMD Quintiles,All Regions,All Routes,All Stages,All Ages,All Years
3.5,0.68,0.66,0.69,Female,All IMD Quintiles,All Regions,All Routes,All Stages,All Ages,All Years
3.75,0.67,0.65,0.68,Female,All IMD Quintiles,All Regions,All Routes,All Stages,All Ages,All Years
4,0.66,0.65,0.68,Female,All IMD Quintiles,All Regions,All Routes,All Stages,All Ages,All Years
4.25,0.66,0.64,0.67,Female,All IMD Quintiles,All Regions,All Routes,All Stages,All Ages,All Years
4.5,0.65,0.63,0.66,Female,All IMD Quintiles,All Regions,All Routes,All Stages,All Ages,All Years
4.75,0.64,0.63,0.66,Female,All IMD Quintiles,All Regions,All Routes,All Stages,All Ages,All Years
5,0.63,0.62,0.65,Female,All IMD Quintiles,All Regions,All Routes,All Stages,All Ages,All Years
0,1.00,1.00,1.00,All Persons,IMD Q1,All Regions,All Routes,All Stages,All Ages,All Years
0.25,0.92,0.91,0.93,All Persons,IMD Q1,All Regions,All Routes,All Stages,All Ages,All Years
0.5,0.85,0.84,0.87,All Persons,IMD Q1,All Regions,All Routes,All Stages,All Ages,All Years
0.75,0.81,0.79,0.82,All Persons,IMD Q1,All Regions,All Routes,All Stages,All Ages,All Years
1,0.76,0.75,0.78,All Persons,IMD Q1,All Regions,All Routes,All Stages,All Ages,All Years
1.25,0.73,0.72,0.74,All Persons,IMD Q1,All Regions,All Routes,All Stages,All Ages,All Years
1.5,0.70,0.69,0.72,All Persons,IMD Q1,All Regions,All Routes,All Stages,All Ages,All Years
1.75,0.68,0.66,0.69,All Persons,IMD Q1,All Regions,All Routes,All Stages,All Ages,All Years
2,0.66,0.65,0.68,All Persons,IMD Q1,All Regions,All Routes,All Stages,All Ages,All Years
2.25,0.65,0.63,0.66,All Persons,IMD Q1,All Regions,All Routes,All Stages,All Ages,All Years
2.5,0.63,0.62,0.65,All Persons,IMD Q1,All Regions,All Routes,All Stages,All Ages,All Years
2.75,0.62,0.60,0.63,All Persons,IMD Q1,All Regions,All Routes,All Stages,All Ages,All Years
3,0.60,0.59,0.62,All Persons,IMD Q1,All Regions,All Routes,All Stages,All Ages,All Years
3.25,0.59,0.57,0.60,All Persons,IMD Q1,All Regions,All Routes,All Stages,All Ages,All Years
3.5,0.58,0.56,0.59,All Persons,IMD Q1,All Regions,All Routes,All Stages,All Ages,All Years
3.75,0.57,0.55,0.59,All Persons,IMD Q1,All Regions,All Routes,All Stages,All Ages,All Years
4,0.56,0.55,0.58,All Persons,IMD Q1,All Regions,All Routes,All Stages,All Ages,All Years
4.25,0.56,0.54,0.57,All Persons,IMD Q1,All Regions,All Routes,All Stages,All Ages,All Years
4.5,0.54,0.53,0.56,All Persons,IMD Q1,All Regions,All Routes,All Stages,All Ages,All Years
4.75,0.54,0.52,0.56,All Persons,IMD Q1,All Regions,All Routes,All Stages,All Ages,All Years
5,0.53,0.51,0.55,All Persons,IMD Q1,All Regions,All Routes,All Stages,All Ages,All Years
0,1.00,1.00,1.00,All Persons,IMD Q2,All Regions,All Routes,All Stages,All Ages,All Years
0.25,0.94,0.93,0.95,All Persons,IMD Q2,All Regions,All Routes,All Stages,All Ages,All Years
0.5,0.89,0.88,0.90,All Persons,IMD Q2,All Regions,All Routes,All Stages,All Ages,All Years
0.75,0.85,0.84,0.86,All Persons,IMD Q2,All Regions,All Routes,All Stages,All Ages,All Years
1,0.82,0.81,0.83,All Persons,IMD Q2,All Regions,All Routes,All Stages,All Ages,All Years
1.25,0.79,0.78,0.81,All Persons,IMD Q2,All Regions,All Routes,All Stages,All Ages,All Years
1.5,0.77,0.76,0.79,All Persons,IMD Q2,All Regions,All Routes,All Stages,All Ages,All Years
1.75,0.75,0.74,0.77,All Persons,IMD Q2,All Regions,All Routes,All Stages,All Ages,All Years
2,0.73,0.72,0.75,All Persons,IMD Q2,All Regions,All Routes,All Stages,All Ages,All Years
2.25,0.72,0.70,0.73,All Persons,IMD Q2,All Regions,All Routes,All Stages,All Ages,All Years
2.5,0.70,0.68,0.71,All Persons,IMD Q2,All Regions,All Routes,All Stages,All Ages,All Years
2.75,0.68,0.67,0.70,All Persons,IMD Q2,All Regions,All Routes,All Stages,All Ages,All Years
3,0.67,0.66,0.69,All Persons,IMD Q2,All Regions,All Routes,All Stages,All Ages,All Years
3.25,0.66,0.65,0.68,All Persons,IMD Q2,All Regions,All Routes,All Stages,All Ages,All Years
3.5,0.65,0.64,0.67,All Persons,IMD Q2,All Regions,All Routes,All Stages,All Ages,All Years
3.75,0.64,0.62,0.66,All Persons,IMD Q2,All Regions,All Routes,All Stages,All Ages,All Years
4,0.63,0.61,0.65,All Persons,IMD Q2,All Regions,All Routes,All Stages,All Ages,All Years
4.25,0.62,0.60,0.64,All Persons,IMD Q2,All Regions,All Routes,All Stages,All Ages,All Years
4.5,0.62,0.60,0.63,All Persons,IMD Q2,All Regions,All Routes,All Stages,All Ages,All Years
4.75,0.61,0.59,0.63,All Persons,IMD Q2,All Regions,All Routes,All Stages,All Ages,All Years
5,0.60,0.58,0.62,All Persons,IMD Q2,All Regions,All Routes,All Stages,All Ages,All Years
0,1.00,1.00,1.00,All Persons,IMD Q3,All Regions,All Routes,All Stages,All Ages,All Years
0.25,0.94,0.94,0.95,All Persons,IMD Q3,All Regions,All Routes,All Stages,All Ages,All Years
0.5,0.90,0.89,0.91,All Persons,IMD Q3,All Regions,All Routes,All Stages,All Ages,All Years
0.75,0.87,0.86,0.88,All Persons,IMD Q3,All Regions,All Routes,All Stages,All Ages,All Years
1,0.84,0.83,0.85,All Persons,IMD Q3,All Regions,All Routes,All Stages,All Ages,All Years
1.25,0.82,0.80,0.83,All Persons,IMD Q3,All Regions,All Routes,All Stages,All Ages,All Years
1.5,0.80,0.78,0.81,All Persons,IMD Q3,All Regions,All Routes,All Stages,All Ages,All Years
1.75,0.78,0.77,0.79,All Persons,IMD Q3,All Regions,All Routes,All Stages,All Ages,All Years
2,0.76,0.75,0.78,All Persons,IMD Q3,All Regions,All Routes,All Stages,All Ages,All Years
2.25,0.75,0.74,0.76,All Persons,IMD Q3,All Regions,All Routes,All Stages,All Ages,All Years
2.5,0.74,0.73,0.76,All Persons,IMD Q3,All Regions,All Routes,All Stages,All Ages,All Years
2.75,0.74,0.72,0.75,All Persons,IMD Q3,All Regions,All Routes,All Stages,All Ages,All Years
3,0.72,0.71,0.74,All Persons,IMD Q3,All Regions,All Routes,All Stages,All Ages,All Years
3.25,0.71,0.69,0.73,All Persons,IMD Q3,All Regions,All Routes,All Stages,All Ages,All Years
3.5,0.70,0.69,0.72,All Persons,IMD Q3,All Regions,All Routes,All Stages,All Ages,All Years
3.75,0.70,0.68,0.71,All Persons,IMD Q3,All Regions,All Routes,All Stages,All Ages,All Years
4,0.68,0.67,0.70,All Persons,IMD Q3,All Regions,All Routes,All Stages,All Ages,All Years
4.25,0.68,0.66,0.69,All Persons,IMD Q3,All Regions,All Routes,All Stages,All Ages,All Years
4.5,0.67,0.65,0.69,All Persons,IMD Q3,All Regions,All Routes,All Stages,All Ages,All Years
4.75,0.66,0.65,0.68,All Persons,IMD Q3,All Regions,All Routes,All Stages,All Ages,All Years
5,0.66,0.64,0.68,All Persons,IMD Q3,All Regions,All Routes,All Stages,All Ages,All Years
0,1.00,1.00,1.00,All Persons,IMD Q4,All Regions,All Routes,All Stages,All Ages,All Years
0.25,0.95,0.94,0.96,All Persons,IMD Q4,All Regions,All Routes,All Stages,All Ages,All Years
0.5,0.91,0.90,0.92,All Persons,IMD Q4,All Regions,All Routes,All Stages,All Ages,All Years
0.75,0.88,0.87,0.89,All Persons,IMD Q4,All Regions,All Routes,All Stages,All Ages,All Years
1,0.85,0.84,0.86,All Persons,IMD Q4,All Regions,All Routes,All Stages,All Ages,All Years
1.25,0.83,0.82,0.84,All Persons,IMD Q4,All Regions,All Routes,All Stages,All Ages,All Years
1.5,0.81,0.80,0.83,All Persons,IMD Q4,All Regions,All Routes,All Stages,All Ages,All Years
1.75,0.80,0.79,0.81,All Persons,IMD Q4,All Regions,All Routes,All Stages,All Ages,All Years
2,0.79,0.78,0.80,All Persons,IMD Q4,All Regions,All Routes,All Stages,All Ages,All Years
2.25,0.78,0.76,0.79,All Persons,IMD Q4,All Regions,All Routes,All Stages,All Ages,All Years
2.5,0.77,0.75,0.78,All Persons,IMD Q4,All Regions,All Routes,All Stages,All Ages,All Years
2.75,0.76,0.74,0.77,All Persons,IMD Q4,All Regions,All Routes,All Stages,All Ages,All Years
3,0.75,0.73,0.76,All Persons,IMD Q4,All Regions,All Routes,All Stages,All Ages,All Years
3.25,0.74,0.73,0.76,All Persons,IMD Q4,All Regions,All Routes,All Stages,All Ages,All Years
3.5,0.73,0.72,0.75,All Persons,IMD Q4,All Regions,All Routes,All Stages,All Ages,All Years
3.75,0.72,0.71,0.74,All Persons,IMD Q4,All Regions,All Routes,All Stages,All Ages,All Years
4,0.71,0.70,0.73,All Persons,IMD Q4,All Regions,All Routes,All Stages,All Ages,All Years
4.25,0.71,0.69,0.72,All Persons,IMD Q4,All Regions,All Routes,All Stages,All Ages,All Years
4.5,0.70,0.68,0.72,All Persons,IMD Q4,All Regions,All Routes,All Stages,All Ages,All Years
4.75,0.69,0.67,0.71,All Persons,IMD Q4,All Regions,All Routes,All Stages,All Ages,All Years
5,0.68,0.67,0.70,All Persons,IMD Q4,All Regions,All Routes,All Stages,All Ages,All Years
0,1.00,1.00,1.00,All Persons,IMD Q5,All Regions,All Routes,All Stages,All Ages,All Years
0.25,0.96,0.96,0.97,All Persons,IMD Q5,All Regions,All Routes,All Stages,All Ages,All Years
0.5,0.93,0.93,0.94,All Persons,IMD Q5,All Regions,All Routes,All Stages,All Ages,All Years
0.75,0.91,0.90,0.92,All Persons,IMD Q5,All Regions,All Routes,All Stages,All Ages,All Years
1,0.88,0.87,0.89,All Persons,IMD Q5,All Regions,All Routes,All Stages,All Ages,All Years
1.25,0.87,0.86,0.88,All Persons,IMD Q5,All Regions,All Routes,All Stages,All Ages,All Years
1.5,0.85,0.84,0.86,All Persons,IMD Q5,All Regions,All Routes,All Stages,All Ages,All Years
1.75,0.84,0.82,0.85,All Persons,IMD Q5,All Regions,All Routes,All Stages,All Ages,All Years
2,0.82,0.81,0.83,All Persons,IMD Q5,All Regions,All Routes,All Stages,All Ages,All Years
2.25,0.81,0.79,0.82,All Persons,IMD Q5,All Regions,All Routes,All Stages,All Ages,All Years
2.5,0.80,0.78,0.81,All Persons,IMD Q5,All Regions,All Routes,All Stages,All Ages,All Years
2.75,0.79,0.77,0.80,All Persons,IMD Q5,All Regions,All Routes,All Stages,All Ages,All Years
3,0.78,0.76,0.79,All Persons,IMD Q5,All Regions,All Routes,All Stages,All Ages,All Years
3.25,0.77,0.75,0.78,All Persons,IMD Q5,All Regions,All Routes,All Stages,All Ages,All Years
3.5,0.76,0.74,0.78,All Persons,IMD Q5,All Regions,All Routes,All Stages,All Ages,All Years
3.75,0.75,0.74,0.77,All Persons,IMD Q5,All Regions,All Routes,All Stages,All Ages,All Years
4,0.74,0.73,0.76,All Persons,IMD Q5,All Regions,All Routes,All Stages,All Ages,All Years
4.25,0.74,0.72,0.76,All Persons,IMD Q5,All Regions,All Routes,All Stages,All Ages,All Years
4.5,0.73,0.71,0.75,All Persons,IMD Q5,All Regions,All Routes,All Stages,All Ages,All Years
4.75,0.72,0.70,0.74,All Persons,IMD Q5,All Regions,All Routes,All Stages,All Ages,All Years
5,0.71,0.69,0.73,All Persons,IMD Q5,All Regions,All Routes,All Stages,All Ages,All Years
0,1.00,1.00,1.00,All Persons,All IMD Quintiles,East Midlands,All Routes,All Stages,All Ages,All Years
0.25,0.94,0.93,0.96,All Persons,All IMD Quintiles,East Midlands,All Routes,All Stages,All Ages,All Years
0.5,0.90,0.88,0.91,All Persons,All IMD Quintiles,East Midlands,All Routes,All Stages,All Ages,All Years
0.75,0.86,0.84,0.88,All Persons,All IMD Quintiles,East Midlands,All Routes,All Stages,All Ages,All Years
1,0.82,0.81,0.84,All Persons,All IMD Quintiles,East Midlands,All Routes,All Stages,All Ages,All Years
1.25,0.81,0.79,0.83,All Persons,All IMD Quintiles,East Midlands,All Routes,All Stages,All Ages,All Years
1.5,0.80,0.78,0.82,All Persons,All IMD Quintiles,East Midlands,All Routes,All Stages,All Ages,All Years
1.75,0.78,0.77,0.80,All Persons,All IMD Quintiles,East Midlands,All Routes,All Stages,All Ages,All Years
2,0.77,0.75,0.79,All Persons,All IMD Quintiles,East Midlands,All Routes,All Stages,All Ages,All Years
2.25,0.76,0.74,0.78,All Persons,All IMD Quintiles,East Midlands,All Routes,All Stages,All Ages,All Years
2.5,0.74,0.72,0.76,All Persons,All IMD Quintiles,East Midlands,All Routes,All Stages,All Ages,All Years
2.75,0.73,0.71,0.75,All Persons,All IMD Quintiles,East Midlands,All Routes,All Stages,All Ages,All Years
3,0.72,0.69,0.74,All Persons,All IMD Quintiles,East Midlands,All Routes,All Stages,All Ages,All Years
3.25,0.70,0.68,0.73,All Persons,All IMD Quintiles,East Midlands,All Routes,All Stages,All Ages,All Years
3.5,0.70,0.67,0.72,All Persons,All IMD Quintiles,East Midlands,All Routes,All Stages,All Ages,All Years
3.75,0.69,0.66,0.71,All Persons,All IMD Quintiles,East Midlands,All Routes,All Stages,All Ages,All Years
4,0.67,0.65,0.70,All Persons,All IMD Quintiles,East Midlands,All Routes,All Stages,All Ages,All Years
4.25,0.67,0.64,0.69,All Persons,All IMD Quintiles,East Midlands,All Routes,All Stages,All Ages,All Years
4.5,0.66,0.63,0.68,All Persons,All IMD Quintiles,East Midlands,All Routes,All Stages,All Ages,All Years
4.75,0.65,0.63,0.68,All Persons,All IMD Quintiles,East Midlands,All Routes,All Stages,All Ages,All Years
5,0.65,0.62,0.68,All Persons,All IMD Quintiles,East Midlands,All Routes,All Stages,All Ages,All Years
0,1.00,1.00,1.00,All Persons,All IMD Quintiles,East of England,All Routes,All Stages,All Ages,All Years
0.25,0.95,0.94,0.96,All Persons,All IMD Quintiles,East of England,All Routes,All Stages,All Ages,All Years
0.5,0.91,0.90,0.92,All Persons,All IMD Quintiles,East of England,All Routes,All Stages,All Ages,All Years
0.75,0.88,0.86,0.89,All Persons,All IMD Quintiles,East of England,All Routes,All Stages,All Ages,All Years
1,0.85,0.83,0.86,All Persons,All IMD Quintiles,East of England,All Routes,All Stages,All Ages,All Years
1.25,0.82,0.81,0.84,All Persons,All IMD Quintiles,East of England,All Routes,All Stages,All Ages,All Years
1.5,0.81,0.79,0.83,All Persons,All IMD Quintiles,East of England,All Routes,All Stages,All Ages,All Years
1.75,0.79,0.77,0.81,All Persons,All IMD Quintiles,East of England,All Routes,All Stages,All Ages,All Years
2,0.77,0.75,0.79,All Persons,All IMD Quintiles,East of England,All Routes,All Stages,All Ages,All Years
2.25,0.76,0.74,0.78,All Persons,All IMD Quintiles,East of England,All Routes,All Stages,All Ages,All Years
2.5,0.75,0.73,0.77,All Persons,All IMD Quintiles,East of England,All Routes,All Stages,All Ages,All Years
2.75,0.74,0.72,0.76,All Persons,All IMD Quintiles,East of England,All Routes,All Stages,All Ages,All Years
3,0.73,0.71,0.75,All Persons,All IMD Quintiles,East of England,All Routes,All Stages,All Ages,All Years
3.25,0.72,0.70,0.74,All Persons,All IMD Quintiles,East of England,All Routes,All Stages,All Ages,All Years
3.5,0.71,0.69,0.73,All Persons,All IMD Quintiles,East of England,All Routes,All Stages,All Ages,All Years
3.75,0.70,0.68,0.73,All Persons,All IMD Quintiles,East of England,All Routes,All Stages,All Ages,All Years
4,0.70,0.68,0.72,All Persons,All IMD Quintiles,East of England,All Routes,All Stages,All Ages,All Years
4.25,0.69,0.66,0.71,All Persons,All IMD Quintiles,East of England,All Routes,All Stages,All Ages,All Years
4.5,0.67,0.65,0.70,All Persons,All IMD Quintiles,East of England,All Routes,All Stages,All Ages,All Years
4.75,0.67,0.65,0.70,All Persons,All IMD Quintiles,East of England,All Routes,All Stages,All Ages,All Years
5,0.67,0.64,0.69,All Persons,All IMD Quintiles,East of England,All Routes,All Stages,All Ages,All Years
0,1.00,1.00,1.00,All Persons,All IMD Quintiles,London,All Routes,All Stages,All Ages,All Years
0.25,0.94,0.93,0.95,All Persons,All IMD Quintiles,London,All Routes,All Stages,All Ages,All Years
0.5,0.89,0.87,0.90,All Persons,All IMD Quintiles,London,All Routes,All Stages,All Ages,All Years
0.75,0.84,0.82,0.86,All Persons,All IMD Quintiles,London,All Routes,All Stages,All Ages,All Years
1,0.80,0.79,0.82,All Persons,All IMD Quintiles,London,All Routes,All Stages,All Ages,All Years
1.25,0.77,0.76,0.79,All Persons,All IMD Quintiles,London,All Routes,All Stages,All Ages,All Years
1.5,0.75,0.73,0.77,All Persons,All IMD Quintiles,London,All Routes,All Stages,All Ages,All Years
1.75,0.74,0.71,0.76,All Persons,All IMD Quintiles,London,All Routes,All Stages,All Ages,All Years
2,0.71,0.69,0.73,All Persons,All IMD Quintiles,London,All Routes,All Stages,All Ages,All Years
2.25,0.70,0.68,0.72,All Persons,All IMD Quintiles,London,All Routes,All Stages,All Ages,All Years
2.5,0.69,0.66,0.71,All Persons,All IMD Quintiles,London,All Routes,All Stages,All Ages,All Years
2.75,0.68,0.65,0.70,All Persons,All IMD Quintiles,London,All Routes,All Stages,All Ages,All Years
3,0.67,0.65,0.69,All Persons,All IMD Quintiles,London,All Routes,All Stages,All Ages,All Years
3.25,0.66,0.63,0.68,All Persons,All IMD Quintiles,London,All Routes,All Stages,All Ages,All Years
3.5,0.65,0.63,0.67,All Persons,All IMD Quintiles,London,All Routes,All Stages,All Ages,All Years
3.75,0.64,0.62,0.66,All Persons,All IMD Quintiles,London,All Routes,All Stages,All Ages,All Years
4,0.63,0.61,0.66,All Persons,All IMD Quintiles,London,All Routes,All Stages,All Ages,All Years
4.25,0.63,0.61,0.66,All Persons,All IMD Quintiles,London,All Routes,All Stages,All Ages,All Years
4.5,0.62,0.60,0.65,All Persons,All IMD Quintiles,London,All Routes,All Stages,All Ages,All Years
4.75,0.62,0.59,0.64,All Persons,All IMD Quintiles,London,All Routes,All Stages,All Ages,All Years
5,0.61,0.58,0.63,All Persons,All IMD Quintiles,London,All Routes,All Stages,All Ages,All Years
0,1.00,1.00,1.00,All Persons,All IMD Quintiles,North East,All Routes,All Stages,All Ages,All Years
0.25,0.93,0.92,0.94,All Persons,All IMD Quintiles,North East,All Routes,All Stages,All Ages,All Years
0.5,0.88,0.87,0.90,All Persons,All IMD Quintiles,North East,All Routes,All Stages,All Ages,All Years
0.75,0.85,0.83,0.87,All Persons,All IMD Quintiles,North East,All Routes,All Stages,All Ages,All Years
1,0.81,0.79,0.83,All Persons,All IMD Quintiles,North East,All Routes,All Stages,All Ages,All Years
1.25,0.78,0.76,0.80,All Persons,All IMD Quintiles,North East,All Routes,All Stages,All Ages,All Years
1.5,0.76,0.73,0.78,All Persons,All IMD Quintiles,North East,All Routes,All Stages,All Ages,All Years
1.75,0.73,0.71,0.76,All Persons,All IMD Quintiles,North East,All Routes,All Stages,All Ages,All Years
2,0.72,0.69,0.74,All Persons,All IMD Quintiles,North East,All Routes,All Stages,All Ages,All Years
2.25,0.71,0.69,0.74,All Persons,All IMD Quintiles,North East,All Routes,All Stages,All Ages,All Years
2.5,0.70,0.67,0.72,All Persons,All IMD Quintiles,North East,All Routes,All Stages,All Ages,All Years
2.75,0.69,0.66,0.72,All Persons,All IMD Quintiles,North East,All Routes,All Stages,All Ages,All Years
3,0.68,0.66,0.71,All Persons,All IMD Quintiles,North East,All Routes,All Stages,All Ages,All Years
3.25,0.68,0.65,0.70,All Persons,All IMD Quintiles,North East,All Routes,All Stages,All Ages,All Years
3.5,0.66,0.64,0.69,All Persons,All IMD Quintiles,North East,All Routes,All Stages,All Ages,All Years
3.75,0.66,0.63,0.69,All Persons,All IMD Quintiles,North East,All Routes,All Stages,All Ages,All Years
4,0.65,0.62,0.68,All Persons,All IMD Quintiles,North East,All Routes,All Stages,All Ages,All Years
4.25,0.64,0.61,0.67,All Persons,All IMD Quintiles,North East,All Routes,All Stages,All Ages,All Years
4.5,0.63,0.60,0.66,All Persons,All IMD Quintiles,North East,All Routes,All Stages,All Ages,All Years
4.75,0.63,0.59,0.66,All Persons,All IMD Quintiles,North East,All Routes,All Stages,All Ages,All Years
5,0.63,0.59,0.66,All Persons,All IMD Quintiles,North East,All Routes,All Stages,All Ages,All Years
0,1.00,1.00,1.00,All Persons,All IMD Quintiles,North West,All Routes,All Stages,All Ages,All Years
0.25,0.94,0.93,0.95,All Persons,All IMD Quintiles,North West,All Routes,All Stages,All Ages,All Years
0.5,0.89,0.88,0.90,All Persons,All IMD Quintiles,North West,All Routes,All Stages,All Ages,All Years
0.75,0.85,0.84,0.86,All Persons,All IMD Quintiles,North West,All Routes,All Stages,All Ages,All Years
1,0.82,0.81,0.83,All Persons,All IMD Quintiles,North West,All Routes,All Stages,All Ages,All Years
1.25,0.79,0.78,0.81,All Persons,All IMD Quintiles,North West,All Routes,All Stages,All Ages,All Years
1.5,0.77,0.75,0.78,All Persons,All IMD Quintiles,North West,All Routes,All Stages,All Ages,All Years
1.75,0.75,0.74,0.77,All Persons,All IMD Quintiles,North West,All Routes,All Stages,All Ages,All Years
2,0.73,0.72,0.75,All Persons,All IMD Quintiles,North West,All Routes,All Stages,All Ages,All Years
2.25,0.72,0.70,0.73,All Persons,All IMD Quintiles,North West,All Routes,All Stages,All Ages,All Years
2.5,0.70,0.69,0.72,All Persons,All IMD Quintiles,North West,All Routes,All Stages,All Ages,All Years
2.75,0.69,0.68,0.71,All Persons,All IMD Quintiles,North West,All Routes,All Stages,All Ages,All Years
3,0.68,0.66,0.69,All Persons,All IMD Quintiles,North West,All Routes,All Stages,All Ages,All Years
3.25,0.67,0.65,0.68,All Persons,All IMD Quintiles,North West,All Routes,All Stages,All Ages,All Years
3.5,0.65,0.64,0.67,All Persons,All IMD Quintiles,North West,All Routes,All Stages,All Ages,All Years
3.75,0.65,0.63,0.66,All Persons,All IMD Quintiles,North West,All Routes,All Stages,All Ages,All Years
4,0.64,0.62,0.66,All Persons,All IMD Quintiles,North West,All Routes,All Stages,All Ages,All Years
4.25,0.63,0.61,0.65,All Persons,All IMD Quintiles,North West,All Routes,All Stages,All Ages,All Years
4.5,0.62,0.60,0.64,All Persons,All IMD Quintiles,North West,All Routes,All Stages,All Ages,All Years
4.75,0.61,0.59,0.63,All Persons,All IMD Quintiles,North West,All Routes,All Stages,All Ages,All Years
5,0.60,0.58,0.62,All Persons,All IMD Quintiles,North West,All Routes,All Stages,All Ages,All Years
0,1.00,1.00,1.00,All Persons,All IMD Quintiles,South East,All Routes,All Stages,All Ages,All Years
0.25,0.95,0.94,0.96,All Persons,All IMD Quintiles,South East,All Routes,All Stages,All Ages,All Years
0.5,0.91,0.90,0.92,All Persons,All IMD Quintiles,South East,All Routes,All Stages,All Ages,All Years
0.75,0.88,0.87,0.89,All Persons,All IMD Quintiles,South East,All Routes,All Stages,All Ages,All Years
1,0.85,0.84,0.86,All Persons,All IMD Quintiles,South East,All Routes,All Stages,All Ages,All Years
1.25,0.83,0.81,0.84,All Persons,All IMD Quintiles,South East,All Routes,All Stages,All Ages,All Years
1.5,0.81,0.79,0.82,All Persons,All IMD Quintiles,South East,All Routes,All Stages,All Ages,All Years
1.75,0.79,0.77,0.80,All Persons,All IMD Quintiles,South East,All Routes,All Stages,All Ages,All Years
2,0.77,0.76,0.79,All Persons,All IMD Quintiles,South East,All Routes,All Stages,All Ages,All Years
2.25,0.76,0.74,0.77,All Persons,All IMD Quintiles,South East,All Routes,All Stages,All Ages,All Years
2.5,0.75,0.73,0.76,All Persons,All IMD Quintiles,South East,All Routes,All Stages,All Ages,All Years
2.75,0.74,0.72,0.75,All Persons,All IMD Quintiles,South East,All Routes,All Stages,All Ages,All Years
3,0.73,0.71,0.75,All Persons,All IMD Quintiles,South East,All Routes,All Stages,All Ages,All Years
3.25,0.72,0.70,0.74,All Persons,All IMD Quintiles,South East,All Routes,All Stages,All Ages,All Years
3.5,0.71,0.70,0.73,All Persons,All IMD Quintiles,South East,All Routes,All Stages,All Ages,All Years
3.75,0.70,0.69,0.72,All Persons,All IMD Quintiles,South East,All Routes,All Stages,All Ages,All Years
4,0.69,0.68,0.71,All Persons,All IMD Quintiles,South East,All Routes,All Stages,All Ages,All Years
4.25,0.69,0.67,0.71,All Persons,All IMD Quintiles,South East,All Routes,All Stages,All Ages,All Years
4.5,0.68,0.66,0.70,All Persons,All IMD Quintiles,South East,All Routes,All Stages,All Ages,All Years
4.75,0.67,0.65,0.69,All Persons,All IMD Quintiles,South East,All Routes,All Stages,All Ages,All Years
5,0.67,0.65,0.68,All Persons,All IMD Quintiles,South East,All Routes,All Stages,All Ages,All Years
0,1.00,1.00,1.00,All Persons,All IMD Quintiles,South West,All Routes,All Stages,All Ages,All Years
0.25,0.95,0.95,0.96,All Persons,All IMD Quintiles,South West,All Routes,All Stages,All Ages,All Years
0.5,0.92,0.90,0.93,All Persons,All IMD Quintiles,South West,All Routes,All Stages,All Ages,All Years
0.75,0.89,0.87,0.90,All Persons,All IMD Quintiles,South West,All Routes,All Stages,All Ages,All Years
1,0.86,0.85,0.88,All Persons,All IMD Quintiles,South West,All Routes,All Stages,All Ages,All Years
1.25,0.84,0.82,0.85,All Persons,All IMD Quintiles,South West,All Routes,All Stages,All Ages,All Years
1.5,0.82,0.80,0.83,All Persons,All IMD Quintiles,South West,All Routes,All Stages,All Ages,All Years
1.75,0.80,0.78,0.82,All Persons,All IMD Quintiles,South West,All Routes,All Stages,All Ages,All Years
2,0.79,0.77,0.80,All Persons,All IMD Quintiles,South West,All Routes,All Stages,All Ages,All Years
2.25,0.77,0.76,0.79,All Persons,All IMD Quintiles,South West,All Routes,All Stages,All Ages,All Years
2.5,0.76,0.74,0.78,All Persons,All IMD Quintiles,South West,All Routes,All Stages,All Ages,All Years
2.75,0.75,0.73,0.76,All Persons,All IMD Quintiles,South West,All Routes,All Stages,All Ages,All Years
3,0.73,0.72,0.75,All Persons,All IMD Quintiles,South West,All Routes,All Stages,All Ages,All Years
3.25,0.72,0.70,0.74,All Persons,All IMD Quintiles,South West,All Routes,All Stages,All Ages,All Years
3.5,0.71,0.69,0.73,All Persons,All IMD Quintiles,South West,All Routes,All Stages,All Ages,All Years
3.75,0.70,0.68,0.72,All Persons,All IMD Quintiles,South West,All Routes,All Stages,All Ages,All Years
4,0.69,0.67,0.71,All Persons,All IMD Quintiles,South West,All Routes,All Stages,All Ages,All Years
4.25,0.69,0.67,0.71,All Persons,All IMD Quintiles,South West,All Routes,All Stages,All Ages,All Years
4.5,0.68,0.66,0.70,All Persons,All IMD Quintiles,South West,All Routes,All Stages,All Ages,All Years
4.75,0.67,0.65,0.69,All Persons,All IMD Quintiles,South West,All Routes,All Stages,All Ages,All Years
5,0.67,0.64,0.69,All Persons,All IMD Quintiles,South West,All Routes,All Stages,All Ages,All Years
0,1.00,1.00,1.00,All Persons,All IMD Quintiles,West Midlands,All Routes,All Stages,All Ages,All Years
0.25,0.93,0.92,0.94,All Persons,All IMD Quintiles,West Midlands,All Routes,All Stages,All Ages,All Years
0.5,0.88,0.86,0.89,All Persons,All IMD Quintiles,West Midlands,All Routes,All Stages,All Ages,All Years
0.75,0.84,0.83,0.86,All Persons,All IMD Quintiles,West Midlands,All Routes,All Stages,All Ages,All Years
1,0.81,0.80,0.83,All Persons,All IMD Quintiles,West Midlands,All Routes,All Stages,All Ages,All Years
1.25,0.79,0.77,0.80,All Persons,All IMD Quintiles,West Midlands,All Routes,All Stages,All Ages,All Years
1.5,0.77,0.75,0.79,All Persons,All IMD Quintiles,West Midlands,All Routes,All Stages,All Ages,All Years
1.75,0.75,0.73,0.77,All Persons,All IMD Quintiles,West Midlands,All Routes,All Stages,All Ages,All Years
2,0.73,0.71,0.75,All Persons,All IMD Quintiles,West Midlands,All Routes,All Stages,All Ages,All Years
2.25,0.72,0.70,0.74,All Persons,All IMD Quintiles,West Midlands,All Routes,All Stages,All Ages,All Years
2.5,0.70,0.68,0.72,All Persons,All IMD Quintiles,West Midlands,All Routes,All Stages,All Ages,All Years
2.75,0.69,0.67,0.71,All Persons,All IMD Quintiles,West Midlands,All Routes,All Stages,All Ages,All Years
3,0.67,0.65,0.70,All Persons,All IMD Quintiles,West Midlands,All Routes,All Stages,All Ages,All Years
3.25,0.66,0.64,0.69,All Persons,All IMD Quintiles,West Midlands,All Routes,All Stages,All Ages,All Years
3.5,0.65,0.63,0.68,All Persons,All IMD Quintiles,West Midlands,All Routes,All Stages,All Ages,All Years
3.75,0.64,0.62,0.67,All Persons,All IMD Quintiles,West Midlands,All Routes,All Stages,All Ages,All Years
4,0.63,0.61,0.66,All Persons,All IMD Quintiles,West Midlands,All Routes,All Stages,All Ages,All Years
4.25,0.62,0.59,0.65,All Persons,All IMD Quintiles,West Midlands,All Routes,All Stages,All Ages,All Years
4.5,0.61,0.59,0.64,All Persons,All IMD Quintiles,West Midlands,All Routes,All Stages,All Ages,All Years
4.75,0.60,0.58,0.63,All Persons,All IMD Quintiles,West Midlands,All Routes,All Stages,All Ages,All Years
5,0.60,0.57,0.63,All Persons,All IMD Quintiles,West Midlands,All Routes,All Stages,All Ages,All Years
0,1.00,1.00,1.00,All Persons,All IMD Quintiles,Yorkshire and The Humber,All Routes,All Stages,All Ages,All Years
0.25,0.93,0.92,0.95,All Persons,All IMD Quintiles,Yorkshire and The Humber,All Routes,All Stages,All Ages,All Years
0.5,0.89,0.88,0.90,All Persons,All IMD Quintiles,Yorkshire and The Humber,All Routes,All Stages,All Ages,All Years
0.75,0.84,0.83,0.86,All Persons,All IMD Quintiles,Yorkshire and The Humber,All Routes,All Stages,All Ages,All Years
1,0.81,0.80,0.83,All Persons,All IMD Quintiles,Yorkshire and The Humber,All Routes,All Stages,All Ages,All Years
1.25,0.78,0.77,0.80,All Persons,All IMD Quintiles,Yorkshire and The Humber,All Routes,All Stages,All Ages,All Years
1.5,0.76,0.74,0.78,All Persons,All IMD Quintiles,Yorkshire and The Humber,All Routes,All Stages,All Ages,All Years
1.75,0.75,0.73,0.76,All Persons,All IMD Quintiles,Yorkshire and The Humber,All Routes,All Stages,All Ages,All Years
2,0.73,0.71,0.75,All Persons,All IMD Quintiles,Yorkshire and The Humber,All Routes,All Stages,All Ages,All Years
2.25,0.71,0.69,0.73,All Persons,All IMD Quintiles,Yorkshire and The Humber,All Routes,All Stages,All Ages,All Years
2.5,0.70,0.68,0.72,All Persons,All IMD Quintiles,Yorkshire and The Humber,All Routes,All Stages,All Ages,All Years
2.75,0.69,0.66,0.71,All Persons,All IMD Quintiles,Yorkshire and The Humber,All Routes,All Stages,All Ages,All Years
3,0.68,0.65,0.70,All Persons,All IMD Quintiles,Yorkshire and The Humber,All Routes,All Stages,All Ages,All Years
3.25,0.67,0.65,0.69,All Persons,All IMD Quintiles,Yorkshire and The Humber,All Routes,All Stages,All Ages,All Years
3.5,0.66,0.64,0.68,All Persons,All IMD Quintiles,Yorkshire and The Humber,All Routes,All Stages,All Ages,All Years
3.75,0.65,0.63,0.67,All Persons,All IMD Quintiles,Yorkshire and The Humber,All Routes,All Stages,All Ages,All Years
4,0.64,0.61,0.66,All Persons,All IMD Quintiles,Yorkshire and The Humber,All Routes,All Stages,All Ages,All Years
4.25,0.63,0.61,0.65,All Persons,All IMD Quintiles,Yorkshire and The Humber,All Routes,All Stages,All Ages,All Years
4.5,0.62,0.60,0.65,All Persons,All IMD Quintiles,Yorkshire and The Humber,All Routes,All Stages,All Ages,All Years
4.75,0.62,0.59,0.64,All Persons,All IMD Quintiles,Yorkshire and The Humber,All Routes,All Stages,All Ages,All Years
5,0.61,0.58,0.63,All Persons,All IMD Quintiles,Yorkshire and The Humber,All Routes,All Stages,All Ages,All Years
0,1.00,0.99,1.00,All Persons,All IMD Quintiles,All Regions,Emergency,All Stages,All Ages,All Years
0.25,0.72,0.69,0.76,All Persons,All IMD Quintiles,All Regions,Emergency,All Stages,All Ages,All Years
0.5,0.61,0.57,0.65,All Persons,All IMD Quintiles,All Regions,Emergency,All Stages,All Ages,All Years
0.75,0.54,0.50,0.58,All Persons,All IMD Quintiles,All Regions,Emergency,All Stages,All Ages,All Years
1,0.50,0.46,0.54,All Persons,All IMD Quintiles,All Regions,Emergency,All Stages,All Ages,All Years
1.25,0.47,0.43,0.51,All Persons,All IMD Quintiles,All Regions,Emergency,All Stages,All Ages,All Years
1.5,0.44,0.40,0.48,All Persons,All IMD Quintiles,All Regions,Emergency,All Stages,All Ages,All Years
1.75,0.42,0.37,0.46,All Persons,All IMD Quintiles,All Regions,Emergency,All Stages,All Ages,All Years
2,0.40,0.36,0.44,All Persons,All IMD Quintiles,All Regions,Emergency,All Stages,All Ages,All Years
2.25,0.38,0.34,0.42,All Persons,All IMD Quintiles,All Regions,Emergency,All Stages,All Ages,All Years
2.5,0.37,0.33,0.41,All Persons,All IMD Quintiles,All Regions,Emergency,All Stages,All Ages,All Years
2.75,0.36,0.32,0.40,All Persons,All IMD Quintiles,All Regions,Emergency,All Stages,All Ages,All Years
3,0.36,0.32,0.40,All Persons,All IMD Quintiles,All Regions,Emergency,All Stages,All Ages,All Years
3.25,0.35,0.31,0.38,All Persons,All IMD Quintiles,All Regions,Emergency,All Stages,All Ages,All Years
3.5,0.34,0.30,0.38,All Persons,All IMD Quintiles,All Regions,Emergency,All Stages,All Ages,All Years
3.75,0.34,0.30,0.38,All Persons,All IMD Quintiles,All Regions,Emergency,All Stages,All Ages,All Years
4,0.33,0.29,0.37,All Persons,All IMD Quintiles,All Regions,Emergency,All Stages,All Ages,All Years
4.25,0.33,0.29,0.37,All Persons,All IMD Quintiles,All Regions,Emergency,All Stages,All Ages,All Years
4.5,0.33,0.29,0.37,All Persons,All IMD Quintiles,All Regions,Emergency,All Stages,All Ages,All Years
4.75,0.32,0.29,0.36,All Persons,All IMD Quintiles,All Regions,Emergency,All Stages,All Ages,All Years
5,0.32,0.28,0.36,All Persons,All IMD Quintiles,All Regions,Emergency,All Stages,All Ages,All Years
0,1.00,1.00,1.00,All Persons,All IMD Quintiles,All Regions,Non-emergency,All Stages,All Ages,All Years
0.25,0.96,0.95,0.96,All Persons,All IMD Quintiles,All Regions,Non-emergency,All Stages,All Ages,All Years
0.5,0.92,0.91,0.92,All Persons,All IMD Quintiles,All Regions,Non-emergency,All Stages,All Ages,All Years
0.75,0.88,0.87,0.89,All Persons,All IMD Quintiles,All Regions,Non-emergency,All Stages,All Ages,All Years
1,0.85,0.84,0.86,All Persons,All IMD Quintiles,All Regions,Non-emergency,All Stages,All Ages,All Years
1.25,0.82,0.82,0.83,All Persons,All IMD Quintiles,All Regions,Non-emergency,All Stages,All Ages,All Years
1.5,0.80,0.80,0.81,All Persons,All IMD Quintiles,All Regions,Non-emergency,All Stages,All Ages,All Years
1.75,0.79,0.78,0.79,All Persons,All IMD Quintiles,All Regions,Non-emergency,All Stages,All Ages,All Years
2,0.77,0.76,0.78,All Persons,All IMD Quintiles,All Regions,Non-emergency,All Stages,All Ages,All Years
2.25,0.76,0.75,0.76,All Persons,All IMD Quintiles,All Regions,Non-emergency,All Stages,All Ages,All Years
2.5,0.74,0.73,0.75,All Persons,All IMD Quintiles,All Regions,Non-emergency,All Stages,All Ages,All Years
2.75,0.73,0.72,0.74,All Persons,All IMD Quintiles,All Regions,Non-emergency,All Stages,All Ages,All Years
3,0.72,0.71,0.73,All Persons,All IMD Quintiles,All Regions,Non-emergency,All Stages,All Ages,All Years
3.25,0.71,0.70,0.72,All Persons,All IMD Quintiles,All Regions,Non-emergency,All Stages,All Ages,All Years
3.5,0.70,0.69,0.71,All Persons,All IMD Quintiles,All Regions,Non-emergency,All Stages,All Ages,All Years
3.75,0.69,0.68,0.70,All Persons,All IMD Quintiles,All Regions,Non-emergency,All Stages,All Ages,All Years
4,0.68,0.67,0.69,All Persons,All IMD Quintiles,All Regions,Non-emergency,All Stages,All Ages,All Years
4.25,0.67,0.66,0.68,All Persons,All IMD Quintiles,All Regions,Non-emergency,All Stages,All Ages,All Years
4.5,0.66,0.65,0.67,All Persons,All IMD Quintiles,All Regions,Non-emergency,All Stages,All Ages,All Years
4.75,0.66,0.65,0.67,All Persons,All IMD Quintiles,All Regions,Non-emergency,All Stages,All Ages,All Years
5,0.65,0.64,0.66,All Persons,All IMD Quintiles,All Regions,Non-emergency,All Stages,All Ages,All Years
0,1.00,1.00,1.00,All Persons,All IMD Quintiles,All Regions,All Routes,Early,All Ages,All Years
0.25,0.99,0.99,0.99,All Persons,All IMD Quintiles,All Regions,All Routes,Early,All Ages,All Years
0.5,0.98,0.97,0.98,All Persons,All IMD Quintiles,All Regions,All Routes,Early,All Ages,All Years
0.75,0.97,0.96,0.97,All Persons,All IMD Quintiles,All Regions,All Routes,Early,All Ages,All Years
1,0.95,0.95,0.96,All Persons,All IMD Quintiles,All Regions,All Routes,Early,All Ages,All Years
1.25,0.93,0.93,0.94,All Persons,All IMD Quintiles,All Regions,All Routes,Early,All Ages,All Years
1.5,0.92,0.92,0.93,All Persons,All IMD Quintiles,All Regions,All Routes,Early,All Ages,All Years
1.75,0.91,0.90,0.92,All Persons,All IMD Quintiles,All Regions,All Routes,Early,All Ages,All Years
2,0.90,0.89,0.91,All Persons,All IMD Quintiles,All Regions,All Routes,Early,All Ages,All Years
2.25,0.89,0.88,0.90,All Persons,All IMD Quintiles,All Regions,All Routes,Early,All Ages,All Years
2.5,0.88,0.87,0.89,All Persons,All IMD Quintiles,All Regions,All Routes,Early,All Ages,All Years
2.75,0.87,0.86,0.88,All Persons,All IMD Quintiles,All Regions,All Routes,Early,All Ages,All Years
3,0.86,0.85,0.87,All Persons,All IMD Quintiles,All Regions,All Routes,Early,All Ages,All Years
3.25,0.85,0.84,0.86,All Persons,All IMD Quintiles,All Regions,All Routes,Early,All Ages,All Years
3.5,0.84,0.83,0.86,All Persons,All IMD Quintiles,All Regions,All Routes,Early,All Ages,All Years
3.75,0.83,0.82,0.84,All Persons,All IMD Quintiles,All Regions,All Routes,Early,All Ages,All Years
4,0.82,0.80,0.83,All Persons,All IMD Quintiles,All Regions,All Routes,Early,All Ages,All Years
4.25,0.81,0.79,0.82,All Persons,All IMD Quintiles,All Regions,All Routes,Early,All Ages,All Years
4.5,0.80,0.78,0.81,All Persons,All IMD Quintiles,All Regions,All Routes,Early,All Ages,All Years
4.75,0.79,0.77,0.80,All Persons,All IMD Quintiles,All Regions,All Routes,Early,All Ages,All Years
5,0.78,0.76,0.80,All Persons,All IMD Quintiles,All Regions,All Routes,Early,All Ages,All Years
0,1.00,1.00,1.00,All Persons,All IMD Quintiles,All Regions,All Routes,Advanced,All Ages,All Years
0.25,0.93,0.93,0.93,All Persons,All IMD Quintiles,All Regions,All Routes,Advanced,All Ages,All Years
0.5,0.87,0.87,0.88,All Persons,All IMD Quintiles,All Regions,All Routes,Advanced,All Ages,All Years
0.75,0.83,0.82,0.83,All Persons,All IMD Quintiles,All Regions,All Routes,Advanced,All Ages,All Years
1,0.79,0.78,0.79,All Persons,All IMD Quintiles,All Regions,All Routes,Advanced,All Ages,All Years
1.25,0.76,0.75,0.77,All Persons,All IMD Quintiles,All Regions,All Routes,Advanced,All Ages,All Years
1.5,0.73,0.73,0.74,All Persons,All IMD Quintiles,All Regions,All Routes,Advanced,All Ages,All Years
1.75,0.71,0.71,0.72,All Persons,All IMD Quintiles,All Regions,All Routes,Advanced,All Ages,All Years
2,0.69,0.69,0.70,All Persons,All IMD Quintiles,All Regions,All Routes,Advanced,All Ages,All Years
2.25,0.68,0.67,0.69,All Persons,All IMD Quintiles,All Regions,All Routes,Advanced,All Ages,All Years
2.5,0.67,0.66,0.67,All Persons,All IMD Quintiles,All Regions,All Routes,Advanced,All Ages,All Years
2.75,0.65,0.64,0.66,All Persons,All IMD Quintiles,All Regions,All Routes,Advanced,All Ages,All Years
3,0.64,0.63,0.65,All Persons,All IMD Quintiles,All Regions,All Routes,Advanced,All Ages,All Years
3.25,0.63,0.62,0.64,All Persons,All IMD Quintiles,All Regions,All Routes,Advanced,All Ages,All Years
3.5,0.62,0.61,0.63,All Persons,All IMD Quintiles,All Regions,All Routes,Advanced,All Ages,All Years
3.75,0.62,0.61,0.62,All Persons,All IMD Quintiles,All Regions,All Routes,Advanced,All Ages,All Years
4,0.61,0.60,0.62,All Persons,All IMD Quintiles,All Regions,All Routes,Advanced,All Ages,All Years
4.25,0.60,0.59,0.61,All Persons,All IMD Quintiles,All Regions,All Routes,Advanced,All Ages,All Years
4.5,0.59,0.58,0.60,All Persons,All IMD Quintiles,All Regions,All Routes,Advanced,All Ages,All Years
4.75,0.59,0.58,0.60,All Persons,All IMD Quintiles,All Regions,All Routes,Advanced,All Ages,All Years
5,0.58,0.57,0.59,All Persons,All IMD Quintiles,All Regions,All Routes,Advanced,All Ages,All Years
0,1.00,1.00,1.00,All Persons,All IMD Quintiles,All Regions,All Routes,All Stages,0-49,All Years
0.25,0.98,0.98,0.99,All Persons,All IMD Quintiles,All Regions,All Routes,All Stages,0-49,All Years
0.5,0.96,0.95,0.97,All Persons,All IMD Quintiles,All Regions,All Routes,All Stages,0-49,All Years
0.75,0.94,0.93,0.95,All Persons,All IMD Quintiles,All Regions,All Routes,All Stages,0-49,All Years
1,0.92,0.90,0.93,All Persons,All IMD Quintiles,All Regions,All Routes,All Stages,0-49,All Years
1.25,0.90,0.88,0.91,All Persons,All IMD Quintiles,All Regions,All Routes,All Stages,0-49,All Years
1.5,0.89,0.87,0.90,All Persons,All IMD Quintiles,All Regions,All Routes,All Stages,0-49,All Years
1.75,0.87,0.86,0.89,All Persons,All IMD Quintiles,All Regions,All Routes,All Stages,0-49,All Years
2,0.86,0.85,0.88,All Persons,All IMD Quintiles,All Regions,All Routes,All Stages,0-49,All Years
2.25,0.85,0.83,0.87,All Persons,All IMD Quintiles,All Regions,All Routes,All Stages,0-49,All Years
2.5,0.84,0.82,0.86,All Persons,All IMD Quintiles,All Regions,All Routes,All Stages,0-49,All Years
2.75,0.83,0.81,0.85,All Persons,All IMD Quintiles,All Regions,All Routes,All Stages,0-49,All Years
3,0.82,0.81,0.84,All Persons,All IMD Quintiles,All Regions,All Routes,All Stages,0-49,All Years
3.25,0.82,0.80,0.84,All Persons,All IMD Quintiles,All Regions,All Routes,All Stages,0-49,All Years
3.5,0.81,0.79,0.83,All Persons,All IMD Quintiles,All Regions,All Routes,All Stages,0-49,All Years
3.75,0.81,0.79,0.83,All Persons,All IMD Quintiles,All Regions,All Routes,All Stages,0-49,All Years
4,0.80,0.78,0.82,All Persons,All IMD Quintiles,All Regions,All Routes,All Stages,0-49,All Years
4.25,0.80,0.78,0.82,All Persons,All IMD Quintiles,All Regions,All Routes,All Stages,0-49,All Years
4.5,0.80,0.78,0.82,All Persons,All IMD Quintiles,All Regions,All Routes,All Stages,0-49,All Years
4.75,0.80,0.78,0.82,All Persons,All IMD Quintiles,All Regions,All Routes,All Stages,0-49,All Years
5,0.79,0.77,0.81,All Persons,All IMD Quintiles,All Regions,All Routes,All Stages,0-49,All Years
0,1.00,1.00,1.00,All Persons,All IMD Quintiles,All Regions,All Routes,All Stages,50-54,All Years
0.25,0.98,0.97,0.98,All Persons,All IMD Quintiles,All Regions,All Routes,All Stages,50-54,All Years
0.5,0.95,0.95,0.96,All Persons,All IMD Quintiles,All Regions,All Routes,All Stages,50-54,All Years
0.75,0.93,0.92,0.94,All Persons,All IMD Quintiles,All Regions,All Routes,All Stages,50-54,All Years
1,0.90,0.89,0.91,All Persons,All IMD Quintiles,All Regions,All Routes,All Stages,50-54,All Years
1.25,0.88,0.87,0.90,All Persons,All IMD Quintiles,All Regions,All Routes,All Stages,50-54,All Years
1.5,0.87,0.86,0.88,All Persons,All IMD Quintiles,All Regions,All Routes,All Stages,50-54,All Years
1.75,0.85,0.84,0.87,All Persons,All IMD Quintiles,All Regions,All Routes,All Stages,50-54,All Years
2,0.84,0.83,0.86,All Persons,All IMD Quintiles,All Regions,All Routes,All Stages,50-54,All Years
2.25,0.83,0.82,0.85,All Persons,All IMD Quintiles,All Regions,All Routes,All Stages,50-54,All Years
2.5,0.82,0.81,0.84,All Persons,All IMD Quintiles,All Regions,All Routes,All Stages,50-54,All Years
2.75,0.82,0.80,0.83,All Persons,All IMD Quintiles,All Regions,All Routes,All Stages,50-54,All Years
3,0.81,0.80,0.83,All Persons,All IMD Quintiles,All Regions,All Routes,All Stages,50-54,All Years
3.25,0.80,0.79,0.82,All Persons,All IMD Quintiles,All Regions,All Routes,All Stages,50-54,All Years
3.5,0.80,0.78,0.81,All Persons,All IMD Quintiles,All Regions,All Routes,All Stages,50-54,All Years
3.75,0.79,0.78,0.81,All Persons,All IMD Quintiles,All Regions,All Routes,All Stages,50-54,All Years
4,0.79,0.77,0.80,All Persons,All IMD Quintiles,All Regions,All Routes,All Stages,50-54,All Years
4.25,0.78,0.76,0.80,All Persons,All IMD Quintiles,All Regions,All Routes,All Stages,50-54,All Years
4.5,0.77,0.76,0.79,All Persons,All IMD Quintiles,All Regions,All Routes,All Stages,50-54,All Years
4.75,0.77,0.75,0.79,All Persons,All IMD Quintiles,All Regions,All Routes,All Stages,50-54,All Years
5,0.76,0.75,0.78,All Persons,All IMD Quintiles,All Regions,All Routes,All Stages,50-54,All Years
0,1.00,1.00,1.00,All Persons,All IMD Quintiles,All Regions,All Routes,All Stages,55-59,All Years
0.25,0.97,0.96,0.97,All Persons,All IMD Quintiles,All Regions,All Routes,All Stages,55-59,All Years
0.5,0.94,0.93,0.95,All Persons,All IMD Quintiles,All Regions,All Routes,All Stages,55-59,All Years
0.75,0.91,0.90,0.92,All Persons,All IMD Quintiles,All Regions,All Routes,All Stages,55-59,All Years
1,0.89,0.88,0.90,All Persons,All IMD Quintiles,All Regions,All Routes,All Stages,55-59,All Years
1.25,0.87,0.86,0.88,All Persons,All IMD Quintiles,All Regions,All Routes,All Stages,55-59,All Years
1.5,0.86,0.85,0.87,All Persons,All IMD Quintiles,All Regions,All Routes,All Stages,55-59,All Years
1.75,0.84,0.83,0.85,All Persons,All IMD Quintiles,All Regions,All Routes,All Stages,55-59,All Years
2,0.83,0.81,0.84,All Persons,All IMD Quintiles,All Regions,All Routes,All Stages,55-59,All Years
2.25,0.82,0.80,0.83,All Persons,All IMD Quintiles,All Regions,All Routes,All Stages,55-59,All Years
2.5,0.80,0.79,0.82,All Persons,All IMD Quintiles,All Regions,All Routes,All Stages,55-59,All Years
2.75,0.79,0.78,0.81,All Persons,All IMD Quintiles,All Regions,All Routes,All Stages,55-59,All Years
3,0.78,0.77,0.80,All Persons,All IMD Quintiles,All Regions,All Routes,All Stages,55-59,All Years
3.25,0.77,0.76,0.79,All Persons,All IMD Quintiles,All Regions,All Routes,All Stages,55-59,All Years
3.5,0.76,0.75,0.78,All Persons,All IMD Quintiles,All Regions,All Routes,All Stages,55-59,All Years
3.75,0.76,0.74,0.77,All Persons,All IMD Quintiles,All Regions,All Routes,All Stages,55-59,All Years
4,0.75,0.73,0.76,All Persons,All IMD Quintiles,All Regions,All Routes,All Stages,55-59,All Years
4.25,0.74,0.72,0.76,All Persons,All IMD Quintiles,All Regions,All Routes,All Stages,55-59,All Years
4.5,0.73,0.72,0.75,All Persons,All IMD Quintiles,All Regions,All Routes,All Stages,55-59,All Years
4.75,0.72,0.70,0.74,All Persons,All IMD Quintiles,All Regions,All Routes,All Stages,55-59,All Years
5,0.72,0.70,0.74,All Persons,All IMD Quintiles,All Regions,All Routes,All Stages,55-59,All Years
0,1.00,1.00,1.00,All Persons,All IMD Quintiles,All Regions,All Routes,All Stages,60-64,All Years
0.25,0.95,0.94,0.96,All Persons,All IMD Quintiles,All Regions,All Routes,All Stages,60-64,All Years
0.5,0.91,0.90,0.92,All Persons,All IMD Quintiles,All Regions,All Routes,All Stages,60-64,All Years
0.75,0.88,0.87,0.89,All Persons,All IMD Quintiles,All Regions,All Routes,All Stages,60-64,All Years
1,0.86,0.84,0.87,All Persons,All IMD Quintiles,All Regions,All Routes,All Stages,60-64,All Years
1.25,0.83,0.82,0.84,All Persons,All IMD Quintiles,All Regions,All Routes,All Stages,60-64,All Years
1.5,0.81,0.80,0.82,All Persons,All IMD Quintiles,All Regions,All Routes,All Stages,60-64,All Years
1.75,0.79,0.78,0.81,All Persons,All IMD Quintiles,All Regions,All Routes,All Stages,60-64,All Years
2,0.78,0.76,0.79,All Persons,All IMD Quintiles,All Regions,All Routes,All Stages,60-64,All Years
2.25,0.76,0.75,0.78,All Persons,All IMD Quintiles,All Regions,All Routes,All Stages,60-64,All Years
2.5,0.75,0.74,0.77,All Persons,All IMD Quintiles,All Regions,All Routes,All Stages,60-64,All Years
2.75,0.74,0.73,0.76,All Persons,All IMD Quintiles,All Regions,All Routes,All Stages,60-64,All Years
3,0.73,0.71,0.75,All Persons,All IMD Quintiles,All Regions,All Routes,All Stages,60-64,All Years
3.25,0.72,0.70,0.73,All Persons,All IMD Quintiles,All Regions,All Routes,All Stages,60-64,All Years
3.5,0.71,0.69,0.73,All Persons,All IMD Quintiles,All Regions,All Routes,All Stages,60-64,All Years
3.75,0.70,0.68,0.72,All Persons,All IMD Quintiles,All Regions,All Routes,All Stages,60-64,All Years
4,0.69,0.67,0.71,All Persons,All IMD Quintiles,All Regions,All Routes,All Stages,60-64,All Years
4.25,0.68,0.66,0.70,All Persons,All IMD Quintiles,All Regions,All Routes,All Stages,60-64,All Years
4.5,0.68,0.66,0.69,All Persons,All IMD Quintiles,All Regions,All Routes,All Stages,60-64,All Years
4.75,0.67,0.65,0.69,All Persons,All IMD Quintiles,All Regions,All Routes,All Stages,60-64,All Years
5,0.66,0.64,0.68,All Persons,All IMD Quintiles,All Regions,All Routes,All Stages,60-64,All Years
0,1.00,1.00,1.00,All Persons,All IMD Quintiles,All Regions,All Routes,All Stages,65-69,All Years
0.25,0.94,0.93,0.95,All Persons,All IMD Quintiles,All Regions,All Routes,All Stages,65-69,All Years
0.5,0.89,0.88,0.90,All Persons,All IMD Quintiles,All Regions,All Routes,All Stages,65-69,All Years
0.75,0.85,0.84,0.87,All Persons,All IMD Quintiles,All Regions,All Routes,All Stages,65-69,All Years
1,0.82,0.80,0.83,All Persons,All IMD Quintiles,All Regions,All Routes,All Stages,65-69,All Years
1.25,0.79,0.78,0.81,All Persons,All IMD Quintiles,All Regions,All Routes,All Stages,65-69,All Years
1.5,0.77,0.75,0.78,All Persons,All IMD Quintiles,All Regions,All Routes,All Stages,65-69,All Years
1.75,0.75,0.73,0.76,All Persons,All IMD Quintiles,All Regions,All Routes,All Stages,65-69,All Years
2,0.73,0.71,0.74,All Persons,All IMD Quintiles,All Regions,All Routes,All Stages,65-69,All Years
2.25,0.71,0.69,0.73,All Persons,All IMD Quintiles,All Regions,All Routes,All Stages,65-69,All Years
2.5,0.70,0.68,0.72,All Persons,All IMD Quintiles,All Regions,All Routes,All Stages,65-69,All Years
2.75,0.69,0.67,0.71,All Persons,All IMD Quintiles,All Regions,All Routes,All Stages,65-69,All Years
3,0.68,0.66,0.70,All Persons,All IMD Quintiles,All Regions,All Routes,All Stages,65-69,All Years
3.25,0.67,0.65,0.69,All Persons,All IMD Quintiles,All Regions,All Routes,All Stages,65-69,All Years
3.5,0.66,0.64,0.68,All Persons,All IMD Quintiles,All Regions,All Routes,All Stages,65-69,All Years
3.75,0.65,0.63,0.66,All Persons,All IMD Quintiles,All Regions,All Routes,All Stages,65-69,All Years
4,0.64,0.62,0.66,All Persons,All IMD Quintiles,All Regions,All Routes,All Stages,65-69,All Years
4.25,0.63,0.61,0.65,All Persons,All IMD Quintiles,All Regions,All Routes,All Stages,65-69,All Years
4.5,0.62,0.60,0.64,All Persons,All IMD Quintiles,All Regions,All Routes,All Stages,65-69,All Years
4.75,0.61,0.59,0.64,All Persons,All IMD Quintiles,All Regions,All Routes,All Stages,65-69,All Years
5,0.61,0.59,0.63,All Persons,All IMD Quintiles,All Regions,All Routes,All Stages,65-69,All Years
0,1.00,1.00,1.00,All Persons,All IMD Quintiles,All Regions,All Routes,All Stages,70-74,All Years
0.25,0.91,0.90,0.92,All Persons,All IMD Quintiles,All Regions,All Routes,All Stages,70-74,All Years
0.5,0.84,0.83,0.86,All Persons,All IMD Quintiles,All Regions,All Routes,All Stages,70-74,All Years
0.75,0.79,0.77,0.81,All Persons,All IMD Quintiles,All Regions,All Routes,All Stages,70-74,All Years
1,0.75,0.73,0.77,All Persons,All IMD Quintiles,All Regions,All Routes,All Stages,70-74,All Years
1.25,0.72,0.70,0.74,All Persons,All IMD Quintiles,All Regions,All Routes,All Stages,70-74,All Years
1.5,0.70,0.68,0.72,All Persons,All IMD Quintiles,All Regions,All Routes,All Stages,70-74,All Years
1.75,0.68,0.66,0.70,All Persons,All IMD Quintiles,All Regions,All Routes,All Stages,70-74,All Years
2,0.66,0.64,0.68,All Persons,All IMD Quintiles,All Regions,All Routes,All Stages,70-74,All Years
2.25,0.64,0.62,0.66,All Persons,All IMD Quintiles,All Regions,All Routes,All Stages,70-74,All Years
2.5,0.62,0.60,0.64,All Persons,All IMD Quintiles,All Regions,All Routes,All Stages,70-74,All Years
2.75,0.60,0.58,0.62,All Persons,All IMD Quintiles,All Regions,All Routes,All Stages,70-74,All Years
3,0.59,0.57,0.61,All Persons,All IMD Quintiles,All Regions,All Routes,All Stages,70-74,All Years
3.25,0.57,0.55,0.59,All Persons,All IMD Quintiles,All Regions,All Routes,All Stages,70-74,All Years
3.5,0.56,0.54,0.59,All Persons,All IMD Quintiles,All Regions,All Routes,All Stages,70-74,All Years
3.75,0.55,0.53,0.57,All Persons,All IMD Quintiles,All Regions,All Routes,All Stages,70-74,All Years
4,0.53,0.51,0.56,All Persons,All IMD Quintiles,All Regions,All Routes,All Stages,70-74,All Years
4.25,0.52,0.50,0.55,All Persons,All IMD Quintiles,All Regions,All Routes,All Stages,70-74,All Years
4.5,0.51,0.48,0.53,All Persons,All IMD Quintiles,All Regions,All Routes,All Stages,70-74,All Years
4.75,0.50,0.48,0.53,All Persons,All IMD Quintiles,All Regions,All Routes,All Stages,70-74,All Years
5,0.48,0.46,0.51,All Persons,All IMD Quintiles,All Regions,All Routes,All Stages,70-74,All Years
0,1.00,1.00,1.00,All Persons,All IMD Quintiles,All Regions,All Routes,All Stages,75-79,All Years
0.25,0.88,0.86,0.90,All Persons,All IMD Quintiles,All Regions,All Routes,All Stages,75-79,All Years
0.5,0.79,0.77,0.81,All Persons,All IMD Quintiles,All Regions,All Routes,All Stages,75-79,All Years
0.75,0.74,0.72,0.77,All Persons,All IMD Quintiles,All Regions,All Routes,All Stages,75-79,All Years
1,0.69,0.66,0.71,All Persons,All IMD Quintiles,All Regions,All Routes,All Stages,75-79,All Years
1.25,0.64,0.62,0.67,All Persons,All IMD Quintiles,All Regions,All Routes,All Stages,75-79,All Years
1.5,0.61,0.58,0.63,All Persons,All IMD Quintiles,All Regions,All Routes,All Stages,75-79,All Years
1.75,0.57,0.54,0.60,All Persons,All IMD Quintiles,All Regions,All Routes,All Stages,75-79,All Years
2,0.55,0.52,0.58,All Persons,All IMD Quintiles,All Regions,All Routes,All Stages,75-79,All Years
2.25,0.52,0.49,0.55,All Persons,All IMD Quintiles,All Regions,All Routes,All Stages,75-79,All Years
2.5,0.51,0.48,0.54,All Persons,All IMD Quintiles,All Regions,All Routes,All Stages,75-79,All Years
2.75,0.48,0.45,0.51,All Persons,All IMD Quintiles,All Regions,All Routes,All Stages,75-79,All Years
3,0.46,0.43,0.49,All Persons,All IMD Quintiles,All Regions,All Routes,All Stages,75-79,All Years
3.25,0.45,0.42,0.48,All Persons,All IMD Quintiles,All Regions,All Routes,All Stages,75-79,All Years
3.5,0.43,0.40,0.47,All Persons,All IMD Quintiles,All Regions,All Routes,All Stages,75-79,All Years
3.75,0.42,0.39,0.46,All Persons,All IMD Quintiles,All Regions,All Routes,All Stages,75-79,All Years
4,0.41,0.38,0.44,All Persons,All IMD Quintiles,All Regions,All Routes,All Stages,75-79,All Years
4.25,0.40,0.37,0.44,All Persons,All IMD Quintiles,All Regions,All Routes,All Stages,75-79,All Years
4.5,0.39,0.36,0.42,All Persons,All IMD Quintiles,All Regions,All Routes,All Stages,75-79,All Years
4.75,0.37,0.34,0.41,All Persons,All IMD Quintiles,All Regions,All Routes,All Stages,75-79,All Years
5,0.36,0.33,0.40,All Persons,All IMD Quintiles,All Regions,All Routes,All Stages,75-79,All Years
0,0.99,0.99,1.00,All Persons,All IMD Quintiles,All Regions,All Routes,All Stages,80-84,All Years
0.25,0.82,0.79,0.85,All Persons,All IMD Quintiles,All Regions,All Routes,All Stages,80-84,All Years
0.5,0.72,0.69,0.76,All Persons,All IMD Quintiles,All Regions,All Routes,All Stages,80-84,All Years
0.75,0.64,0.60,0.68,All Persons,All IMD Quintiles,All Regions,All Routes,All Stages,80-84,All Years
1,0.58,0.54,0.62,All Persons,All IMD Quintiles,All Regions,All Routes,All Stages,80-84,All Years
1.25,0.55,0.51,0.59,All Persons,All IMD Quintiles,All Regions,All Routes,All Stages,80-84,All Years
1.5,0.51,0.47,0.55,All Persons,All IMD Quintiles,All Regions,All Routes,All Stages,80-84,All Years
1.75,0.49,0.45,0.53,All Persons,All IMD Quintiles,All Regions,All Routes,All Stages,80-84,All Years
2,0.47,0.43,0.51,All Persons,All IMD Quintiles,All Regions,All Routes,All Stages,80-84,All Years
2.25,0.44,0.40,0.48,All Persons,All IMD Quintiles,All Regions,All Routes,All Stages,80-84,All Years
2.5,0.42,0.38,0.46,All Persons,All IMD Quintiles,All Regions,All Routes,All Stages,80-84,All Years
2.75,0.40,0.36,0.44,All Persons,All IMD Quintiles,All Regions,All Routes,All Stages,80-84,All Years
3,0.38,0.34,0.43,All Persons,All IMD Quintiles,All Regions,All Routes,All Stages,80-84,All Years
3.25,0.38,0.33,0.42,All Persons,All IMD Quintiles,All Regions,All Routes,All Stages,80-84,All Years
3.5,0.36,0.32,0.40,All Persons,All IMD Quintiles,All Regions,All Routes,All Stages,80-84,All Years
3.75,0.34,0.30,0.38,All Persons,All IMD Quintiles,All Regions,All Routes,All Stages,80-84,All Years
4,0.33,0.29,0.38,All Persons,All IMD Quintiles,All Regions,All Routes,All Stages,80-84,All Years
4.25,0.32,0.27,0.36,All Persons,All IMD Quintiles,All Regions,All Routes,All Stages,80-84,All Years
4.5,0.29,0.25,0.34,All Persons,All IMD Quintiles,All Regions,All Routes,All Stages,80-84,All Years
4.75,0.29,0.25,0.34,All Persons,All IMD Quintiles,All Regions,All Routes,All Stages,80-84,All Years
5,0.28,0.23,0.33,All Persons,All IMD Quintiles,All Regions,All Routes,All Stages,80-84,All Years
0,1.00,0.99,1.00,All Persons,All IMD Quintiles,All Regions,All Routes,All Stages,85-89,All Years
0.25,0.76,0.71,0.81,All Persons,All IMD Quintiles,All Regions,All Routes,All Stages,85-89,All Years
0.5,0.61,0.55,0.67,All Persons,All IMD Quintiles,All Regions,All Routes,All Stages,85-89,All Years
0.75,0.52,0.46,0.58,All Persons,All IMD Quintiles,All Regions,All Routes,All Stages,85-89,All Years
1,0.47,0.41,0.53,All Persons,All IMD Quintiles,All Regions,All Routes,All Stages,85-89,All Years
1.25,0.41,0.35,0.47,All Persons,All IMD Quintiles,All Regions,All Routes,All Stages,85-89,All Years
1.5,0.35,0.29,0.41,All Persons,All IMD Quintiles,All Regions,All Routes,All Stages,85-89,All Years
1.75,0.33,0.27,0.39,All Persons,All IMD Quintiles,All Regions,All Routes,All Stages,85-89,All Years
2,0.31,0.25,0.37,All Persons,All IMD Quintiles,All Regions,All Routes,All Stages,85-89,All Years
2.25,0.29,0.23,0.35,All Persons,All IMD Quintiles,All Regions,All Routes,All Stages,85-89,All Years
2.5,0.26,0.21,0.32,All Persons,All IMD Quintiles,All Regions,All Routes,All Stages,85-89,All Years
2.75,0.24,0.18,0.30,All Persons,All IMD Quintiles,All Regions,All Routes,All Stages,85-89,All Years
3,0.23,0.17,0.28,All Persons,All IMD Quintiles,All Regions,All Routes,All Stages,85-89,All Years
3.25,0.21,0.15,0.26,All Persons,All IMD Quintiles,All Regions,All Routes,All Stages,85-89,All Years
3.5,0.19,0.14,0.25,All Persons,All IMD Quintiles,All Regions,All Routes,All Stages,85-89,All Years
3.75,0.19,0.14,0.25,All Persons,All IMD Quintiles,All Regions,All Routes,All Stages,85-89,All Years
4,0.18,0.12,0.23,All Persons,All IMD Quintiles,All Regions,All Routes,All Stages,85-89,All Years
4.25,0.18,0.12,0.23,All Persons,All IMD Quintiles,All Regions,All Routes,All Stages,85-89,All Years
4.5,0.17,0.11,0.22,All Persons,All IMD Quintiles,All Regions,All Routes,All Stages,85-89,All Years
4.75,0.16,0.10,0.21,All Persons,All IMD Quintiles,All Regions,All Routes,All Stages,85-89,All Years
5,0.16,0.10,0.21,All Persons,All IMD Quintiles,All Regions,All Routes,All Stages,85-89,All Years
0,0.99,0.97,1.01,All Persons,All IMD Quintiles,All Regions,All Routes,All Stages,90+,All Years
0.25,0.63,0.53,0.72,All Persons,All IMD Quintiles,All Regions,All Routes,All Stages,90+,All Years
0.5,0.43,0.34,0.53,All Persons,All IMD Quintiles,All Regions,All Routes,All Stages,90+,All Years
0.75,0.34,0.25,0.43,All Persons,All IMD Quintiles,All Regions,All Routes,All Stages,90+,All Years
1,0.24,0.16,0.32,All Persons,All IMD Quintiles,All Regions,All Routes,All Stages,90+,All Years
1.25,0.21,0.13,0.29,All Persons,All IMD Quintiles,All Regions,All Routes,All Stages,90+,All Years
1.5,0.21,0.13,0.29,All Persons,All IMD Quintiles,All Regions,All Routes,All Stages,90+,All Years
1.75,0.20,0.12,0.27,All Persons,All IMD Quintiles,All Regions,All Routes,All Stages,90+,All Years
2,0.17,0.09,0.24,All Persons,All IMD Quintiles,All Regions,All Routes,All Stages,90+,All Years
2.25,0.13,0.06,0.20,All Persons,All IMD Quintiles,All Regions,All Routes,All Stages,90+,All Years
3.25,0.11,0.04,0.18,All Persons,All IMD Quintiles,All Regions,All Routes,All Stages,90+,All Years
3.75,0.09,0.02,0.15,All Persons,All IMD Quintiles,All Regions,All Routes,All Stages,90+,All Years
5,0.06,0.01,0.12,All Persons,All IMD Quintiles,All Regions,All Routes,All Stages,90+,All Years
0,1.00,1.00,1.00,All Persons,All IMD Quintiles,All Regions,All Routes,All Stages,All Ages,2016
0.25,0.95,0.94,0.95,All Persons,All IMD Quintiles,All Regions,All Routes,All Stages,All Ages,2016
0.5,0.90,0.89,0.91,All Persons,All IMD Quintiles,All Regions,All Routes,All Stages,All Ages,2016
0.75,0.85,0.84,0.87,All Persons,All IMD Quintiles,All Regions,All Routes,All Stages,All Ages,2016
1,0.82,0.80,0.83,All Persons,All IMD Quintiles,All Regions,All Routes,All Stages,All Ages,2016
1.25,0.79,0.78,0.81,All Persons,All IMD Quintiles,All Regions,All Routes,All Stages,All Ages,2016
1.5,0.77,0.76,0.79,All Persons,All IMD Quintiles,All Regions,All Routes,All Stages,All Ages,2016
1.75,0.75,0.74,0.77,All Persons,All IMD Quintiles,All Regions,All Routes,All Stages,All Ages,2016
2,0.74,0.72,0.75,All Persons,All IMD Quintiles,All Regions,All Routes,All Stages,All Ages,2016
2.25,0.72,0.71,0.74,All Persons,All IMD Quintiles,All Regions,All Routes,All Stages,All Ages,2016
2.5,0.71,0.69,0.73,All Persons,All IMD Quintiles,All Regions,All Routes,All Stages,All Ages,2016
2.75,0.70,0.68,0.71,All Persons,All IMD Quintiles,All Regions,All Routes,All Stages,All Ages,2016
3,0.68,0.67,0.70,All Persons,All IMD Quintiles,All Regions,All Routes,All Stages,All Ages,2016
3.25,0.67,0.65,0.69,All Persons,All IMD Quintiles,All Regions,All Routes,All Stages,All Ages,2016
3.5,0.66,0.65,0.68,All Persons,All IMD Quintiles,All Regions,All Routes,All Stages,All Ages,2016
3.75,0.66,0.64,0.67,All Persons,All IMD Quintiles,All Regions,All Routes,All Stages,All Ages,2016
4,0.65,0.63,0.67,All Persons,All IMD Quintiles,All Regions,All Routes,All Stages,All Ages,2016
4.25,0.64,0.63,0.66,All Persons,All IMD Quintiles,All Regions,All Routes,All Stages,All Ages,2016
4.5,0.64,0.62,0.66,All Persons,All IMD Quintiles,All Regions,All Routes,All Stages,All Ages,2016
4.75,0.63,0.62,0.65,All Persons,All IMD Quintiles,All Regions,All Routes,All Stages,All Ages,2016
5,0.63,0.61,0.65,All Persons,All IMD Quintiles,All Regions,All Routes,All Stages,All Ages,2016
0,1.00,1.00,1.00,All Persons,All IMD Quintiles,All Regions,All Routes,All Stages,All Ages,2017
0.25,0.95,0.94,0.95,All Persons,All IMD Quintiles,All Regions,All Routes,All Stages,All Ages,2017
0.5,0.90,0.89,0.91,All Persons,All IMD Quintiles,All Regions,All Routes,All Stages,All Ages,2017
0.75,0.86,0.85,0.87,All Persons,All IMD Quintiles,All Regions,All Routes,All Stages,All Ages,2017
1,0.83,0.81,0.84,All Persons,All IMD Quintiles,All Regions,All Routes,All Stages,All Ages,2017
1.25,0.80,0.78,0.81,All Persons,All IMD Quintiles,All Regions,All Routes,All Stages,All Ages,2017
1.5,0.78,0.76,0.79,All Persons,All IMD Quintiles,All Regions,All Routes,All Stages,All Ages,2017
1.75,0.76,0.74,0.77,All Persons,All IMD Quintiles,All Regions,All Routes,All Stages,All Ages,2017
2,0.74,0.73,0.76,All Persons,All IMD Quintiles,All Regions,All Routes,All Stages,All Ages,2017
2.25,0.73,0.71,0.75,All Persons,All IMD Quintiles,All Regions,All Routes,All Stages,All Ages,2017
2.5,0.72,0.70,0.73,All Persons,All IMD Quintiles,All Regions,All Routes,All Stages,All Ages,2017
2.75,0.71,0.69,0.72,All Persons,All IMD Quintiles,All Regions,All Routes,All Stages,All Ages,2017
3,0.70,0.68,0.72,All Persons,All IMD Quintiles,All Regions,All Routes,All Stages,All Ages,2017
3.25,0.69,0.67,0.71,All Persons,All IMD Quintiles,All Regions,All Routes,All Stages,All Ages,2017
3.5,0.68,0.66,0.70,All Persons,All IMD Quintiles,All Regions,All Routes,All Stages,All Ages,2017
3.75,0.67,0.65,0.69,All Persons,All IMD Quintiles,All Regions,All Routes,All Stages,All Ages,2017
4,0.66,0.64,0.67,All Persons,All IMD Quintiles,All Regions,All Routes,All Stages,All Ages,2017
4.25,0.65,0.63,0.67,All Persons,All IMD Quintiles,All Regions,All Routes,All Stages,All Ages,2017
4.5,0.64,0.62,0.66,All Persons,All IMD Quintiles,All Regions,All Routes,All Stages,All Ages,2017
4.75,0.63,0.62,0.65,All Persons,All IMD Quintiles,All Regions,All Routes,All Stages,All Ages,2017
5,0.63,0.61,0.64,All Persons,All IMD Quintiles,All Regions,All Routes,All Stages,All Ages,2017
0,1.00,1.00,1.00,All Persons,All IMD Quintiles,All Regions,All Routes,All Stages,All Ages,2018
0.25,0.94,0.93,0.95,All Persons,All IMD Quintiles,All Regions,All Routes,All Stages,All Ages,2018
0.5,0.90,0.89,0.91,All Persons,All IMD Quintiles,All Regions,All Routes,All Stages,All Ages,2018
0.75,0.87,0.86,0.88,All Persons,All IMD Quintiles,All Regions,All Routes,All Stages,All Ages,2018
1,0.84,0.83,0.85,All Persons,All IMD Quintiles,All Regions,All Routes,All Stages,All Ages,2018
1.25,0.82,0.81,0.83,All Persons,All IMD Quintiles,All Regions,All Routes,All Stages,All Ages,2018
1.5,0.80,0.78,0.81,All Persons,All IMD Quintiles,All Regions,All Routes,All Stages,All Ages,2018
1.75,0.78,0.76,0.79,All Persons,All IMD Quintiles,All Regions,All Routes,All Stages,All Ages,2018
2,0.76,0.75,0.78,All Persons,All IMD Quintiles,All Regions,All Routes,All Stages,All Ages,2018
2.25,0.75,0.73,0.76,All Persons,All IMD Quintiles,All Regions,All Routes,All Stages,All Ages,2018
2.5,0.73,0.72,0.75,All Persons,All IMD Quintiles,All Regions,All Routes,All Stages,All Ages,2018
2.75,0.72,0.70,0.74,All Persons,All IMD Quintiles,All Regions,All Routes,All Stages,All Ages,2018
3,0.71,0.69,0.72,All Persons,All IMD Quintiles,All Regions,All Routes,All Stages,All Ages,2018
3.25,0.70,0.68,0.71,All Persons,All IMD Quintiles,All Regions,All Routes,All Stages,All Ages,2018
3.5,0.69,0.67,0.70,All Persons,All IMD Quintiles,All Regions,All Routes,All Stages,All Ages,2018
3.75,0.68,0.66,0.70,All Persons,All IMD Quintiles,All Regions,All Routes,All Stages,All Ages,2018
4,0.67,0.66,0.69,All Persons,All IMD Quintiles,All Regions,All Routes,All Stages,All Ages,2018
4.25,0.66,0.65,0.68,All Persons,All IMD Quintiles,All Regions,All Routes,All Stages,All Ages,2018
4.5,0.65,0.64,0.67,All Persons,All IMD Quintiles,All Regions,All Routes,All Stages,All Ages,2018
4.75,0.64,0.62,0.66,All Persons,All IMD Quintiles,All Regions,All Routes,All Stages,All Ages,2018
5,0.63,0.61,0.65,All Persons,All IMD Quintiles,All Regions,All Routes,All Stages,All Ages,2018
0,1.00,1.00,1.00,All Persons,All IMD Quintiles,All Regions,All Routes,All Stages,All Ages,2019
0.25,0.94,0.94,0.95,All Persons,All IMD Quintiles,All Regions,All Routes,All Stages,All Ages,2019
0.5,0.90,0.89,0.91,All Persons,All IMD Quintiles,All Regions,All Routes,All Stages,All Ages,2019
0.75,0.87,0.86,0.88,All Persons,All IMD Quintiles,All Regions,All Routes,All Stages,All Ages,2019
1,0.84,0.82,0.85,All Persons,All IMD Quintiles,All Regions,All Routes,All Stages,All Ages,2019
1.25,0.81,0.80,0.82,All Persons,All IMD Quintiles,All Regions,All Routes,All Stages,All Ages,2019
1.5,0.79,0.78,0.81,All Persons,All IMD Quintiles,All Regions,All Routes,All Stages,All Ages,2019
1.75,0.78,0.76,0.79,All Persons,All IMD Quintiles,All Regions,All Routes,All Stages,All Ages,2019
2,0.76,0.75,0.78,All Persons,All IMD Quintiles,All Regions,All Routes,All Stages,All Ages,2019
2.25,0.75,0.74,0.76,All Persons,All IMD Quintiles,All Regions,All Routes,All Stages,All Ages,2019
2.5,0.74,0.72,0.75,All Persons,All IMD Quintiles,All Regions,All Routes,All Stages,All Ages,2019
2.75,0.73,0.71,0.74,All Persons,All IMD Quintiles,All Regions,All Routes,All Stages,All Ages,2019
3,0.72,0.70,0.74,All Persons,All IMD Quintiles,All Regions,All Routes,All Stages,All Ages,2019
3.25,0.71,0.69,0.72,All Persons,All IMD Quintiles,All Regions,All Routes,All Stages,All Ages,2019
3.5,0.70,0.68,0.71,All Persons,All IMD Quintiles,All Regions,All Routes,All Stages,All Ages,2019
3.75,0.69,0.67,0.70,All Persons,All IMD Quintiles,All Regions,All Routes,All Stages,All Ages,2019
4,0.68,0.66,0.70,All Persons,All IMD Quintiles,All Regions,All Routes,All Stages,All Ages,2019
4.25,0.60,0.47,0.74,All Persons,All IMD Quintiles,All Regions,All Routes,All Stages,All Ages,2019
4.5,0.60,0.47,0.74,All Persons,All IMD Quintiles,All Regions,All Routes,All Stages,All Ages,2019
4.75,0.60,0.47,0.74,All Persons,All IMD Quintiles,All Regions,All Routes,All Stages,All Ages,2019
5,0.36,0.12,0.60,All Persons,All IMD Quintiles,All Regions,All Routes,All Stages,All Ages,2019
0,1.00,1.00,1.00,All Persons,All IMD Quintiles,All Regions,All Routes,All Stages,All Ages,2020
0.25,0.94,0.93,0.94,All Persons,All IMD Quintiles,All Regions,All Routes,All Stages,All Ages,2020
0.5,0.89,0.88,0.90,All Persons,All IMD Quintiles,All Regions,All Routes,All Stages,All Ages,2020
0.75,0.85,0.84,0.86,All Persons,All IMD Quintiles,All Regions,All Routes,All Stages,All Ages,2020
1,0.82,0.81,0.84,All Persons,All IMD Quintiles,All Regions,All Routes,All Stages,All Ages,2020
1.25,0.80,0.79,0.82,All Persons,All IMD Quintiles,All Regions,All Routes,All Stages,All Ages,2020
1.5,0.78,0.77,0.79,All Persons,All IMD Quintiles,All Regions,All Routes,All Stages,All Ages,2020
1.75,0.77,0.75,0.78,All Persons,All IMD Quintiles,All Regions,All Routes,All Stages,All Ages,2020
2,0.75,0.73,0.76,All Persons,All IMD Quintiles,All Regions,All Routes,All Stages,All Ages,2020
2.25,0.73,0.72,0.75,All Persons,All IMD Quintiles,All Regions,All Routes,All Stages,All Ages,2020
2.5,0.72,0.71,0.74,All Persons,All IMD Quintiles,All Regions,All Routes,All Stages,All Ages,2020
2.75,0.71,0.69,0.72,All Persons,All IMD Quintiles,All Regions,All Routes,All Stages,All Ages,2020
3,0.70,0.69,0.72,All Persons,All IMD Quintiles,All Regions,All Routes,All Stages,All Ages,2020
3.25,0.60,0.46,0.73,All Persons,All IMD Quintiles,All Regions,All Routes,All Stages,All Ages,2020
3.5,0.46,0.28,0.65,All Persons,All IMD Quintiles,All Regions,All Routes,All Stages,All Ages,2020
3.75,0.40,0.20,0.59,All Persons,All IMD Quintiles,All Regions,All Routes,All Stages,All Ages,2020
4.25,0.33,0.14,0.53,All Persons,All IMD Quintiles,All Regions,All Routes,All Stages,All Ages,2020
4.5,0.20,0.04,0.36,All Persons,All IMD Quintiles,All Regions,All Routes,All Stages,All Ages,2020
0,1.00,1.00,1.00,All Persons,All IMD Quintiles,All Regions,All Routes,All Stages,All Ages,2021
0.25,0.94,0.93,0.95,All Persons,All IMD Quintiles,All Regions,All Routes,All Stages,All Ages,2021
0.5,0.90,0.89,0.91,All Persons,All IMD Quintiles,All Regions,All Routes,All Stages,All Ages,2021
0.75,0.86,0.85,0.87,All Persons,All IMD Quintiles,All Regions,All Routes,All Stages,All Ages,2021
1,0.83,0.82,0.84,All Persons,All IMD Quintiles,All Regions,All Routes,All Stages,All Ages,2021
1.25,0.80,0.79,0.82,All Persons,All IMD Quintiles,All Regions,All Routes,All Stages,All Ages,2021
1.5,0.78,0.77,0.80,All Persons,All IMD Quintiles,All Regions,All Routes,All Stages,All Ages,2021
1.75,0.76,0.74,0.77,All Persons,All IMD Quintiles,All Regions,All Routes,All Stages,All Ages,2021
2,0.74,0.72,0.76,All Persons,All IMD Quintiles,All Regions,All Routes,All Stages,All Ages,2021
2.25,0.74,0.72,0.76,All Persons,All IMD Quintiles,All Regions,All Routes,All Stages,All Ages,2021
2.5,0.74,0.72,0.76,All Persons,All IMD Quintiles,All Regions,All Routes,All Stages,All Ages,2021
3,0.74,0.72,0.76,All Persons,All IMD Quintiles,All Regions,All Routes,All Stages,All Ages,2021
3.25,0.68,0.56,0.79,All Persons,All IMD Quintiles,All Regions,All Routes,All Stages,All Ages,2021
3.5,0.68,0.56,0.79,All Persons,All IMD Quintiles,All Regions,All Routes,All Stages,All Ages,2021
4.25,0.68,0.56,0.79,All Persons,All IMD Quintiles,All Regions,All Routes,All Stages,All Ages,2021
5,0.68,0.56,0.79,All Persons,All IMD Quintiles,All Regions,All Routes,All Stages,All Ages,2021
0,1.00,1.00,1.00,Male,IMD Q1,All Regions,All Routes,All Stages,All Ages,All Years
0.25,0.91,0.90,0.92,Male,IMD Q1,All Regions,All Routes,All Stages,All Ages,All Years
0.5,0.85,0.84,0.86,Male,IMD Q1,All Regions,All Routes,All Stages,All Ages,All Years
0.75,0.80,0.79,0.82,Male,IMD Q1,All Regions,All Routes,All Stages,All Ages,All Years
1,0.76,0.74,0.77,Male,IMD Q1,All Regions,All Routes,All Stages,All Ages,All Years
1.25,0.73,0.71,0.74,Male,IMD Q1,All Regions,All Routes,All Stages,All Ages,All Years
1.5,0.70,0.68,0.71,Male,IMD Q1,All Regions,All Routes,All Stages,All Ages,All Years
1.75,0.68,0.66,0.69,Male,IMD Q1,All Regions,All Routes,All Stages,All Ages,All Years
2,0.66,0.64,0.67,Male,IMD Q1,All Regions,All Routes,All Stages,All Ages,All Years
2.25,0.64,0.62,0.66,Male,IMD Q1,All Regions,All Routes,All Stages,All Ages,All Years
2.5,0.63,0.61,0.64,Male,IMD Q1,All Regions,All Routes,All Stages,All Ages,All Years
2.75,0.61,0.59,0.63,Male,IMD Q1,All Regions,All Routes,All Stages,All Ages,All Years
3,0.60,0.58,0.62,Male,IMD Q1,All Regions,All Routes,All Stages,All Ages,All Years
3.25,0.59,0.57,0.60,Male,IMD Q1,All Regions,All Routes,All Stages,All Ages,All Years
3.5,0.58,0.56,0.59,Male,IMD Q1,All Regions,All Routes,All Stages,All Ages,All Years
3.75,0.57,0.55,0.59,Male,IMD Q1,All Regions,All Routes,All Stages,All Ages,All Years
4,0.56,0.54,0.58,Male,IMD Q1,All Regions,All Routes,All Stages,All Ages,All Years
4.25,0.55,0.53,0.57,Male,IMD Q1,All Regions,All Routes,All Stages,All Ages,All Years
4.5,0.54,0.52,0.56,Male,IMD Q1,All Regions,All Routes,All Stages,All Ages,All Years
4.75,0.53,0.51,0.55,Male,IMD Q1,All Regions,All Routes,All Stages,All Ages,All Years
5,0.53,0.51,0.55,Male,IMD Q1,All Regions,All Routes,All Stages,All Ages,All Years
0,1.00,1.00,1.00,Male,IMD Q2,All Regions,All Routes,All Stages,All Ages,All Years
0.25,0.94,0.93,0.95,Male,IMD Q2,All Regions,All Routes,All Stages,All Ages,All Years
0.5,0.89,0.88,0.90,Male,IMD Q2,All Regions,All Routes,All Stages,All Ages,All Years
0.75,0.85,0.84,0.86,Male,IMD Q2,All Regions,All Routes,All Stages,All Ages,All Years
1,0.82,0.80,0.83,Male,IMD Q2,All Regions,All Routes,All Stages,All Ages,All Years
1.25,0.79,0.78,0.81,Male,IMD Q2,All Regions,All Routes,All Stages,All Ages,All Years
1.5,0.77,0.76,0.79,Male,IMD Q2,All Regions,All Routes,All Stages,All Ages,All Years
1.75,0.75,0.73,0.77,Male,IMD Q2,All Regions,All Routes,All Stages,All Ages,All Years
2,0.73,0.71,0.75,Male,IMD Q2,All Regions,All Routes,All Stages,All Ages,All Years
2.25,0.71,0.70,0.73,Male,IMD Q2,All Regions,All Routes,All Stages,All Ages,All Years
2.5,0.69,0.68,0.71,Male,IMD Q2,All Regions,All Routes,All Stages,All Ages,All Years
2.75,0.68,0.66,0.70,Male,IMD Q2,All Regions,All Routes,All Stages,All Ages,All Years
3,0.67,0.65,0.68,Male,IMD Q2,All Regions,All Routes,All Stages,All Ages,All Years
3.25,0.66,0.64,0.68,Male,IMD Q2,All Regions,All Routes,All Stages,All Ages,All Years
3.5,0.65,0.63,0.67,Male,IMD Q2,All Regions,All Routes,All Stages,All Ages,All Years
3.75,0.64,0.62,0.66,Male,IMD Q2,All Regions,All Routes,All Stages,All Ages,All Years
4,0.63,0.61,0.65,Male,IMD Q2,All Regions,All Routes,All Stages,All Ages,All Years
4.25,0.61,0.59,0.63,Male,IMD Q2,All Regions,All Routes,All Stages,All Ages,All Years
4.5,0.61,0.59,0.63,Male,IMD Q2,All Regions,All Routes,All Stages,All Ages,All Years
4.75,0.60,0.58,0.62,Male,IMD Q2,All Regions,All Routes,All Stages,All Ages,All Years
5,0.59,0.57,0.61,Male,IMD Q2,All Regions,All Routes,All Stages,All Ages,All Years
0,1.00,1.00,1.00,Male,IMD Q3,All Regions,All Routes,All Stages,All Ages,All Years
0.25,0.95,0.94,0.96,Male,IMD Q3,All Regions,All Routes,All Stages,All Ages,All Years
0.5,0.91,0.90,0.92,Male,IMD Q3,All Regions,All Routes,All Stages,All Ages,All Years
0.75,0.87,0.86,0.89,Male,IMD Q3,All Regions,All Routes,All Stages,All Ages,All Years
1,0.85,0.83,0.86,Male,IMD Q3,All Regions,All Routes,All Stages,All Ages,All Years
1.25,0.82,0.81,0.84,Male,IMD Q3,All Regions,All Routes,All Stages,All Ages,All Years
1.5,0.80,0.79,0.82,Male,IMD Q3,All Regions,All Routes,All Stages,All Ages,All Years
1.75,0.78,0.77,0.80,Male,IMD Q3,All Regions,All Routes,All Stages,All Ages,All Years
2,0.77,0.75,0.78,Male,IMD Q3,All Regions,All Routes,All Stages,All Ages,All Years
2.25,0.75,0.74,0.77,Male,IMD Q3,All Regions,All Routes,All Stages,All Ages,All Years
2.5,0.75,0.73,0.76,Male,IMD Q3,All Regions,All Routes,All Stages,All Ages,All Years
2.75,0.74,0.72,0.76,Male,IMD Q3,All Regions,All Routes,All Stages,All Ages,All Years
3,0.73,0.71,0.74,Male,IMD Q3,All Regions,All Routes,All Stages,All Ages,All Years
3.25,0.71,0.69,0.73,Male,IMD Q3,All Regions,All Routes,All Stages,All Ages,All Years
3.5,0.70,0.69,0.72,Male,IMD Q3,All Regions,All Routes,All Stages,All Ages,All Years
3.75,0.70,0.68,0.72,Male,IMD Q3,All Regions,All Routes,All Stages,All Ages,All Years
4,0.68,0.66,0.70,Male,IMD Q3,All Regions,All Routes,All Stages,All Ages,All Years
4.25,0.68,0.66,0.70,Male,IMD Q3,All Regions,All Routes,All Stages,All Ages,All Years
4.5,0.67,0.65,0.69,Male,IMD Q3,All Regions,All Routes,All Stages,All Ages,All Years
4.75,0.66,0.64,0.68,Male,IMD Q3,All Regions,All Routes,All Stages,All Ages,All Years
5,0.66,0.64,0.68,Male,IMD Q3,All Regions,All Routes,All Stages,All Ages,All Years
0,1.00,1.00,1.00,Male,IMD Q4,All Regions,All Routes,All Stages,All Ages,All Years
0.25,0.95,0.94,0.96,Male,IMD Q4,All Regions,All Routes,All Stages,All Ages,All Years
0.5,0.91,0.90,0.92,Male,IMD Q4,All Regions,All Routes,All Stages,All Ages,All Years
0.75,0.89,0.87,0.90,Male,IMD Q4,All Regions,All Routes,All Stages,All Ages,All Years
1,0.86,0.84,0.87,Male,IMD Q4,All Regions,All Routes,All Stages,All Ages,All Years
1.25,0.83,0.82,0.85,Male,IMD Q4,All Regions,All Routes,All Stages,All Ages,All Years
1.5,0.82,0.80,0.83,Male,IMD Q4,All Regions,All Routes,All Stages,All Ages,All Years
1.75,0.81,0.79,0.82,Male,IMD Q4,All Regions,All Routes,All Stages,All Ages,All Years
2,0.79,0.78,0.81,Male,IMD Q4,All Regions,All Routes,All Stages,All Ages,All Years
2.25,0.78,0.76,0.80,Male,IMD Q4,All Regions,All Routes,All Stages,All Ages,All Years
2.5,0.77,0.75,0.78,Male,IMD Q4,All Regions,All Routes,All Stages,All Ages,All Years
2.75,0.76,0.74,0.77,Male,IMD Q4,All Regions,All Routes,All Stages,All Ages,All Years
3,0.75,0.73,0.76,Male,IMD Q4,All Regions,All Routes,All Stages,All Ages,All Years
3.25,0.74,0.72,0.76,Male,IMD Q4,All Regions,All Routes,All Stages,All Ages,All Years
3.5,0.73,0.71,0.75,Male,IMD Q4,All Regions,All Routes,All Stages,All Ages,All Years
3.75,0.73,0.71,0.74,Male,IMD Q4,All Regions,All Routes,All Stages,All Ages,All Years
4,0.71,0.70,0.73,Male,IMD Q4,All Regions,All Routes,All Stages,All Ages,All Years
4.25,0.71,0.69,0.73,Male,IMD Q4,All Regions,All Routes,All Stages,All Ages,All Years
4.5,0.70,0.68,0.72,Male,IMD Q4,All Regions,All Routes,All Stages,All Ages,All Years
4.75,0.69,0.67,0.71,Male,IMD Q4,All Regions,All Routes,All Stages,All Ages,All Years
5,0.68,0.66,0.70,Male,IMD Q4,All Regions,All Routes,All Stages,All Ages,All Years
0,1.00,1.00,1.00,Male,IMD Q5,All Regions,All Routes,All Stages,All Ages,All Years
0.25,0.97,0.96,0.97,Male,IMD Q5,All Regions,All Routes,All Stages,All Ages,All Years
0.5,0.94,0.93,0.95,Male,IMD Q5,All Regions,All Routes,All Stages,All Ages,All Years
0.75,0.92,0.91,0.93,Male,IMD Q5,All Regions,All Routes,All Stages,All Ages,All Years
1,0.89,0.88,0.91,Male,IMD Q5,All Regions,All Routes,All Stages,All Ages,All Years
1.25,0.88,0.86,0.89,Male,IMD Q5,All Regions,All Routes,All Stages,All Ages,All Years
1.5,0.86,0.85,0.88,Male,IMD Q5,All Regions,All Routes,All Stages,All Ages,All Years
1.75,0.85,0.84,0.86,Male,IMD Q5,All Regions,All Routes,All Stages,All Ages,All Years
2,0.83,0.82,0.85,Male,IMD Q5,All Regions,All Routes,All Stages,All Ages,All Years
2.25,0.82,0.80,0.83,Male,IMD Q5,All Regions,All Routes,All Stages,All Ages,All Years
2.5,0.81,0.79,0.82,Male,IMD Q5,All Regions,All Routes,All Stages,All Ages,All Years
2.75,0.80,0.78,0.81,Male,IMD Q5,All Regions,All Routes,All Stages,All Ages,All Years
3,0.79,0.77,0.80,Male,IMD Q5,All Regions,All Routes,All Stages,All Ages,All Years
3.25,0.78,0.76,0.80,Male,IMD Q5,All Regions,All Routes,All Stages,All Ages,All Years
3.5,0.77,0.75,0.79,Male,IMD Q5,All Regions,All Routes,All Stages,All Ages,All Years
3.75,0.76,0.74,0.78,Male,IMD Q5,All Regions,All Routes,All Stages,All Ages,All Years
4,0.75,0.73,0.77,Male,IMD Q5,All Regions,All Routes,All Stages,All Ages,All Years
4.25,0.75,0.73,0.76,Male,IMD Q5,All Regions,All Routes,All Stages,All Ages,All Years
4.5,0.74,0.72,0.76,Male,IMD Q5,All Regions,All Routes,All Stages,All Ages,All Years
4.75,0.73,0.71,0.75,Male,IMD Q5,All Regions,All Routes,All Stages,All Ages,All Years
5,0.72,0.70,0.74,Male,IMD Q5,All Regions,All Routes,All Stages,All Ages,All Years
0,1.00,1.00,1.00,Male,All IMD Quintiles,East Midlands,All Routes,All Stages,All Ages,All Years
0.25,0.94,0.93,0.95,Male,All IMD Quintiles,East Midlands,All Routes,All Stages,All Ages,All Years
0.5,0.90,0.88,0.91,Male,All IMD Quintiles,East Midlands,All Routes,All Stages,All Ages,All Years
0.75,0.86,0.84,0.88,Male,All IMD Quintiles,East Midlands,All Routes,All Stages,All Ages,All Years
1,0.82,0.80,0.84,Male,All IMD Quintiles,East Midlands,All Routes,All Stages,All Ages,All Years
1.25,0.81,0.79,0.84,Male,All IMD Quintiles,East Midlands,All Routes,All Stages,All Ages,All Years
1.5,0.80,0.78,0.82,Male,All IMD Quintiles,East Midlands,All Routes,All Stages,All Ages,All Years
1.75,0.79,0.76,0.81,Male,All IMD Quintiles,East Midlands,All Routes,All Stages,All Ages,All Years
2,0.77,0.75,0.79,Male,All IMD Quintiles,East Midlands,All Routes,All Stages,All Ages,All Years
2.25,0.76,0.74,0.78,Male,All IMD Quintiles,East Midlands,All Routes,All Stages,All Ages,All Years
2.5,0.74,0.72,0.77,Male,All IMD Quintiles,East Midlands,All Routes,All Stages,All Ages,All Years
2.75,0.73,0.71,0.76,Male,All IMD Quintiles,East Midlands,All Routes,All Stages,All Ages,All Years
3,0.72,0.69,0.75,Male,All IMD Quintiles,East Midlands,All Routes,All Stages,All Ages,All Years
3.25,0.70,0.68,0.73,Male,All IMD Quintiles,East Midlands,All Routes,All Stages,All Ages,All Years
3.5,0.70,0.67,0.73,Male,All IMD Quintiles,East Midlands,All Routes,All Stages,All Ages,All Years
3.75,0.69,0.66,0.72,Male,All IMD Quintiles,East Midlands,All Routes,All Stages,All Ages,All Years
4,0.67,0.65,0.70,Male,All IMD Quintiles,East Midlands,All Routes,All Stages,All Ages,All Years
4.25,0.67,0.64,0.69,Male,All IMD Quintiles,East Midlands,All Routes,All Stages,All Ages,All Years
4.5,0.65,0.62,0.69,Male,All IMD Quintiles,East Midlands,All Routes,All Stages,All Ages,All Years
4.75,0.65,0.62,0.68,Male,All IMD Quintiles,East Midlands,All Routes,All Stages,All Ages,All Years
5,0.64,0.61,0.68,Male,All IMD Quintiles,East Midlands,All Routes,All Stages,All Ages,All Years
0,1.00,1.00,1.00,Male,All IMD Quintiles,East of England,All Routes,All Stages,All Ages,All Years
0.25,0.95,0.94,0.96,Male,All IMD Quintiles,East of England,All Routes,All Stages,All Ages,All Years
0.5,0.91,0.90,0.93,Male,All IMD Quintiles,East of England,All Routes,All Stages,All Ages,All Years
0.75,0.88,0.87,0.90,Male,All IMD Quintiles,East of England,All Routes,All Stages,All Ages,All Years
1,0.85,0.84,0.87,Male,All IMD Quintiles,East of England,All Routes,All Stages,All Ages,All Years
1.25,0.83,0.81,0.85,Male,All IMD Quintiles,East of England,All Routes,All Stages,All Ages,All Years
1.5,0.82,0.80,0.83,Male,All IMD Quintiles,East of England,All Routes,All Stages,All Ages,All Years
1.75,0.80,0.78,0.82,Male,All IMD Quintiles,East of England,All Routes,All Stages,All Ages,All Years
2,0.78,0.76,0.80,Male,All IMD Quintiles,East of England,All Routes,All Stages,All Ages,All Years
2.25,0.77,0.75,0.79,Male,All IMD Quintiles,East of England,All Routes,All Stages,All Ages,All Years
2.5,0.76,0.74,0.78,Male,All IMD Quintiles,East of England,All Routes,All Stages,All Ages,All Years
2.75,0.75,0.72,0.77,Male,All IMD Quintiles,East of England,All Routes,All Stages,All Ages,All Years
3,0.74,0.71,0.76,Male,All IMD Quintiles,East of England,All Routes,All Stages,All Ages,All Years
3.25,0.73,0.70,0.75,Male,All IMD Quintiles,East of England,All Routes,All Stages,All Ages,All Years
3.5,0.71,0.69,0.74,Male,All IMD Quintiles,East of England,All Routes,All Stages,All Ages,All Years
3.75,0.71,0.68,0.73,Male,All IMD Quintiles,East of England,All Routes,All Stages,All Ages,All Years
4,0.70,0.67,0.72,Male,All IMD Quintiles,East of England,All Routes,All Stages,All Ages,All Years
4.25,0.69,0.66,0.71,Male,All IMD Quintiles,East of England,All Routes,All Stages,All Ages,All Years
4.5,0.68,0.65,0.70,Male,All IMD Quintiles,East of England,All Routes,All Stages,All Ages,All Years
4.75,0.67,0.65,0.70,Male,All IMD Quintiles,East of England,All Routes,All Stages,All Ages,All Years
5,0.67,0.64,0.69,Male,All IMD Quintiles,East of England,All Routes,All Stages,All Ages,All Years
0,1.00,1.00,1.00,Male,All IMD Quintiles,London,All Routes,All Stages,All Ages,All Years
0.25,0.94,0.93,0.96,Male,All IMD Quintiles,London,All Routes,All Stages,All Ages,All Years
0.5,0.89,0.87,0.91,Male,All IMD Quintiles,London,All Routes,All Stages,All Ages,All Years
0.75,0.84,0.82,0.86,Male,All IMD Quintiles,London,All Routes,All Stages,All Ages,All Years
1,0.80,0.78,0.82,Male,All IMD Quintiles,London,All Routes,All Stages,All Ages,All Years
1.25,0.77,0.75,0.79,Male,All IMD Quintiles,London,All Routes,All Stages,All Ages,All Years
1.5,0.75,0.73,0.77,Male,All IMD Quintiles,London,All Routes,All Stages,All Ages,All Years
1.75,0.74,0.71,0.76,Male,All IMD Quintiles,London,All Routes,All Stages,All Ages,All Years
2,0.71,0.69,0.74,Male,All IMD Quintiles,London,All Routes,All Stages,All Ages,All Years
2.25,0.70,0.68,0.73,Male,All IMD Quintiles,London,All Routes,All Stages,All Ages,All Years
2.5,0.69,0.66,0.71,Male,All IMD Quintiles,London,All Routes,All Stages,All Ages,All Years
2.75,0.68,0.65,0.70,Male,All IMD Quintiles,London,All Routes,All Stages,All Ages,All Years
3,0.67,0.64,0.69,Male,All IMD Quintiles,London,All Routes,All Stages,All Ages,All Years
3.25,0.65,0.63,0.68,Male,All IMD Quintiles,London,All Routes,All Stages,All Ages,All Years
3.5,0.65,0.62,0.67,Male,All IMD Quintiles,London,All Routes,All Stages,All Ages,All Years
3.75,0.64,0.61,0.66,Male,All IMD Quintiles,London,All Routes,All Stages,All Ages,All Years
4,0.63,0.60,0.66,Male,All IMD Quintiles,London,All Routes,All Stages,All Ages,All Years
4.25,0.63,0.60,0.65,Male,All IMD Quintiles,London,All Routes,All Stages,All Ages,All Years
4.5,0.62,0.59,0.65,Male,All IMD Quintiles,London,All Routes,All Stages,All Ages,All Years
4.75,0.61,0.58,0.64,Male,All IMD Quintiles,London,All Routes,All Stages,All Ages,All Years
5,0.60,0.57,0.63,Male,All IMD Quintiles,London,All Routes,All Stages,All Ages,All Years
0,1.00,0.99,1.00,Male,All IMD Quintiles,North East,All Routes,All Stages,All Ages,All Years
0.25,0.93,0.91,0.95,Male,All IMD Quintiles,North East,All Routes,All Stages,All Ages,All Years
0.5,0.89,0.86,0.91,Male,All IMD Quintiles,North East,All Routes,All Stages,All Ages,All Years
0.75,0.86,0.83,0.88,Male,All IMD Quintiles,North East,All Routes,All Stages,All Ages,All Years
1,0.82,0.79,0.84,Male,All IMD Quintiles,North East,All Routes,All Stages,All Ages,All Years
1.25,0.79,0.76,0.81,Male,All IMD Quintiles,North East,All Routes,All Stages,All Ages,All Years
1.5,0.77,0.74,0.79,Male,All IMD Quintiles,North East,All Routes,All Stages,All Ages,All Years
1.75,0.74,0.71,0.77,Male,All IMD Quintiles,North East,All Routes,All Stages,All Ages,All Years
2,0.73,0.70,0.76,Male,All IMD Quintiles,North East,All Routes,All Stages,All Ages,All Years
2.25,0.72,0.69,0.75,Male,All IMD Quintiles,North East,All Routes,All Stages,All Ages,All Years
2.5,0.70,0.67,0.73,Male,All IMD Quintiles,North East,All Routes,All Stages,All Ages,All Years
2.75,0.69,0.66,0.73,Male,All IMD Quintiles,North East,All Routes,All Stages,All Ages,All Years
3,0.69,0.66,0.72,Male,All IMD Quintiles,North East,All Routes,All Stages,All Ages,All Years
3.25,0.68,0.65,0.71,Male,All IMD Quintiles,North East,All Routes,All Stages,All Ages,All Years
3.5,0.67,0.64,0.70,Male,All IMD Quintiles,North East,All Routes,All Stages,All Ages,All Years
3.75,0.66,0.63,0.70,Male,All IMD Quintiles,North East,All Routes,All Stages,All Ages,All Years
4,0.66,0.62,0.69,Male,All IMD Quintiles,North East,All Routes,All Stages,All Ages,All Years
4.25,0.65,0.62,0.69,Male,All IMD Quintiles,North East,All Routes,All Stages,All Ages,All Years
4.5,0.64,0.60,0.68,Male,All IMD Quintiles,North East,All Routes,All Stages,All Ages,All Years
4.75,0.63,0.59,0.67,Male,All IMD Quintiles,North East,All Routes,All Stages,All Ages,All Years
5,0.63,0.59,0.67,Male,All IMD Quintiles,North East,All Routes,All Stages,All Ages,All Years
0,1.00,1.00,1.00,Male,All IMD Quintiles,North West,All Routes,All Stages,All Ages,All Years
0.25,0.94,0.93,0.95,Male,All IMD Quintiles,North West,All Routes,All Stages,All Ages,All Years
0.5,0.90,0.88,0.91,Male,All IMD Quintiles,North West,All Routes,All Stages,All Ages,All Years
0.75,0.86,0.84,0.87,Male,All IMD Quintiles,North West,All Routes,All Stages,All Ages,All Years
1,0.82,0.80,0.84,Male,All IMD Quintiles,North West,All Routes,All Stages,All Ages,All Years
1.25,0.79,0.78,0.81,Male,All IMD Quintiles,North West,All Routes,All Stages,All Ages,All Years
1.5,0.77,0.75,0.79,Male,All IMD Quintiles,North West,All Routes,All Stages,All Ages,All Years
1.75,0.75,0.73,0.77,Male,All IMD Quintiles,North West,All Routes,All Stages,All Ages,All Years
2,0.73,0.71,0.75,Male,All IMD Quintiles,North West,All Routes,All Stages,All Ages,All Years
2.25,0.72,0.70,0.73,Male,All IMD Quintiles,North West,All Routes,All Stages,All Ages,All Years
2.5,0.70,0.68,0.72,Male,All IMD Quintiles,North West,All Routes,All Stages,All Ages,All Years
2.75,0.69,0.67,0.71,Male,All IMD Quintiles,North West,All Routes,All Stages,All Ages,All Years
3,0.68,0.65,0.70,Male,All IMD Quintiles,North West,All Routes,All Stages,All Ages,All Years
3.25,0.66,0.64,0.68,Male,All IMD Quintiles,North West,All Routes,All Stages,All Ages,All Years
3.5,0.65,0.63,0.67,Male,All IMD Quintiles,North West,All Routes,All Stages,All Ages,All Years
3.75,0.64,0.62,0.67,Male,All IMD Quintiles,North West,All Routes,All Stages,All Ages,All Years
4,0.64,0.61,0.66,Male,All IMD Quintiles,North West,All Routes,All Stages,All Ages,All Years
4.25,0.63,0.61,0.65,Male,All IMD Quintiles,North West,All Routes,All Stages,All Ages,All Years
4.5,0.62,0.60,0.65,Male,All IMD Quintiles,North West,All Routes,All Stages,All Ages,All Years
4.75,0.61,0.59,0.63,Male,All IMD Quintiles,North West,All Routes,All Stages,All Ages,All Years
5,0.60,0.58,0.63,Male,All IMD Quintiles,North West,All Routes,All Stages,All Ages,All Years
0,1.00,1.00,1.00,Male,All IMD Quintiles,South East,All Routes,All Stages,All Ages,All Years
0.25,0.95,0.94,0.96,Male,All IMD Quintiles,South East,All Routes,All Stages,All Ages,All Years
0.5,0.91,0.90,0.92,Male,All IMD Quintiles,South East,All Routes,All Stages,All Ages,All Years
0.75,0.88,0.86,0.89,Male,All IMD Quintiles,South East,All Routes,All Stages,All Ages,All Years
1,0.85,0.83,0.86,Male,All IMD Quintiles,South East,All Routes,All Stages,All Ages,All Years
1.25,0.83,0.81,0.84,Male,All IMD Quintiles,South East,All Routes,All Stages,All Ages,All Years
1.5,0.81,0.79,0.82,Male,All IMD Quintiles,South East,All Routes,All Stages,All Ages,All Years
1.75,0.79,0.77,0.81,Male,All IMD Quintiles,South East,All Routes,All Stages,All Ages,All Years
2,0.78,0.76,0.79,Male,All IMD Quintiles,South East,All Routes,All Stages,All Ages,All Years
2.25,0.76,0.74,0.78,Male,All IMD Quintiles,South East,All Routes,All Stages,All Ages,All Years
2.5,0.75,0.73,0.76,Male,All IMD Quintiles,South East,All Routes,All Stages,All Ages,All Years
2.75,0.74,0.72,0.76,Male,All IMD Quintiles,South East,All Routes,All Stages,All Ages,All Years
3,0.73,0.71,0.75,Male,All IMD Quintiles,South East,All Routes,All Stages,All Ages,All Years
3.25,0.72,0.70,0.74,Male,All IMD Quintiles,South East,All Routes,All Stages,All Ages,All Years
3.5,0.71,0.70,0.73,Male,All IMD Quintiles,South East,All Routes,All Stages,All Ages,All Years
3.75,0.70,0.68,0.72,Male,All IMD Quintiles,South East,All Routes,All Stages,All Ages,All Years
4,0.70,0.68,0.72,Male,All IMD Quintiles,South East,All Routes,All Stages,All Ages,All Years
4.25,0.69,0.67,0.71,Male,All IMD Quintiles,South East,All Routes,All Stages,All Ages,All Years
4.5,0.68,0.66,0.70,Male,All IMD Quintiles,South East,All Routes,All Stages,All Ages,All Years
4.75,0.67,0.65,0.70,Male,All IMD Quintiles,South East,All Routes,All Stages,All Ages,All Years
5,0.66,0.64,0.69,Male,All IMD Quintiles,South East,All Routes,All Stages,All Ages,All Years
0,1.00,1.00,1.00,Male,All IMD Quintiles,South West,All Routes,All Stages,All Ages,All Years
0.25,0.95,0.94,0.96,Male,All IMD Quintiles,South West,All Routes,All Stages,All Ages,All Years
0.5,0.92,0.90,0.93,Male,All IMD Quintiles,South West,All Routes,All Stages,All Ages,All Years
0.75,0.89,0.87,0.90,Male,All IMD Quintiles,South West,All Routes,All Stages,All Ages,All Years
1,0.86,0.85,0.88,Male,All IMD Quintiles,South West,All Routes,All Stages,All Ages,All Years
1.25,0.84,0.82,0.86,Male,All IMD Quintiles,South West,All Routes,All Stages,All Ages,All Years
1.5,0.82,0.80,0.84,Male,All IMD Quintiles,South West,All Routes,All Stages,All Ages,All Years
1.75,0.80,0.78,0.82,Male,All IMD Quintiles,South West,All Routes,All Stages,All Ages,All Years
2,0.79,0.77,0.81,Male,All IMD Quintiles,South West,All Routes,All Stages,All Ages,All Years
2.25,0.77,0.75,0.79,Male,All IMD Quintiles,South West,All Routes,All Stages,All Ages,All Years
2.5,0.76,0.74,0.78,Male,All IMD Quintiles,South West,All Routes,All Stages,All Ages,All Years
2.75,0.74,0.72,0.76,Male,All IMD Quintiles,South West,All Routes,All Stages,All Ages,All Years
3,0.73,0.70,0.75,Male,All IMD Quintiles,South West,All Routes,All Stages,All Ages,All Years
3.25,0.71,0.69,0.74,Male,All IMD Quintiles,South West,All Routes,All Stages,All Ages,All Years
3.5,0.70,0.68,0.73,Male,All IMD Quintiles,South West,All Routes,All Stages,All Ages,All Years
3.75,0.70,0.67,0.72,Male,All IMD Quintiles,South West,All Routes,All Stages,All Ages,All Years
4,0.68,0.66,0.71,Male,All IMD Quintiles,South West,All Routes,All Stages,All Ages,All Years
4.25,0.68,0.65,0.71,Male,All IMD Quintiles,South West,All Routes,All Stages,All Ages,All Years
4.5,0.67,0.64,0.70,Male,All IMD Quintiles,South West,All Routes,All Stages,All Ages,All Years
4.75,0.66,0.63,0.69,Male,All IMD Quintiles,South West,All Routes,All Stages,All Ages,All Years
5,0.66,0.63,0.69,Male,All IMD Quintiles,South West,All Routes,All Stages,All Ages,All Years
0,1.00,1.00,1.00,Male,All IMD Quintiles,West Midlands,All Routes,All Stages,All Ages,All Years
0.25,0.93,0.92,0.95,Male,All IMD Quintiles,West Midlands,All Routes,All Stages,All Ages,All Years
0.5,0.88,0.87,0.90,Male,All IMD Quintiles,West Midlands,All Routes,All Stages,All Ages,All Years
0.75,0.86,0.84,0.88,Male,All IMD Quintiles,West Midlands,All Routes,All Stages,All Ages,All Years
1,0.83,0.81,0.85,Male,All IMD Quintiles,West Midlands,All Routes,All Stages,All Ages,All Years
1.25,0.80,0.78,0.82,Male,All IMD Quintiles,West Midlands,All Routes,All Stages,All Ages,All Years
1.5,0.78,0.76,0.80,Male,All IMD Quintiles,West Midlands,All Routes,All Stages,All Ages,All Years
1.75,0.76,0.74,0.78,Male,All IMD Quintiles,West Midlands,All Routes,All Stages,All Ages,All Years
2,0.74,0.72,0.77,Male,All IMD Quintiles,West Midlands,All Routes,All Stages,All Ages,All Years
2.25,0.72,0.70,0.75,Male,All IMD Quintiles,West Midlands,All Routes,All Stages,All Ages,All Years
2.5,0.71,0.68,0.73,Male,All IMD Quintiles,West Midlands,All Routes,All Stages,All Ages,All Years
2.75,0.69,0.67,0.72,Male,All IMD Quintiles,West Midlands,All Routes,All Stages,All Ages,All Years
3,0.68,0.65,0.70,Male,All IMD Quintiles,West Midlands,All Routes,All Stages,All Ages,All Years
3.25,0.67,0.64,0.69,Male,All IMD Quintiles,West Midlands,All Routes,All Stages,All Ages,All Years
3.5,0.66,0.63,0.69,Male,All IMD Quintiles,West Midlands,All Routes,All Stages,All Ages,All Years
3.75,0.65,0.63,0.68,Male,All IMD Quintiles,West Midlands,All Routes,All Stages,All Ages,All Years
4,0.64,0.61,0.67,Male,All IMD Quintiles,West Midlands,All Routes,All Stages,All Ages,All Years
4.25,0.62,0.59,0.65,Male,All IMD Quintiles,West Midlands,All Routes,All Stages,All Ages,All Years
4.5,0.62,0.59,0.65,Male,All IMD Quintiles,West Midlands,All Routes,All Stages,All Ages,All Years
4.75,0.62,0.58,0.65,Male,All IMD Quintiles,West Midlands,All Routes,All Stages,All Ages,All Years
5,0.61,0.58,0.64,Male,All IMD Quintiles,West Midlands,All Routes,All Stages,All Ages,All Years
0,1.00,1.00,1.00,Male,All IMD Quintiles,Yorkshire and The Humber,All Routes,All Stages,All Ages,All Years
0.25,0.94,0.93,0.95,Male,All IMD Quintiles,Yorkshire and The Humber,All Routes,All Stages,All Ages,All Years
0.5,0.90,0.88,0.91,Male,All IMD Quintiles,Yorkshire and The Humber,All Routes,All Stages,All Ages,All Years
0.75,0.85,0.83,0.87,Male,All IMD Quintiles,Yorkshire and The Humber,All Routes,All Stages,All Ages,All Years
1,0.82,0.80,0.84,Male,All IMD Quintiles,Yorkshire and The Humber,All Routes,All Stages,All Ages,All Years
1.25,0.79,0.77,0.81,Male,All IMD Quintiles,Yorkshire and The Humber,All Routes,All Stages,All Ages,All Years
1.5,0.76,0.74,0.79,Male,All IMD Quintiles,Yorkshire and The Humber,All Routes,All Stages,All Ages,All Years
1.75,0.75,0.73,0.77,Male,All IMD Quintiles,Yorkshire and The Humber,All Routes,All Stages,All Ages,All Years
2,0.73,0.71,0.76,Male,All IMD Quintiles,Yorkshire and The Humber,All Routes,All Stages,All Ages,All Years
2.25,0.72,0.70,0.74,Male,All IMD Quintiles,Yorkshire and The Humber,All Routes,All Stages,All Ages,All Years
2.5,0.71,0.68,0.73,Male,All IMD Quintiles,Yorkshire and The Humber,All Routes,All Stages,All Ages,All Years
2.75,0.69,0.67,0.72,Male,All IMD Quintiles,Yorkshire and The Humber,All Routes,All Stages,All Ages,All Years
3,0.68,0.66,0.71,Male,All IMD Quintiles,Yorkshire and The Humber,All Routes,All Stages,All Ages,All Years
3.25,0.68,0.65,0.70,Male,All IMD Quintiles,Yorkshire and The Humber,All Routes,All Stages,All Ages,All Years
3.5,0.67,0.64,0.69,Male,All IMD Quintiles,Yorkshire and The Humber,All Routes,All Stages,All Ages,All Years
3.75,0.66,0.63,0.69,Male,All IMD Quintiles,Yorkshire and The Humber,All Routes,All Stages,All Ages,All Years
4,0.64,0.61,0.67,Male,All IMD Quintiles,Yorkshire and The Humber,All Routes,All Stages,All Ages,All Years
4.25,0.63,0.60,0.66,Male,All IMD Quintiles,Yorkshire and The Humber,All Routes,All Stages,All Ages,All Years
4.5,0.62,0.60,0.65,Male,All IMD Quintiles,Yorkshire and The Humber,All Routes,All Stages,All Ages,All Years
4.75,0.62,0.59,0.65,Male,All IMD Quintiles,Yorkshire and The Humber,All Routes,All Stages,All Ages,All Years
5,0.61,0.58,0.64,Male,All IMD Quintiles,Yorkshire and The Humber,All Routes,All Stages,All Ages,All Years
0,1.00,0.99,1.00,Male,All IMD Quintiles,All Regions,Emergency,All Stages,All Ages,All Years
0.25,0.75,0.71,0.79,Male,All IMD Quintiles,All Regions,Emergency,All Stages,All Ages,All Years
0.5,0.64,0.60,0.69,Male,All IMD Quintiles,All Regions,Emergency,All Stages,All Ages,All Years
0.75,0.56,0.52,0.61,Male,All IMD Quintiles,All Regions,Emergency,All Stages,All Ages,All Years
1,0.52,0.47,0.56,Male,All IMD Quintiles,All Regions,Emergency,All Stages,All Ages,All Years
1.25,0.49,0.44,0.53,Male,All IMD Quintiles,All Regions,Emergency,All Stages,All Ages,All Years
1.5,0.46,0.41,0.51,Male,All IMD Quintiles,All Regions,Emergency,All Stages,All Ages,All Years
1.75,0.44,0.39,0.49,Male,All IMD Quintiles,All Regions,Emergency,All Stages,All Ages,All Years
2,0.42,0.38,0.47,Male,All IMD Quintiles,All Regions,Emergency,All Stages,All Ages,All Years
2.25,0.40,0.36,0.45,Male,All IMD Quintiles,All Regions,Emergency,All Stages,All Ages,All Years
2.5,0.39,0.34,0.43,Male,All IMD Quintiles,All Regions,Emergency,All Stages,All Ages,All Years
2.75,0.38,0.33,0.43,Male,All IMD Quintiles,All Regions,Emergency,All Stages,All Ages,All Years
3,0.37,0.32,0.42,Male,All IMD Quintiles,All Regions,Emergency,All Stages,All Ages,All Years
3.25,0.36,0.32,0.41,Male,All IMD Quintiles,All Regions,Emergency,All Stages,All Ages,All Years
3.5,0.35,0.31,0.40,Male,All IMD Quintiles,All Regions,Emergency,All Stages,All Ages,All Years
3.75,0.35,0.30,0.39,Male,All IMD Quintiles,All Regions,Emergency,All Stages,All Ages,All Years
4,0.34,0.30,0.39,Male,All IMD Quintiles,All Regions,Emergency,All Stages,All Ages,All Years
4.25,0.34,0.30,0.39,Male,All IMD Quintiles,All Regions,Emergency,All Stages,All Ages,All Years
4.5,0.34,0.30,0.39,Male,All IMD Quintiles,All Regions,Emergency,All Stages,All Ages,All Years
4.75,0.34,0.29,0.38,Male,All IMD Quintiles,All Regions,Emergency,All Stages,All Ages,All Years
5,0.34,0.29,0.38,Male,All IMD Quintiles,All Regions,Emergency,All Stages,All Ages,All Years
0,1.00,1.00,1.00,Male,All IMD Quintiles,All Regions,Non-emergency,All Stages,All Ages,All Years
0.25,0.96,0.95,0.96,Male,All IMD Quintiles,All Regions,Non-emergency,All Stages,All Ages,All Years
0.5,0.92,0.91,0.93,Male,All IMD Quintiles,All Regions,Non-emergency,All Stages,All Ages,All Years
0.75,0.89,0.88,0.89,Male,All IMD Quintiles,All Regions,Non-emergency,All Stages,All Ages,All Years
1,0.85,0.84,0.86,Male,All IMD Quintiles,All Regions,Non-emergency,All Stages,All Ages,All Years
1.25,0.83,0.82,0.84,Male,All IMD Quintiles,All Regions,Non-emergency,All Stages,All Ages,All Years
1.5,0.81,0.80,0.82,Male,All IMD Quintiles,All Regions,Non-emergency,All Stages,All Ages,All Years
1.75,0.79,0.78,0.80,Male,All IMD Quintiles,All Regions,Non-emergency,All Stages,All Ages,All Years
2,0.77,0.76,0.78,Male,All IMD Quintiles,All Regions,Non-emergency,All Stages,All Ages,All Years
2.25,0.76,0.75,0.77,Male,All IMD Quintiles,All Regions,Non-emergency,All Stages,All Ages,All Years
2.5,0.74,0.73,0.75,Male,All IMD Quintiles,All Regions,Non-emergency,All Stages,All Ages,All Years
2.75,0.73,0.72,0.74,Male,All IMD Quintiles,All Regions,Non-emergency,All Stages,All Ages,All Years
3,0.72,0.71,0.73,Male,All IMD Quintiles,All Regions,Non-emergency,All Stages,All Ages,All Years
3.25,0.71,0.69,0.72,Male,All IMD Quintiles,All Regions,Non-emergency,All Stages,All Ages,All Years
3.5,0.70,0.69,0.71,Male,All IMD Quintiles,All Regions,Non-emergency,All Stages,All Ages,All Years
3.75,0.69,0.68,0.70,Male,All IMD Quintiles,All Regions,Non-emergency,All Stages,All Ages,All Years
4,0.68,0.67,0.69,Male,All IMD Quintiles,All Regions,Non-emergency,All Stages,All Ages,All Years
4.25,0.67,0.66,0.68,Male,All IMD Quintiles,All Regions,Non-emergency,All Stages,All Ages,All Years
4.5,0.66,0.65,0.68,Male,All IMD Quintiles,All Regions,Non-emergency,All Stages,All Ages,All Years
4.75,0.65,0.64,0.67,Male,All IMD Quintiles,All Regions,Non-emergency,All Stages,All Ages,All Years
5,0.65,0.64,0.66,Male,All IMD Quintiles,All Regions,Non-emergency,All Stages,All Ages,All Years
0,1.00,1.00,1.00,Male,All IMD Quintiles,All Regions,All Routes,Early,All Ages,All Years
0.25,0.99,0.99,0.99,Male,All IMD Quintiles,All Regions,All Routes,Early,All Ages,All Years
0.5,0.98,0.97,0.98,Male,All IMD Quintiles,All Regions,All Routes,Early,All Ages,All Years
0.75,0.97,0.96,0.97,Male,All IMD Quintiles,All Regions,All Routes,Early,All Ages,All Years
1,0.95,0.95,0.96,Male,All IMD Quintiles,All Regions,All Routes,Early,All Ages,All Years
1.25,0.93,0.93,0.94,Male,All IMD Quintiles,All Regions,All Routes,Early,All Ages,All Years
1.5,0.92,0.91,0.93,Male,All IMD Quintiles,All Regions,All Routes,Early,All Ages,All Years
1.75,0.91,0.90,0.92,Male,All IMD Quintiles,All Regions,All Routes,Early,All Ages,All Years
2,0.90,0.89,0.91,Male,All IMD Quintiles,All Regions,All Routes,Early,All Ages,All Years
2.25,0.89,0.88,0.90,Male,All IMD Quintiles,All Regions,All Routes,Early,All Ages,All Years
2.5,0.88,0.87,0.89,Male,All IMD Quintiles,All Regions,All Routes,Early,All Ages,All Years
2.75,0.87,0.86,0.88,Male,All IMD Quintiles,All Regions,All Routes,Early,All Ages,All Years
3,0.86,0.85,0.88,Male,All IMD Quintiles,All Regions,All Routes,Early,All Ages,All Years
3.25,0.85,0.84,0.87,Male,All IMD Quintiles,All Regions,All Routes,Early,All Ages,All Years
3.5,0.85,0.83,0.86,Male,All IMD Quintiles,All Regions,All Routes,Early,All Ages,All Years
3.75,0.83,0.82,0.85,Male,All IMD Quintiles,All Regions,All Routes,Early,All Ages,All Years
4,0.82,0.80,0.83,Male,All IMD Quintiles,All Regions,All Routes,Early,All Ages,All Years
4.25,0.80,0.78,0.82,Male,All IMD Quintiles,All Regions,All Routes,Early,All Ages,All Years
4.5,0.79,0.77,0.81,Male,All IMD Quintiles,All Regions,All Routes,Early,All Ages,All Years
4.75,0.78,0.76,0.81,Male,All IMD Quintiles,All Regions,All Routes,Early,All Ages,All Years
5,0.77,0.75,0.80,Male,All IMD Quintiles,All Regions,All Routes,Early,All Ages,All Years
0,1.00,1.00,1.00,Male,All IMD Quintiles,All Regions,All Routes,Advanced,All Ages,All Years
0.25,0.93,0.93,0.94,Male,All IMD Quintiles,All Regions,All Routes,Advanced,All Ages,All Years
0.5,0.88,0.87,0.89,Male,All IMD Quintiles,All Regions,All Routes,Advanced,All Ages,All Years
0.75,0.83,0.83,0.84,Male,All IMD Quintiles,All Regions,All Routes,Advanced,All Ages,All Years
1,0.79,0.79,0.80,Male,All IMD Quintiles,All Regions,All Routes,Advanced,All Ages,All Years
1.25,0.77,0.76,0.77,Male,All IMD Quintiles,All Regions,All Routes,Advanced,All Ages,All Years
1.5,0.74,0.73,0.75,Male,All IMD Quintiles,All Regions,All Routes,Advanced,All Ages,All Years
1.75,0.72,0.71,0.73,Male,All IMD Quintiles,All Regions,All Routes,Advanced,All Ages,All Years
2,0.70,0.69,0.71,Male,All IMD Quintiles,All Regions,All Routes,Advanced,All Ages,All Years
2.25,0.69,0.68,0.70,Male,All IMD Quintiles,All Regions,All Routes,Advanced,All Ages,All Years
2.5,0.67,0.66,0.68,Male,All IMD Quintiles,All Regions,All Routes,Advanced,All Ages,All Years
2.75,0.66,0.65,0.67,Male,All IMD Quintiles,All Regions,All Routes,Advanced,All Ages,All Years
3,0.65,0.64,0.66,Male,All IMD Quintiles,All Regions,All Routes,Advanced,All Ages,All Years
3.25,0.64,0.63,0.65,Male,All IMD Quintiles,All Regions,All Routes,Advanced,All Ages,All Years
3.5,0.63,0.62,0.64,Male,All IMD Quintiles,All Regions,All Routes,Advanced,All Ages,All Years
3.75,0.62,0.61,0.63,Male,All IMD Quintiles,All Regions,All Routes,Advanced,All Ages,All Years
4,0.61,0.60,0.62,Male,All IMD Quintiles,All Regions,All Routes,Advanced,All Ages,All Years
4.25,0.60,0.59,0.62,Male,All IMD Quintiles,All Regions,All Routes,Advanced,All Ages,All Years
4.5,0.60,0.59,0.61,Male,All IMD Quintiles,All Regions,All Routes,Advanced,All Ages,All Years
4.75,0.59,0.58,0.60,Male,All IMD Quintiles,All Regions,All Routes,Advanced,All Ages,All Years
5,0.58,0.57,0.59,Male,All IMD Quintiles,All Regions,All Routes,Advanced,All Ages,All Years
0,1.00,1.00,1.00,Male,All IMD Quintiles,All Regions,All Routes,All Stages,0-49,All Years
0.25,0.98,0.97,0.99,Male,All IMD Quintiles,All Regions,All Routes,All Stages,0-49,All Years
0.5,0.95,0.94,0.96,Male,All IMD Quintiles,All Regions,All Routes,All Stages,0-49,All Years
0.75,0.93,0.92,0.95,Male,All IMD Quintiles,All Regions,All Routes,All Stages,0-49,All Years
1,0.91,0.89,0.92,Male,All IMD Quintiles,All Regions,All Routes,All Stages,0-49,All Years
1.25,0.89,0.88,0.91,Male,All IMD Quintiles,All Regions,All Routes,All Stages,0-49,All Years
1.5,0.88,0.86,0.90,Male,All IMD Quintiles,All Regions,All Routes,All Stages,0-49,All Years
1.75,0.87,0.85,0.89,Male,All IMD Quintiles,All Regions,All Routes,All Stages,0-49,All Years
2,0.86,0.84,0.88,Male,All IMD Quintiles,All Regions,All Routes,All Stages,0-49,All Years
2.25,0.85,0.83,0.87,Male,All IMD Quintiles,All Regions,All Routes,All Stages,0-49,All Years
2.5,0.84,0.82,0.86,Male,All IMD Quintiles,All Regions,All Routes,All Stages,0-49,All Years
2.75,0.83,0.81,0.85,Male,All IMD Quintiles,All Regions,All Routes,All Stages,0-49,All Years
3,0.82,0.80,0.84,Male,All IMD Quintiles,All Regions,All Routes,All Stages,0-49,All Years
3.25,0.81,0.79,0.83,Male,All IMD Quintiles,All Regions,All Routes,All Stages,0-49,All Years
3.5,0.80,0.78,0.82,Male,All IMD Quintiles,All Regions,All Routes,All Stages,0-49,All Years
3.75,0.80,0.77,0.82,Male,All IMD Quintiles,All Regions,All Routes,All Stages,0-49,All Years
4,0.79,0.77,0.81,Male,All IMD Quintiles,All Regions,All Routes,All Stages,0-49,All Years
4.25,0.79,0.77,0.81,Male,All IMD Quintiles,All Regions,All Routes,All Stages,0-49,All Years
4.5,0.79,0.77,0.81,Male,All IMD Quintiles,All Regions,All Routes,All Stages,0-49,All Years
4.75,0.79,0.76,0.81,Male,All IMD Quintiles,All Regions,All Routes,All Stages,0-49,All Years
5,0.78,0.76,0.81,Male,All IMD Quintiles,All Regions,All Routes,All Stages,0-49,All Years
0,1.00,1.00,1.00,Male,All IMD Quintiles,All Regions,All Routes,All Stages,50-54,All Years
0.25,0.98,0.97,0.98,Male,All IMD Quintiles,All Regions,All Routes,All Stages,50-54,All Years
0.5,0.96,0.95,0.96,Male,All IMD Quintiles,All Regions,All Routes,All Stages,50-54,All Years
0.75,0.93,0.92,0.94,Male,All IMD Quintiles,All Regions,All Routes,All Stages,50-54,All Years
1,0.91,0.90,0.92,Male,All IMD Quintiles,All Regions,All Routes,All Stages,50-54,All Years
1.25,0.89,0.87,0.90,Male,All IMD Quintiles,All Regions,All Routes,All Stages,50-54,All Years
1.5,0.87,0.86,0.89,Male,All IMD Quintiles,All Regions,All Routes,All Stages,50-54,All Years
1.75,0.86,0.84,0.87,Male,All IMD Quintiles,All Regions,All Routes,All Stages,50-54,All Years
2,0.85,0.83,0.86,Male,All IMD Quintiles,All Regions,All Routes,All Stages,50-54,All Years
2.25,0.84,0.82,0.85,Male,All IMD Quintiles,All Regions,All Routes,All Stages,50-54,All Years
2.5,0.83,0.81,0.85,Male,All IMD Quintiles,All Regions,All Routes,All Stages,50-54,All Years
2.75,0.82,0.81,0.84,Male,All IMD Quintiles,All Regions,All Routes,All Stages,50-54,All Years
3,0.82,0.80,0.83,Male,All IMD Quintiles,All Regions,All Routes,All Stages,50-54,All Years
3.25,0.81,0.79,0.83,Male,All IMD Quintiles,All Regions,All Routes,All Stages,50-54,All Years
3.5,0.81,0.79,0.82,Male,All IMD Quintiles,All Regions,All Routes,All Stages,50-54,All Years
3.75,0.80,0.78,0.82,Male,All IMD Quintiles,All Regions,All Routes,All Stages,50-54,All Years
4,0.79,0.77,0.81,Male,All IMD Quintiles,All Regions,All Routes,All Stages,50-54,All Years
4.25,0.79,0.77,0.81,Male,All IMD Quintiles,All Regions,All Routes,All Stages,50-54,All Years
4.5,0.78,0.76,0.80,Male,All IMD Quintiles,All Regions,All Routes,All Stages,50-54,All Years
4.75,0.77,0.75,0.79,Male,All IMD Quintiles,All Regions,All Routes,All Stages,50-54,All Years
5,0.77,0.75,0.79,Male,All IMD Quintiles,All Regions,All Routes,All Stages,50-54,All Years
0,1.00,1.00,1.00,Male,All IMD Quintiles,All Regions,All Routes,All Stages,55-59,All Years
0.25,0.97,0.96,0.97,Male,All IMD Quintiles,All Regions,All Routes,All Stages,55-59,All Years
0.5,0.94,0.93,0.95,Male,All IMD Quintiles,All Regions,All Routes,All Stages,55-59,All Years
0.75,0.91,0.90,0.92,Male,All IMD Quintiles,All Regions,All Routes,All Stages,55-59,All Years
1,0.89,0.88,0.90,Male,All IMD Quintiles,All Regions,All Routes,All Stages,55-59,All Years
1.25,0.87,0.86,0.89,Male,All IMD Quintiles,All Regions,All Routes,All Stages,55-59,All Years
1.5,0.86,0.84,0.87,Male,All IMD Quintiles,All Regions,All Routes,All Stages,55-59,All Years
1.75,0.84,0.83,0.86,Male,All IMD Quintiles,All Regions,All Routes,All Stages,55-59,All Years
2,0.83,0.81,0.84,Male,All IMD Quintiles,All Regions,All Routes,All Stages,55-59,All Years
2.25,0.82,0.80,0.83,Male,All IMD Quintiles,All Regions,All Routes,All Stages,55-59,All Years
2.5,0.80,0.79,0.82,Male,All IMD Quintiles,All Regions,All Routes,All Stages,55-59,All Years
2.75,0.79,0.78,0.81,Male,All IMD Quintiles,All Regions,All Routes,All Stages,55-59,All Years
3,0.78,0.77,0.80,Male,All IMD Quintiles,All Regions,All Routes,All Stages,55-59,All Years
3.25,0.77,0.76,0.79,Male,All IMD Quintiles,All Regions,All Routes,All Stages,55-59,All Years
3.5,0.76,0.75,0.78,Male,All IMD Quintiles,All Regions,All Routes,All Stages,55-59,All Years
3.75,0.76,0.74,0.77,Male,All IMD Quintiles,All Regions,All Routes,All Stages,55-59,All Years
4,0.74,0.73,0.76,Male,All IMD Quintiles,All Regions,All Routes,All Stages,55-59,All Years
4.25,0.74,0.72,0.75,Male,All IMD Quintiles,All Regions,All Routes,All Stages,55-59,All Years
4.5,0.73,0.71,0.75,Male,All IMD Quintiles,All Regions,All Routes,All Stages,55-59,All Years
4.75,0.72,0.70,0.74,Male,All IMD Quintiles,All Regions,All Routes,All Stages,55-59,All Years
5,0.72,0.70,0.74,Male,All IMD Quintiles,All Regions,All Routes,All Stages,55-59,All Years
0,1.00,1.00,1.00,Male,All IMD Quintiles,All Regions,All Routes,All Stages,60-64,All Years
0.25,0.95,0.95,0.96,Male,All IMD Quintiles,All Regions,All Routes,All Stages,60-64,All Years
0.5,0.92,0.91,0.93,Male,All IMD Quintiles,All Regions,All Routes,All Stages,60-64,All Years
0.75,0.89,0.87,0.90,Male,All IMD Quintiles,All Regions,All Routes,All Stages,60-64,All Years
1,0.86,0.85,0.87,Male,All IMD Quintiles,All Regions,All Routes,All Stages,60-64,All Years
1.25,0.84,0.82,0.85,Male,All IMD Quintiles,All Regions,All Routes,All Stages,60-64,All Years
1.5,0.82,0.80,0.83,Male,All IMD Quintiles,All Regions,All Routes,All Stages,60-64,All Years
1.75,0.80,0.78,0.81,Male,All IMD Quintiles,All Regions,All Routes,All Stages,60-64,All Years
2,0.78,0.76,0.80,Male,All IMD Quintiles,All Regions,All Routes,All Stages,60-64,All Years
2.25,0.77,0.75,0.79,Male,All IMD Quintiles,All Regions,All Routes,All Stages,60-64,All Years
2.5,0.76,0.74,0.77,Male,All IMD Quintiles,All Regions,All Routes,All Stages,60-64,All Years
2.75,0.75,0.73,0.76,Male,All IMD Quintiles,All Regions,All Routes,All Stages,60-64,All Years
3,0.73,0.71,0.75,Male,All IMD Quintiles,All Regions,All Routes,All Stages,60-64,All Years
3.25,0.72,0.70,0.74,Male,All IMD Quintiles,All Regions,All Routes,All Stages,60-64,All Years
3.5,0.71,0.69,0.73,Male,All IMD Quintiles,All Regions,All Routes,All Stages,60-64,All Years
3.75,0.70,0.68,0.72,Male,All IMD Quintiles,All Regions,All Routes,All Stages,60-64,All Years
4,0.69,0.67,0.71,Male,All IMD Quintiles,All Regions,All Routes,All Stages,60-64,All Years
4.25,0.68,0.66,0.70,Male,All IMD Quintiles,All Regions,All Routes,All Stages,60-64,All Years
4.5,0.68,0.65,0.70,Male,All IMD Quintiles,All Regions,All Routes,All Stages,60-64,All Years
4.75,0.67,0.64,0.69,Male,All IMD Quintiles,All Regions,All Routes,All Stages,60-64,All Years
5,0.66,0.64,0.68,Male,All IMD Quintiles,All Regions,All Routes,All Stages,60-64,All Years
0,1.00,1.00,1.00,Male,All IMD Quintiles,All Regions,All Routes,All Stages,65-69,All Years
0.25,0.94,0.93,0.95,Male,All IMD Quintiles,All Regions,All Routes,All Stages,65-69,All Years
0.5,0.89,0.88,0.90,Male,All IMD Quintiles,All Regions,All Routes,All Stages,65-69,All Years
0.75,0.85,0.84,0.87,Male,All IMD Quintiles,All Regions,All Routes,All Stages,65-69,All Years
1,0.82,0.80,0.83,Male,All IMD Quintiles,All Regions,All Routes,All Stages,65-69,All Years
1.25,0.79,0.77,0.81,Male,All IMD Quintiles,All Regions,All Routes,All Stages,65-69,All Years
1.5,0.76,0.75,0.78,Male,All IMD Quintiles,All Regions,All Routes,All Stages,65-69,All Years
1.75,0.74,0.73,0.76,Male,All IMD Quintiles,All Regions,All Routes,All Stages,65-69,All Years
2,0.72,0.70,0.74,Male,All IMD Quintiles,All Regions,All Routes,All Stages,65-69,All Years
2.25,0.71,0.69,0.73,Male,All IMD Quintiles,All Regions,All Routes,All Stages,65-69,All Years
2.5,0.69,0.67,0.71,Male,All IMD Quintiles,All Regions,All Routes,All Stages,65-69,All Years
2.75,0.69,0.67,0.71,Male,All IMD Quintiles,All Regions,All Routes,All Stages,65-69,All Years
3,0.68,0.65,0.70,Male,All IMD Quintiles,All Regions,All Routes,All Stages,65-69,All Years
3.25,0.66,0.64,0.68,Male,All IMD Quintiles,All Regions,All Routes,All Stages,65-69,All Years
3.5,0.65,0.63,0.68,Male,All IMD Quintiles,All Regions,All Routes,All Stages,65-69,All Years
3.75,0.64,0.62,0.66,Male,All IMD Quintiles,All Regions,All Routes,All Stages,65-69,All Years
4,0.64,0.61,0.66,Male,All IMD Quintiles,All Regions,All Routes,All Stages,65-69,All Years
4.25,0.63,0.60,0.65,Male,All IMD Quintiles,All Regions,All Routes,All Stages,65-69,All Years
4.5,0.62,0.59,0.64,Male,All IMD Quintiles,All Regions,All Routes,All Stages,65-69,All Years
4.75,0.61,0.59,0.64,Male,All IMD Quintiles,All Regions,All Routes,All Stages,65-69,All Years
5,0.60,0.58,0.63,Male,All IMD Quintiles,All Regions,All Routes,All Stages,65-69,All Years
0,1.00,1.00,1.00,Male,All IMD Quintiles,All Regions,All Routes,All Stages,70-74,All Years
0.25,0.91,0.89,0.92,Male,All IMD Quintiles,All Regions,All Routes,All Stages,70-74,All Years
0.5,0.84,0.82,0.86,Male,All IMD Quintiles,All Regions,All Routes,All Stages,70-74,All Years
0.75,0.79,0.77,0.81,Male,All IMD Quintiles,All Regions,All Routes,All Stages,70-74,All Years
1,0.75,0.73,0.77,Male,All IMD Quintiles,All Regions,All Routes,All Stages,70-74,All Years
1.25,0.72,0.70,0.74,Male,All IMD Quintiles,All Regions,All Routes,All Stages,70-74,All Years
1.5,0.70,0.68,0.72,Male,All IMD Quintiles,All Regions,All Routes,All Stages,70-74,All Years
1.75,0.68,0.66,0.70,Male,All IMD Quintiles,All Regions,All Routes,All Stages,70-74,All Years
2,0.66,0.64,0.68,Male,All IMD Quintiles,All Regions,All Routes,All Stages,70-74,All Years
2.25,0.64,0.62,0.66,Male,All IMD Quintiles,All Regions,All Routes,All Stages,70-74,All Years
2.5,0.62,0.59,0.64,Male,All IMD Quintiles,All Regions,All Routes,All Stages,70-74,All Years
2.75,0.60,0.57,0.63,Male,All IMD Quintiles,All Regions,All Routes,All Stages,70-74,All Years
3,0.59,0.56,0.61,Male,All IMD Quintiles,All Regions,All Routes,All Stages,70-74,All Years
3.25,0.57,0.54,0.60,Male,All IMD Quintiles,All Regions,All Routes,All Stages,70-74,All Years
3.5,0.56,0.54,0.59,Male,All IMD Quintiles,All Regions,All Routes,All Stages,70-74,All Years
3.75,0.55,0.53,0.58,Male,All IMD Quintiles,All Regions,All Routes,All Stages,70-74,All Years
4,0.53,0.50,0.56,Male,All IMD Quintiles,All Regions,All Routes,All Stages,70-74,All Years
4.25,0.52,0.49,0.55,Male,All IMD Quintiles,All Regions,All Routes,All Stages,70-74,All Years
4.5,0.51,0.48,0.54,Male,All IMD Quintiles,All Regions,All Routes,All Stages,70-74,All Years
4.75,0.50,0.47,0.53,Male,All IMD Quintiles,All Regions,All Routes,All Stages,70-74,All Years
5,0.48,0.45,0.51,Male,All IMD Quintiles,All Regions,All Routes,All Stages,70-74,All Years
0,1.00,1.00,1.00,Male,All IMD Quintiles,All Regions,All Routes,All Stages,75-79,All Years
0.25,0.89,0.87,0.91,Male,All IMD Quintiles,All Regions,All Routes,All Stages,75-79,All Years
0.5,0.79,0.77,0.82,Male,All IMD Quintiles,All Regions,All Routes,All Stages,75-79,All Years
0.75,0.74,0.72,0.77,Male,All IMD Quintiles,All Regions,All Routes,All Stages,75-79,All Years
1,0.69,0.65,0.72,Male,All IMD Quintiles,All Regions,All Routes,All Stages,75-79,All Years
1.25,0.64,0.61,0.67,Male,All IMD Quintiles,All Regions,All Routes,All Stages,75-79,All Years
1.5,0.60,0.57,0.63,Male,All IMD Quintiles,All Regions,All Routes,All Stages,75-79,All Years
1.75,0.57,0.53,0.60,Male,All IMD Quintiles,All Regions,All Routes,All Stages,75-79,All Years
2,0.55,0.51,0.58,Male,All IMD Quintiles,All Regions,All Routes,All Stages,75-79,All Years
2.25,0.52,0.49,0.55,Male,All IMD Quintiles,All Regions,All Routes,All Stages,75-79,All Years
2.5,0.50,0.47,0.53,Male,All IMD Quintiles,All Regions,All Routes,All Stages,75-79,All Years
2.75,0.47,0.43,0.50,Male,All IMD Quintiles,All Regions,All Routes,All Stages,75-79,All Years
3,0.45,0.41,0.49,Male,All IMD Quintiles,All Regions,All Routes,All Stages,75-79,All Years
3.25,0.44,0.40,0.47,Male,All IMD Quintiles,All Regions,All Routes,All Stages,75-79,All Years
3.5,0.42,0.39,0.46,Male,All IMD Quintiles,All Regions,All Routes,All Stages,75-79,All Years
3.75,0.41,0.37,0.45,Male,All IMD Quintiles,All Regions,All Routes,All Stages,75-79,All Years
4,0.40,0.36,0.43,Male,All IMD Quintiles,All Regions,All Routes,All Stages,75-79,All Years
4.25,0.39,0.35,0.43,Male,All IMD Quintiles,All Regions,All Routes,All Stages,75-79,All Years
4.5,0.37,0.34,0.41,Male,All IMD Quintiles,All Regions,All Routes,All Stages,75-79,All Years
4.75,0.35,0.31,0.39,Male,All IMD Quintiles,All Regions,All Routes,All Stages,75-79,All Years
5,0.34,0.30,0.38,Male,All IMD Quintiles,All Regions,All Routes,All Stages,75-79,All Years
0,0.99,0.99,1.00,Male,All IMD Quintiles,All Regions,All Routes,All Stages,80-84,All Years
0.25,0.82,0.78,0.85,Male,All IMD Quintiles,All Regions,All Routes,All Stages,80-84,All Years
0.5,0.72,0.67,0.76,Male,All IMD Quintiles,All Regions,All Routes,All Stages,80-84,All Years
0.75,0.65,0.60,0.69,Male,All IMD Quintiles,All Regions,All Routes,All Stages,80-84,All Years
1,0.58,0.54,0.63,Male,All IMD Quintiles,All Regions,All Routes,All Stages,80-84,All Years
1.25,0.55,0.50,0.60,Male,All IMD Quintiles,All Regions,All Routes,All Stages,80-84,All Years
1.5,0.50,0.46,0.55,Male,All IMD Quintiles,All Regions,All Routes,All Stages,80-84,All Years
1.75,0.49,0.44,0.53,Male,All IMD Quintiles,All Regions,All Routes,All Stages,80-84,All Years
2,0.46,0.41,0.51,Male,All IMD Quintiles,All Regions,All Routes,All Stages,80-84,All Years
2.25,0.43,0.38,0.48,Male,All IMD Quintiles,All Regions,All Routes,All Stages,80-84,All Years
2.5,0.40,0.35,0.45,Male,All IMD Quintiles,All Regions,All Routes,All Stages,80-84,All Years
2.75,0.38,0.34,0.43,Male,All IMD Quintiles,All Regions,All Routes,All Stages,80-84,All Years
3,0.37,0.32,0.42,Male,All IMD Quintiles,All Regions,All Routes,All Stages,80-84,All Years
3.25,0.36,0.31,0.41,Male,All IMD Quintiles,All Regions,All Routes,All Stages,80-84,All Years
3.5,0.35,0.30,0.40,Male,All IMD Quintiles,All Regions,All Routes,All Stages,80-84,All Years
3.75,0.32,0.27,0.37,Male,All IMD Quintiles,All Regions,All Routes,All Stages,80-84,All Years
4,0.31,0.26,0.36,Male,All IMD Quintiles,All Regions,All Routes,All Stages,80-84,All Years
4.25,0.29,0.24,0.35,Male,All IMD Quintiles,All Regions,All Routes,All Stages,80-84,All Years
4.5,0.27,0.22,0.33,Male,All IMD Quintiles,All Regions,All Routes,All Stages,80-84,All Years
4.75,0.27,0.22,0.33,Male,All IMD Quintiles,All Regions,All Routes,All Stages,80-84,All Years
5,0.25,0.20,0.31,Male,All IMD Quintiles,All Regions,All Routes,All Stages,80-84,All Years
0,0.99,0.97,1.00,Male,All IMD Quintiles,All Regions,All Routes,All Stages,85-89,All Years
0.25,0.77,0.71,0.84,Male,All IMD Quintiles,All Regions,All Routes,All Stages,85-89,All Years
0.5,0.64,0.57,0.72,Male,All IMD Quintiles,All Regions,All Routes,All Stages,85-89,All Years
0.75,0.55,0.47,0.63,Male,All IMD Quintiles,All Regions,All Routes,All Stages,85-89,All Years
1,0.47,0.39,0.55,Male,All IMD Quintiles,All Regions,All Routes,All Stages,85-89,All Years
1.25,0.42,0.34,0.50,Male,All IMD Quintiles,All Regions,All Routes,All Stages,85-89,All Years
1.5,0.37,0.29,0.44,Male,All IMD Quintiles,All Regions,All Routes,All Stages,85-89,All Years
1.75,0.34,0.27,0.42,Male,All IMD Quintiles,All Regions,All Routes,All Stages,85-89,All Years
2,0.32,0.24,0.39,Male,All IMD Quintiles,All Regions,All Routes,All Stages,85-89,All Years
2.25,0.30,0.22,0.37,Male,All IMD Quintiles,All Regions,All Routes,All Stages,85-89,All Years
2.5,0.26,0.19,0.34,Male,All IMD Quintiles,All Regions,All Routes,All Stages,85-89,All Years
2.75,0.23,0.16,0.31,Male,All IMD Quintiles,All Regions,All Routes,All Stages,85-89,All Years
3,0.21,0.14,0.28,Male,All IMD Quintiles,All Regions,All Routes,All Stages,85-89,All Years
3.25,0.19,0.12,0.26,Male,All IMD Quintiles,All Regions,All Routes,All Stages,85-89,All Years
3.75,0.18,0.11,0.25,Male,All IMD Quintiles,All Regions,All Routes,All Stages,85-89,All Years
4,0.17,0.10,0.24,Male,All IMD Quintiles,All Regions,All Routes,All Stages,85-89,All Years
4.25,0.17,0.10,0.24,Male,All IMD Quintiles,All Regions,All Routes,All Stages,85-89,All Years
4.5,0.17,0.10,0.24,Male,All IMD Quintiles,All Regions,All Routes,All Stages,85-89,All Years
4.75,0.15,0.08,0.22,Male,All IMD Quintiles,All Regions,All Routes,All Stages,85-89,All Years
0,0.98,0.95,1.02,Male,All IMD Quintiles,All Regions,All Routes,All Stages,90+,All Years
0.25,0.61,0.49,0.74,Male,All IMD Quintiles,All Regions,All Routes,All Stages,90+,All Years
0.5,0.47,0.35,0.60,Male,All IMD Quintiles,All Regions,All Routes,All Stages,90+,All Years
0.75,0.40,0.28,0.53,Male,All IMD Quintiles,All Regions,All Routes,All Stages,90+,All Years
1,0.28,0.17,0.40,Male,All IMD Quintiles,All Regions,All Routes,All Stages,90+,All Years
1.25,0.25,0.14,0.36,Male,All IMD Quintiles,All Regions,All Routes,All Stages,90+,All Years
1.5,0.25,0.14,0.36,Male,All IMD Quintiles,All Regions,All Routes,All Stages,90+,All Years
1.75,0.25,0.14,0.36,Male,All IMD Quintiles,All Regions,All Routes,All Stages,90+,All Years
2,0.22,0.11,0.33,Male,All IMD Quintiles,All Regions,All Routes,All Stages,90+,All Years
2.25,0.16,0.05,0.26,Male,All IMD Quintiles,All Regions,All Routes,All Stages,90+,All Years
3.25,0.16,0.05,0.26,Male,All IMD Quintiles,All Regions,All Routes,All Stages,90+,All Years
3.75,0.12,0.02,0.21,Male,All IMD Quintiles,All Regions,All Routes,All Stages,90+,All Years
5,0.08,0.00,0.16,Male,All IMD Quintiles,All Regions,All Routes,All Stages,90+,All Years
0,1.00,1.00,1.00,Male,All IMD Quintiles,All Regions,All Routes,All Stages,All Ages,2016
0.25,0.94,0.93,0.95,Male,All IMD Quintiles,All Regions,All Routes,All Stages,All Ages,2016
0.5,0.90,0.89,0.91,Male,All IMD Quintiles,All Regions,All Routes,All Stages,All Ages,2016
0.75,0.85,0.84,0.87,Male,All IMD Quintiles,All Regions,All Routes,All Stages,All Ages,2016
1,0.82,0.80,0.84,Male,All IMD Quintiles,All Regions,All Routes,All Stages,All Ages,2016
1.25,0.80,0.78,0.81,Male,All IMD Quintiles,All Regions,All Routes,All Stages,All Ages,2016
1.5,0.78,0.76,0.80,Male,All IMD Quintiles,All Regions,All Routes,All Stages,All Ages,2016
1.75,0.76,0.74,0.78,Male,All IMD Quintiles,All Regions,All Routes,All Stages,All Ages,2016
2,0.75,0.73,0.76,Male,All IMD Quintiles,All Regions,All Routes,All Stages,All Ages,2016
2.25,0.73,0.71,0.75,Male,All IMD Quintiles,All Regions,All Routes,All Stages,All Ages,2016
2.5,0.72,0.70,0.73,Male,All IMD Quintiles,All Regions,All Routes,All Stages,All Ages,2016
2.75,0.70,0.68,0.72,Male,All IMD Quintiles,All Regions,All Routes,All Stages,All Ages,2016
3,0.69,0.67,0.71,Male,All IMD Quintiles,All Regions,All Routes,All Stages,All Ages,2016
3.25,0.68,0.66,0.70,Male,All IMD Quintiles,All Regions,All Routes,All Stages,All Ages,2016
3.5,0.67,0.65,0.69,Male,All IMD Quintiles,All Regions,All Routes,All Stages,All Ages,2016
3.75,0.66,0.64,0.68,Male,All IMD Quintiles,All Regions,All Routes,All Stages,All Ages,2016
4,0.65,0.63,0.67,Male,All IMD Quintiles,All Regions,All Routes,All Stages,All Ages,2016
4.25,0.65,0.63,0.67,Male,All IMD Quintiles,All Regions,All Routes,All Stages,All Ages,2016
4.5,0.64,0.62,0.66,Male,All IMD Quintiles,All Regions,All Routes,All Stages,All Ages,2016
4.75,0.64,0.62,0.66,Male,All IMD Quintiles,All Regions,All Routes,All Stages,All Ages,2016
5,0.63,0.61,0.65,Male,All IMD Quintiles,All Regions,All Routes,All Stages,All Ages,2016
0,1.00,1.00,1.00,Male,All IMD Quintiles,All Regions,All Routes,All Stages,All Ages,2017
0.25,0.95,0.94,0.96,Male,All IMD Quintiles,All Regions,All Routes,All Stages,All Ages,2017
0.5,0.91,0.90,0.92,Male,All IMD Quintiles,All Regions,All Routes,All Stages,All Ages,2017
0.75,0.87,0.86,0.89,Male,All IMD Quintiles,All Regions,All Routes,All Stages,All Ages,2017
1,0.83,0.82,0.85,Male,All IMD Quintiles,All Regions,All Routes,All Stages,All Ages,2017
1.25,0.81,0.79,0.82,Male,All IMD Quintiles,All Regions,All Routes,All Stages,All Ages,2017
1.5,0.78,0.77,0.80,Male,All IMD Quintiles,All Regions,All Routes,All Stages,All Ages,2017
1.75,0.77,0.75,0.78,Male,All IMD Quintiles,All Regions,All Routes,All Stages,All Ages,2017
2,0.75,0.73,0.77,Male,All IMD Quintiles,All Regions,All Routes,All Stages,All Ages,2017
2.25,0.73,0.72,0.75,Male,All IMD Quintiles,All Regions,All Routes,All Stages,All Ages,2017
2.5,0.72,0.70,0.74,Male,All IMD Quintiles,All Regions,All Routes,All Stages,All Ages,2017
2.75,0.71,0.69,0.73,Male,All IMD Quintiles,All Regions,All Routes,All Stages,All Ages,2017
3,0.70,0.68,0.72,Male,All IMD Quintiles,All Regions,All Routes,All Stages,All Ages,2017
3.25,0.69,0.67,0.71,Male,All IMD Quintiles,All Regions,All Routes,All Stages,All Ages,2017
3.5,0.68,0.66,0.70,Male,All IMD Quintiles,All Regions,All Routes,All Stages,All Ages,2017
3.75,0.67,0.65,0.69,Male,All IMD Quintiles,All Regions,All Routes,All Stages,All Ages,2017
4,0.66,0.63,0.68,Male,All IMD Quintiles,All Regions,All Routes,All Stages,All Ages,2017
4.25,0.65,0.63,0.67,Male,All IMD Quintiles,All Regions,All Routes,All Stages,All Ages,2017
4.5,0.64,0.62,0.66,Male,All IMD Quintiles,All Regions,All Routes,All Stages,All Ages,2017
4.75,0.63,0.61,0.65,Male,All IMD Quintiles,All Regions,All Routes,All Stages,All Ages,2017
5,0.62,0.60,0.64,Male,All IMD Quintiles,All Regions,All Routes,All Stages,All Ages,2017
0,1.00,1.00,1.00,Male,All IMD Quintiles,All Regions,All Routes,All Stages,All Ages,2018
0.25,0.94,0.93,0.95,Male,All IMD Quintiles,All Regions,All Routes,All Stages,All Ages,2018
0.5,0.90,0.89,0.91,Male,All IMD Quintiles,All Regions,All Routes,All Stages,All Ages,2018
0.75,0.87,0.85,0.88,Male,All IMD Quintiles,All Regions,All Routes,All Stages,All Ages,2018
1,0.84,0.82,0.86,Male,All IMD Quintiles,All Regions,All Routes,All Stages,All Ages,2018
1.25,0.82,0.80,0.84,Male,All IMD Quintiles,All Regions,All Routes,All Stages,All Ages,2018
1.5,0.80,0.78,0.81,Male,All IMD Quintiles,All Regions,All Routes,All Stages,All Ages,2018
1.75,0.78,0.76,0.80,Male,All IMD Quintiles,All Regions,All Routes,All Stages,All Ages,2018
2,0.76,0.74,0.78,Male,All IMD Quintiles,All Regions,All Routes,All Stages,All Ages,2018
2.25,0.74,0.73,0.76,Male,All IMD Quintiles,All Regions,All Routes,All Stages,All Ages,2018
2.5,0.73,0.71,0.75,Male,All IMD Quintiles,All Regions,All Routes,All Stages,All Ages,2018
2.75,0.72,0.70,0.74,Male,All IMD Quintiles,All Regions,All Routes,All Stages,All Ages,2018
3,0.70,0.69,0.72,Male,All IMD Quintiles,All Regions,All Routes,All Stages,All Ages,2018
3.25,0.69,0.68,0.71,Male,All IMD Quintiles,All Regions,All Routes,All Stages,All Ages,2018
3.5,0.69,0.67,0.71,Male,All IMD Quintiles,All Regions,All Routes,All Stages,All Ages,2018
3.75,0.68,0.66,0.70,Male,All IMD Quintiles,All Regions,All Routes,All Stages,All Ages,2018
4,0.67,0.65,0.69,Male,All IMD Quintiles,All Regions,All Routes,All Stages,All Ages,2018
4.25,0.66,0.64,0.68,Male,All IMD Quintiles,All Regions,All Routes,All Stages,All Ages,2018
4.5,0.65,0.63,0.67,Male,All IMD Quintiles,All Regions,All Routes,All Stages,All Ages,2018
4.75,0.64,0.62,0.66,Male,All IMD Quintiles,All Regions,All Routes,All Stages,All Ages,2018
5,0.63,0.61,0.65,Male,All IMD Quintiles,All Regions,All Routes,All Stages,All Ages,2018
0,1.00,1.00,1.00,Male,All IMD Quintiles,All Regions,All Routes,All Stages,All Ages,2019
0.25,0.94,0.94,0.95,Male,All IMD Quintiles,All Regions,All Routes,All Stages,All Ages,2019
0.5,0.91,0.89,0.92,Male,All IMD Quintiles,All Regions,All Routes,All Stages,All Ages,2019
0.75,0.87,0.86,0.89,Male,All IMD Quintiles,All Regions,All Routes,All Stages,All Ages,2019
1,0.84,0.83,0.86,Male,All IMD Quintiles,All Regions,All Routes,All Stages,All Ages,2019
1.25,0.82,0.80,0.83,Male,All IMD Quintiles,All Regions,All Routes,All Stages,All Ages,2019
1.5,0.80,0.78,0.81,Male,All IMD Quintiles,All Regions,All Routes,All Stages,All Ages,2019
1.75,0.78,0.77,0.80,Male,All IMD Quintiles,All Regions,All Routes,All Stages,All Ages,2019
2,0.77,0.75,0.78,Male,All IMD Quintiles,All Regions,All Routes,All Stages,All Ages,2019
2.25,0.75,0.74,0.77,Male,All IMD Quintiles,All Regions,All Routes,All Stages,All Ages,2019
2.5,0.74,0.72,0.76,Male,All IMD Quintiles,All Regions,All Routes,All Stages,All Ages,2019
2.75,0.73,0.72,0.75,Male,All IMD Quintiles,All Regions,All Routes,All Stages,All Ages,2019
3,0.72,0.71,0.74,Male,All IMD Quintiles,All Regions,All Routes,All Stages,All Ages,2019
3.25,0.71,0.69,0.73,Male,All IMD Quintiles,All Regions,All Routes,All Stages,All Ages,2019
3.5,0.70,0.69,0.72,Male,All IMD Quintiles,All Regions,All Routes,All Stages,All Ages,2019
3.75,0.69,0.68,0.71,Male,All IMD Quintiles,All Regions,All Routes,All Stages,All Ages,2019
4,0.68,0.66,0.71,Male,All IMD Quintiles,All Regions,All Routes,All Stages,All Ages,2019
4.25,0.55,0.33,0.76,Male,All IMD Quintiles,All Regions,All Routes,All Stages,All Ages,2019
4.5,0.55,0.33,0.76,Male,All IMD Quintiles,All Regions,All Routes,All Stages,All Ages,2019
4.75,0.55,0.33,0.76,Male,All IMD Quintiles,All Regions,All Routes,All Stages,All Ages,2019
0,1.00,1.00,1.00,Male,All IMD Quintiles,All Regions,All Routes,All Stages,All Ages,2020
0.25,0.94,0.93,0.95,Male,All IMD Quintiles,All Regions,All Routes,All Stages,All Ages,2020
0.5,0.89,0.88,0.90,Male,All IMD Quintiles,All Regions,All Routes,All Stages,All Ages,2020
0.75,0.86,0.84,0.87,Male,All IMD Quintiles,All Regions,All Routes,All Stages,All Ages,2020
1,0.83,0.81,0.84,Male,All IMD Quintiles,All Regions,All Routes,All Stages,All Ages,2020
1.25,0.80,0.79,0.82,Male,All IMD Quintiles,All Regions,All Routes,All Stages,All Ages,2020
1.5,0.78,0.77,0.80,Male,All IMD Quintiles,All Regions,All Routes,All Stages,All Ages,2020
1.75,0.77,0.75,0.79,Male,All IMD Quintiles,All Regions,All Routes,All Stages,All Ages,2020
2,0.75,0.73,0.77,Male,All IMD Quintiles,All Regions,All Routes,All Stages,All Ages,2020
2.25,0.73,0.72,0.75,Male,All IMD Quintiles,All Regions,All Routes,All Stages,All Ages,2020
2.5,0.72,0.71,0.74,Male,All IMD Quintiles,All Regions,All Routes,All Stages,All Ages,2020
2.75,0.71,0.69,0.73,Male,All IMD Quintiles,All Regions,All Routes,All Stages,All Ages,2020
3,0.71,0.69,0.73,Male,All IMD Quintiles,All Regions,All Routes,All Stages,All Ages,2020
3.25,0.59,0.40,0.78,Male,All IMD Quintiles,All Regions,All Routes,All Stages,All Ages,2020
3.5,0.47,0.23,0.71,Male,All IMD Quintiles,All Regions,All Routes,All Stages,All Ages,2020
3.75,0.35,0.10,0.60,Male,All IMD Quintiles,All Regions,All Routes,All Stages,All Ages,2020
4.25,0.24,0.01,0.46,Male,All IMD Quintiles,All Regions,All Routes,All Stages,All Ages,2020
0,1.00,1.00,1.00,Male,All IMD Quintiles,All Regions,All Routes,All Stages,All Ages,2021
0.25,0.94,0.93,0.95,Male,All IMD Quintiles,All Regions,All Routes,All Stages,All Ages,2021
0.5,0.90,0.88,0.91,Male,All IMD Quintiles,All Regions,All Routes,All Stages,All Ages,2021
0.75,0.86,0.85,0.88,Male,All IMD Quintiles,All Regions,All Routes,All Stages,All Ages,2021
1,0.83,0.82,0.84,Male,All IMD Quintiles,All Regions,All Routes,All Stages,All Ages,2021
1.25,0.81,0.79,0.82,Male,All IMD Quintiles,All Regions,All Routes,All Stages,All Ages,2021
1.5,0.79,0.77,0.80,Male,All IMD Quintiles,All Regions,All Routes,All Stages,All Ages,2021
1.75,0.75,0.73,0.77,Male,All IMD Quintiles,All Regions,All Routes,All Stages,All Ages,2021
2,0.74,0.72,0.76,Male,All IMD Quintiles,All Regions,All Routes,All Stages,All Ages,2021
2.25,0.74,0.72,0.76,Male,All IMD Quintiles,All Regions,All Routes,All Stages,All Ages,2021
2.5,0.74,0.72,0.76,Male,All IMD Quintiles,All Regions,All Routes,All Stages,All Ages,2021
3,0.74,0.72,0.76,Male,All IMD Quintiles,All Regions,All Routes,All Stages,All Ages,2021
3.25,0.65,0.49,0.81,Male,All IMD Quintiles,All Regions,All Routes,All Stages,All Ages,2021
4.25,0.65,0.49,0.81,Male,All IMD Quintiles,All Regions,All Routes,All Stages,All Ages,2021
0,1.00,1.00,1.00,Female,IMD Q1,All Regions,All Routes,All Stages,All Ages,All Years
0.25,0.92,0.91,0.94,Female,IMD Q1,All Regions,All Routes,All Stages,All Ages,All Years
0.5,0.86,0.84,0.88,Female,IMD Q1,All Regions,All Routes,All Stages,All Ages,All Years
0.75,0.82,0.79,0.84,Female,IMD Q1,All Regions,All Routes,All Stages,All Ages,All Years
1,0.78,0.75,0.80,Female,IMD Q1,All Regions,All Routes,All Stages,All Ages,All Years
1.25,0.74,0.72,0.77,Female,IMD Q1,All Regions,All Routes,All Stages,All Ages,All Years
1.5,0.72,0.69,0.75,Female,IMD Q1,All Regions,All Routes,All Stages,All Ages,All Years
1.75,0.69,0.66,0.72,Female,IMD Q1,All Regions,All Routes,All Stages,All Ages,All Years
2,0.67,0.64,0.70,Female,IMD Q1,All Regions,All Routes,All Stages,All Ages,All Years
2.25,0.66,0.63,0.69,Female,IMD Q1,All Regions,All Routes,All Stages,All Ages,All Years
2.5,0.64,0.61,0.67,Female,IMD Q1,All Regions,All Routes,All Stages,All Ages,All Years
2.75,0.62,0.59,0.65,Female,IMD Q1,All Regions,All Routes,All Stages,All Ages,All Years
3,0.61,0.58,0.64,Female,IMD Q1,All Regions,All Routes,All Stages,All Ages,All Years
3.25,0.60,0.57,0.63,Female,IMD Q1,All Regions,All Routes,All Stages,All Ages,All Years
3.5,0.59,0.56,0.62,Female,IMD Q1,All Regions,All Routes,All Stages,All Ages,All Years
3.75,0.58,0.55,0.61,Female,IMD Q1,All Regions,All Routes,All Stages,All Ages,All Years
4,0.57,0.54,0.61,Female,IMD Q1,All Regions,All Routes,All Stages,All Ages,All Years
4.25,0.57,0.54,0.60,Female,IMD Q1,All Regions,All Routes,All Stages,All Ages,All Years
4.5,0.56,0.53,0.60,Female,IMD Q1,All Regions,All Routes,All Stages,All Ages,All Years
4.75,0.55,0.52,0.59,Female,IMD Q1,All Regions,All Routes,All Stages,All Ages,All Years
5,0.54,0.51,0.58,Female,IMD Q1,All Regions,All Routes,All Stages,All Ages,All Years
0,1.00,1.00,1.00,Female,IMD Q2,All Regions,All Routes,All Stages,All Ages,All Years
0.25,0.95,0.93,0.96,Female,IMD Q2,All Regions,All Routes,All Stages,All Ages,All Years
0.5,0.89,0.87,0.91,Female,IMD Q2,All Regions,All Routes,All Stages,All Ages,All Years
0.75,0.85,0.83,0.87,Female,IMD Q2,All Regions,All Routes,All Stages,All Ages,All Years
1,0.83,0.80,0.85,Female,IMD Q2,All Regions,All Routes,All Stages,All Ages,All Years
1.25,0.80,0.77,0.82,Female,IMD Q2,All Regions,All Routes,All Stages,All Ages,All Years
1.5,0.77,0.74,0.80,Female,IMD Q2,All Regions,All Routes,All Stages,All Ages,All Years
1.75,0.76,0.73,0.79,Female,IMD Q2,All Regions,All Routes,All Stages,All Ages,All Years
2,0.74,0.71,0.77,Female,IMD Q2,All Regions,All Routes,All Stages,All Ages,All Years
2.25,0.73,0.70,0.76,Female,IMD Q2,All Regions,All Routes,All Stages,All Ages,All Years
2.5,0.71,0.68,0.74,Female,IMD Q2,All Regions,All Routes,All Stages,All Ages,All Years
2.75,0.70,0.67,0.73,Female,IMD Q2,All Regions,All Routes,All Stages,All Ages,All Years
3,0.69,0.66,0.73,Female,IMD Q2,All Regions,All Routes,All Stages,All Ages,All Years
3.25,0.68,0.65,0.71,Female,IMD Q2,All Regions,All Routes,All Stages,All Ages,All Years
3.5,0.67,0.64,0.70,Female,IMD Q2,All Regions,All Routes,All Stages,All Ages,All Years
3.75,0.66,0.62,0.69,Female,IMD Q2,All Regions,All Routes,All Stages,All Ages,All Years
4,0.65,0.61,0.68,Female,IMD Q2,All Regions,All Routes,All Stages,All Ages,All Years
4.25,0.64,0.61,0.68,Female,IMD Q2,All Regions,All Routes,All Stages,All Ages,All Years
4.5,0.64,0.61,0.68,Female,IMD Q2,All Regions,All Routes,All Stages,All Ages,All Years
4.75,0.63,0.59,0.67,Female,IMD Q2,All Regions,All Routes,All Stages,All Ages,All Years
5,0.63,0.59,0.66,Female,IMD Q2,All Regions,All Routes,All Stages,All Ages,All Years
0,1.00,1.00,1.00,Female,IMD Q3,All Regions,All Routes,All Stages,All Ages,All Years
0.25,0.93,0.92,0.95,Female,IMD Q3,All Regions,All Routes,All Stages,All Ages,All Years
0.5,0.89,0.87,0.91,Female,IMD Q3,All Regions,All Routes,All Stages,All Ages,All Years
0.75,0.85,0.83,0.87,Female,IMD Q3,All Regions,All Routes,All Stages,All Ages,All Years
1,0.82,0.80,0.85,Female,IMD Q3,All Regions,All Routes,All Stages,All Ages,All Years
1.25,0.79,0.77,0.82,Female,IMD Q3,All Regions,All Routes,All Stages,All Ages,All Years
1.5,0.78,0.75,0.81,Female,IMD Q3,All Regions,All Routes,All Stages,All Ages,All Years
1.75,0.77,0.74,0.79,Female,IMD Q3,All Regions,All Routes,All Stages,All Ages,All Years
2,0.75,0.72,0.78,Female,IMD Q3,All Regions,All Routes,All Stages,All Ages,All Years
2.25,0.74,0.71,0.77,Female,IMD Q3,All Regions,All Routes,All Stages,All Ages,All Years
2.5,0.73,0.70,0.76,Female,IMD Q3,All Regions,All Routes,All Stages,All Ages,All Years
2.75,0.73,0.70,0.76,Female,IMD Q3,All Regions,All Routes,All Stages,All Ages,All Years
3,0.72,0.69,0.75,Female,IMD Q3,All Regions,All Routes,All Stages,All Ages,All Years
3.25,0.71,0.67,0.74,Female,IMD Q3,All Regions,All Routes,All Stages,All Ages,All Years
3.5,0.70,0.66,0.73,Female,IMD Q3,All Regions,All Routes,All Stages,All Ages,All Years
3.75,0.69,0.66,0.72,Female,IMD Q3,All Regions,All Routes,All Stages,All Ages,All Years
4,0.68,0.65,0.71,Female,IMD Q3,All Regions,All Routes,All Stages,All Ages,All Years
4.25,0.68,0.64,0.71,Female,IMD Q3,All Regions,All Routes,All Stages,All Ages,All Years
4.5,0.67,0.64,0.71,Female,IMD Q3,All Regions,All Routes,All Stages,All Ages,All Years
4.75,0.67,0.63,0.70,Female,IMD Q3,All Regions,All Routes,All Stages,All Ages,All Years
5,0.66,0.62,0.69,Female,IMD Q3,All Regions,All Routes,All Stages,All Ages,All Years
0,1.00,1.00,1.00,Female,IMD Q4,All Regions,All Routes,All Stages,All Ages,All Years
0.25,0.95,0.93,0.96,Female,IMD Q4,All Regions,All Routes,All Stages,All Ages,All Years
0.5,0.91,0.89,0.93,Female,IMD Q4,All Regions,All Routes,All Stages,All Ages,All Years
0.75,0.87,0.84,0.89,Female,IMD Q4,All Regions,All Routes,All Stages,All Ages,All Years
1,0.84,0.81,0.86,Female,IMD Q4,All Regions,All Routes,All Stages,All Ages,All Years
1.25,0.82,0.79,0.84,Female,IMD Q4,All Regions,All Routes,All Stages,All Ages,All Years
1.5,0.80,0.78,0.83,Female,IMD Q4,All Regions,All Routes,All Stages,All Ages,All Years
1.75,0.79,0.76,0.81,Female,IMD Q4,All Regions,All Routes,All Stages,All Ages,All Years
2,0.78,0.75,0.80,Female,IMD Q4,All Regions,All Routes,All Stages,All Ages,All Years
2.25,0.77,0.74,0.80,Female,IMD Q4,All Regions,All Routes,All Stages,All Ages,All Years
2.5,0.76,0.73,0.79,Female,IMD Q4,All Regions,All Routes,All Stages,All Ages,All Years
2.75,0.75,0.73,0.78,Female,IMD Q4,All Regions,All Routes,All Stages,All Ages,All Years
3,0.75,0.72,0.78,Female,IMD Q4,All Regions,All Routes,All Stages,All Ages,All Years
3.25,0.74,0.71,0.77,Female,IMD Q4,All Regions,All Routes,All Stages,All Ages,All Years
3.5,0.73,0.70,0.76,Female,IMD Q4,All Regions,All Routes,All Stages,All Ages,All Years
3.75,0.71,0.68,0.75,Female,IMD Q4,All Regions,All Routes,All Stages,All Ages,All Years
4,0.70,0.67,0.74,Female,IMD Q4,All Regions,All Routes,All Stages,All Ages,All Years
4.25,0.70,0.66,0.73,Female,IMD Q4,All Regions,All Routes,All Stages,All Ages,All Years
4.5,0.69,0.66,0.72,Female,IMD Q4,All Regions,All Routes,All Stages,All Ages,All Years
4.75,0.69,0.66,0.72,Female,IMD Q4,All Regions,All Routes,All Stages,All Ages,All Years
5,0.69,0.66,0.72,Female,IMD Q4,All Regions,All Routes,All Stages,All Ages,All Years
0,1.00,1.00,1.00,Female,IMD Q5,All Regions,All Routes,All Stages,All Ages,All Years
0.25,0.94,0.93,0.96,Female,IMD Q5,All Regions,All Routes,All Stages,All Ages,All Years
0.5,0.90,0.88,0.92,Female,IMD Q5,All Regions,All Routes,All Stages,All Ages,All Years
0.75,0.87,0.85,0.89,Female,IMD Q5,All Regions,All Routes,All Stages,All Ages,All Years
1,0.85,0.82,0.87,Female,IMD Q5,All Regions,All Routes,All Stages,All Ages,All Years
1.25,0.83,0.81,0.86,Female,IMD Q5,All Regions,All Routes,All Stages,All Ages,All Years
1.5,0.81,0.79,0.84,Female,IMD Q5,All Regions,All Routes,All Stages,All Ages,All Years
1.75,0.79,0.77,0.82,Female,IMD Q5,All Regions,All Routes,All Stages,All Ages,All Years
2,0.78,0.75,0.81,Female,IMD Q5,All Regions,All Routes,All Stages,All Ages,All Years
2.25,0.77,0.74,0.80,Female,IMD Q5,All Regions,All Routes,All Stages,All Ages,All Years
2.5,0.76,0.73,0.79,Female,IMD Q5,All Regions,All Routes,All Stages,All Ages,All Years
2.75,0.75,0.72,0.79,Female,IMD Q5,All Regions,All Routes,All Stages,All Ages,All Years
3,0.74,0.71,0.77,Female,IMD Q5,All Regions,All Routes,All Stages,All Ages,All Years
3.25,0.73,0.69,0.76,Female,IMD Q5,All Regions,All Routes,All Stages,All Ages,All Years
3.5,0.72,0.69,0.75,Female,IMD Q5,All Regions,All Routes,All Stages,All Ages,All Years
3.75,0.72,0.69,0.75,Female,IMD Q5,All Regions,All Routes,All Stages,All Ages,All Years
4,0.72,0.68,0.75,Female,IMD Q5,All Regions,All Routes,All Stages,All Ages,All Years
4.25,0.71,0.68,0.75,Female,IMD Q5,All Regions,All Routes,All Stages,All Ages,All Years
4.5,0.70,0.66,0.73,Female,IMD Q5,All Regions,All Routes,All Stages,All Ages,All Years
4.75,0.69,0.66,0.73,Female,IMD Q5,All Regions,All Routes,All Stages,All Ages,All Years
5,0.68,0.64,0.72,Female,IMD Q5,All Regions,All Routes,All Stages,All Ages,All Years
0,1.00,0.99,1.00,Female,All IMD Quintiles,East Midlands,All Routes,All Stages,All Ages,All Years
0.25,0.95,0.93,0.97,Female,All IMD Quintiles,East Midlands,All Routes,All Stages,All Ages,All Years
0.5,0.89,0.86,0.92,Female,All IMD Quintiles,East Midlands,All Routes,All Stages,All Ages,All Years
0.75,0.85,0.82,0.88,Female,All IMD Quintiles,East Midlands,All Routes,All Stages,All Ages,All Years
1,0.83,0.79,0.86,Female,All IMD Quintiles,East Midlands,All Routes,All Stages,All Ages,All Years
1.25,0.81,0.77,0.85,Female,All IMD Quintiles,East Midlands,All Routes,All Stages,All Ages,All Years
1.5,0.79,0.75,0.83,Female,All IMD Quintiles,East Midlands,All Routes,All Stages,All Ages,All Years
1.75,0.78,0.74,0.82,Female,All IMD Quintiles,East Midlands,All Routes,All Stages,All Ages,All Years
2,0.77,0.73,0.81,Female,All IMD Quintiles,East Midlands,All Routes,All Stages,All Ages,All Years
2.25,0.75,0.71,0.79,Female,All IMD Quintiles,East Midlands,All Routes,All Stages,All Ages,All Years
2.5,0.74,0.69,0.78,Female,All IMD Quintiles,East Midlands,All Routes,All Stages,All Ages,All Years
2.75,0.72,0.67,0.76,Female,All IMD Quintiles,East Midlands,All Routes,All Stages,All Ages,All Years
3,0.70,0.66,0.75,Female,All IMD Quintiles,East Midlands,All Routes,All Stages,All Ages,All Years
3.25,0.69,0.65,0.74,Female,All IMD Quintiles,East Midlands,All Routes,All Stages,All Ages,All Years
3.5,0.69,0.64,0.74,Female,All IMD Quintiles,East Midlands,All Routes,All Stages,All Ages,All Years
3.75,0.68,0.63,0.73,Female,All IMD Quintiles,East Midlands,All Routes,All Stages,All Ages,All Years
4,0.67,0.62,0.72,Female,All IMD Quintiles,East Midlands,All Routes,All Stages,All Ages,All Years
4.25,0.67,0.62,0.72,Female,All IMD Quintiles,East Midlands,All Routes,All Stages,All Ages,All Years
4.5,0.66,0.61,0.71,Female,All IMD Quintiles,East Midlands,All Routes,All Stages,All Ages,All Years
4.75,0.66,0.61,0.71,Female,All IMD Quintiles,East Midlands,All Routes,All Stages,All Ages,All Years
5,0.66,0.61,0.71,Female,All IMD Quintiles,East Midlands,All Routes,All Stages,All Ages,All Years
0,1.00,0.99,1.00,Female,All IMD Quintiles,East of England,All Routes,All Stages,All Ages,All Years
0.25,0.94,0.92,0.96,Female,All IMD Quintiles,East of England,All Routes,All Stages,All Ages,All Years
0.5,0.90,0.88,0.93,Female,All IMD Quintiles,East of England,All Routes,All Stages,All Ages,All Years
0.75,0.85,0.82,0.88,Female,All IMD Quintiles,East of England,All Routes,All Stages,All Ages,All Years
1,0.82,0.79,0.86,Female,All IMD Quintiles,East of England,All Routes,All Stages,All Ages,All Years
1.25,0.80,0.76,0.84,Female,All IMD Quintiles,East of England,All Routes,All Stages,All Ages,All Years
1.5,0.78,0.75,0.82,Female,All IMD Quintiles,East of England,All Routes,All Stages,All Ages,All Years
1.75,0.76,0.72,0.80,Female,All IMD Quintiles,East of England,All Routes,All Stages,All Ages,All Years
2,0.74,0.70,0.78,Female,All IMD Quintiles,East of England,All Routes,All Stages,All Ages,All Years
2.25,0.73,0.69,0.77,Female,All IMD Quintiles,East of England,All Routes,All Stages,All Ages,All Years
2.5,0.73,0.69,0.77,Female,All IMD Quintiles,East of England,All Routes,All Stages,All Ages,All Years
2.75,0.72,0.68,0.76,Female,All IMD Quintiles,East of England,All Routes,All Stages,All Ages,All Years
3,0.71,0.67,0.76,Female,All IMD Quintiles,East of England,All Routes,All Stages,All Ages,All Years
3.25,0.71,0.67,0.75,Female,All IMD Quintiles,East of England,All Routes,All Stages,All Ages,All Years
3.5,0.70,0.66,0.75,Female,All IMD Quintiles,East of England,All Routes,All Stages,All Ages,All Years
3.75,0.69,0.65,0.74,Female,All IMD Quintiles,East of England,All Routes,All Stages,All Ages,All Years
4,0.69,0.65,0.74,Female,All IMD Quintiles,East of England,All Routes,All Stages,All Ages,All Years
4.25,0.68,0.63,0.73,Female,All IMD Quintiles,East of England,All Routes,All Stages,All Ages,All Years
4.5,0.67,0.62,0.72,Female,All IMD Quintiles,East of England,All Routes,All Stages,All Ages,All Years
4.75,0.67,0.62,0.72,Female,All IMD Quintiles,East of England,All Routes,All Stages,All Ages,All Years
5,0.67,0.62,0.72,Female,All IMD Quintiles,East of England,All Routes,All Stages,All Ages,All Years
0,1.00,0.99,1.00,Female,All IMD Quintiles,London,All Routes,All Stages,All Ages,All Years
0.25,0.93,0.90,0.95,Female,All IMD Quintiles,London,All Routes,All Stages,All Ages,All Years
0.5,0.88,0.85,0.91,Female,All IMD Quintiles,London,All Routes,All Stages,All Ages,All Years
0.75,0.84,0.80,0.88,Female,All IMD Quintiles,London,All Routes,All Stages,All Ages,All Years
1,0.82,0.78,0.85,Female,All IMD Quintiles,London,All Routes,All Stages,All Ages,All Years
1.25,0.79,0.75,0.83,Female,All IMD Quintiles,London,All Routes,All Stages,All Ages,All Years
1.5,0.76,0.72,0.80,Female,All IMD Quintiles,London,All Routes,All Stages,All Ages,All Years
1.75,0.73,0.69,0.78,Female,All IMD Quintiles,London,All Routes,All Stages,All Ages,All Years
2,0.71,0.66,0.75,Female,All IMD Quintiles,London,All Routes,All Stages,All Ages,All Years
2.25,0.70,0.65,0.74,Female,All IMD Quintiles,London,All Routes,All Stages,All Ages,All Years
2.5,0.68,0.64,0.73,Female,All IMD Quintiles,London,All Routes,All Stages,All Ages,All Years
2.75,0.68,0.63,0.72,Female,All IMD Quintiles,London,All Routes,All Stages,All Ages,All Years
3,0.67,0.63,0.72,Female,All IMD Quintiles,London,All Routes,All Stages,All Ages,All Years
3.25,0.66,0.61,0.71,Female,All IMD Quintiles,London,All Routes,All Stages,All Ages,All Years
3.5,0.65,0.61,0.70,Female,All IMD Quintiles,London,All Routes,All Stages,All Ages,All Years
3.75,0.65,0.61,0.70,Female,All IMD Quintiles,London,All Routes,All Stages,All Ages,All Years
4,0.65,0.60,0.70,Female,All IMD Quintiles,London,All Routes,All Stages,All Ages,All Years
4.25,0.65,0.60,0.70,Female,All IMD Quintiles,London,All Routes,All Stages,All Ages,All Years
4.5,0.64,0.59,0.69,Female,All IMD Quintiles,London,All Routes,All Stages,All Ages,All Years
4.75,0.64,0.59,0.69,Female,All IMD Quintiles,London,All Routes,All Stages,All Ages,All Years
5,0.64,0.59,0.69,Female,All IMD Quintiles,London,All Routes,All Stages,All Ages,All Years
0,1.00,0.99,1.00,Female,All IMD Quintiles,North East,All Routes,All Stages,All Ages,All Years
0.25,0.93,0.91,0.96,Female,All IMD Quintiles,North East,All Routes,All Stages,All Ages,All Years
0.5,0.88,0.85,0.92,Female,All IMD Quintiles,North East,All Routes,All Stages,All Ages,All Years
0.75,0.83,0.78,0.87,Female,All IMD Quintiles,North East,All Routes,All Stages,All Ages,All Years
1,0.79,0.75,0.84,Female,All IMD Quintiles,North East,All Routes,All Stages,All Ages,All Years
1.25,0.76,0.71,0.81,Female,All IMD Quintiles,North East,All Routes,All Stages,All Ages,All Years
1.5,0.74,0.69,0.79,Female,All IMD Quintiles,North East,All Routes,All Stages,All Ages,All Years
1.75,0.71,0.66,0.76,Female,All IMD Quintiles,North East,All Routes,All Stages,All Ages,All Years
2,0.70,0.65,0.75,Female,All IMD Quintiles,North East,All Routes,All Stages,All Ages,All Years
2.25,0.70,0.64,0.75,Female,All IMD Quintiles,North East,All Routes,All Stages,All Ages,All Years
2.5,0.68,0.63,0.74,Female,All IMD Quintiles,North East,All Routes,All Stages,All Ages,All Years
2.75,0.68,0.62,0.73,Female,All IMD Quintiles,North East,All Routes,All Stages,All Ages,All Years
3,0.67,0.62,0.73,Female,All IMD Quintiles,North East,All Routes,All Stages,All Ages,All Years
3.25,0.66,0.61,0.72,Female,All IMD Quintiles,North East,All Routes,All Stages,All Ages,All Years
3.5,0.64,0.59,0.70,Female,All IMD Quintiles,North East,All Routes,All Stages,All Ages,All Years
3.75,0.64,0.58,0.69,Female,All IMD Quintiles,North East,All Routes,All Stages,All Ages,All Years
4,0.64,0.58,0.69,Female,All IMD Quintiles,North East,All Routes,All Stages,All Ages,All Years
4.25,0.61,0.55,0.67,Female,All IMD Quintiles,North East,All Routes,All Stages,All Ages,All Years
4.5,0.61,0.55,0.67,Female,All IMD Quintiles,North East,All Routes,All Stages,All Ages,All Years
4.75,0.61,0.55,0.67,Female,All IMD Quintiles,North East,All Routes,All Stages,All Ages,All Years
5,0.61,0.55,0.67,Female,All IMD Quintiles,North East,All Routes,All Stages,All Ages,All Years
0,1.00,0.99,1.00,Female,All IMD Quintiles,North West,All Routes,All Stages,All Ages,All Years
0.25,0.93,0.92,0.95,Female,All IMD Quintiles,North West,All Routes,All Stages,All Ages,All Years
0.5,0.88,0.86,0.91,Female,All IMD Quintiles,North West,All Routes,All Stages,All Ages,All Years
0.75,0.84,0.81,0.86,Female,All IMD Quintiles,North West,All Routes,All Stages,All Ages,All Years
1,0.81,0.79,0.84,Female,All IMD Quintiles,North West,All Routes,All Stages,All Ages,All Years
1.25,0.78,0.75,0.81,Female,All IMD Quintiles,North West,All Routes,All Stages,All Ages,All Years
1.5,0.77,0.74,0.80,Female,All IMD Quintiles,North West,All Routes,All Stages,All Ages,All Years
1.75,0.76,0.73,0.79,Female,All IMD Quintiles,North West,All Routes,All Stages,All Ages,All Years
2,0.74,0.71,0.77,Female,All IMD Quintiles,North West,All Routes,All Stages,All Ages,All Years
2.25,0.72,0.69,0.76,Female,All IMD Quintiles,North West,All Routes,All Stages,All Ages,All Years
2.5,0.72,0.68,0.75,Female,All IMD Quintiles,North West,All Routes,All Stages,All Ages,All Years
2.75,0.70,0.67,0.74,Female,All IMD Quintiles,North West,All Routes,All Stages,All Ages,All Years
3,0.68,0.65,0.72,Female,All IMD Quintiles,North West,All Routes,All Stages,All Ages,All Years
3.25,0.67,0.64,0.71,Female,All IMD Quintiles,North West,All Routes,All Stages,All Ages,All Years
3.5,0.66,0.63,0.70,Female,All IMD Quintiles,North West,All Routes,All Stages,All Ages,All Years
3.75,0.65,0.61,0.69,Female,All IMD Quintiles,North West,All Routes,All Stages,All Ages,All Years
4,0.64,0.60,0.68,Female,All IMD Quintiles,North West,All Routes,All Stages,All Ages,All Years
4.25,0.64,0.60,0.68,Female,All IMD Quintiles,North West,All Routes,All Stages,All Ages,All Years
4.5,0.63,0.59,0.67,Female,All IMD Quintiles,North West,All Routes,All Stages,All Ages,All Years
4.75,0.62,0.58,0.66,Female,All IMD Quintiles,North West,All Routes,All Stages,All Ages,All Years
5,0.59,0.54,0.63,Female,All IMD Quintiles,North West,All Routes,All Stages,All Ages,All Years
0,1.00,0.99,1.00,Female,All IMD Quintiles,South East,All Routes,All Stages,All Ages,All Years
0.25,0.95,0.93,0.96,Female,All IMD Quintiles,South East,All Routes,All Stages,All Ages,All Years
0.5,0.91,0.89,0.93,Female,All IMD Quintiles,South East,All Routes,All Stages,All Ages,All Years
0.75,0.89,0.86,0.91,Female,All IMD Quintiles,South East,All Routes,All Stages,All Ages,All Years
1,0.85,0.82,0.87,Female,All IMD Quintiles,South East,All Routes,All Stages,All Ages,All Years
1.25,0.83,0.80,0.85,Female,All IMD Quintiles,South East,All Routes,All Stages,All Ages,All Years
1.5,0.80,0.77,0.83,Female,All IMD Quintiles,South East,All Routes,All Stages,All Ages,All Years
1.75,0.78,0.75,0.81,Female,All IMD Quintiles,South East,All Routes,All Stages,All Ages,All Years
2,0.77,0.74,0.80,Female,All IMD Quintiles,South East,All Routes,All Stages,All Ages,All Years
2.25,0.75,0.72,0.78,Female,All IMD Quintiles,South East,All Routes,All Stages,All Ages,All Years
2.5,0.74,0.71,0.78,Female,All IMD Quintiles,South East,All Routes,All Stages,All Ages,All Years
2.75,0.74,0.70,0.77,Female,All IMD Quintiles,South East,All Routes,All Stages,All Ages,All Years
3,0.73,0.70,0.76,Female,All IMD Quintiles,South East,All Routes,All Stages,All Ages,All Years
3.25,0.71,0.68,0.75,Female,All IMD Quintiles,South East,All Routes,All Stages,All Ages,All Years
3.5,0.70,0.67,0.74,Female,All IMD Quintiles,South East,All Routes,All Stages,All Ages,All Years
3.75,0.70,0.66,0.74,Female,All IMD Quintiles,South East,All Routes,All Stages,All Ages,All Years
4,0.69,0.65,0.73,Female,All IMD Quintiles,South East,All Routes,All Stages,All Ages,All Years
4.25,0.69,0.65,0.72,Female,All IMD Quintiles,South East,All Routes,All Stages,All Ages,All Years
4.5,0.68,0.64,0.72,Female,All IMD Quintiles,South East,All Routes,All Stages,All Ages,All Years
4.75,0.67,0.64,0.71,Female,All IMD Quintiles,South East,All Routes,All Stages,All Ages,All Years
5,0.67,0.63,0.71,Female,All IMD Quintiles,South East,All Routes,All Stages,All Ages,All Years
0,1.00,0.99,1.00,Female,All IMD Quintiles,South West,All Routes,All Stages,All Ages,All Years
0.25,0.96,0.94,0.97,Female,All IMD Quintiles,South West,All Routes,All Stages,All Ages,All Years
0.5,0.91,0.89,0.94,Female,All IMD Quintiles,South West,All Routes,All Stages,All Ages,All Years
0.75,0.89,0.86,0.91,Female,All IMD Quintiles,South West,All Routes,All Stages,All Ages,All Years
1,0.86,0.83,0.88,Female,All IMD Quintiles,South West,All Routes,All Stages,All Ages,All Years
1.25,0.83,0.80,0.87,Female,All IMD Quintiles,South West,All Routes,All Stages,All Ages,All Years
1.5,0.81,0.78,0.84,Female,All IMD Quintiles,South West,All Routes,All Stages,All Ages,All Years
1.75,0.80,0.76,0.83,Female,All IMD Quintiles,South West,All Routes,All Stages,All Ages,All Years
2,0.79,0.75,0.82,Female,All IMD Quintiles,South West,All Routes,All Stages,All Ages,All Years
2.25,0.78,0.75,0.82,Female,All IMD Quintiles,South West,All Routes,All Stages,All Ages,All Years
2.5,0.76,0.73,0.80,Female,All IMD Quintiles,South West,All Routes,All Stages,All Ages,All Years
2.75,0.76,0.72,0.79,Female,All IMD Quintiles,South West,All Routes,All Stages,All Ages,All Years
3,0.76,0.72,0.79,Female,All IMD Quintiles,South West,All Routes,All Stages,All Ages,All Years
3.25,0.74,0.70,0.78,Female,All IMD Quintiles,South West,All Routes,All Stages,All Ages,All Years
3.5,0.73,0.69,0.77,Female,All IMD Quintiles,South West,All Routes,All Stages,All Ages,All Years
3.75,0.72,0.68,0.76,Female,All IMD Quintiles,South West,All Routes,All Stages,All Ages,All Years
4,0.71,0.67,0.75,Female,All IMD Quintiles,South West,All Routes,All Stages,All Ages,All Years
4.25,0.71,0.67,0.75,Female,All IMD Quintiles,South West,All Routes,All Stages,All Ages,All Years
4.5,0.70,0.66,0.75,Female,All IMD Quintiles,South West,All Routes,All Stages,All Ages,All Years
4.75,0.70,0.65,0.74,Female,All IMD Quintiles,South West,All Routes,All Stages,All Ages,All Years
5,0.70,0.65,0.74,Female,All IMD Quintiles,South West,All Routes,All Stages,All Ages,All Years
0,1.00,0.99,1.00,Female,All IMD Quintiles,West Midlands,All Routes,All Stages,All Ages,All Years
0.25,0.92,0.90,0.95,Female,All IMD Quintiles,West Midlands,All Routes,All Stages,All Ages,All Years
0.5,0.85,0.82,0.88,Female,All IMD Quintiles,West Midlands,All Routes,All Stages,All Ages,All Years
0.75,0.81,0.77,0.84,Female,All IMD Quintiles,West Midlands,All Routes,All Stages,All Ages,All Years
1,0.77,0.74,0.81,Female,All IMD Quintiles,West Midlands,All Routes,All Stages,All Ages,All Years
1.25,0.75,0.71,0.79,Female,All IMD Quintiles,West Midlands,All Routes,All Stages,All Ages,All Years
1.5,0.73,0.69,0.77,Female,All IMD Quintiles,West Midlands,All Routes,All Stages,All Ages,All Years
1.75,0.71,0.67,0.76,Female,All IMD Quintiles,West Midlands,All Routes,All Stages,All Ages,All Years
2,0.70,0.66,0.74,Female,All IMD Quintiles,West Midlands,All Routes,All Stages,All Ages,All Years
2.25,0.70,0.65,0.74,Female,All IMD Quintiles,West Midlands,All Routes,All Stages,All Ages,All Years
2.5,0.68,0.64,0.73,Female,All IMD Quintiles,West Midlands,All Routes,All Stages,All Ages,All Years
2.75,0.68,0.63,0.72,Female,All IMD Quintiles,West Midlands,All Routes,All Stages,All Ages,All Years
3,0.67,0.62,0.71,Female,All IMD Quintiles,West Midlands,All Routes,All Stages,All Ages,All Years
3.25,0.65,0.60,0.70,Female,All IMD Quintiles,West Midlands,All Routes,All Stages,All Ages,All Years
3.5,0.63,0.58,0.68,Female,All IMD Quintiles,West Midlands,All Routes,All Stages,All Ages,All Years
3.75,0.62,0.57,0.67,Female,All IMD Quintiles,West Midlands,All Routes,All Stages,All Ages,All Years
4,0.61,0.56,0.66,Female,All IMD Quintiles,West Midlands,All Routes,All Stages,All Ages,All Years
4.25,0.61,0.56,0.66,Female,All IMD Quintiles,West Midlands,All Routes,All Stages,All Ages,All Years
4.5,0.59,0.54,0.65,Female,All IMD Quintiles,West Midlands,All Routes,All Stages,All Ages,All Years
4.75,0.57,0.52,0.63,Female,All IMD Quintiles,West Midlands,All Routes,All Stages,All Ages,All Years
5,0.57,0.52,0.63,Female,All IMD Quintiles,West Midlands,All Routes,All Stages,All Ages,All Years
0,1.00,0.99,1.00,Female,All IMD Quintiles,Yorkshire and The Humber,All Routes,All Stages,All Ages,All Years
0.25,0.92,0.90,0.95,Female,All IMD Quintiles,Yorkshire and The Humber,All Routes,All Stages,All Ages,All Years
0.5,0.87,0.84,0.90,Female,All IMD Quintiles,Yorkshire and The Humber,All Routes,All Stages,All Ages,All Years
0.75,0.82,0.79,0.86,Female,All IMD Quintiles,Yorkshire and The Humber,All Routes,All Stages,All Ages,All Years
1,0.80,0.76,0.83,Female,All IMD Quintiles,Yorkshire and The Humber,All Routes,All Stages,All Ages,All Years
1.25,0.77,0.73,0.80,Female,All IMD Quintiles,Yorkshire and The Humber,All Routes,All Stages,All Ages,All Years
1.5,0.75,0.71,0.79,Female,All IMD Quintiles,Yorkshire and The Humber,All Routes,All Stages,All Ages,All Years
1.75,0.73,0.69,0.77,Female,All IMD Quintiles,Yorkshire and The Humber,All Routes,All Stages,All Ages,All Years
2,0.70,0.66,0.74,Female,All IMD Quintiles,Yorkshire and The Humber,All Routes,All Stages,All Ages,All Years
2.25,0.69,0.65,0.73,Female,All IMD Quintiles,Yorkshire and The Humber,All Routes,All Stages,All Ages,All Years
2.5,0.68,0.64,0.72,Female,All IMD Quintiles,Yorkshire and The Humber,All Routes,All Stages,All Ages,All Years
2.75,0.66,0.62,0.70,Female,All IMD Quintiles,Yorkshire and The Humber,All Routes,All Stages,All Ages,All Years
3,0.65,0.61,0.70,Female,All IMD Quintiles,Yorkshire and The Humber,All Routes,All Stages,All Ages,All Years
3.25,0.64,0.60,0.69,Female,All IMD Quintiles,Yorkshire and The Humber,All Routes,All Stages,All Ages,All Years
3.5,0.64,0.60,0.68,Female,All IMD Quintiles,Yorkshire and The Humber,All Routes,All Stages,All Ages,All Years
3.75,0.63,0.58,0.67,Female,All IMD Quintiles,Yorkshire and The Humber,All Routes,All Stages,All Ages,All Years
4,0.63,0.58,0.67,Female,All IMD Quintiles,Yorkshire and The Humber,All Routes,All Stages,All Ages,All Years
4.25,0.63,0.58,0.67,Female,All IMD Quintiles,Yorkshire and The Humber,All Routes,All Stages,All Ages,All Years
4.5,0.63,0.58,0.67,Female,All IMD Quintiles,Yorkshire and The Humber,All Routes,All Stages,All Ages,All Years
4.75,0.61,0.56,0.66,Female,All IMD Quintiles,Yorkshire and The Humber,All Routes,All Stages,All Ages,All Years
5,0.60,0.56,0.65,Female,All IMD Quintiles,Yorkshire and The Humber,All Routes,All Stages,All Ages,All Years
0,0.99,0.98,1.01,Female,All IMD Quintiles,All Regions,Emergency,All Stages,All Ages,All Years
0.25,0.63,0.55,0.71,Female,All IMD Quintiles,All Regions,Emergency,All Stages,All Ages,All Years
0.5,0.51,0.43,0.60,Female,All IMD Quintiles,All Regions,Emergency,All Stages,All Ages,All Years
0.75,0.45,0.36,0.53,Female,All IMD Quintiles,All Regions,Emergency,All Stages,All Ages,All Years
1,0.43,0.35,0.52,Female,All IMD Quintiles,All Regions,Emergency,All Stages,All Ages,All Years
1.25,0.40,0.32,0.49,Female,All IMD Quintiles,All Regions,Emergency,All Stages,All Ages,All Years
1.5,0.37,0.29,0.45,Female,All IMD Quintiles,All Regions,Emergency,All Stages,All Ages,All Years
1.75,0.33,0.25,0.41,Female,All IMD Quintiles,All Regions,Emergency,All Stages,All Ages,All Years
2,0.32,0.24,0.40,Female,All IMD Quintiles,All Regions,Emergency,All Stages,All Ages,All Years
3.25,0.29,0.22,0.37,Female,All IMD Quintiles,All Regions,Emergency,All Stages,All Ages,All Years
4,0.29,0.22,0.37,Female,All IMD Quintiles,All Regions,Emergency,All Stages,All Ages,All Years
4.25,0.29,0.21,0.36,Female,All IMD Quintiles,All Regions,Emergency,All Stages,All Ages,All Years
4.5,0.28,0.20,0.35,Female,All IMD Quintiles,All Regions,Emergency,All Stages,All Ages,All Years
4.75,0.28,0.20,0.35,Female,All IMD Quintiles,All Regions,Emergency,All Stages,All Ages,All Years
5,0.28,0.20,0.35,Female,All IMD Quintiles,All Regions,Emergency,All Stages,All Ages,All Years
0,1.00,1.00,1.00,Female,All IMD Quintiles,All Regions,Non-emergency,All Stages,All Ages,All Years
0.25,0.96,0.95,0.97,Female,All IMD Quintiles,All Regions,Non-emergency,All Stages,All Ages,All Years
0.5,0.91,0.89,0.92,Female,All IMD Quintiles,All Regions,Non-emergency,All Stages,All Ages,All Years
0.75,0.87,0.85,0.88,Female,All IMD Quintiles,All Regions,Non-emergency,All Stages,All Ages,All Years
1,0.84,0.83,0.86,Female,All IMD Quintiles,All Regions,Non-emergency,All Stages,All Ages,All Years
1.25,0.81,0.80,0.83,Female,All IMD Quintiles,All Regions,Non-emergency,All Stages,All Ages,All Years
1.5,0.79,0.78,0.81,Female,All IMD Quintiles,All Regions,Non-emergency,All Stages,All Ages,All Years
1.75,0.77,0.75,0.79,Female,All IMD Quintiles,All Regions,Non-emergency,All Stages,All Ages,All Years
2,0.76,0.74,0.78,Female,All IMD Quintiles,All Regions,Non-emergency,All Stages,All Ages,All Years
2.25,0.75,0.73,0.77,Female,All IMD Quintiles,All Regions,Non-emergency,All Stages,All Ages,All Years
2.5,0.73,0.71,0.75,Female,All IMD Quintiles,All Regions,Non-emergency,All Stages,All Ages,All Years
2.75,0.73,0.71,0.75,Female,All IMD Quintiles,All Regions,Non-emergency,All Stages,All Ages,All Years
3,0.72,0.70,0.74,Female,All IMD Quintiles,All Regions,Non-emergency,All Stages,All Ages,All Years
3.25,0.70,0.68,0.72,Female,All IMD Quintiles,All Regions,Non-emergency,All Stages,All Ages,All Years
3.5,0.70,0.67,0.72,Female,All IMD Quintiles,All Regions,Non-emergency,All Stages,All Ages,All Years
3.75,0.69,0.67,0.71,Female,All IMD Quintiles,All Regions,Non-emergency,All Stages,All Ages,All Years
4,0.68,0.66,0.70,Female,All IMD Quintiles,All Regions,Non-emergency,All Stages,All Ages,All Years
4.25,0.67,0.65,0.69,Female,All IMD Quintiles,All Regions,Non-emergency,All Stages,All Ages,All Years
4.5,0.67,0.65,0.69,Female,All IMD Quintiles,All Regions,Non-emergency,All Stages,All Ages,All Years
4.75,0.66,0.64,0.68,Female,All IMD Quintiles,All Regions,Non-emergency,All Stages,All Ages,All Years
5,0.65,0.63,0.67,Female,All IMD Quintiles,All Regions,Non-emergency,All Stages,All Ages,All Years
0,1.00,1.00,1.00,Female,All IMD Quintiles,All Regions,All Routes,Early,All Ages,All Years
0.25,0.99,0.99,1.00,Female,All IMD Quintiles,All Regions,All Routes,Early,All Ages,All Years
0.5,0.98,0.97,0.99,Female,All IMD Quintiles,All Regions,All Routes,Early,All Ages,All Years
0.75,0.96,0.95,0.97,Female,All IMD Quintiles,All Regions,All Routes,Early,All Ages,All Years
1,0.95,0.93,0.96,Female,All IMD Quintiles,All Regions,All Routes,Early,All Ages,All Years
1.25,0.93,0.92,0.94,Female,All IMD Quintiles,All Regions,All Routes,Early,All Ages,All Years
1.5,0.92,0.91,0.93,Female,All IMD Quintiles,All Regions,All Routes,Early,All Ages,All Years
1.75,0.91,0.89,0.92,Female,All IMD Quintiles,All Regions,All Routes,Early,All Ages,All Years
2,0.90,0.88,0.91,Female,All IMD Quintiles,All Regions,All Routes,Early,All Ages,All Years
2.25,0.89,0.87,0.90,Female,All IMD Quintiles,All Regions,All Routes,Early,All Ages,All Years
2.5,0.88,0.86,0.89,Female,All IMD Quintiles,All Regions,All Routes,Early,All Ages,All Years
2.75,0.86,0.84,0.88,Female,All IMD Quintiles,All Regions,All Routes,Early,All Ages,All Years
3,0.85,0.83,0.87,Female,All IMD Quintiles,All Regions,All Routes,Early,All Ages,All Years
3.25,0.84,0.82,0.86,Female,All IMD Quintiles,All Regions,All Routes,Early,All Ages,All Years
3.5,0.83,0.81,0.86,Female,All IMD Quintiles,All Regions,All Routes,Early,All Ages,All Years
3.75,0.82,0.80,0.85,Female,All IMD Quintiles,All Regions,All Routes,Early,All Ages,All Years
4,0.82,0.79,0.84,Female,All IMD Quintiles,All Regions,All Routes,Early,All Ages,All Years
4.25,0.81,0.79,0.84,Female,All IMD Quintiles,All Regions,All Routes,Early,All Ages,All Years
4.5,0.81,0.78,0.83,Female,All IMD Quintiles,All Regions,All Routes,Early,All Ages,All Years
4.75,0.79,0.76,0.82,Female,All IMD Quintiles,All Regions,All Routes,Early,All Ages,All Years
5,0.78,0.75,0.82,Female,All IMD Quintiles,All Regions,All Routes,Early,All Ages,All Years
0,1.00,1.00,1.00,Female,All IMD Quintiles,All Regions,All Routes,Advanced,All Ages,All Years
0.25,0.92,0.91,0.93,Female,All IMD Quintiles,All Regions,All Routes,Advanced,All Ages,All Years
0.5,0.85,0.84,0.87,Female,All IMD Quintiles,All Regions,All Routes,Advanced,All Ages,All Years
0.75,0.80,0.78,0.81,Female,All IMD Quintiles,All Regions,All Routes,Advanced,All Ages,All Years
1,0.76,0.74,0.78,Female,All IMD Quintiles,All Regions,All Routes,Advanced,All Ages,All Years
1.25,0.73,0.71,0.75,Female,All IMD Quintiles,All Regions,All Routes,Advanced,All Ages,All Years
1.5,0.71,0.69,0.72,Female,All IMD Quintiles,All Regions,All Routes,Advanced,All Ages,All Years
1.75,0.69,0.67,0.70,Female,All IMD Quintiles,All Regions,All Routes,Advanced,All Ages,All Years
2,0.67,0.65,0.69,Female,All IMD Quintiles,All Regions,All Routes,Advanced,All Ages,All Years
2.25,0.66,0.64,0.68,Female,All IMD Quintiles,All Regions,All Routes,Advanced,All Ages,All Years
2.5,0.64,0.63,0.66,Female,All IMD Quintiles,All Regions,All Routes,Advanced,All Ages,All Years
2.75,0.64,0.62,0.65,Female,All IMD Quintiles,All Regions,All Routes,Advanced,All Ages,All Years
3,0.63,0.61,0.65,Female,All IMD Quintiles,All Regions,All Routes,Advanced,All Ages,All Years
3.25,0.62,0.60,0.63,Female,All IMD Quintiles,All Regions,All Routes,Advanced,All Ages,All Years
3.5,0.61,0.59,0.63,Female,All IMD Quintiles,All Regions,All Routes,Advanced,All Ages,All Years
3.75,0.60,0.58,0.62,Female,All IMD Quintiles,All Regions,All Routes,Advanced,All Ages,All Years
4,0.59,0.57,0.61,Female,All IMD Quintiles,All Regions,All Routes,Advanced,All Ages,All Years
4.25,0.59,0.57,0.61,Female,All IMD Quintiles,All Regions,All Routes,Advanced,All Ages,All Years
4.5,0.58,0.56,0.60,Female,All IMD Quintiles,All Regions,All Routes,Advanced,All Ages,All Years
4.75,0.58,0.56,0.60,Female,All IMD Quintiles,All Regions,All Routes,Advanced,All Ages,All Years
5,0.57,0.55,0.59,Female,All IMD Quintiles,All Regions,All Routes,Advanced,All Ages,All Years
0.25,0.99,0.98,1.00,Female,All IMD Quintiles,All Regions,All Routes,All Stages,0-49,All Years
0.5,0.97,0.96,0.99,Female,All IMD Quintiles,All Regions,All Routes,All Stages,0-49,All Years
0.75,0.95,0.94,0.97,Female,All IMD Quintiles,All Regions,All Routes,All Stages,0-49,All Years
1,0.93,0.91,0.95,Female,All IMD Quintiles,All Regions,All Routes,All Stages,0-49,All Years
1.25,0.91,0.88,0.93,Female,All IMD Quintiles,All Regions,All Routes,All Stages,0-49,All Years
1.5,0.90,0.87,0.92,Female,All IMD Quintiles,All Regions,All Routes,All Stages,0-49,All Years
1.75,0.88,0.85,0.91,Female,All IMD Quintiles,All Regions,All Routes,All Stages,0-49,All Years
2,0.86,0.84,0.89,Female,All IMD Quintiles,All Regions,All Routes,All Stages,0-49,All Years
2.25,0.86,0.83,0.89,Female,All IMD Quintiles,All Regions,All Routes,All Stages,0-49,All Years
2.5,0.85,0.82,0.88,Female,All IMD Quintiles,All Regions,All Routes,All Stages,0-49,All Years
2.75,0.84,0.81,0.88,Female,All IMD Quintiles,All Regions,All Routes,All Stages,0-49,All Years
3,0.84,0.81,0.87,Female,All IMD Quintiles,All Regions,All Routes,All Stages,0-49,All Years
3.25,0.84,0.80,0.87,Female,All IMD Quintiles,All Regions,All Routes,All Stages,0-49,All Years
3.5,0.83,0.80,0.87,Female,All IMD Quintiles,All Regions,All Routes,All Stages,0-49,All Years
3.75,0.83,0.80,0.87,Female,All IMD Quintiles,All Regions,All Routes,All Stages,0-49,All Years
4,0.83,0.80,0.86,Female,All IMD Quintiles,All Regions,All Routes,All Stages,0-49,All Years
4.25,0.83,0.79,0.86,Female,All IMD Quintiles,All Regions,All Routes,All Stages,0-49,All Years
4.5,0.82,0.79,0.86,Female,All IMD Quintiles,All Regions,All Routes,All Stages,0-49,All Years
4.75,0.82,0.79,0.86,Female,All IMD Quintiles,All Regions,All Routes,All Stages,0-49,All Years
5,0.82,0.78,0.85,Female,All IMD Quintiles,All Regions,All Routes,All Stages,0-49,All Years
0,1.00,1.00,1.00,Female,All IMD Quintiles,All Regions,All Routes,All Stages,50-54,All Years
0.25,0.97,0.96,0.98,Female,All IMD Quintiles,All Regions,All Routes,All Stages,50-54,All Years
0.5,0.95,0.93,0.96,Female,All IMD Quintiles,All Regions,All Routes,All Stages,50-54,All Years
0.75,0.91,0.89,0.93,Female,All IMD Quintiles,All Regions,All Routes,All Stages,50-54,All Years
1,0.89,0.86,0.91,Female,All IMD Quintiles,All Regions,All Routes,All Stages,50-54,All Years
1.25,0.87,0.84,0.89,Female,All IMD Quintiles,All Regions,All Routes,All Stages,50-54,All Years
1.5,0.85,0.82,0.88,Female,All IMD Quintiles,All Regions,All Routes,All Stages,50-54,All Years
1.75,0.84,0.81,0.87,Female,All IMD Quintiles,All Regions,All Routes,All Stages,50-54,All Years
2,0.83,0.80,0.86,Female,All IMD Quintiles,All Regions,All Routes,All Stages,50-54,All Years
2.25,0.83,0.80,0.86,Female,All IMD Quintiles,All Regions,All Routes,All Stages,50-54,All Years
2.5,0.81,0.78,0.84,Female,All IMD Quintiles,All Regions,All Routes,All Stages,50-54,All Years
2.75,0.80,0.77,0.83,Female,All IMD Quintiles,All Regions,All Routes,All Stages,50-54,All Years
3,0.79,0.76,0.82,Female,All IMD Quintiles,All Regions,All Routes,All Stages,50-54,All Years
3.25,0.78,0.75,0.82,Female,All IMD Quintiles,All Regions,All Routes,All Stages,50-54,All Years
3.5,0.77,0.74,0.81,Female,All IMD Quintiles,All Regions,All Routes,All Stages,50-54,All Years
3.75,0.77,0.73,0.81,Female,All IMD Quintiles,All Regions,All Routes,All Stages,50-54,All Years
4,0.77,0.73,0.81,Female,All IMD Quintiles,All Regions,All Routes,All Stages,50-54,All Years
4.25,0.76,0.73,0.80,Female,All IMD Quintiles,All Regions,All Routes,All Stages,50-54,All Years
4.5,0.76,0.73,0.80,Female,All IMD Quintiles,All Regions,All Routes,All Stages,50-54,All Years
4.75,0.76,0.72,0.80,Female,All IMD Quintiles,All Regions,All Routes,All Stages,50-54,All Years
5,0.76,0.72,0.80,Female,All IMD Quintiles,All Regions,All Routes,All Stages,50-54,All Years
0,1.00,1.00,1.00,Female,All IMD Quintiles,All Regions,All Routes,All Stages,55-59,All Years
0.25,0.97,0.95,0.98,Female,All IMD Quintiles,All Regions,All Routes,All Stages,55-59,All Years
0.5,0.94,0.92,0.95,Female,All IMD Quintiles,All Regions,All Routes,All Stages,55-59,All Years
0.75,0.91,0.89,0.93,Female,All IMD Quintiles,All Regions,All Routes,All Stages,55-59,All Years
1,0.88,0.86,0.90,Female,All IMD Quintiles,All Regions,All Routes,All Stages,55-59,All Years
1.25,0.87,0.84,0.89,Female,All IMD Quintiles,All Regions,All Routes,All Stages,55-59,All Years
1.5,0.86,0.83,0.88,Female,All IMD Quintiles,All Regions,All Routes,All Stages,55-59,All Years
1.75,0.84,0.81,0.86,Female,All IMD Quintiles,All Regions,All Routes,All Stages,55-59,All Years
2,0.82,0.80,0.85,Female,All IMD Quintiles,All Regions,All Routes,All Stages,55-59,All Years
2.25,0.82,0.79,0.84,Female,All IMD Quintiles,All Regions,All Routes,All Stages,55-59,All Years
2.5,0.81,0.78,0.83,Female,All IMD Quintiles,All Regions,All Routes,All Stages,55-59,All Years
2.75,0.79,0.76,0.82,Female,All IMD Quintiles,All Regions,All Routes,All Stages,55-59,All Years
3,0.78,0.75,0.81,Female,All IMD Quintiles,All Regions,All Routes,All Stages,55-59,All Years
3.25,0.77,0.74,0.80,Female,All IMD Quintiles,All Regions,All Routes,All Stages,55-59,All Years
3.5,0.77,0.73,0.80,Female,All IMD Quintiles,All Regions,All Routes,All Stages,55-59,All Years
3.75,0.77,0.73,0.80,Female,All IMD Quintiles,All Regions,All Routes,All Stages,55-59,All Years
4,0.75,0.72,0.79,Female,All IMD Quintiles,All Regions,All Routes,All Stages,55-59,All Years
4.25,0.75,0.72,0.79,Female,All IMD Quintiles,All Regions,All Routes,All Stages,55-59,All Years
4.5,0.74,0.71,0.78,Female,All IMD Quintiles,All Regions,All Routes,All Stages,55-59,All Years
4.75,0.72,0.68,0.76,Female,All IMD Quintiles,All Regions,All Routes,All Stages,55-59,All Years
5,0.72,0.68,0.76,Female,All IMD Quintiles,All Regions,All Routes,All Stages,55-59,All Years
0,1.00,1.00,1.00,Female,All IMD Quintiles,All Regions,All Routes,All Stages,60-64,All Years
0.25,0.94,0.93,0.96,Female,All IMD Quintiles,All Regions,All Routes,All Stages,60-64,All Years
0.5,0.89,0.87,0.92,Female,All IMD Quintiles,All Regions,All Routes,All Stages,60-64,All Years
0.75,0.86,0.84,0.89,Female,All IMD Quintiles,All Regions,All Routes,All Stages,60-64,All Years
1,0.84,0.81,0.86,Female,All IMD Quintiles,All Regions,All Routes,All Stages,60-64,All Years
1.25,0.81,0.79,0.84,Female,All IMD Quintiles,All Regions,All Routes,All Stages,60-64,All Years
1.5,0.80,0.77,0.83,Female,All IMD Quintiles,All Regions,All Routes,All Stages,60-64,All Years
1.75,0.77,0.75,0.80,Female,All IMD Quintiles,All Regions,All Routes,All Stages,60-64,All Years
2,0.76,0.73,0.79,Female,All IMD Quintiles,All Regions,All Routes,All Stages,60-64,All Years
2.25,0.75,0.72,0.78,Female,All IMD Quintiles,All Regions,All Routes,All Stages,60-64,All Years
2.5,0.74,0.71,0.77,Female,All IMD Quintiles,All Regions,All Routes,All Stages,60-64,All Years
2.75,0.73,0.70,0.77,Female,All IMD Quintiles,All Regions,All Routes,All Stages,60-64,All Years
3,0.73,0.70,0.76,Female,All IMD Quintiles,All Regions,All Routes,All Stages,60-64,All Years
3.25,0.72,0.68,0.75,Female,All IMD Quintiles,All Regions,All Routes,All Stages,60-64,All Years
3.5,0.71,0.68,0.74,Female,All IMD Quintiles,All Regions,All Routes,All Stages,60-64,All Years
3.75,0.69,0.66,0.73,Female,All IMD Quintiles,All Regions,All Routes,All Stages,60-64,All Years
4,0.69,0.65,0.72,Female,All IMD Quintiles,All Regions,All Routes,All Stages,60-64,All Years
4.25,0.68,0.64,0.72,Female,All IMD Quintiles,All Regions,All Routes,All Stages,60-64,All Years
4.5,0.68,0.64,0.71,Female,All IMD Quintiles,All Regions,All Routes,All Stages,60-64,All Years
4.75,0.67,0.64,0.71,Female,All IMD Quintiles,All Regions,All Routes,All Stages,60-64,All Years
5,0.66,0.62,0.69,Female,All IMD Quintiles,All Regions,All Routes,All Stages,60-64,All Years
0,1.00,1.00,1.00,Female,All IMD Quintiles,All Regions,All Routes,All Stages,65-69,All Years
0.25,0.95,0.93,0.96,Female,All IMD Quintiles,All Regions,All Routes,All Stages,65-69,All Years
0.5,0.90,0.87,0.92,Female,All IMD Quintiles,All Regions,All Routes,All Stages,65-69,All Years
0.75,0.86,0.83,0.88,Female,All IMD Quintiles,All Regions,All Routes,All Stages,65-69,All Years
1,0.83,0.80,0.86,Female,All IMD Quintiles,All Regions,All Routes,All Stages,65-69,All Years
1.25,0.80,0.77,0.83,Female,All IMD Quintiles,All Regions,All Routes,All Stages,65-69,All Years
1.5,0.78,0.75,0.81,Female,All IMD Quintiles,All Regions,All Routes,All Stages,65-69,All Years
1.75,0.76,0.73,0.79,Female,All IMD Quintiles,All Regions,All Routes,All Stages,65-69,All Years
2,0.74,0.71,0.78,Female,All IMD Quintiles,All Regions,All Routes,All Stages,65-69,All Years
2.25,0.73,0.70,0.76,Female,All IMD Quintiles,All Regions,All Routes,All Stages,65-69,All Years
2.5,0.72,0.68,0.76,Female,All IMD Quintiles,All Regions,All Routes,All Stages,65-69,All Years
2.75,0.71,0.67,0.74,Female,All IMD Quintiles,All Regions,All Routes,All Stages,65-69,All Years
3,0.69,0.66,0.73,Female,All IMD Quintiles,All Regions,All Routes,All Stages,65-69,All Years
3.25,0.69,0.65,0.72,Female,All IMD Quintiles,All Regions,All Routes,All Stages,65-69,All Years
3.5,0.67,0.63,0.71,Female,All IMD Quintiles,All Regions,All Routes,All Stages,65-69,All Years
3.75,0.65,0.61,0.69,Female,All IMD Quintiles,All Regions,All Routes,All Stages,65-69,All Years
4,0.64,0.60,0.68,Female,All IMD Quintiles,All Regions,All Routes,All Stages,65-69,All Years
4.25,0.64,0.60,0.68,Female,All IMD Quintiles,All Regions,All Routes,All Stages,65-69,All Years
4.5,0.63,0.59,0.68,Female,All IMD Quintiles,All Regions,All Routes,All Stages,65-69,All Years
4.75,0.62,0.58,0.67,Female,All IMD Quintiles,All Regions,All Routes,All Stages,65-69,All Years
5,0.61,0.57,0.66,Female,All IMD Quintiles,All Regions,All Routes,All Stages,65-69,All Years
0,1.00,0.99,1.00,Female,All IMD Quintiles,All Regions,All Routes,All Stages,70-74,All Years
0.25,0.92,0.90,0.94,Female,All IMD Quintiles,All Regions,All Routes,All Stages,70-74,All Years
0.5,0.85,0.82,0.88,Female,All IMD Quintiles,All Regions,All Routes,All Stages,70-74,All Years
0.75,0.79,0.76,0.83,Female,All IMD Quintiles,All Regions,All Routes,All Stages,70-74,All Years
1,0.75,0.72,0.79,Female,All IMD Quintiles,All Regions,All Routes,All Stages,70-74,All Years
1.25,0.72,0.68,0.76,Female,All IMD Quintiles,All Regions,All Routes,All Stages,70-74,All Years
1.5,0.69,0.65,0.73,Female,All IMD Quintiles,All Regions,All Routes,All Stages,70-74,All Years
1.75,0.68,0.64,0.72,Female,All IMD Quintiles,All Regions,All Routes,All Stages,70-74,All Years
2,0.66,0.62,0.70,Female,All IMD Quintiles,All Regions,All Routes,All Stages,70-74,All Years
2.25,0.65,0.61,0.69,Female,All IMD Quintiles,All Regions,All Routes,All Stages,70-74,All Years
2.5,0.62,0.58,0.67,Female,All IMD Quintiles,All Regions,All Routes,All Stages,70-74,All Years
2.75,0.61,0.56,0.65,Female,All IMD Quintiles,All Regions,All Routes,All Stages,70-74,All Years
3,0.60,0.56,0.64,Female,All IMD Quintiles,All Regions,All Routes,All Stages,70-74,All Years
3.25,0.57,0.53,0.62,Female,All IMD Quintiles,All Regions,All Routes,All Stages,70-74,All Years
3.5,0.56,0.51,0.60,Female,All IMD Quintiles,All Regions,All Routes,All Stages,70-74,All Years
3.75,0.54,0.49,0.59,Female,All IMD Quintiles,All Regions,All Routes,All Stages,70-74,All Years
4,0.54,0.49,0.58,Female,All IMD Quintiles,All Regions,All Routes,All Stages,70-74,All Years
4.25,0.53,0.48,0.58,Female,All IMD Quintiles,All Regions,All Routes,All Stages,70-74,All Years
4.5,0.51,0.46,0.56,Female,All IMD Quintiles,All Regions,All Routes,All Stages,70-74,All Years
4.75,0.50,0.45,0.55,Female,All IMD Quintiles,All Regions,All Routes,All Stages,70-74,All Years
5,0.50,0.44,0.55,Female,All IMD Quintiles,All Regions,All Routes,All Stages,70-74,All Years
0,0.99,0.98,1.00,Female,All IMD Quintiles,All Regions,All Routes,All Stages,75-79,All Years
0.25,0.87,0.83,0.90,Female,All IMD Quintiles,All Regions,All Routes,All Stages,75-79,All Years
0.5,0.77,0.73,0.82,Female,All IMD Quintiles,All Regions,All Routes,All Stages,75-79,All Years
0.75,0.73,0.68,0.78,Female,All IMD Quintiles,All Regions,All Routes,All Stages,75-79,All Years
1,0.69,0.64,0.74,Female,All IMD Quintiles,All Regions,All Routes,All Stages,75-79,All Years
1.25,0.65,0.60,0.70,Female,All IMD Quintiles,All Regions,All Routes,All Stages,75-79,All Years
1.5,0.62,0.57,0.68,Female,All IMD Quintiles,All Regions,All Routes,All Stages,75-79,All Years
1.75,0.58,0.53,0.64,Female,All IMD Quintiles,All Regions,All Routes,All Stages,75-79,All Years
2,0.56,0.50,0.61,Female,All IMD Quintiles,All Regions,All Routes,All Stages,75-79,All Years
2.25,0.53,0.47,0.58,Female,All IMD Quintiles,All Regions,All Routes,All Stages,75-79,All Years
2.5,0.52,0.47,0.58,Female,All IMD Quintiles,All Regions,All Routes,All Stages,75-79,All Years
2.75,0.52,0.46,0.58,Female,All IMD Quintiles,All Regions,All Routes,All Stages,75-79,All Years
3,0.50,0.44,0.56,Female,All IMD Quintiles,All Regions,All Routes,All Stages,75-79,All Years
3.25,0.47,0.41,0.53,Female,All IMD Quintiles,All Regions,All Routes,All Stages,75-79,All Years
3.5,0.46,0.41,0.52,Female,All IMD Quintiles,All Regions,All Routes,All Stages,75-79,All Years
3.75,0.46,0.40,0.52,Female,All IMD Quintiles,All Regions,All Routes,All Stages,75-79,All Years
4,0.44,0.38,0.51,Female,All IMD Quintiles,All Regions,All Routes,All Stages,75-79,All Years
4.25,0.44,0.37,0.50,Female,All IMD Quintiles,All Regions,All Routes,All Stages,75-79,All Years
4.5,0.44,0.37,0.50,Female,All IMD Quintiles,All Regions,All Routes,All Stages,75-79,All Years
4.75,0.44,0.37,0.50,Female,All IMD Quintiles,All Regions,All Routes,All Stages,75-79,All Years
5,0.42,0.36,0.49,Female,All IMD Quintiles,All Regions,All Routes,All Stages,75-79,All Years
0,0.99,0.98,1.01,Female,All IMD Quintiles,All Regions,All Routes,All Stages,80-84,All Years
0.25,0.81,0.75,0.87,Female,All IMD Quintiles,All Regions,All Routes,All Stages,80-84,All Years
0.5,0.73,0.66,0.80,Female,All IMD Quintiles,All Regions,All Routes,All Stages,80-84,All Years
0.75,0.61,0.54,0.69,Female,All IMD Quintiles,All Regions,All Routes,All Stages,80-84,All Years
1,0.57,0.50,0.65,Female,All IMD Quintiles,All Regions,All Routes,All Stages,80-84,All Years
1.25,0.55,0.48,0.63,Female,All IMD Quintiles,All Regions,All Routes,All Stages,80-84,All Years
1.5,0.52,0.45,0.60,Female,All IMD Quintiles,All Regions,All Routes,All Stages,80-84,All Years
1.75,0.50,0.42,0.58,Female,All IMD Quintiles,All Regions,All Routes,All Stages,80-84,All Years
2,0.48,0.40,0.56,Female,All IMD Quintiles,All Regions,All Routes,All Stages,80-84,All Years
2.25,0.48,0.39,0.56,Female,All IMD Quintiles,All Regions,All Routes,All Stages,80-84,All Years
2.5,0.46,0.37,0.54,Female,All IMD Quintiles,All Regions,All Routes,All Stages,80-84,All Years
2.75,0.43,0.35,0.52,Female,All IMD Quintiles,All Regions,All Routes,All Stages,80-84,All Years
3,0.42,0.34,0.51,Female,All IMD Quintiles,All Regions,All Routes,All Stages,80-84,All Years
3.25,0.42,0.34,0.51,Female,All IMD Quintiles,All Regions,All Routes,All Stages,80-84,All Years
3.5,0.39,0.30,0.47,Female,All IMD Quintiles,All Regions,All Routes,All Stages,80-84,All Years
3.75,0.39,0.30,0.47,Female,All IMD Quintiles,All Regions,All Routes,All Stages,80-84,All Years
4.25,0.37,0.29,0.46,Female,All IMD Quintiles,All Regions,All Routes,All Stages,80-84,All Years
4.5,0.36,0.27,0.44,Female,All IMD Quintiles,All Regions,All Routes,All Stages,80-84,All Years
4.75,0.36,0.27,0.44,Female,All IMD Quintiles,All Regions,All Routes,All Stages,80-84,All Years
0,0.99,0.97,1.01,Female,All IMD Quintiles,All Regions,All Routes,All Stages,85-89,All Years
0.25,0.74,0.65,0.83,Female,All IMD Quintiles,All Regions,All Routes,All Stages,85-89,All Years
0.5,0.54,0.44,0.64,Female,All IMD Quintiles,All Regions,All Routes,All Stages,85-89,All Years
0.75,0.48,0.38,0.58,Female,All IMD Quintiles,All Regions,All Routes,All Stages,85-89,All Years
1,0.47,0.37,0.57,Female,All IMD Quintiles,All Regions,All Routes,All Stages,85-89,All Years
1.25,0.40,0.30,0.50,Female,All IMD Quintiles,All Regions,All Routes,All Stages,85-89,All Years
1.5,0.32,0.22,0.41,Female,All IMD Quintiles,All Regions,All Routes,All Stages,85-89,All Years
1.75,0.32,0.22,0.41,Female,All IMD Quintiles,All Regions,All Routes,All Stages,85-89,All Years
2,0.29,0.20,0.39,Female,All IMD Quintiles,All Regions,All Routes,All Stages,85-89,All Years
2.25,0.27,0.17,0.36,Female,All IMD Quintiles,All Regions,All Routes,All Stages,85-89,All Years
2.5,0.27,0.17,0.36,Female,All IMD Quintiles,All Regions,All Routes,All Stages,85-89,All Years
3.25,0.23,0.14,0.32,Female,All IMD Quintiles,All Regions,All Routes,All Stages,85-89,All Years
3.5,0.21,0.12,0.30,Female,All IMD Quintiles,All Regions,All Routes,All Stages,85-89,All Years
3.75,0.19,0.10,0.28,Female,All IMD Quintiles,All Regions,All Routes,All Stages,85-89,All Years
4.25,0.19,0.10,0.28,Female,All IMD Quintiles,All Regions,All Routes,All Stages,85-89,All Years
4.5,0.17,0.08,0.26,Female,All IMD Quintiles,All Regions,All Routes,All Stages,85-89,All Years
5,0.17,0.08,0.26,Female,All IMD Quintiles,All Regions,All Routes,All Stages,85-89,All Years
0,0.98,0.94,1.02,Female,All IMD Quintiles,All Regions,All Routes,All Stages,90+,All Years
0.25,0.64,0.50,0.77,Female,All IMD Quintiles,All Regions,All Routes,All Stages,90+,All Years
0.5,0.38,0.25,0.52,Female,All IMD Quintiles,All Regions,All Routes,All Stages,90+,All Years
0.75,0.26,0.13,0.38,Female,All IMD Quintiles,All Regions,All Routes,All Stages,90+,All Years
1,0.19,0.08,0.30,Female,All IMD Quintiles,All Regions,All Routes,All Stages,90+,All Years
1.25,0.17,0.07,0.27,Female,All IMD Quintiles,All Regions,All Routes,All Stages,90+,All Years
1.5,0.14,0.04,0.23,Female,All IMD Quintiles,All Regions,All Routes,All Stages,90+,All Years
1.75,0.14,0.04,0.23,Female,All IMD Quintiles,All Regions,All Routes,All Stages,90+,All Years
2,0.09,0.00,0.18,Female,All IMD Quintiles,All Regions,All Routes,All Stages,90+,All Years
3.25,0.05,-0.02,0.11,Female,All IMD Quintiles,All Regions,All Routes,All Stages,90+,All Years
0,1.00,1.00,1.00,Female,All IMD Quintiles,All Regions,All Routes,All Stages,All Ages,2016
0.25,0.96,0.94,0.97,Female,All IMD Quintiles,All Regions,All Routes,All Stages,All Ages,2016
0.5,0.90,0.88,0.93,Female,All IMD Quintiles,All Regions,All Routes,All Stages,All Ages,2016
0.75,0.85,0.82,0.87,Female,All IMD Quintiles,All Regions,All Routes,All Stages,All Ages,2016
1,0.81,0.78,0.84,Female,All IMD Quintiles,All Regions,All Routes,All Stages,All Ages,2016
1.25,0.77,0.74,0.80,Female,All IMD Quintiles,All Regions,All Routes,All Stages,All Ages,2016
1.5,0.76,0.72,0.79,Female,All IMD Quintiles,All Regions,All Routes,All Stages,All Ages,2016
1.75,0.73,0.70,0.77,Female,All IMD Quintiles,All Regions,All Routes,All Stages,All Ages,2016
2,0.71,0.68,0.75,Female,All IMD Quintiles,All Regions,All Routes,All Stages,All Ages,2016
2.25,0.70,0.66,0.73,Female,All IMD Quintiles,All Regions,All Routes,All Stages,All Ages,2016
2.5,0.69,0.65,0.72,Female,All IMD Quintiles,All Regions,All Routes,All Stages,All Ages,2016
2.75,0.68,0.65,0.72,Female,All IMD Quintiles,All Regions,All Routes,All Stages,All Ages,2016
3,0.68,0.64,0.71,Female,All IMD Quintiles,All Regions,All Routes,All Stages,All Ages,2016
3.25,0.66,0.62,0.69,Female,All IMD Quintiles,All Regions,All Routes,All Stages,All Ages,2016
3.5,0.65,0.62,0.69,Female,All IMD Quintiles,All Regions,All Routes,All Stages,All Ages,2016
3.75,0.64,0.61,0.68,Female,All IMD Quintiles,All Regions,All Routes,All Stages,All Ages,2016
4,0.64,0.60,0.67,Female,All IMD Quintiles,All Regions,All Routes,All Stages,All Ages,2016
4.25,0.63,0.60,0.67,Female,All IMD Quintiles,All Regions,All Routes,All Stages,All Ages,2016
4.5,0.63,0.60,0.67,Female,All IMD Quintiles,All Regions,All Routes,All Stages,All Ages,2016
4.75,0.62,0.59,0.66,Female,All IMD Quintiles,All Regions,All Routes,All Stages,All Ages,2016
5,0.62,0.58,0.65,Female,All IMD Quintiles,All Regions,All Routes,All Stages,All Ages,2016
0,1.00,1.00,1.00,Female,All IMD Quintiles,All Regions,All Routes,All Stages,All Ages,2017
0.25,0.92,0.90,0.94,Female,All IMD Quintiles,All Regions,All Routes,All Stages,All Ages,2017
0.5,0.86,0.83,0.88,Female,All IMD Quintiles,All Regions,All Routes,All Stages,All Ages,2017
0.75,0.82,0.79,0.85,Female,All IMD Quintiles,All Regions,All Routes,All Stages,All Ages,2017
1,0.80,0.77,0.83,Female,All IMD Quintiles,All Regions,All Routes,All Stages,All Ages,2017
1.25,0.78,0.74,0.81,Female,All IMD Quintiles,All Regions,All Routes,All Stages,All Ages,2017
1.5,0.76,0.72,0.79,Female,All IMD Quintiles,All Regions,All Routes,All Stages,All Ages,2017
1.75,0.73,0.69,0.76,Female,All IMD Quintiles,All Regions,All Routes,All Stages,All Ages,2017
2,0.72,0.68,0.75,Female,All IMD Quintiles,All Regions,All Routes,All Stages,All Ages,2017
2.25,0.71,0.68,0.75,Female,All IMD Quintiles,All Regions,All Routes,All Stages,All Ages,2017
2.5,0.70,0.67,0.74,Female,All IMD Quintiles,All Regions,All Routes,All Stages,All Ages,2017
2.75,0.70,0.66,0.73,Female,All IMD Quintiles,All Regions,All Routes,All Stages,All Ages,2017
3,0.69,0.66,0.73,Female,All IMD Quintiles,All Regions,All Routes,All Stages,All Ages,2017
3.25,0.69,0.65,0.72,Female,All IMD Quintiles,All Regions,All Routes,All Stages,All Ages,2017
3.5,0.68,0.64,0.71,Female,All IMD Quintiles,All Regions,All Routes,All Stages,All Ages,2017
3.75,0.67,0.63,0.70,Female,All IMD Quintiles,All Regions,All Routes,All Stages,All Ages,2017
4,0.66,0.62,0.70,Female,All IMD Quintiles,All Regions,All Routes,All Stages,All Ages,2017
4.25,0.65,0.62,0.69,Female,All IMD Quintiles,All Regions,All Routes,All Stages,All Ages,2017
4.5,0.65,0.61,0.69,Female,All IMD Quintiles,All Regions,All Routes,All Stages,All Ages,2017
4.75,0.65,0.61,0.68,Female,All IMD Quintiles,All Regions,All Routes,All Stages,All Ages,2017
5,0.64,0.61,0.68,Female,All IMD Quintiles,All Regions,All Routes,All Stages,All Ages,2017
0,1.00,1.00,1.00,Female,All IMD Quintiles,All Regions,All Routes,All Stages,All Ages,2018
0.25,0.94,0.92,0.95,Female,All IMD Quintiles,All Regions,All Routes,All Stages,All Ages,2018
0.5,0.89,0.87,0.92,Female,All IMD Quintiles,All Regions,All Routes,All Stages,All Ages,2018
0.75,0.87,0.84,0.89,Female,All IMD Quintiles,All Regions,All Routes,All Stages,All Ages,2018
1,0.84,0.81,0.87,Female,All IMD Quintiles,All Regions,All Routes,All Stages,All Ages,2018
1.25,0.82,0.79,0.85,Female,All IMD Quintiles,All Regions,All Routes,All Stages,All Ages,2018
1.5,0.79,0.77,0.82,Female,All IMD Quintiles,All Regions,All Routes,All Stages,All Ages,2018
1.75,0.78,0.75,0.81,Female,All IMD Quintiles,All Regions,All Routes,All Stages,All Ages,2018
2,0.76,0.73,0.79,Female,All IMD Quintiles,All Regions,All Routes,All Stages,All Ages,2018
2.25,0.75,0.72,0.78,Female,All IMD Quintiles,All Regions,All Routes,All Stages,All Ages,2018
2.5,0.73,0.70,0.77,Female,All IMD Quintiles,All Regions,All Routes,All Stages,All Ages,2018
2.75,0.72,0.69,0.76,Female,All IMD Quintiles,All Regions,All Routes,All Stages,All Ages,2018
3,0.71,0.68,0.74,Female,All IMD Quintiles,All Regions,All Routes,All Stages,All Ages,2018
3.25,0.70,0.67,0.73,Female,All IMD Quintiles,All Regions,All Routes,All Stages,All Ages,2018
3.5,0.69,0.65,0.72,Female,All IMD Quintiles,All Regions,All Routes,All Stages,All Ages,2018
3.75,0.68,0.65,0.71,Female,All IMD Quintiles,All Regions,All Routes,All Stages,All Ages,2018
4,0.68,0.64,0.71,Female,All IMD Quintiles,All Regions,All Routes,All Stages,All Ages,2018
4.25,0.67,0.63,0.70,Female,All IMD Quintiles,All Regions,All Routes,All Stages,All Ages,2018
4.5,0.66,0.62,0.69,Female,All IMD Quintiles,All Regions,All Routes,All Stages,All Ages,2018
4.75,0.64,0.60,0.68,Female,All IMD Quintiles,All Regions,All Routes,All Stages,All Ages,2018
5,0.64,0.60,0.68,Female,All IMD Quintiles,All Regions,All Routes,All Stages,All Ages,2018
0,1.00,1.00,1.00,Female,All IMD Quintiles,All Regions,All Routes,All Stages,All Ages,2019
0.25,0.94,0.92,0.95,Female,All IMD Quintiles,All Regions,All Routes,All Stages,All Ages,2019
0.5,0.89,0.87,0.91,Female,All IMD Quintiles,All Regions,All Routes,All Stages,All Ages,2019
0.75,0.85,0.82,0.87,Female,All IMD Quintiles,All Regions,All Routes,All Stages,All Ages,2019
1,0.81,0.79,0.84,Female,All IMD Quintiles,All Regions,All Routes,All Stages,All Ages,2019
1.25,0.79,0.76,0.82,Female,All IMD Quintiles,All Regions,All Routes,All Stages,All Ages,2019
1.5,0.78,0.75,0.81,Female,All IMD Quintiles,All Regions,All Routes,All Stages,All Ages,2019
1.75,0.76,0.73,0.79,Female,All IMD Quintiles,All Regions,All Routes,All Stages,All Ages,2019
2,0.75,0.72,0.78,Female,All IMD Quintiles,All Regions,All Routes,All Stages,All Ages,2019
2.25,0.74,0.71,0.77,Female,All IMD Quintiles,All Regions,All Routes,All Stages,All Ages,2019
2.5,0.73,0.70,0.76,Female,All IMD Quintiles,All Regions,All Routes,All Stages,All Ages,2019
2.75,0.71,0.68,0.74,Female,All IMD Quintiles,All Regions,All Routes,All Stages,All Ages,2019
3,0.70,0.67,0.73,Female,All IMD Quintiles,All Regions,All Routes,All Stages,All Ages,2019
3.25,0.69,0.66,0.72,Female,All IMD Quintiles,All Regions,All Routes,All Stages,All Ages,2019
3.5,0.68,0.65,0.71,Female,All IMD Quintiles,All Regions,All Routes,All Stages,All Ages,2019
3.75,0.67,0.63,0.70,Female,All IMD Quintiles,All Regions,All Routes,All Stages,All Ages,2019
4,0.67,0.63,0.70,Female,All IMD Quintiles,All Regions,All Routes,All Stages,All Ages,2019
4.25,0.67,0.63,0.70,Female,All IMD Quintiles,All Regions,All Routes,All Stages,All Ages,2019
4.75,0.67,0.63,0.70,Female,All IMD Quintiles,All Regions,All Routes,All Stages,All Ages,2019
5,0.45,0.15,0.74,Female,All IMD Quintiles,All Regions,All Routes,All Stages,All Ages,2019
0,1.00,0.99,1.00,Female,All IMD Quintiles,All Regions,All Routes,All Stages,All Ages,2020
0.25,0.93,0.92,0.95,Female,All IMD Quintiles,All Regions,All Routes,All Stages,All Ages,2020
0.5,0.88,0.86,0.91,Female,All IMD Quintiles,All Regions,All Routes,All Stages,All Ages,2020
0.75,0.84,0.82,0.87,Female,All IMD Quintiles,All Regions,All Routes,All Stages,All Ages,2020
1,0.82,0.79,0.84,Female,All IMD Quintiles,All Regions,All Routes,All Stages,All Ages,2020
1.25,0.80,0.78,0.83,Female,All IMD Quintiles,All Regions,All Routes,All Stages,All Ages,2020
1.5,0.77,0.74,0.80,Female,All IMD Quintiles,All Regions,All Routes,All Stages,All Ages,2020
1.75,0.76,0.73,0.79,Female,All IMD Quintiles,All Regions,All Routes,All Stages,All Ages,2020
2,0.74,0.71,0.77,Female,All IMD Quintiles,All Regions,All Routes,All Stages,All Ages,2020
2.25,0.73,0.70,0.76,Female,All IMD Quintiles,All Regions,All Routes,All Stages,All Ages,2020
2.5,0.72,0.69,0.75,Female,All IMD Quintiles,All Regions,All Routes,All Stages,All Ages,2020
2.75,0.71,0.68,0.74,Female,All IMD Quintiles,All Regions,All Routes,All Stages,All Ages,2020
3,0.70,0.66,0.74,Female,All IMD Quintiles,All Regions,All Routes,All Stages,All Ages,2020
3.25,0.58,0.39,0.78,Female,All IMD Quintiles,All Regions,All Routes,All Stages,All Ages,2020
4.5,0.15,-0.01,0.31,Female,All IMD Quintiles,All Regions,All Routes,All Stages,All Ages,2020
0,1.00,0.99,1.00,Female,All IMD Quintiles,All Regions,All Routes,All Stages,All Ages,2021
0.25,0.95,0.93,0.96,Female,All IMD Quintiles,All Regions,All Routes,All Stages,All Ages,2021
0.5,0.89,0.87,0.91,Female,All IMD Quintiles,All Regions,All Routes,All Stages,All Ages,2021
0.75,0.86,0.84,0.88,Female,All IMD Quintiles,All Regions,All Routes,All Stages,All Ages,2021
1,0.83,0.81,0.86,Female,All IMD Quintiles,All Regions,All Routes,All Stages,All Ages,2021
1.25,0.79,0.77,0.82,Female,All IMD Quintiles,All Regions,All Routes,All Stages,All Ages,2021
1.5,0.78,0.75,0.81,Female,All IMD Quintiles,All Regions,All Routes,All Stages,All Ages,2021
1.75,0.76,0.73,0.79,Female,All IMD Quintiles,All Regions,All Routes,All Stages,All Ages,2021
2,0.73,0.68,0.78,Female,All IMD Quintiles,All Regions,All Routes,All Stages,All Ages,2021
3.5,0.73,0.68,0.78,Female,All IMD Quintiles,All Regions,All Routes,All Stages,All Ages,2021
5,0.73,0.68,0.78,Female,All IMD Quintiles,All Regions,All Routes,All Stages,All Ages,2021
0,1.00,0.99,1.00,All Persons,IMD Q1,East Midlands,All Routes,All Stages,All Ages,All Years
0.25,0.91,0.88,0.94,All Persons,IMD Q1,East Midlands,All Routes,All Stages,All Ages,All Years
0.5,0.85,0.81,0.89,All Persons,IMD Q1,East Midlands,All Routes,All Stages,All Ages,All Years
0.75,0.81,0.77,0.86,All Persons,IMD Q1,East Midlands,All Routes,All Stages,All Ages,All Years
1,0.77,0.72,0.81,All Persons,IMD Q1,East Midlands,All Routes,All Stages,All Ages,All Years
1.25,0.74,0.69,0.79,All Persons,IMD Q1,East Midlands,All Routes,All Stages,All Ages,All Years
1.5,0.73,0.68,0.78,All Persons,IMD Q1,East Midlands,All Routes,All Stages,All Ages,All Years
1.75,0.70,0.65,0.75,All Persons,IMD Q1,East Midlands,All Routes,All Stages,All Ages,All Years
2,0.69,0.63,0.74,All Persons,IMD Q1,East Midlands,All Routes,All Stages,All Ages,All Years
2.25,0.68,0.63,0.73,All Persons,IMD Q1,East Midlands,All Routes,All Stages,All Ages,All Years
2.5,0.67,0.62,0.72,All Persons,IMD Q1,East Midlands,All Routes,All Stages,All Ages,All Years
2.75,0.64,0.58,0.69,All Persons,IMD Q1,East Midlands,All Routes,All Stages,All Ages,All Years
3,0.62,0.56,0.68,All Persons,IMD Q1,East Midlands,All Routes,All Stages,All Ages,All Years
3.25,0.61,0.56,0.67,All Persons,IMD Q1,East Midlands,All Routes,All Stages,All Ages,All Years
3.5,0.60,0.54,0.66,All Persons,IMD Q1,East Midlands,All Routes,All Stages,All Ages,All Years
3.75,0.59,0.53,0.65,All Persons,IMD Q1,East Midlands,All Routes,All Stages,All Ages,All Years
4,0.58,0.52,0.64,All Persons,IMD Q1,East Midlands,All Routes,All Stages,All Ages,All Years
4.25,0.58,0.51,0.64,All Persons,IMD Q1,East Midlands,All Routes,All Stages,All Ages,All Years
4.5,0.56,0.50,0.62,All Persons,IMD Q1,East Midlands,All Routes,All Stages,All Ages,All Years
4.75,0.56,0.50,0.62,All Persons,IMD Q1,East Midlands,All Routes,All Stages,All Ages,All Years
5,0.56,0.50,0.62,All Persons,IMD Q1,East Midlands,All Routes,All Stages,All Ages,All Years
0,0.99,0.98,1.00,All Persons,IMD Q1,East of England,All Routes,All Stages,All Ages,All Years
0.25,0.93,0.90,0.96,All Persons,IMD Q1,East of England,All Routes,All Stages,All Ages,All Years
0.5,0.91,0.88,0.95,All Persons,IMD Q1,East of England,All Routes,All Stages,All Ages,All Years
0.75,0.87,0.83,0.91,All Persons,IMD Q1,East of England,All Routes,All Stages,All Ages,All Years
1,0.84,0.80,0.89,All Persons,IMD Q1,East of England,All Routes,All Stages,All Ages,All Years
1.25,0.82,0.77,0.87,All Persons,IMD Q1,East of England,All Routes,All Stages,All Ages,All Years
1.5,0.80,0.75,0.85,All Persons,IMD Q1,East of England,All Routes,All Stages,All Ages,All Years
1.75,0.75,0.70,0.81,All Persons,IMD Q1,East of England,All Routes,All Stages,All Ages,All Years
2,0.73,0.67,0.79,All Persons,IMD Q1,East of England,All Routes,All Stages,All Ages,All Years
2.25,0.69,0.63,0.75,All Persons,IMD Q1,East of England,All Routes,All Stages,All Ages,All Years
2.5,0.68,0.62,0.74,All Persons,IMD Q1,East of England,All Routes,All Stages,All Ages,All Years
2.75,0.67,0.61,0.74,All Persons,IMD Q1,East of England,All Routes,All Stages,All Ages,All Years
3,0.66,0.60,0.73,All Persons,IMD Q1,East of England,All Routes,All Stages,All Ages,All Years
3.25,0.64,0.57,0.71,All Persons,IMD Q1,East of England,All Routes,All Stages,All Ages,All Years
3.5,0.63,0.57,0.70,All Persons,IMD Q1,East of England,All Routes,All Stages,All Ages,All Years
3.75,0.62,0.56,0.69,All Persons,IMD Q1,East of England,All Routes,All Stages,All Ages,All Years
4,0.62,0.56,0.69,All Persons,IMD Q1,East of England,All Routes,All Stages,All Ages,All Years
4.25,0.62,0.55,0.68,All Persons,IMD Q1,East of England,All Routes,All Stages,All Ages,All Years
4.5,0.60,0.53,0.68,All Persons,IMD Q1,East of England,All Routes,All Stages,All Ages,All Years
4.75,0.60,0.53,0.68,All Persons,IMD Q1,East of England,All Routes,All Stages,All Ages,All Years
5,0.60,0.53,0.68,All Persons,IMD Q1,East of England,All Routes,All Stages,All Ages,All Years
0,1.00,0.99,1.00,All Persons,IMD Q1,London,All Routes,All Stages,All Ages,All Years
0.25,0.93,0.91,0.96,All Persons,IMD Q1,London,All Routes,All Stages,All Ages,All Years
0.5,0.82,0.78,0.87,All Persons,IMD Q1,London,All Routes,All Stages,All Ages,All Years
0.75,0.77,0.72,0.81,All Persons,IMD Q1,London,All Routes,All Stages,All Ages,All Years
1,0.70,0.65,0.75,All Persons,IMD Q1,London,All Routes,All Stages,All Ages,All Years
1.25,0.68,0.62,0.73,All Persons,IMD Q1,London,All Routes,All Stages,All Ages,All Years
1.5,0.66,0.60,0.71,All Persons,IMD Q1,London,All Routes,All Stages,All Ages,All Years
1.75,0.64,0.58,0.69,All Persons,IMD Q1,London,All Routes,All Stages,All Ages,All Years
2,0.60,0.55,0.66,All Persons,IMD Q1,London,All Routes,All Stages,All Ages,All Years
2.25,0.59,0.53,0.64,All Persons,IMD Q1,London,All Routes,All Stages,All Ages,All Years
2.5,0.58,0.52,0.64,All Persons,IMD Q1,London,All Routes,All Stages,All Ages,All Years
2.75,0.57,0.52,0.63,All Persons,IMD Q1,London,All Routes,All Stages,All Ages,All Years
3,0.57,0.51,0.62,All Persons,IMD Q1,London,All Routes,All Stages,All Ages,All Years
3.25,0.54,0.48,0.60,All Persons,IMD Q1,London,All Routes,All Stages,All Ages,All Years
3.5,0.53,0.47,0.59,All Persons,IMD Q1,London,All Routes,All Stages,All Ages,All Years
3.75,0.52,0.46,0.58,All Persons,IMD Q1,London,All Routes,All Stages,All Ages,All Years
4,0.51,0.45,0.57,All Persons,IMD Q1,London,All Routes,All Stages,All Ages,All Years
4.25,0.51,0.45,0.57,All Persons,IMD Q1,London,All Routes,All Stages,All Ages,All Years
4.5,0.51,0.45,0.57,All Persons,IMD Q1,London,All Routes,All Stages,All Ages,All Years
4.75,0.51,0.45,0.57,All Persons,IMD Q1,London,All Routes,All Stages,All Ages,All Years
5,0.51,0.45,0.57,All Persons,IMD Q1,London,All Routes,All Stages,All Ages,All Years
0,1.00,0.99,1.00,All Persons,IMD Q1,North East,All Routes,All Stages,All Ages,All Years
0.25,0.91,0.89,0.94,All Persons,IMD Q1,North East,All Routes,All Stages,All Ages,All Years
0.5,0.85,0.82,0.88,All Persons,IMD Q1,North East,All Routes,All Stages,All Ages,All Years
0.75,0.80,0.77,0.84,All Persons,IMD Q1,North East,All Routes,All Stages,All Ages,All Years
1,0.76,0.72,0.80,All Persons,IMD Q1,North East,All Routes,All Stages,All Ages,All Years
1.25,0.71,0.67,0.75,All Persons,IMD Q1,North East,All Routes,All Stages,All Ages,All Years
1.5,0.69,0.65,0.73,All Persons,IMD Q1,North East,All Routes,All Stages,All Ages,All Years
1.75,0.66,0.62,0.70,All Persons,IMD Q1,North East,All Routes,All Stages,All Ages,All Years
2,0.64,0.60,0.68,All Persons,IMD Q1,North East,All Routes,All Stages,All Ages,All Years
2.25,0.63,0.58,0.67,All Persons,IMD Q1,North East,All Routes,All Stages,All Ages,All Years
2.5,0.61,0.57,0.66,All Persons,IMD Q1,North East,All Routes,All Stages,All Ages,All Years
2.75,0.60,0.56,0.65,All Persons,IMD Q1,North East,All Routes,All Stages,All Ages,All Years
3,0.59,0.55,0.64,All Persons,IMD Q1,North East,All Routes,All Stages,All Ages,All Years
3.25,0.58,0.53,0.62,All Persons,IMD Q1,North East,All Routes,All Stages,All Ages,All Years
3.5,0.56,0.51,0.61,All Persons,IMD Q1,North East,All Routes,All Stages,All Ages,All Years
3.75,0.55,0.50,0.60,All Persons,IMD Q1,North East,All Routes,All Stages,All Ages,All Years
4,0.55,0.50,0.60,All Persons,IMD Q1,North East,All Routes,All Stages,All Ages,All Years
4.25,0.55,0.50,0.60,All Persons,IMD Q1,North East,All Routes,All Stages,All Ages,All Years
4.5,0.54,0.49,0.59,All Persons,IMD Q1,North East,All Routes,All Stages,All Ages,All Years
4.75,0.54,0.49,0.59,All Persons,IMD Q1,North East,All Routes,All Stages,All Ages,All Years
5,0.54,0.49,0.59,All Persons,IMD Q1,North East,All Routes,All Stages,All Ages,All Years
0,1.00,1.00,1.00,All Persons,IMD Q1,North West,All Routes,All Stages,All Ages,All Years
0.25,0.91,0.90,0.93,All Persons,IMD Q1,North West,All Routes,All Stages,All Ages,All Years
0.5,0.85,0.83,0.87,All Persons,IMD Q1,North West,All Routes,All Stages,All Ages,All Years
0.75,0.80,0.78,0.82,All Persons,IMD Q1,North West,All Routes,All Stages,All Ages,All Years
1,0.76,0.73,0.78,All Persons,IMD Q1,North West,All Routes,All Stages,All Ages,All Years
1.25,0.72,0.70,0.75,All Persons,IMD Q1,North West,All Routes,All Stages,All Ages,All Years
1.5,0.70,0.67,0.72,All Persons,IMD Q1,North West,All Routes,All Stages,All Ages,All Years
1.75,0.68,0.65,0.70,All Persons,IMD Q1,North West,All Routes,All Stages,All Ages,All Years
2,0.66,0.64,0.69,All Persons,IMD Q1,North West,All Routes,All Stages,All Ages,All Years
2.25,0.65,0.62,0.68,All Persons,IMD Q1,North West,All Routes,All Stages,All Ages,All Years
2.5,0.63,0.61,0.66,All Persons,IMD Q1,North West,All Routes,All Stages,All Ages,All Years
2.75,0.63,0.60,0.66,All Persons,IMD Q1,North West,All Routes,All Stages,All Ages,All Years
3,0.61,0.58,0.64,All Persons,IMD Q1,North West,All Routes,All Stages,All Ages,All Years
3.25,0.59,0.56,0.62,All Persons,IMD Q1,North West,All Routes,All Stages,All Ages,All Years
3.5,0.59,0.56,0.62,All Persons,IMD Q1,North West,All Routes,All Stages,All Ages,All Years
3.75,0.58,0.55,0.61,All Persons,IMD Q1,North West,All Routes,All Stages,All Ages,All Years
4,0.57,0.53,0.60,All Persons,IMD Q1,North West,All Routes,All Stages,All Ages,All Years
4.25,0.56,0.53,0.59,All Persons,IMD Q1,North West,All Routes,All Stages,All Ages,All Years
4.5,0.55,0.52,0.58,All Persons,IMD Q1,North West,All Routes,All Stages,All Ages,All Years
4.75,0.54,0.50,0.57,All Persons,IMD Q1,North West,All Routes,All Stages,All Ages,All Years
5,0.53,0.49,0.56,All Persons,IMD Q1,North West,All Routes,All Stages,All Ages,All Years
0,1.00,0.99,1.00,All Persons,IMD Q1,South East,All Routes,All Stages,All Ages,All Years
0.25,0.91,0.88,0.94,All Persons,IMD Q1,South East,All Routes,All Stages,All Ages,All Years
0.5,0.86,0.83,0.90,All Persons,IMD Q1,South East,All Routes,All Stages,All Ages,All Years
0.75,0.82,0.78,0.86,All Persons,IMD Q1,South East,All Routes,All Stages,All Ages,All Years
1,0.79,0.74,0.83,All Persons,IMD Q1,South East,All Routes,All Stages,All Ages,All Years
1.25,0.77,0.72,0.82,All Persons,IMD Q1,South East,All Routes,All Stages,All Ages,All Years
1.5,0.73,0.68,0.78,All Persons,IMD Q1,South East,All Routes,All Stages,All Ages,All Years
1.75,0.70,0.65,0.75,All Persons,IMD Q1,South East,All Routes,All Stages,All Ages,All Years
2,0.69,0.64,0.74,All Persons,IMD Q1,South East,All Routes,All Stages,All Ages,All Years
2.25,0.67,0.61,0.72,All Persons,IMD Q1,South East,All Routes,All Stages,All Ages,All Years
2.5,0.65,0.60,0.71,All Persons,IMD Q1,South East,All Routes,All Stages,All Ages,All Years
2.75,0.65,0.59,0.70,All Persons,IMD Q1,South East,All Routes,All Stages,All Ages,All Years
3,0.64,0.58,0.69,All Persons,IMD Q1,South East,All Routes,All Stages,All Ages,All Years
3.25,0.63,0.57,0.68,All Persons,IMD Q1,South East,All Routes,All Stages,All Ages,All Years
3.5,0.62,0.56,0.67,All Persons,IMD Q1,South East,All Routes,All Stages,All Ages,All Years
3.75,0.61,0.55,0.66,All Persons,IMD Q1,South East,All Routes,All Stages,All Ages,All Years
4,0.59,0.54,0.65,All Persons,IMD Q1,South East,All Routes,All Stages,All Ages,All Years
4.25,0.58,0.52,0.64,All Persons,IMD Q1,South East,All Routes,All Stages,All Ages,All Years
4.5,0.57,0.51,0.64,All Persons,IMD Q1,South East,All Routes,All Stages,All Ages,All Years
4.75,0.57,0.50,0.63,All Persons,IMD Q1,South East,All Routes,All Stages,All Ages,All Years
5,0.55,0.48,0.61,All Persons,IMD Q1,South East,All Routes,All Stages,All Ages,All Years
0,1.00,0.99,1.00,All Persons,IMD Q1,South West,All Routes,All Stages,All Ages,All Years
0.25,0.94,0.92,0.97,All Persons,IMD Q1,South West,All Routes,All Stages,All Ages,All Years
0.5,0.89,0.86,0.93,All Persons,IMD Q1,South West,All Routes,All Stages,All Ages,All Years
0.75,0.84,0.80,0.89,All Persons,IMD Q1,South West,All Routes,All Stages,All Ages,All Years
1,0.81,0.76,0.85,All Persons,IMD Q1,South West,All Routes,All Stages,All Ages,All Years
1.25,0.78,0.73,0.83,All Persons,IMD Q1,South West,All Routes,All Stages,All Ages,All Years
1.5,0.72,0.67,0.78,All Persons,IMD Q1,South West,All Routes,All Stages,All Ages,All Years
1.75,0.69,0.64,0.75,All Persons,IMD Q1,South West,All Routes,All Stages,All Ages,All Years
2,0.68,0.62,0.74,All Persons,IMD Q1,South West,All Routes,All Stages,All Ages,All Years
2.25,0.67,0.62,0.73,All Persons,IMD Q1,South West,All Routes,All Stages,All Ages,All Years
2.5,0.66,0.60,0.72,All Persons,IMD Q1,South West,All Routes,All Stages,All Ages,All Years
2.75,0.64,0.59,0.70,All Persons,IMD Q1,South West,All Routes,All Stages,All Ages,All Years
3,0.63,0.57,0.69,All Persons,IMD Q1,South West,All Routes,All Stages,All Ages,All Years
3.25,0.61,0.55,0.67,All Persons,IMD Q1,South West,All Routes,All Stages,All Ages,All Years
3.5,0.59,0.53,0.66,All Persons,IMD Q1,South West,All Routes,All Stages,All Ages,All Years
3.75,0.59,0.53,0.66,All Persons,IMD Q1,South West,All Routes,All Stages,All Ages,All Years
4,0.59,0.52,0.65,All Persons,IMD Q1,South West,All Routes,All Stages,All Ages,All Years
4.25,0.59,0.52,0.65,All Persons,IMD Q1,South West,All Routes,All Stages,All Ages,All Years
4.5,0.57,0.50,0.63,All Persons,IMD Q1,South West,All Routes,All Stages,All Ages,All Years
4.75,0.55,0.48,0.62,All Persons,IMD Q1,South West,All Routes,All Stages,All Ages,All Years
5,0.55,0.48,0.62,All Persons,IMD Q1,South West,All Routes,All Stages,All Ages,All Years
0,1.00,0.99,1.00,All Persons,IMD Q1,West Midlands,All Routes,All Stages,All Ages,All Years
0.25,0.91,0.88,0.93,All Persons,IMD Q1,West Midlands,All Routes,All Stages,All Ages,All Years
0.5,0.83,0.80,0.87,All Persons,IMD Q1,West Midlands,All Routes,All Stages,All Ages,All Years
0.75,0.79,0.75,0.82,All Persons,IMD Q1,West Midlands,All Routes,All Stages,All Ages,All Years
1,0.74,0.71,0.78,All Persons,IMD Q1,West Midlands,All Routes,All Stages,All Ages,All Years
1.25,0.70,0.66,0.74,All Persons,IMD Q1,West Midlands,All Routes,All Stages,All Ages,All Years
1.5,0.68,0.64,0.73,All Persons,IMD Q1,West Midlands,All Routes,All Stages,All Ages,All Years
1.75,0.65,0.61,0.69,All Persons,IMD Q1,West Midlands,All Routes,All Stages,All Ages,All Years
2,0.63,0.59,0.68,All Persons,IMD Q1,West Midlands,All Routes,All Stages,All Ages,All Years
2.25,0.62,0.57,0.66,All Persons,IMD Q1,West Midlands,All Routes,All Stages,All Ages,All Years
2.5,0.60,0.55,0.64,All Persons,IMD Q1,West Midlands,All Routes,All Stages,All Ages,All Years
2.75,0.57,0.53,0.62,All Persons,IMD Q1,West Midlands,All Routes,All Stages,All Ages,All Years
3,0.56,0.52,0.61,All Persons,IMD Q1,West Midlands,All Routes,All Stages,All Ages,All Years
3.25,0.55,0.50,0.60,All Persons,IMD Q1,West Midlands,All Routes,All Stages,All Ages,All Years
3.5,0.54,0.50,0.59,All Persons,IMD Q1,West Midlands,All Routes,All Stages,All Ages,All Years
3.75,0.53,0.48,0.58,All Persons,IMD Q1,West Midlands,All Routes,All Stages,All Ages,All Years
4,0.52,0.47,0.57,All Persons,IMD Q1,West Midlands,All Routes,All Stages,All Ages,All Years
4.25,0.51,0.46,0.56,All Persons,IMD Q1,West Midlands,All Routes,All Stages,All Ages,All Years
4.5,0.50,0.45,0.55,All Persons,IMD Q1,West Midlands,All Routes,All Stages,All Ages,All Years
4.75,0.48,0.43,0.54,All Persons,IMD Q1,West Midlands,All Routes,All Stages,All Ages,All Years
5,0.48,0.43,0.54,All Persons,IMD Q1,West Midlands,All Routes,All Stages,All Ages,All Years
0,1.00,0.99,1.00,All Persons,IMD Q1,Yorkshire and The Humber,All Routes,All Stages,All Ages,All Years
0.25,0.91,0.89,0.93,All Persons,IMD Q1,Yorkshire and The Humber,All Routes,All Stages,All Ages,All Years
0.5,0.85,0.82,0.88,All Persons,IMD Q1,Yorkshire and The Humber,All Routes,All Stages,All Ages,All Years
0.75,0.80,0.77,0.83,All Persons,IMD Q1,Yorkshire and The Humber,All Routes,All Stages,All Ages,All Years
1,0.76,0.73,0.80,All Persons,IMD Q1,Yorkshire and The Humber,All Routes,All Stages,All Ages,All Years
1.25,0.73,0.70,0.77,All Persons,IMD Q1,Yorkshire and The Humber,All Routes,All Stages,All Ages,All Years
1.5,0.70,0.66,0.73,All Persons,IMD Q1,Yorkshire and The Humber,All Routes,All Stages,All Ages,All Years
1.75,0.68,0.64,0.72,All Persons,IMD Q1,Yorkshire and The Humber,All Routes,All Stages,All Ages,All Years
2,0.66,0.62,0.70,All Persons,IMD Q1,Yorkshire and The Humber,All Routes,All Stages,All Ages,All Years
2.25,0.65,0.61,0.68,All Persons,IMD Q1,Yorkshire and The Humber,All Routes,All Stages,All Ages,All Years
2.5,0.63,0.59,0.67,All Persons,IMD Q1,Yorkshire and The Humber,All Routes,All Stages,All Ages,All Years
2.75,0.60,0.56,0.64,All Persons,IMD Q1,Yorkshire and The Humber,All Routes,All Stages,All Ages,All Years
3,0.58,0.54,0.62,All Persons,IMD Q1,Yorkshire and The Humber,All Routes,All Stages,All Ages,All Years
3.25,0.58,0.53,0.62,All Persons,IMD Q1,Yorkshire and The Humber,All Routes,All Stages,All Ages,All Years
3.5,0.57,0.53,0.61,All Persons,IMD Q1,Yorkshire and The Humber,All Routes,All Stages,All Ages,All Years
3.75,0.56,0.52,0.60,All Persons,IMD Q1,Yorkshire and The Humber,All Routes,All Stages,All Ages,All Years
4,0.55,0.51,0.59,All Persons,IMD Q1,Yorkshire and The Humber,All Routes,All Stages,All Ages,All Years
4.25,0.55,0.50,0.59,All Persons,IMD Q1,Yorkshire and The Humber,All Routes,All Stages,All Ages,All Years
4.5,0.54,0.50,0.58,All Persons,IMD Q1,Yorkshire and The Humber,All Routes,All Stages,All Ages,All Years
4.75,0.54,0.49,0.58,All Persons,IMD Q1,Yorkshire and The Humber,All Routes,All Stages,All Ages,All Years
5,0.53,0.48,0.57,All Persons,IMD Q1,Yorkshire and The Humber,All Routes,All Stages,All Ages,All Years
0,0.99,0.98,1.01,All Persons,IMD Q1,All Regions,Emergency,All Stages,All Ages,All Years
0.25,0.64,0.57,0.72,All Persons,IMD Q1,All Regions,Emergency,All Stages,All Ages,All Years
0.5,0.51,0.43,0.59,All Persons,IMD Q1,All Regions,Emergency,All Stages,All Ages,All Years
0.75,0.41,0.34,0.49,All Persons,IMD Q1,All Regions,Emergency,All Stages,All Ages,All Years
1,0.38,0.30,0.45,All Persons,IMD Q1,All Regions,Emergency,All Stages,All Ages,All Years
1.25,0.32,0.25,0.40,All Persons,IMD Q1,All Regions,Emergency,All Stages,All Ages,All Years
1.5,0.28,0.21,0.35,All Persons,IMD Q1,All Regions,Emergency,All Stages,All Ages,All Years
1.75,0.23,0.16,0.30,All Persons,IMD Q1,All Regions,Emergency,All Stages,All Ages,All Years
2,0.22,0.16,0.29,All Persons,IMD Q1,All Regions,Emergency,All Stages,All Ages,All Years
2.25,0.20,0.14,0.27,All Persons,IMD Q1,All Regions,Emergency,All Stages,All Ages,All Years
2.5,0.19,0.13,0.25,All Persons,IMD Q1,All Regions,Emergency,All Stages,All Ages,All Years
3,0.18,0.12,0.25,All Persons,IMD Q1,All Regions,Emergency,All Stages,All Ages,All Years
3.25,0.18,0.12,0.24,All Persons,IMD Q1,All Regions,Emergency,All Stages,All Ages,All Years
4,0.18,0.12,0.24,All Persons,IMD Q1,All Regions,Emergency,All Stages,All Ages,All Years
4.25,0.18,0.12,0.24,All Persons,IMD Q1,All Regions,Emergency,All Stages,All Ages,All Years
4.5,0.18,0.12,0.24,All Persons,IMD Q1,All Regions,Emergency,All Stages,All Ages,All Years
4.75,0.18,0.12,0.24,All Persons,IMD Q1,All Regions,Emergency,All Stages,All Ages,All Years
5,0.18,0.12,0.24,All Persons,IMD Q1,All Regions,Emergency,All Stages,All Ages,All Years
0,1.00,1.00,1.00,All Persons,IMD Q1,All Regions,Non-emergency,All Stages,All Ages,All Years
0.25,0.94,0.93,0.95,All Persons,IMD Q1,All Regions,Non-emergency,All Stages,All Ages,All Years
0.5,0.89,0.87,0.90,All Persons,IMD Q1,All Regions,Non-emergency,All Stages,All Ages,All Years
0.75,0.83,0.81,0.85,All Persons,IMD Q1,All Regions,Non-emergency,All Stages,All Ages,All Years
1,0.79,0.77,0.81,All Persons,IMD Q1,All Regions,Non-emergency,All Stages,All Ages,All Years
1.25,0.76,0.74,0.78,All Persons,IMD Q1,All Regions,Non-emergency,All Stages,All Ages,All Years
1.5,0.73,0.71,0.75,All Persons,IMD Q1,All Regions,Non-emergency,All Stages,All Ages,All Years
1.75,0.70,0.68,0.73,All Persons,IMD Q1,All Regions,Non-emergency,All Stages,All Ages,All Years
2,0.69,0.67,0.71,All Persons,IMD Q1,All Regions,Non-emergency,All Stages,All Ages,All Years
2.25,0.67,0.65,0.69,All Persons,IMD Q1,All Regions,Non-emergency,All Stages,All Ages,All Years
2.5,0.65,0.63,0.67,All Persons,IMD Q1,All Regions,Non-emergency,All Stages,All Ages,All Years
2.75,0.64,0.61,0.66,All Persons,IMD Q1,All Regions,Non-emergency,All Stages,All Ages,All Years
3,0.62,0.60,0.65,All Persons,IMD Q1,All Regions,Non-emergency,All Stages,All Ages,All Years
3.25,0.61,0.59,0.63,All Persons,IMD Q1,All Regions,Non-emergency,All Stages,All Ages,All Years
3.5,0.60,0.58,0.62,All Persons,IMD Q1,All Regions,Non-emergency,All Stages,All Ages,All Years
3.75,0.59,0.57,0.61,All Persons,IMD Q1,All Regions,Non-emergency,All Stages,All Ages,All Years
4,0.58,0.56,0.60,All Persons,IMD Q1,All Regions,Non-emergency,All Stages,All Ages,All Years
4.25,0.57,0.55,0.60,All Persons,IMD Q1,All Regions,Non-emergency,All Stages,All Ages,All Years
4.5,0.56,0.54,0.59,All Persons,IMD Q1,All Regions,Non-emergency,All Stages,All Ages,All Years
4.75,0.56,0.53,0.58,All Persons,IMD Q1,All Regions,Non-emergency,All Stages,All Ages,All Years
5,0.55,0.53,0.57,All Persons,IMD Q1,All Regions,Non-emergency,All Stages,All Ages,All Years
0,1.00,1.00,1.00,All Persons,IMD Q1,All Regions,All Routes,Early,All Ages,All Years
0.25,0.99,0.98,1.00,All Persons,IMD Q1,All Regions,All Routes,Early,All Ages,All Years
0.5,0.98,0.97,0.99,All Persons,IMD Q1,All Regions,All Routes,Early,All Ages,All Years
0.75,0.96,0.95,0.97,All Persons,IMD Q1,All Regions,All Routes,Early,All Ages,All Years
1,0.94,0.93,0.95,All Persons,IMD Q1,All Regions,All Routes,Early,All Ages,All Years
1.25,0.92,0.90,0.94,All Persons,IMD Q1,All Regions,All Routes,Early,All Ages,All Years
1.5,0.90,0.89,0.92,All Persons,IMD Q1,All Regions,All Routes,Early,All Ages,All Years
1.75,0.88,0.86,0.90,All Persons,IMD Q1,All Regions,All Routes,Early,All Ages,All Years
2,0.87,0.85,0.90,All Persons,IMD Q1,All Regions,All Routes,Early,All Ages,All Years
2.25,0.87,0.85,0.89,All Persons,IMD Q1,All Regions,All Routes,Early,All Ages,All Years
2.5,0.86,0.84,0.88,All Persons,IMD Q1,All Regions,All Routes,Early,All Ages,All Years
2.75,0.84,0.82,0.87,All Persons,IMD Q1,All Regions,All Routes,Early,All Ages,All Years
3,0.83,0.80,0.85,All Persons,IMD Q1,All Regions,All Routes,Early,All Ages,All Years
3.25,0.82,0.79,0.85,All Persons,IMD Q1,All Regions,All Routes,Early,All Ages,All Years
3.5,0.81,0.79,0.84,All Persons,IMD Q1,All Regions,All Routes,Early,All Ages,All Years
3.75,0.81,0.78,0.84,All Persons,IMD Q1,All Regions,All Routes,Early,All Ages,All Years
4,0.80,0.76,0.83,All Persons,IMD Q1,All Regions,All Routes,Early,All Ages,All Years
4.25,0.79,0.76,0.83,All Persons,IMD Q1,All Regions,All Routes,Early,All Ages,All Years
4.5,0.77,0.73,0.81,All Persons,IMD Q1,All Regions,All Routes,Early,All Ages,All Years
4.75,0.76,0.71,0.80,All Persons,IMD Q1,All Regions,All Routes,Early,All Ages,All Years
5,0.76,0.71,0.80,All Persons,IMD Q1,All Regions,All Routes,Early,All Ages,All Years
0,1.00,1.00,1.00,All Persons,IMD Q1,All Regions,All Routes,Advanced,All Ages,All Years
0.25,0.90,0.89,0.91,All Persons,IMD Q1,All Regions,All Routes,Advanced,All Ages,All Years
0.5,0.82,0.81,0.84,All Persons,IMD Q1,All Regions,All Routes,Advanced,All Ages,All Years
0.75,0.76,0.75,0.78,All Persons,IMD Q1,All Regions,All Routes,Advanced,All Ages,All Years
1,0.71,0.70,0.73,All Persons,IMD Q1,All Regions,All Routes,Advanced,All Ages,All Years
1.25,0.67,0.66,0.69,All Persons,IMD Q1,All Regions,All Routes,Advanced,All Ages,All Years
1.5,0.64,0.62,0.66,All Persons,IMD Q1,All Regions,All Routes,Advanced,All Ages,All Years
1.75,0.62,0.60,0.64,All Persons,IMD Q1,All Regions,All Routes,Advanced,All Ages,All Years
2,0.60,0.58,0.62,All Persons,IMD Q1,All Regions,All Routes,Advanced,All Ages,All Years
2.25,0.58,0.56,0.60,All Persons,IMD Q1,All Regions,All Routes,Advanced,All Ages,All Years
2.5,0.56,0.54,0.58,All Persons,IMD Q1,All Regions,All Routes,Advanced,All Ages,All Years
2.75,0.55,0.53,0.57,All Persons,IMD Q1,All Regions,All Routes,Advanced,All Ages,All Years
3,0.54,0.52,0.56,All Persons,IMD Q1,All Regions,All Routes,Advanced,All Ages,All Years
3.25,0.52,0.50,0.54,All Persons,IMD Q1,All Regions,All Routes,Advanced,All Ages,All Years
3.5,0.51,0.49,0.53,All Persons,IMD Q1,All Regions,All Routes,Advanced,All Ages,All Years
3.75,0.51,0.49,0.53,All Persons,IMD Q1,All Regions,All Routes,Advanced,All Ages,All Years
4,0.50,0.48,0.52,All Persons,IMD Q1,All Regions,All Routes,Advanced,All Ages,All Years
4.25,0.49,0.47,0.51,All Persons,IMD Q1,All Regions,All Routes,Advanced,All Ages,All Years
4.5,0.48,0.46,0.50,All Persons,IMD Q1,All Regions,All Routes,Advanced,All Ages,All Years
4.75,0.48,0.46,0.50,All Persons,IMD Q1,All Regions,All Routes,Advanced,All Ages,All Years
5,0.47,0.45,0.49,All Persons,IMD Q1,All Regions,All Routes,Advanced,All Ages,All Years
0,1.00,0.99,1.00,All Persons,IMD Q1,All Regions,All Routes,All Stages,0-49,All Years
0.25,0.97,0.96,0.99,All Persons,IMD Q1,All Regions,All Routes,All Stages,0-49,All Years
0.5,0.92,0.90,0.95,All Persons,IMD Q1,All Regions,All Routes,All Stages,0-49,All Years
0.75,0.90,0.87,0.93,All Persons,IMD Q1,All Regions,All Routes,All Stages,0-49,All Years
1,0.86,0.83,0.89,All Persons,IMD Q1,All Regions,All Routes,All Stages,0-49,All Years
1.25,0.83,0.80,0.86,All Persons,IMD Q1,All Regions,All Routes,All Stages,0-49,All Years
1.5,0.81,0.77,0.84,All Persons,IMD Q1,All Regions,All Routes,All Stages,0-49,All Years
1.75,0.79,0.75,0.82,All Persons,IMD Q1,All Regions,All Routes,All Stages,0-49,All Years
2,0.78,0.74,0.81,All Persons,IMD Q1,All Regions,All Routes,All Stages,0-49,All Years
2.25,0.77,0.73,0.80,All Persons,IMD Q1,All Regions,All Routes,All Stages,0-49,All Years
2.5,0.76,0.72,0.80,All Persons,IMD Q1,All Regions,All Routes,All Stages,0-49,All Years
2.75,0.74,0.70,0.78,All Persons,IMD Q1,All Regions,All Routes,All Stages,0-49,All Years
3,0.73,0.69,0.77,All Persons,IMD Q1,All Regions,All Routes,All Stages,0-49,All Years
3.25,0.71,0.67,0.76,All Persons,IMD Q1,All Regions,All Routes,All Stages,0-49,All Years
3.5,0.70,0.65,0.74,All Persons,IMD Q1,All Regions,All Routes,All Stages,0-49,All Years
3.75,0.69,0.65,0.73,All Persons,IMD Q1,All Regions,All Routes,All Stages,0-49,All Years
4,0.69,0.64,0.73,All Persons,IMD Q1,All Regions,All Routes,All Stages,0-49,All Years
4.25,0.68,0.63,0.72,All Persons,IMD Q1,All Regions,All Routes,All Stages,0-49,All Years
4.5,0.68,0.63,0.72,All Persons,IMD Q1,All Regions,All Routes,All Stages,0-49,All Years
4.75,0.67,0.63,0.72,All Persons,IMD Q1,All Regions,All Routes,All Stages,0-49,All Years
5,0.67,0.62,0.71,All Persons,IMD Q1,All Regions,All Routes,All Stages,0-49,All Years
0,1.00,1.00,1.00,All Persons,IMD Q1,All Regions,All Routes,All Stages,50-54,All Years
0.25,0.96,0.94,0.97,All Persons,IMD Q1,All Regions,All Routes,All Stages,50-54,All Years
0.5,0.92,0.90,0.94,All Persons,IMD Q1,All Regions,All Routes,All Stages,50-54,All Years
0.75,0.88,0.85,0.90,All Persons,IMD Q1,All Regions,All Routes,All Stages,50-54,All Years
1,0.84,0.81,0.87,All Persons,IMD Q1,All Regions,All Routes,All Stages,50-54,All Years
1.25,0.80,0.77,0.83,All Persons,IMD Q1,All Regions,All Routes,All Stages,50-54,All Years
1.5,0.77,0.74,0.80,All Persons,IMD Q1,All Regions,All Routes,All Stages,50-54,All Years
1.75,0.75,0.72,0.79,All Persons,IMD Q1,All Regions,All Routes,All Stages,50-54,All Years
2,0.74,0.70,0.77,All Persons,IMD Q1,All Regions,All Routes,All Stages,50-54,All Years
2.25,0.72,0.69,0.76,All Persons,IMD Q1,All Regions,All Routes,All Stages,50-54,All Years
2.5,0.71,0.67,0.75,All Persons,IMD Q1,All Regions,All Routes,All Stages,50-54,All Years
2.75,0.69,0.66,0.73,All Persons,IMD Q1,All Regions,All Routes,All Stages,50-54,All Years
3,0.68,0.64,0.72,All Persons,IMD Q1,All Regions,All Routes,All Stages,50-54,All Years
3.25,0.67,0.63,0.71,All Persons,IMD Q1,All Regions,All Routes,All Stages,50-54,All Years
3.5,0.66,0.62,0.70,All Persons,IMD Q1,All Regions,All Routes,All Stages,50-54,All Years
3.75,0.66,0.62,0.70,All Persons,IMD Q1,All Regions,All Routes,All Stages,50-54,All Years
4,0.65,0.61,0.69,All Persons,IMD Q1,All Regions,All Routes,All Stages,50-54,All Years
4.25,0.65,0.61,0.69,All Persons,IMD Q1,All Regions,All Routes,All Stages,50-54,All Years
4.5,0.64,0.60,0.68,All Persons,IMD Q1,All Regions,All Routes,All Stages,50-54,All Years
4.75,0.64,0.60,0.68,All Persons,IMD Q1,All Regions,All Routes,All Stages,50-54,All Years
5,0.64,0.60,0.68,All Persons,IMD Q1,All Regions,All Routes,All Stages,50-54,All Years
0,1.00,1.00,1.00,All Persons,IMD Q1,All Regions,All Routes,All Stages,55-59,All Years
0.25,0.94,0.93,0.96,All Persons,IMD Q1,All Regions,All Routes,All Stages,55-59,All Years
0.5,0.89,0.87,0.92,All Persons,IMD Q1,All Regions,All Routes,All Stages,55-59,All Years
0.75,0.85,0.83,0.87,All Persons,IMD Q1,All Regions,All Routes,All Stages,55-59,All Years
1,0.81,0.78,0.84,All Persons,IMD Q1,All Regions,All Routes,All Stages,55-59,All Years
1.25,0.80,0.77,0.83,All Persons,IMD Q1,All Regions,All Routes,All Stages,55-59,All Years
1.5,0.78,0.75,0.80,All Persons,IMD Q1,All Regions,All Routes,All Stages,55-59,All Years
1.75,0.75,0.72,0.78,All Persons,IMD Q1,All Regions,All Routes,All Stages,55-59,All Years
2,0.73,0.70,0.76,All Persons,IMD Q1,All Regions,All Routes,All Stages,55-59,All Years
2.25,0.71,0.68,0.75,All Persons,IMD Q1,All Regions,All Routes,All Stages,55-59,All Years
2.5,0.70,0.66,0.73,All Persons,IMD Q1,All Regions,All Routes,All Stages,55-59,All Years
2.75,0.68,0.65,0.72,All Persons,IMD Q1,All Regions,All Routes,All Stages,55-59,All Years
3,0.67,0.64,0.71,All Persons,IMD Q1,All Regions,All Routes,All Stages,55-59,All Years
3.25,0.66,0.63,0.70,All Persons,IMD Q1,All Regions,All Routes,All Stages,55-59,All Years
3.5,0.65,0.62,0.69,All Persons,IMD Q1,All Regions,All Routes,All Stages,55-59,All Years
3.75,0.64,0.60,0.68,All Persons,IMD Q1,All Regions,All Routes,All Stages,55-59,All Years
4,0.63,0.59,0.67,All Persons,IMD Q1,All Regions,All Routes,All Stages,55-59,All Years
4.25,0.63,0.59,0.66,All Persons,IMD Q1,All Regions,All Routes,All Stages,55-59,All Years
4.5,0.61,0.58,0.65,All Persons,IMD Q1,All Regions,All Routes,All Stages,55-59,All Years
4.75,0.60,0.56,0.64,All Persons,IMD Q1,All Regions,All Routes,All Stages,55-59,All Years
5,0.60,0.55,0.64,All Persons,IMD Q1,All Regions,All Routes,All Stages,55-59,All Years
0,1.00,1.00,1.00,All Persons,IMD Q1,All Regions,All Routes,All Stages,60-64,All Years
0.25,0.93,0.92,0.95,All Persons,IMD Q1,All Regions,All Routes,All Stages,60-64,All Years
0.5,0.88,0.86,0.90,All Persons,IMD Q1,All Regions,All Routes,All Stages,60-64,All Years
0.75,0.83,0.80,0.86,All Persons,IMD Q1,All Regions,All Routes,All Stages,60-64,All Years
1,0.79,0.76,0.82,All Persons,IMD Q1,All Regions,All Routes,All Stages,60-64,All Years
1.25,0.75,0.72,0.78,All Persons,IMD Q1,All Regions,All Routes,All Stages,60-64,All Years
1.5,0.73,0.70,0.76,All Persons,IMD Q1,All Regions,All Routes,All Stages,60-64,All Years
1.75,0.70,0.67,0.73,All Persons,IMD Q1,All Regions,All Routes,All Stages,60-64,All Years
2,0.68,0.65,0.71,All Persons,IMD Q1,All Regions,All Routes,All Stages,60-64,All Years
2.25,0.67,0.63,0.70,All Persons,IMD Q1,All Regions,All Routes,All Stages,60-64,All Years
2.5,0.65,0.61,0.68,All Persons,IMD Q1,All Regions,All Routes,All Stages,60-64,All Years
2.75,0.63,0.60,0.67,All Persons,IMD Q1,All Regions,All Routes,All Stages,60-64,All Years
3,0.62,0.58,0.65,All Persons,IMD Q1,All Regions,All Routes,All Stages,60-64,All Years
3.25,0.59,0.56,0.63,All Persons,IMD Q1,All Regions,All Routes,All Stages,60-64,All Years
3.5,0.59,0.55,0.63,All Persons,IMD Q1,All Regions,All Routes,All Stages,60-64,All Years
3.75,0.58,0.54,0.62,All Persons,IMD Q1,All Regions,All Routes,All Stages,60-64,All Years
4,0.57,0.53,0.61,All Persons,IMD Q1,All Regions,All Routes,All Stages,60-64,All Years
4.25,0.56,0.52,0.60,All Persons,IMD Q1,All Regions,All Routes,All Stages,60-64,All Years
4.5,0.56,0.51,0.60,All Persons,IMD Q1,All Regions,All Routes,All Stages,60-64,All Years
4.75,0.55,0.51,0.59,All Persons,IMD Q1,All Regions,All Routes,All Stages,60-64,All Years
5,0.55,0.50,0.59,All Persons,IMD Q1,All Regions,All Routes,All Stages,60-64,All Years
0,1.00,1.00,1.00,All Persons,IMD Q1,All Regions,All Routes,All Stages,65-69,All Years
0.25,0.92,0.90,0.94,All Persons,IMD Q1,All Regions,All Routes,All Stages,65-69,All Years
0.5,0.85,0.82,0.87,All Persons,IMD Q1,All Regions,All Routes,All Stages,65-69,All Years
0.75,0.79,0.76,0.82,All Persons,IMD Q1,All Regions,All Routes,All Stages,65-69,All Years
1,0.75,0.72,0.78,All Persons,IMD Q1,All Regions,All Routes,All Stages,65-69,All Years
1.25,0.71,0.68,0.75,All Persons,IMD Q1,All Regions,All Routes,All Stages,65-69,All Years
1.5,0.69,0.65,0.73,All Persons,IMD Q1,All Regions,All Routes,All Stages,65-69,All Years
1.75,0.65,0.62,0.69,All Persons,IMD Q1,All Regions,All Routes,All Stages,65-69,All Years
2,0.64,0.60,0.68,All Persons,IMD Q1,All Regions,All Routes,All Stages,65-69,All Years
2.25,0.62,0.58,0.66,All Persons,IMD Q1,All Regions,All Routes,All Stages,65-69,All Years
2.5,0.61,0.57,0.65,All Persons,IMD Q1,All Regions,All Routes,All Stages,65-69,All Years
2.75,0.60,0.56,0.64,All Persons,IMD Q1,All Regions,All Routes,All Stages,65-69,All Years
3,0.59,0.54,0.63,All Persons,IMD Q1,All Regions,All Routes,All Stages,65-69,All Years
3.25,0.58,0.54,0.62,All Persons,IMD Q1,All Regions,All Routes,All Stages,65-69,All Years
3.5,0.57,0.53,0.61,All Persons,IMD Q1,All Regions,All Routes,All Stages,65-69,All Years
3.75,0.55,0.51,0.59,All Persons,IMD Q1,All Regions,All Routes,All Stages,65-69,All Years
4,0.54,0.50,0.58,All Persons,IMD Q1,All Regions,All Routes,All Stages,65-69,All Years
4.25,0.53,0.49,0.58,All Persons,IMD Q1,All Regions,All Routes,All Stages,65-69,All Years
4.5,0.52,0.48,0.56,All Persons,IMD Q1,All Regions,All Routes,All Stages,65-69,All Years
4.75,0.52,0.47,0.56,All Persons,IMD Q1,All Regions,All Routes,All Stages,65-69,All Years
5,0.50,0.45,0.54,All Persons,IMD Q1,All Regions,All Routes,All Stages,65-69,All Years
0,1.00,0.99,1.00,All Persons,IMD Q1,All Regions,All Routes,All Stages,70-74,All Years
0.25,0.87,0.84,0.90,All Persons,IMD Q1,All Regions,All Routes,All Stages,70-74,All Years
0.5,0.78,0.75,0.82,All Persons,IMD Q1,All Regions,All Routes,All Stages,70-74,All Years
0.75,0.72,0.67,0.76,All Persons,IMD Q1,All Regions,All Routes,All Stages,70-74,All Years
1,0.66,0.62,0.71,All Persons,IMD Q1,All Regions,All Routes,All Stages,70-74,All Years
1.25,0.62,0.58,0.67,All Persons,IMD Q1,All Regions,All Routes,All Stages,70-74,All Years
1.5,0.59,0.54,0.63,All Persons,IMD Q1,All Regions,All Routes,All Stages,70-74,All Years
1.75,0.57,0.52,0.61,All Persons,IMD Q1,All Regions,All Routes,All Stages,70-74,All Years
2,0.54,0.50,0.59,All Persons,IMD Q1,All Regions,All Routes,All Stages,70-74,All Years
2.25,0.52,0.47,0.57,All Persons,IMD Q1,All Regions,All Routes,All Stages,70-74,All Years
2.5,0.51,0.46,0.55,All Persons,IMD Q1,All Regions,All Routes,All Stages,70-74,All Years
2.75,0.48,0.43,0.53,All Persons,IMD Q1,All Regions,All Routes,All Stages,70-74,All Years
3,0.47,0.42,0.52,All Persons,IMD Q1,All Regions,All Routes,All Stages,70-74,All Years
3.25,0.45,0.40,0.50,All Persons,IMD Q1,All Regions,All Routes,All Stages,70-74,All Years
3.5,0.44,0.39,0.49,All Persons,IMD Q1,All Regions,All Routes,All Stages,70-74,All Years
3.75,0.44,0.39,0.49,All Persons,IMD Q1,All Regions,All Routes,All Stages,70-74,All Years
4,0.41,0.36,0.46,All Persons,IMD Q1,All Regions,All Routes,All Stages,70-74,All Years
4.25,0.41,0.36,0.46,All Persons,IMD Q1,All Regions,All Routes,All Stages,70-74,All Years
4.5,0.40,0.35,0.45,All Persons,IMD Q1,All Regions,All Routes,All Stages,70-74,All Years
4.75,0.39,0.33,0.44,All Persons,IMD Q1,All Regions,All Routes,All Stages,70-74,All Years
5,0.39,0.33,0.44,All Persons,IMD Q1,All Regions,All Routes,All Stages,70-74,All Years
0,1.00,0.99,1.00,All Persons,IMD Q1,All Regions,All Routes,All Stages,75-79,All Years
0.25,0.81,0.76,0.86,All Persons,IMD Q1,All Regions,All Routes,All Stages,75-79,All Years
0.5,0.72,0.66,0.78,All Persons,IMD Q1,All Regions,All Routes,All Stages,75-79,All Years
0.75,0.67,0.61,0.73,All Persons,IMD Q1,All Regions,All Routes,All Stages,75-79,All Years
1,0.61,0.54,0.67,All Persons,IMD Q1,All Regions,All Routes,All Stages,75-79,All Years
1.25,0.57,0.50,0.63,All Persons,IMD Q1,All Regions,All Routes,All Stages,75-79,All Years
1.5,0.52,0.45,0.58,All Persons,IMD Q1,All Regions,All Routes,All Stages,75-79,All Years
1.75,0.49,0.42,0.55,All Persons,IMD Q1,All Regions,All Routes,All Stages,75-79,All Years
2,0.45,0.39,0.52,All Persons,IMD Q1,All Regions,All Routes,All Stages,75-79,All Years
2.25,0.43,0.37,0.50,All Persons,IMD Q1,All Regions,All Routes,All Stages,75-79,All Years
2.5,0.43,0.36,0.49,All Persons,IMD Q1,All Regions,All Routes,All Stages,75-79,All Years
2.75,0.39,0.33,0.46,All Persons,IMD Q1,All Regions,All Routes,All Stages,75-79,All Years
3,0.37,0.31,0.44,All Persons,IMD Q1,All Regions,All Routes,All Stages,75-79,All Years
3.25,0.35,0.28,0.42,All Persons,IMD Q1,All Regions,All Routes,All Stages,75-79,All Years
3.5,0.35,0.28,0.42,All Persons,IMD Q1,All Regions,All Routes,All Stages,75-79,All Years
3.75,0.35,0.28,0.42,All Persons,IMD Q1,All Regions,All Routes,All Stages,75-79,All Years
4,0.35,0.28,0.42,All Persons,IMD Q1,All Regions,All Routes,All Stages,75-79,All Years
4.25,0.34,0.27,0.41,All Persons,IMD Q1,All Regions,All Routes,All Stages,75-79,All Years
4.5,0.32,0.24,0.39,All Persons,IMD Q1,All Regions,All Routes,All Stages,75-79,All Years
4.75,0.30,0.23,0.37,All Persons,IMD Q1,All Regions,All Routes,All Stages,75-79,All Years
0,0.98,0.96,1.01,All Persons,IMD Q1,All Regions,All Routes,All Stages,80-84,All Years
0.25,0.70,0.62,0.79,All Persons,IMD Q1,All Regions,All Routes,All Stages,80-84,All Years
0.5,0.58,0.49,0.67,All Persons,IMD Q1,All Regions,All Routes,All Stages,80-84,All Years
0.75,0.49,0.40,0.58,All Persons,IMD Q1,All Regions,All Routes,All Stages,80-84,All Years
1,0.46,0.37,0.55,All Persons,IMD Q1,All Regions,All Routes,All Stages,80-84,All Years
1.25,0.43,0.34,0.52,All Persons,IMD Q1,All Regions,All Routes,All Stages,80-84,All Years
1.5,0.40,0.31,0.49,All Persons,IMD Q1,All Regions,All Routes,All Stages,80-84,All Years
1.75,0.38,0.29,0.47,All Persons,IMD Q1,All Regions,All Routes,All Stages,80-84,All Years
2,0.38,0.29,0.47,All Persons,IMD Q1,All Regions,All Routes,All Stages,80-84,All Years
2.25,0.37,0.28,0.46,All Persons,IMD Q1,All Regions,All Routes,All Stages,80-84,All Years
2.5,0.35,0.26,0.44,All Persons,IMD Q1,All Regions,All Routes,All Stages,80-84,All Years
2.75,0.30,0.21,0.39,All Persons,IMD Q1,All Regions,All Routes,All Stages,80-84,All Years
3,0.29,0.20,0.38,All Persons,IMD Q1,All Regions,All Routes,All Stages,80-84,All Years
3.25,0.29,0.20,0.38,All Persons,IMD Q1,All Regions,All Routes,All Stages,80-84,All Years
3.75,0.26,0.17,0.35,All Persons,IMD Q1,All Regions,All Routes,All Stages,80-84,All Years
4,0.24,0.16,0.33,All Persons,IMD Q1,All Regions,All Routes,All Stages,80-84,All Years
4.25,0.22,0.14,0.31,All Persons,IMD Q1,All Regions,All Routes,All Stages,80-84,All Years
4.5,0.20,0.12,0.29,All Persons,IMD Q1,All Regions,All Routes,All Stages,80-84,All Years
5,0.20,0.12,0.29,All Persons,IMD Q1,All Regions,All Routes,All Stages,80-84,All Years
0,0.97,0.91,1.03,All Persons,IMD Q1,All Regions,All Routes,All Stages,85-89,All Years
0.25,0.45,0.28,0.62,All Persons,IMD Q1,All Regions,All Routes,All Stages,85-89,All Years
0.75,0.32,0.16,0.48,All Persons,IMD Q1,All Regions,All Routes,All Stages,85-89,All Years
1,0.29,0.14,0.44,All Persons,IMD Q1,All Regions,All Routes,All Stages,85-89,All Years
1.25,0.18,0.05,0.31,All Persons,IMD Q1,All Regions,All Routes,All Stages,85-89,All Years
1.5,0.14,0.02,0.26,All Persons,IMD Q1,All Regions,All Routes,All Stages,85-89,All Years
3.25,0.14,0.02,0.26,All Persons,IMD Q1,All Regions,All Routes,All Stages,85-89,All Years
0,0.95,0.86,1.04,All Persons,IMD Q1,All Regions,All Routes,All Stages,90+,All Years
0.25,0.62,0.42,0.82,All Persons,IMD Q1,All Regions,All Routes,All Stages,90+,All Years
0.5,0.24,0.07,0.41,All Persons,IMD Q1,All Regions,All Routes,All Stages,90+,All Years
0.75,0.19,0.03,0.35,All Persons,IMD Q1,All Regions,All Routes,All Stages,90+,All Years
1,0.14,0.01,0.28,All Persons,IMD Q1,All Regions,All Routes,All Stages,90+,All Years
1.25,0.10,-0.01,0.21,All Persons,IMD Q1,All Regions,All Routes,All Stages,90+,All Years
1.5,0.10,-0.01,0.21,All Persons,IMD Q1,All Regions,All Routes,All Stages,90+,All Years
0,1.00,1.00,1.00,All Persons,IMD Q1,All Regions,All Routes,All Stages,All Ages,2016
0.25,0.92,0.90,0.94,All Persons,IMD Q1,All Regions,All Routes,All Stages,All Ages,2016
0.5,0.87,0.84,0.89,All Persons,IMD Q1,All Regions,All Routes,All Stages,All Ages,2016
0.75,0.81,0.78,0.84,All Persons,IMD Q1,All Regions,All Routes,All Stages,All Ages,2016
1,0.77,0.74,0.80,All Persons,IMD Q1,All Regions,All Routes,All Stages,All Ages,2016
1.25,0.73,0.69,0.76,All Persons,IMD Q1,All Regions,All Routes,All Stages,All Ages,2016
1.5,0.71,0.67,0.74,All Persons,IMD Q1,All Regions,All Routes,All Stages,All Ages,2016
1.75,0.69,0.65,0.72,All Persons,IMD Q1,All Regions,All Routes,All Stages,All Ages,2016
2,0.66,0.63,0.70,All Persons,IMD Q1,All Regions,All Routes,All Stages,All Ages,2016
2.25,0.65,0.61,0.68,All Persons,IMD Q1,All Regions,All Routes,All Stages,All Ages,2016
2.5,0.63,0.59,0.67,All Persons,IMD Q1,All Regions,All Routes,All Stages,All Ages,2016
2.75,0.62,0.58,0.66,All Persons,IMD Q1,All Regions,All Routes,All Stages,All Ages,2016
3,0.61,0.57,0.64,All Persons,IMD Q1,All Regions,All Routes,All Stages,All Ages,2016
3.25,0.59,0.55,0.62,All Persons,IMD Q1,All Regions,All Routes,All Stages,All Ages,2016
3.5,0.57,0.54,0.61,All Persons,IMD Q1,All Regions,All Routes,All Stages,All Ages,2016
3.75,0.56,0.53,0.60,All Persons,IMD Q1,All Regions,All Routes,All Stages,All Ages,2016
4,0.56,0.52,0.60,All Persons,IMD Q1,All Regions,All Routes,All Stages,All Ages,2016
4.25,0.55,0.52,0.59,All Persons,IMD Q1,All Regions,All Routes,All Stages,All Ages,2016
4.5,0.55,0.51,0.58,All Persons,IMD Q1,All Regions,All Routes,All Stages,All Ages,2016
4.75,0.54,0.50,0.58,All Persons,IMD Q1,All Regions,All Routes,All Stages,All Ages,2016
5,0.53,0.50,0.57,All Persons,IMD Q1,All Regions,All Routes,All Stages,All Ages,2016
0,1.00,1.00,1.00,All Persons,IMD Q1,All Regions,All Routes,All Stages,All Ages,2017
0.25,0.91,0.89,0.94,All Persons,IMD Q1,All Regions,All Routes,All Stages,All Ages,2017
0.5,0.83,0.80,0.86,All Persons,IMD Q1,All Regions,All Routes,All Stages,All Ages,2017
0.75,0.77,0.74,0.80,All Persons,IMD Q1,All Regions,All Routes,All Stages,All Ages,2017
1,0.72,0.69,0.76,All Persons,IMD Q1,All Regions,All Routes,All Stages,All Ages,2017
1.25,0.68,0.65,0.72,All Persons,IMD Q1,All Regions,All Routes,All Stages,All Ages,2017
1.5,0.65,0.62,0.69,All Persons,IMD Q1,All Regions,All Routes,All Stages,All Ages,2017
1.75,0.62,0.58,0.66,All Persons,IMD Q1,All Regions,All Routes,All Stages,All Ages,2017
2,0.61,0.57,0.65,All Persons,IMD Q1,All Regions,All Routes,All Stages,All Ages,2017
2.25,0.59,0.55,0.63,All Persons,IMD Q1,All Regions,All Routes,All Stages,All Ages,2017
2.5,0.57,0.53,0.61,All Persons,IMD Q1,All Regions,All Routes,All Stages,All Ages,2017
2.75,0.56,0.52,0.60,All Persons,IMD Q1,All Regions,All Routes,All Stages,All Ages,2017
3,0.54,0.50,0.58,All Persons,IMD Q1,All Regions,All Routes,All Stages,All Ages,2017
3.25,0.53,0.49,0.57,All Persons,IMD Q1,All Regions,All Routes,All Stages,All Ages,2017
3.5,0.52,0.48,0.56,All Persons,IMD Q1,All Regions,All Routes,All Stages,All Ages,2017
3.75,0.51,0.47,0.55,All Persons,IMD Q1,All Regions,All Routes,All Stages,All Ages,2017
4,0.50,0.46,0.54,All Persons,IMD Q1,All Regions,All Routes,All Stages,All Ages,2017
4.25,0.50,0.46,0.54,All Persons,IMD Q1,All Regions,All Routes,All Stages,All Ages,2017
4.5,0.49,0.45,0.53,All Persons,IMD Q1,All Regions,All Routes,All Stages,All Ages,2017
4.75,0.48,0.44,0.52,All Persons,IMD Q1,All Regions,All Routes,All Stages,All Ages,2017
5,0.48,0.44,0.52,All Persons,IMD Q1,All Regions,All Routes,All Stages,All Ages,2017
0,1.00,1.00,1.00,All Persons,IMD Q1,All Regions,All Routes,All Stages,All Ages,2018
0.25,0.92,0.90,0.94,All Persons,IMD Q1,All Regions,All Routes,All Stages,All Ages,2018
0.5,0.87,0.85,0.89,All Persons,IMD Q1,All Regions,All Routes,All Stages,All Ages,2018
0.75,0.82,0.79,0.85,All Persons,IMD Q1,All Regions,All Routes,All Stages,All Ages,2018
1,0.79,0.76,0.82,All Persons,IMD Q1,All Regions,All Routes,All Stages,All Ages,2018
1.25,0.75,0.72,0.79,All Persons,IMD Q1,All Regions,All Routes,All Stages,All Ages,2018
1.5,0.72,0.69,0.75,All Persons,IMD Q1,All Regions,All Routes,All Stages,All Ages,2018
1.75,0.70,0.66,0.73,All Persons,IMD Q1,All Regions,All Routes,All Stages,All Ages,2018
2,0.67,0.64,0.71,All Persons,IMD Q1,All Regions,All Routes,All Stages,All Ages,2018
2.25,0.66,0.62,0.69,All Persons,IMD Q1,All Regions,All Routes,All Stages,All Ages,2018
2.5,0.64,0.60,0.68,All Persons,IMD Q1,All Regions,All Routes,All Stages,All Ages,2018
2.75,0.62,0.59,0.66,All Persons,IMD Q1,All Regions,All Routes,All Stages,All Ages,2018
3,0.61,0.57,0.64,All Persons,IMD Q1,All Regions,All Routes,All Stages,All Ages,2018
3.25,0.60,0.56,0.64,All Persons,IMD Q1,All Regions,All Routes,All Stages,All Ages,2018
3.5,0.59,0.56,0.63,All Persons,IMD Q1,All Regions,All Routes,All Stages,All Ages,2018
3.75,0.59,0.55,0.62,All Persons,IMD Q1,All Regions,All Routes,All Stages,All Ages,2018
4,0.58,0.54,0.61,All Persons,IMD Q1,All Regions,All Routes,All Stages,All Ages,2018
4.25,0.57,0.53,0.61,All Persons,IMD Q1,All Regions,All Routes,All Stages,All Ages,2018
4.5,0.56,0.52,0.59,All Persons,IMD Q1,All Regions,All Routes,All Stages,All Ages,2018
4.75,0.55,0.51,0.59,All Persons,IMD Q1,All Regions,All Routes,All Stages,All Ages,2018
5,0.53,0.49,0.58,All Persons,IMD Q1,All Regions,All Routes,All Stages,All Ages,2018
0,1.00,1.00,1.00,All Persons,IMD Q1,All Regions,All Routes,All Stages,All Ages,2019
0.25,0.92,0.89,0.94,All Persons,IMD Q1,All Regions,All Routes,All Stages,All Ages,2019
0.5,0.85,0.83,0.88,All Persons,IMD Q1,All Regions,All Routes,All Stages,All Ages,2019
0.75,0.81,0.78,0.84,All Persons,IMD Q1,All Regions,All Routes,All Stages,All Ages,2019
1,0.77,0.73,0.80,All Persons,IMD Q1,All Regions,All Routes,All Stages,All Ages,2019
1.25,0.74,0.70,0.77,All Persons,IMD Q1,All Regions,All Routes,All Stages,All Ages,2019
1.5,0.71,0.68,0.74,All Persons,IMD Q1,All Regions,All Routes,All Stages,All Ages,2019
1.75,0.69,0.65,0.72,All Persons,IMD Q1,All Regions,All Routes,All Stages,All Ages,2019
2,0.67,0.64,0.71,All Persons,IMD Q1,All Regions,All Routes,All Stages,All Ages,2019
2.25,0.66,0.62,0.69,All Persons,IMD Q1,All Regions,All Routes,All Stages,All Ages,2019
2.5,0.65,0.61,0.68,All Persons,IMD Q1,All Regions,All Routes,All Stages,All Ages,2019
2.75,0.63,0.60,0.67,All Persons,IMD Q1,All Regions,All Routes,All Stages,All Ages,2019
3,0.62,0.59,0.66,All Persons,IMD Q1,All Regions,All Routes,All Stages,All Ages,2019
3.25,0.61,0.57,0.65,All Persons,IMD Q1,All Regions,All Routes,All Stages,All Ages,2019
3.5,0.60,0.56,0.64,All Persons,IMD Q1,All Regions,All Routes,All Stages,All Ages,2019
3.75,0.59,0.55,0.63,All Persons,IMD Q1,All Regions,All Routes,All Stages,All Ages,2019
4,0.56,0.49,0.63,All Persons,IMD Q1,All Regions,All Routes,All Stages,All Ages,2019
0,1.00,0.99,1.00,All Persons,IMD Q1,All Regions,All Routes,All Stages,All Ages,2020
0.25,0.91,0.89,0.93,All Persons,IMD Q1,All Regions,All Routes,All Stages,All Ages,2020
0.5,0.85,0.82,0.87,All Persons,IMD Q1,All Regions,All Routes,All Stages,All Ages,2020
0.75,0.80,0.77,0.83,All Persons,IMD Q1,All Regions,All Routes,All Stages,All Ages,2020
1,0.75,0.72,0.78,All Persons,IMD Q1,All Regions,All Routes,All Stages,All Ages,2020
1.25,0.72,0.68,0.75,All Persons,IMD Q1,All Regions,All Routes,All Stages,All Ages,2020
1.5,0.69,0.66,0.72,All Persons,IMD Q1,All Regions,All Routes,All Stages,All Ages,2020
1.75,0.67,0.64,0.71,All Persons,IMD Q1,All Regions,All Routes,All Stages,All Ages,2020
2,0.65,0.62,0.69,All Persons,IMD Q1,All Regions,All Routes,All Stages,All Ages,2020
2.25,0.64,0.61,0.68,All Persons,IMD Q1,All Regions,All Routes,All Stages,All Ages,2020
2.5,0.63,0.60,0.67,All Persons,IMD Q1,All Regions,All Routes,All Stages,All Ages,2020
2.75,0.60,0.56,0.64,All Persons,IMD Q1,All Regions,All Routes,All Stages,All Ages,2020
3,0.60,0.56,0.64,All Persons,IMD Q1,All Regions,All Routes,All Stages,All Ages,2020
3.25,0.60,0.56,0.64,All Persons,IMD Q1,All Regions,All Routes,All Stages,All Ages,2020
3.5,0.30,0.01,0.60,All Persons,IMD Q1,All Regions,All Routes,All Stages,All Ages,2020
4.25,0.00,0.00,0.00,All Persons,IMD Q1,All Regions,All Routes,All Stages,All Ages,2020
0,1.00,1.00,1.00,All Persons,IMD Q1,All Regions,All Routes,All Stages,All Ages,2021
0.25,0.92,0.90,0.94,All Persons,IMD Q1,All Regions,All Routes,All Stages,All Ages,2021
0.5,0.86,0.84,0.88,All Persons,IMD Q1,All Regions,All Routes,All Stages,All Ages,2021
0.75,0.83,0.80,0.85,All Persons,IMD Q1,All Regions,All Routes,All Stages,All Ages,2021
1,0.78,0.76,0.81,All Persons,IMD Q1,All Regions,All Routes,All Stages,All Ages,2021
1.25,0.75,0.72,0.78,All Persons,IMD Q1,All Regions,All Routes,All Stages,All Ages,2021
1.5,0.73,0.70,0.76,All Persons,IMD Q1,All Regions,All Routes,All Stages,All Ages,2021
1.75,0.70,0.66,0.73,All Persons,IMD Q1,All Regions,All Routes,All Stages,All Ages,2021
2,0.69,0.65,0.73,All Persons,IMD Q1,All Regions,All Routes,All Stages,All Ages,2021
3,0.69,0.65,0.73,All Persons,IMD Q1,All Regions,All Routes,All Stages,All Ages,2021
5,0.69,0.65,0.73,All Persons,IMD Q1,All Regions,All Routes,All Stages,All Ages,2021
0,1.00,0.99,1.00,All Persons,IMD Q2,East Midlands,All Routes,All Stages,All Ages,All Years
0.25,0.95,0.92,0.97,All Persons,IMD Q2,East Midlands,All Routes,All Stages,All Ages,All Years
0.5,0.87,0.84,0.91,All Persons,IMD Q2,East Midlands,All Routes,All Stages,All Ages,All Years
0.75,0.85,0.81,0.89,All Persons,IMD Q2,East Midlands,All Routes,All Stages,All Ages,All Years
1,0.81,0.77,0.86,All Persons,IMD Q2,East Midlands,All Routes,All Stages,All Ages,All Years
1.25,0.81,0.77,0.85,All Persons,IMD Q2,East Midlands,All Routes,All Stages,All Ages,All Years
1.5,0.79,0.74,0.83,All Persons,IMD Q2,East Midlands,All Routes,All Stages,All Ages,All Years
1.75,0.78,0.73,0.82,All Persons,IMD Q2,East Midlands,All Routes,All Stages,All Ages,All Years
2,0.76,0.72,0.81,All Persons,IMD Q2,East Midlands,All Routes,All Stages,All Ages,All Years
2.25,0.74,0.69,0.79,All Persons,IMD Q2,East Midlands,All Routes,All Stages,All Ages,All Years
2.5,0.71,0.66,0.76,All Persons,IMD Q2,East Midlands,All Routes,All Stages,All Ages,All Years
2.75,0.70,0.65,0.75,All Persons,IMD Q2,East Midlands,All Routes,All Stages,All Ages,All Years
3,0.68,0.63,0.73,All Persons,IMD Q2,East Midlands,All Routes,All Stages,All Ages,All Years
3.25,0.66,0.60,0.71,All Persons,IMD Q2,East Midlands,All Routes,All Stages,All Ages,All Years
3.5,0.65,0.59,0.70,All Persons,IMD Q2,East Midlands,All Routes,All Stages,All Ages,All Years
3.75,0.64,0.58,0.70,All Persons,IMD Q2,East Midlands,All Routes,All Stages,All Ages,All Years
4,0.63,0.58,0.69,All Persons,IMD Q2,East Midlands,All Routes,All Stages,All Ages,All Years
4.25,0.61,0.55,0.67,All Persons,IMD Q2,East Midlands,All Routes,All Stages,All Ages,All Years
4.5,0.61,0.55,0.67,All Persons,IMD Q2,East Midlands,All Routes,All Stages,All Ages,All Years
4.75,0.60,0.54,0.67,All Persons,IMD Q2,East Midlands,All Routes,All Stages,All Ages,All Years
5,0.60,0.54,0.67,All Persons,IMD Q2,East Midlands,All Routes,All Stages,All Ages,All Years
0,1.00,0.99,1.00,All Persons,IMD Q2,East of England,All Routes,All Stages,All Ages,All Years
0.25,0.94,0.92,0.97,All Persons,IMD Q2,East of England,All Routes,All Stages,All Ages,All Years
0.5,0.88,0.85,0.91,All Persons,IMD Q2,East of England,All Routes,All Stages,All Ages,All Years
0.75,0.83,0.79,0.87,All Persons,IMD Q2,East of England,All Routes,All Stages,All Ages,All Years
1,0.79,0.75,0.83,All Persons,IMD Q2,East of England,All Routes,All Stages,All Ages,All Years
1.25,0.78,0.74,0.82,All Persons,IMD Q2,East of England,All Routes,All Stages,All Ages,All Years
1.5,0.77,0.72,0.81,All Persons,IMD Q2,East of England,All Routes,All Stages,All Ages,All Years
1.75,0.75,0.71,0.80,All Persons,IMD Q2,East of England,All Routes,All Stages,All Ages,All Years
2,0.73,0.68,0.77,All Persons,IMD Q2,East of England,All Routes,All Stages,All Ages,All Years
2.25,0.72,0.68,0.77,All Persons,IMD Q2,East of England,All Routes,All Stages,All Ages,All Years
2.5,0.71,0.66,0.76,All Persons,IMD Q2,East of England,All Routes,All Stages,All Ages,All Years
2.75,0.69,0.63,0.74,All Persons,IMD Q2,East of England,All Routes,All Stages,All Ages,All Years
3,0.67,0.62,0.72,All Persons,IMD Q2,East of England,All Routes,All Stages,All Ages,All Years
3.25,0.67,0.61,0.72,All Persons,IMD Q2,East of England,All Routes,All Stages,All Ages,All Years
3.5,0.66,0.61,0.71,All Persons,IMD Q2,East of England,All Routes,All Stages,All Ages,All Years
3.75,0.66,0.60,0.71,All Persons,IMD Q2,East of England,All Routes,All Stages,All Ages,All Years
4,0.64,0.59,0.70,All Persons,IMD Q2,East of England,All Routes,All Stages,All Ages,All Years
4.25,0.63,0.58,0.69,All Persons,IMD Q2,East of England,All Routes,All Stages,All Ages,All Years
4.5,0.63,0.57,0.68,All Persons,IMD Q2,East of England,All Routes,All Stages,All Ages,All Years
4.75,0.62,0.56,0.68,All Persons,IMD Q2,East of England,All Routes,All Stages,All Ages,All Years
5,0.62,0.56,0.68,All Persons,IMD Q2,East of England,All Routes,All Stages,All Ages,All Years
0,1.00,0.99,1.00,All Persons,IMD Q2,London,All Routes,All Stages,All Ages,All Years
0.25,0.93,0.91,0.96,All Persons,IMD Q2,London,All Routes,All Stages,All Ages,All Years
0.5,0.89,0.87,0.92,All Persons,IMD Q2,London,All Routes,All Stages,All Ages,All Years
0.75,0.84,0.81,0.87,All Persons,IMD Q2,London,All Routes,All Stages,All Ages,All Years
1,0.80,0.77,0.84,All Persons,IMD Q2,London,All Routes,All Stages,All Ages,All Years
1.25,0.77,0.73,0.81,All Persons,IMD Q2,London,All Routes,All Stages,All Ages,All Years
1.5,0.75,0.71,0.79,All Persons,IMD Q2,London,All Routes,All Stages,All Ages,All Years
1.75,0.73,0.69,0.77,All Persons,IMD Q2,London,All Routes,All Stages,All Ages,All Years
2,0.71,0.67,0.75,All Persons,IMD Q2,London,All Routes,All Stages,All Ages,All Years
2.25,0.70,0.66,0.74,All Persons,IMD Q2,London,All Routes,All Stages,All Ages,All Years
2.5,0.68,0.64,0.72,All Persons,IMD Q2,London,All Routes,All Stages,All Ages,All Years
2.75,0.67,0.63,0.71,All Persons,IMD Q2,London,All Routes,All Stages,All Ages,All Years
3,0.66,0.62,0.70,All Persons,IMD Q2,London,All Routes,All Stages,All Ages,All Years
3.25,0.65,0.60,0.69,All Persons,IMD Q2,London,All Routes,All Stages,All Ages,All Years
3.5,0.64,0.60,0.69,All Persons,IMD Q2,London,All Routes,All Stages,All Ages,All Years
3.75,0.63,0.58,0.67,All Persons,IMD Q2,London,All Routes,All Stages,All Ages,All Years
4,0.62,0.58,0.67,All Persons,IMD Q2,London,All Routes,All Stages,All Ages,All Years
4.25,0.62,0.57,0.66,All Persons,IMD Q2,London,All Routes,All Stages,All Ages,All Years
4.5,0.60,0.55,0.65,All Persons,IMD Q2,London,All Routes,All Stages,All Ages,All Years
4.75,0.59,0.53,0.64,All Persons,IMD Q2,London,All Routes,All Stages,All Ages,All Years
5,0.56,0.51,0.61,All Persons,IMD Q2,London,All Routes,All Stages,All Ages,All Years
0,1.00,0.99,1.00,All Persons,IMD Q2,North East,All Routes,All Stages,All Ages,All Years
0.25,0.94,0.91,0.97,All Persons,IMD Q2,North East,All Routes,All Stages,All Ages,All Years
0.5,0.89,0.85,0.93,All Persons,IMD Q2,North East,All Routes,All Stages,All Ages,All Years
0.75,0.85,0.80,0.89,All Persons,IMD Q2,North East,All Routes,All Stages,All Ages,All Years
1,0.80,0.75,0.85,All Persons,IMD Q2,North East,All Routes,All Stages,All Ages,All Years
1.25,0.76,0.71,0.81,All Persons,IMD Q2,North East,All Routes,All Stages,All Ages,All Years
1.5,0.74,0.69,0.79,All Persons,IMD Q2,North East,All Routes,All Stages,All Ages,All Years
1.75,0.72,0.66,0.77,All Persons,IMD Q2,North East,All Routes,All Stages,All Ages,All Years
2,0.70,0.64,0.76,All Persons,IMD Q2,North East,All Routes,All Stages,All Ages,All Years
2.25,0.70,0.64,0.75,All Persons,IMD Q2,North East,All Routes,All Stages,All Ages,All Years
2.5,0.68,0.62,0.74,All Persons,IMD Q2,North East,All Routes,All Stages,All Ages,All Years
2.75,0.67,0.61,0.73,All Persons,IMD Q2,North East,All Routes,All Stages,All Ages,All Years
3,0.67,0.61,0.73,All Persons,IMD Q2,North East,All Routes,All Stages,All Ages,All Years
3.25,0.66,0.59,0.72,All Persons,IMD Q2,North East,All Routes,All Stages,All Ages,All Years
3.5,0.66,0.59,0.72,All Persons,IMD Q2,North East,All Routes,All Stages,All Ages,All Years
3.75,0.64,0.58,0.70,All Persons,IMD Q2,North East,All Routes,All Stages,All Ages,All Years
4,0.63,0.57,0.70,All Persons,IMD Q2,North East,All Routes,All Stages,All Ages,All Years
4.25,0.60,0.54,0.67,All Persons,IMD Q2,North East,All Routes,All Stages,All Ages,All Years
4.5,0.60,0.54,0.67,All Persons,IMD Q2,North East,All Routes,All Stages,All Ages,All Years
4.75,0.60,0.54,0.67,All Persons,IMD Q2,North East,All Routes,All Stages,All Ages,All Years
5,0.60,0.54,0.67,All Persons,IMD Q2,North East,All Routes,All Stages,All Ages,All Years
0,1.00,0.99,1.00,All Persons,IMD Q2,North West,All Routes,All Stages,All Ages,All Years
0.25,0.96,0.94,0.97,All Persons,IMD Q2,North West,All Routes,All Stages,All Ages,All Years
0.5,0.92,0.89,0.94,All Persons,IMD Q2,North West,All Routes,All Stages,All Ages,All Years
0.75,0.87,0.84,0.90,All Persons,IMD Q2,North West,All Routes,All Stages,All Ages,All Years
1,0.85,0.82,0.88,All Persons,IMD Q2,North West,All Routes,All Stages,All Ages,All Years
1.25,0.82,0.79,0.85,All Persons,IMD Q2,North West,All Routes,All Stages,All Ages,All Years
1.5,0.79,0.75,0.82,All Persons,IMD Q2,North West,All Routes,All Stages,All Ages,All Years
1.75,0.76,0.73,0.80,All Persons,IMD Q2,North West,All Routes,All Stages,All Ages,All Years
2,0.74,0.70,0.78,All Persons,IMD Q2,North West,All Routes,All Stages,All Ages,All Years
2.25,0.72,0.68,0.75,All Persons,IMD Q2,North West,All Routes,All Stages,All Ages,All Years
2.5,0.70,0.66,0.74,All Persons,IMD Q2,North West,All Routes,All Stages,All Ages,All Years
2.75,0.68,0.64,0.72,All Persons,IMD Q2,North West,All Routes,All Stages,All Ages,All Years
3,0.67,0.63,0.71,All Persons,IMD Q2,North West,All Routes,All Stages,All Ages,All Years
3.25,0.66,0.62,0.70,All Persons,IMD Q2,North West,All Routes,All Stages,All Ages,All Years
3.5,0.64,0.60,0.69,All Persons,IMD Q2,North West,All Routes,All Stages,All Ages,All Years
3.75,0.64,0.59,0.68,All Persons,IMD Q2,North West,All Routes,All Stages,All Ages,All Years
4,0.63,0.58,0.67,All Persons,IMD Q2,North West,All Routes,All Stages,All Ages,All Years
4.25,0.62,0.58,0.67,All Persons,IMD Q2,North West,All Routes,All Stages,All Ages,All Years
4.5,0.62,0.58,0.67,All Persons,IMD Q2,North West,All Routes,All Stages,All Ages,All Years
4.75,0.62,0.57,0.66,All Persons,IMD Q2,North West,All Routes,All Stages,All Ages,All Years
5,0.61,0.56,0.65,All Persons,IMD Q2,North West,All Routes,All Stages,All Ages,All Years
0,1.00,0.99,1.00,All Persons,IMD Q2,South East,All Routes,All Stages,All Ages,All Years
0.25,0.94,0.92,0.96,All Persons,IMD Q2,South East,All Routes,All Stages,All Ages,All Years
0.5,0.89,0.86,0.92,All Persons,IMD Q2,South East,All Routes,All Stages,All Ages,All Years
0.75,0.86,0.83,0.89,All Persons,IMD Q2,South East,All Routes,All Stages,All Ages,All Years
1,0.83,0.80,0.86,All Persons,IMD Q2,South East,All Routes,All Stages,All Ages,All Years
1.25,0.81,0.78,0.85,All Persons,IMD Q2,South East,All Routes,All Stages,All Ages,All Years
1.5,0.80,0.76,0.83,All Persons,IMD Q2,South East,All Routes,All Stages,All Ages,All Years
1.75,0.77,0.73,0.81,All Persons,IMD Q2,South East,All Routes,All Stages,All Ages,All Years
2,0.75,0.71,0.79,All Persons,IMD Q2,South East,All Routes,All Stages,All Ages,All Years
2.25,0.73,0.69,0.77,All Persons,IMD Q2,South East,All Routes,All Stages,All Ages,All Years
2.5,0.70,0.66,0.75,All Persons,IMD Q2,South East,All Routes,All Stages,All Ages,All Years
2.75,0.69,0.65,0.73,All Persons,IMD Q2,South East,All Routes,All Stages,All Ages,All Years
3,0.68,0.63,0.72,All Persons,IMD Q2,South East,All Routes,All Stages,All Ages,All Years
3.25,0.67,0.63,0.72,All Persons,IMD Q2,South East,All Routes,All Stages,All Ages,All Years
3.5,0.67,0.62,0.71,All Persons,IMD Q2,South East,All Routes,All Stages,All Ages,All Years
3.75,0.65,0.60,0.69,All Persons,IMD Q2,South East,All Routes,All Stages,All Ages,All Years
4,0.64,0.59,0.69,All Persons,IMD Q2,South East,All Routes,All Stages,All Ages,All Years
4.25,0.63,0.58,0.67,All Persons,IMD Q2,South East,All Routes,All Stages,All Ages,All Years
4.5,0.63,0.58,0.67,All Persons,IMD Q2,South East,All Routes,All Stages,All Ages,All Years
4.75,0.62,0.57,0.67,All Persons,IMD Q2,South East,All Routes,All Stages,All Ages,All Years
5,0.61,0.56,0.66,All Persons,IMD Q2,South East,All Routes,All Stages,All Ages,All Years
0,1.00,0.99,1.00,All Persons,IMD Q2,South West,All Routes,All Stages,All Ages,All Years
0.25,0.95,0.93,0.97,All Persons,IMD Q2,South West,All Routes,All Stages,All Ages,All Years
0.5,0.91,0.89,0.94,All Persons,IMD Q2,South West,All Routes,All Stages,All Ages,All Years
0.75,0.88,0.85,0.91,All Persons,IMD Q2,South West,All Routes,All Stages,All Ages,All Years
1,0.85,0.82,0.89,All Persons,IMD Q2,South West,All Routes,All Stages,All Ages,All Years
1.25,0.82,0.79,0.86,All Persons,IMD Q2,South West,All Routes,All Stages,All Ages,All Years
1.5,0.80,0.77,0.84,All Persons,IMD Q2,South West,All Routes,All Stages,All Ages,All Years
1.75,0.79,0.75,0.82,All Persons,IMD Q2,South West,All Routes,All Stages,All Ages,All Years
2,0.77,0.73,0.81,All Persons,IMD Q2,South West,All Routes,All Stages,All Ages,All Years
2.25,0.76,0.72,0.80,All Persons,IMD Q2,South West,All Routes,All Stages,All Ages,All Years
2.5,0.74,0.70,0.78,All Persons,IMD Q2,South West,All Routes,All Stages,All Ages,All Years
2.75,0.72,0.68,0.76,All Persons,IMD Q2,South West,All Routes,All Stages,All Ages,All Years
3,0.71,0.67,0.76,All Persons,IMD Q2,South West,All Routes,All Stages,All Ages,All Years
3.25,0.71,0.67,0.76,All Persons,IMD Q2,South West,All Routes,All Stages,All Ages,All Years
3.5,0.71,0.66,0.75,All Persons,IMD Q2,South West,All Routes,All Stages,All Ages,All Years
3.75,0.70,0.65,0.74,All Persons,IMD Q2,South West,All Routes,All Stages,All Ages,All Years
4,0.68,0.64,0.73,All Persons,IMD Q2,South West,All Routes,All Stages,All Ages,All Years
4.25,0.68,0.63,0.73,All Persons,IMD Q2,South West,All Routes,All Stages,All Ages,All Years
4.5,0.67,0.62,0.72,All Persons,IMD Q2,South West,All Routes,All Stages,All Ages,All Years
4.75,0.66,0.62,0.71,All Persons,IMD Q2,South West,All Routes,All Stages,All Ages,All Years
5,0.65,0.60,0.70,All Persons,IMD Q2,South West,All Routes,All Stages,All Ages,All Years
0,1.00,0.99,1.00,All Persons,IMD Q2,West Midlands,All Routes,All Stages,All Ages,All Years
0.25,0.91,0.87,0.94,All Persons,IMD Q2,West Midlands,All Routes,All Stages,All Ages,All Years
0.5,0.84,0.80,0.88,All Persons,IMD Q2,West Midlands,All Routes,All Stages,All Ages,All Years
0.75,0.81,0.77,0.85,All Persons,IMD Q2,West Midlands,All Routes,All Stages,All Ages,All Years
1,0.79,0.74,0.83,All Persons,IMD Q2,West Midlands,All Routes,All Stages,All Ages,All Years
1.25,0.76,0.72,0.81,All Persons,IMD Q2,West Midlands,All Routes,All Stages,All Ages,All Years
1.5,0.75,0.70,0.79,All Persons,IMD Q2,West Midlands,All Routes,All Stages,All Ages,All Years
1.75,0.73,0.68,0.78,All Persons,IMD Q2,West Midlands,All Routes,All Stages,All Ages,All Years
2,0.71,0.66,0.76,All Persons,IMD Q2,West Midlands,All Routes,All Stages,All Ages,All Years
2.25,0.69,0.63,0.74,All Persons,IMD Q2,West Midlands,All Routes,All Stages,All Ages,All Years
2.5,0.66,0.61,0.72,All Persons,IMD Q2,West Midlands,All Routes,All Stages,All Ages,All Years
2.75,0.66,0.60,0.71,All Persons,IMD Q2,West Midlands,All Routes,All Stages,All Ages,All Years
3,0.64,0.59,0.70,All Persons,IMD Q2,West Midlands,All Routes,All Stages,All Ages,All Years
3.25,0.62,0.56,0.67,All Persons,IMD Q2,West Midlands,All Routes,All Stages,All Ages,All Years
3.5,0.60,0.55,0.66,All Persons,IMD Q2,West Midlands,All Routes,All Stages,All Ages,All Years
3.75,0.59,0.53,0.65,All Persons,IMD Q2,West Midlands,All Routes,All Stages,All Ages,All Years
4,0.58,0.52,0.64,All Persons,IMD Q2,West Midlands,All Routes,All Stages,All Ages,All Years
4.25,0.56,0.50,0.63,All Persons,IMD Q2,West Midlands,All Routes,All Stages,All Ages,All Years
4.5,0.55,0.49,0.62,All Persons,IMD Q2,West Midlands,All Routes,All Stages,All Ages,All Years
4.75,0.53,0.47,0.60,All Persons,IMD Q2,West Midlands,All Routes,All Stages,All Ages,All Years
5,0.53,0.47,0.60,All Persons,IMD Q2,West Midlands,All Routes,All Stages,All Ages,All Years
0,1.00,0.99,1.00,All Persons,IMD Q2,Yorkshire and The Humber,All Routes,All Stages,All Ages,All Years
0.25,0.94,0.91,0.96,All Persons,IMD Q2,Yorkshire and The Humber,All Routes,All Stages,All Ages,All Years
0.5,0.90,0.87,0.93,All Persons,IMD Q2,Yorkshire and The Humber,All Routes,All Stages,All Ages,All Years
0.75,0.83,0.79,0.87,All Persons,IMD Q2,Yorkshire and The Humber,All Routes,All Stages,All Ages,All Years
1,0.79,0.75,0.83,All Persons,IMD Q2,Yorkshire and The Humber,All Routes,All Stages,All Ages,All Years
1.25,0.76,0.72,0.81,All Persons,IMD Q2,Yorkshire and The Humber,All Routes,All Stages,All Ages,All Years
1.5,0.74,0.69,0.78,All Persons,IMD Q2,Yorkshire and The Humber,All Routes,All Stages,All Ages,All Years
1.75,0.72,0.68,0.77,All Persons,IMD Q2,Yorkshire and The Humber,All Routes,All Stages,All Ages,All Years
2,0.70,0.65,0.75,All Persons,IMD Q2,Yorkshire and The Humber,All Routes,All Stages,All Ages,All Years
2.25,0.68,0.63,0.73,All Persons,IMD Q2,Yorkshire and The Humber,All Routes,All Stages,All Ages,All Years
2.5,0.67,0.62,0.72,All Persons,IMD Q2,Yorkshire and The Humber,All Routes,All Stages,All Ages,All Years
2.75,0.66,0.61,0.71,All Persons,IMD Q2,Yorkshire and The Humber,All Routes,All Stages,All Ages,All Years
3,0.65,0.60,0.70,All Persons,IMD Q2,Yorkshire and The Humber,All Routes,All Stages,All Ages,All Years
3.25,0.64,0.59,0.69,All Persons,IMD Q2,Yorkshire and The Humber,All Routes,All Stages,All Ages,All Years
3.5,0.64,0.58,0.69,All Persons,IMD Q2,Yorkshire and The Humber,All Routes,All Stages,All Ages,All Years
3.75,0.62,0.56,0.67,All Persons,IMD Q2,Yorkshire and The Humber,All Routes,All Stages,All Ages,All Years
4,0.60,0.54,0.65,All Persons,IMD Q2,Yorkshire and The Humber,All Routes,All Stages,All Ages,All Years
4.25,0.59,0.54,0.65,All Persons,IMD Q2,Yorkshire and The Humber,All Routes,All Stages,All Ages,All Years
4.5,0.59,0.54,0.65,All Persons,IMD Q2,Yorkshire and The Humber,All Routes,All Stages,All Ages,All Years
4.75,0.59,0.54,0.65,All Persons,IMD Q2,Yorkshire and The Humber,All Routes,All Stages,All Ages,All Years
5,0.58,0.52,0.64,All Persons,IMD Q2,Yorkshire and The Humber,All Routes,All Stages,All Ages,All Years
0,0.99,0.97,1.01,All Persons,IMD Q2,All Regions,Emergency,All Stages,All Ages,All Years
0.25,0.74,0.66,0.82,All Persons,IMD Q2,All Regions,Emergency,All Stages,All Ages,All Years
0.5,0.65,0.57,0.74,All Persons,IMD Q2,All Regions,Emergency,All Stages,All Ages,All Years
0.75,0.56,0.47,0.65,All Persons,IMD Q2,All Regions,Emergency,All Stages,All Ages,All Years
1,0.50,0.41,0.60,All Persons,IMD Q2,All Regions,Emergency,All Stages,All Ages,All Years
1.25,0.49,0.40,0.58,All Persons,IMD Q2,All Regions,Emergency,All Stages,All Ages,All Years
1.5,0.48,0.39,0.57,All Persons,IMD Q2,All Regions,Emergency,All Stages,All Ages,All Years
1.75,0.45,0.36,0.54,All Persons,IMD Q2,All Regions,Emergency,All Stages,All Ages,All Years
2,0.44,0.35,0.53,All Persons,IMD Q2,All Regions,Emergency,All Stages,All Ages,All Years
2.25,0.42,0.33,0.51,All Persons,IMD Q2,All Regions,Emergency,All Stages,All Ages,All Years
2.5,0.41,0.32,0.50,All Persons,IMD Q2,All Regions,Emergency,All Stages,All Ages,All Years
2.75,0.40,0.31,0.49,All Persons,IMD Q2,All Regions,Emergency,All Stages,All Ages,All Years
3,0.38,0.29,0.47,All Persons,IMD Q2,All Regions,Emergency,All Stages,All Ages,All Years
3.5,0.37,0.28,0.46,All Persons,IMD Q2,All Regions,Emergency,All Stages,All Ages,All Years
3.75,0.36,0.28,0.45,All Persons,IMD Q2,All Regions,Emergency,All Stages,All Ages,All Years
4,0.35,0.26,0.43,All Persons,IMD Q2,All Regions,Emergency,All Stages,All Ages,All Years
4.25,0.34,0.25,0.42,All Persons,IMD Q2,All Regions,Emergency,All Stages,All Ages,All Years
4.5,0.34,0.25,0.42,All Persons,IMD Q2,All Regions,Emergency,All Stages,All Ages,All Years
4.75,0.33,0.24,0.41,All Persons,IMD Q2,All Regions,Emergency,All Stages,All Ages,All Years
0,1.00,1.00,1.00,All Persons,IMD Q2,All Regions,Non-emergency,All Stages,All Ages,All Years
0.25,0.96,0.95,0.97,All Persons,IMD Q2,All Regions,Non-emergency,All Stages,All Ages,All Years
0.5,0.91,0.89,0.92,All Persons,IMD Q2,All Regions,Non-emergency,All Stages,All Ages,All Years
0.75,0.86,0.85,0.88,All Persons,IMD Q2,All Regions,Non-emergency,All Stages,All Ages,All Years
1,0.83,0.81,0.85,All Persons,IMD Q2,All Regions,Non-emergency,All Stages,All Ages,All Years
1.25,0.80,0.78,0.82,All Persons,IMD Q2,All Regions,Non-emergency,All Stages,All Ages,All Years
1.5,0.78,0.76,0.80,All Persons,IMD Q2,All Regions,Non-emergency,All Stages,All Ages,All Years
1.75,0.77,0.74,0.79,All Persons,IMD Q2,All Regions,Non-emergency,All Stages,All Ages,All Years
2,0.75,0.72,0.77,All Persons,IMD Q2,All Regions,Non-emergency,All Stages,All Ages,All Years
2.25,0.73,0.71,0.75,All Persons,IMD Q2,All Regions,Non-emergency,All Stages,All Ages,All Years
2.5,0.71,0.69,0.73,All Persons,IMD Q2,All Regions,Non-emergency,All Stages,All Ages,All Years
2.75,0.69,0.67,0.72,All Persons,IMD Q2,All Regions,Non-emergency,All Stages,All Ages,All Years
3,0.68,0.65,0.70,All Persons,IMD Q2,All Regions,Non-emergency,All Stages,All Ages,All Years
3.25,0.67,0.65,0.69,All Persons,IMD Q2,All Regions,Non-emergency,All Stages,All Ages,All Years
3.5,0.66,0.64,0.69,All Persons,IMD Q2,All Regions,Non-emergency,All Stages,All Ages,All Years
3.75,0.65,0.62,0.67,All Persons,IMD Q2,All Regions,Non-emergency,All Stages,All Ages,All Years
4,0.64,0.61,0.66,All Persons,IMD Q2,All Regions,Non-emergency,All Stages,All Ages,All Years
4.25,0.63,0.60,0.65,All Persons,IMD Q2,All Regions,Non-emergency,All Stages,All Ages,All Years
4.5,0.62,0.60,0.65,All Persons,IMD Q2,All Regions,Non-emergency,All Stages,All Ages,All Years
4.75,0.62,0.59,0.64,All Persons,IMD Q2,All Regions,Non-emergency,All Stages,All Ages,All Years
5,0.61,0.58,0.63,All Persons,IMD Q2,All Regions,Non-emergency,All Stages,All Ages,All Years
0,1.00,1.00,1.00,All Persons,IMD Q2,All Regions,All Routes,Early,All Ages,All Years
0.25,0.99,0.99,1.00,All Persons,IMD Q2,All Regions,All Routes,Early,All Ages,All Years
0.5,0.98,0.97,0.99,All Persons,IMD Q2,All Regions,All Routes,Early,All Ages,All Years
0.75,0.96,0.95,0.98,All Persons,IMD Q2,All Regions,All Routes,Early,All Ages,All Years
1,0.95,0.94,0.96,All Persons,IMD Q2,All Regions,All Routes,Early,All Ages,All Years
1.25,0.93,0.91,0.94,All Persons,IMD Q2,All Regions,All Routes,Early,All Ages,All Years
1.5,0.91,0.89,0.93,All Persons,IMD Q2,All Regions,All Routes,Early,All Ages,All Years
1.75,0.90,0.88,0.92,All Persons,IMD Q2,All Regions,All Routes,Early,All Ages,All Years
2,0.89,0.87,0.91,All Persons,IMD Q2,All Regions,All Routes,Early,All Ages,All Years
2.25,0.87,0.85,0.89,All Persons,IMD Q2,All Regions,All Routes,Early,All Ages,All Years
2.5,0.85,0.83,0.88,All Persons,IMD Q2,All Regions,All Routes,Early,All Ages,All Years
2.75,0.84,0.82,0.87,All Persons,IMD Q2,All Regions,All Routes,Early,All Ages,All Years
3,0.84,0.81,0.86,All Persons,IMD Q2,All Regions,All Routes,Early,All Ages,All Years
3.25,0.82,0.80,0.85,All Persons,IMD Q2,All Regions,All Routes,Early,All Ages,All Years
3.5,0.81,0.79,0.84,All Persons,IMD Q2,All Regions,All Routes,Early,All Ages,All Years
3.75,0.79,0.75,0.82,All Persons,IMD Q2,All Regions,All Routes,Early,All Ages,All Years
4,0.76,0.72,0.80,All Persons,IMD Q2,All Regions,All Routes,Early,All Ages,All Years
4.25,0.75,0.71,0.79,All Persons,IMD Q2,All Regions,All Routes,Early,All Ages,All Years
4.5,0.74,0.70,0.79,All Persons,IMD Q2,All Regions,All Routes,Early,All Ages,All Years
4.75,0.72,0.67,0.77,All Persons,IMD Q2,All Regions,All Routes,Early,All Ages,All Years
5,0.69,0.64,0.75,All Persons,IMD Q2,All Regions,All Routes,Early,All Ages,All Years
0,1.00,1.00,1.00,All Persons,IMD Q2,All Regions,All Routes,Advanced,All Ages,All Years
0.25,0.93,0.92,0.94,All Persons,IMD Q2,All Regions,All Routes,Advanced,All Ages,All Years
0.5,0.87,0.85,0.88,All Persons,IMD Q2,All Regions,All Routes,Advanced,All Ages,All Years
0.75,0.81,0.80,0.83,All Persons,IMD Q2,All Regions,All Routes,Advanced,All Ages,All Years
1,0.77,0.75,0.79,All Persons,IMD Q2,All Regions,All Routes,Advanced,All Ages,All Years
1.25,0.74,0.73,0.76,All Persons,IMD Q2,All Regions,All Routes,Advanced,All Ages,All Years
1.5,0.72,0.70,0.74,All Persons,IMD Q2,All Regions,All Routes,Advanced,All Ages,All Years
1.75,0.70,0.68,0.72,All Persons,IMD Q2,All Regions,All Routes,Advanced,All Ages,All Years
2,0.68,0.66,0.70,All Persons,IMD Q2,All Regions,All Routes,Advanced,All Ages,All Years
2.25,0.66,0.64,0.68,All Persons,IMD Q2,All Regions,All Routes,Advanced,All Ages,All Years
2.5,0.64,0.62,0.66,All Persons,IMD Q2,All Regions,All Routes,Advanced,All Ages,All Years
2.75,0.63,0.61,0.65,All Persons,IMD Q2,All Regions,All Routes,Advanced,All Ages,All Years
3,0.61,0.59,0.63,All Persons,IMD Q2,All Regions,All Routes,Advanced,All Ages,All Years
3.25,0.60,0.58,0.62,All Persons,IMD Q2,All Regions,All Routes,Advanced,All Ages,All Years
3.5,0.60,0.58,0.62,All Persons,IMD Q2,All Regions,All Routes,Advanced,All Ages,All Years
3.75,0.59,0.57,0.61,All Persons,IMD Q2,All Regions,All Routes,Advanced,All Ages,All Years
4,0.58,0.56,0.60,All Persons,IMD Q2,All Regions,All Routes,Advanced,All Ages,All Years
4.25,0.57,0.55,0.59,All Persons,IMD Q2,All Regions,All Routes,Advanced,All Ages,All Years
4.5,0.57,0.54,0.59,All Persons,IMD Q2,All Regions,All Routes,Advanced,All Ages,All Years
4.75,0.56,0.54,0.58,All Persons,IMD Q2,All Regions,All Routes,Advanced,All Ages,All Years
5,0.55,0.53,0.58,All Persons,IMD Q2,All Regions,All Routes,Advanced,All Ages,All Years
0,1.00,0.99,1.00,All Persons,IMD Q2,All Regions,All Routes,All Stages,0-49,All Years
0.25,0.98,0.96,0.99,All Persons,IMD Q2,All Regions,All Routes,All Stages,0-49,All Years
0.5,0.96,0.94,0.98,All Persons,IMD Q2,All Regions,All Routes,All Stages,0-49,All Years
0.75,0.92,0.89,0.95,All Persons,IMD Q2,All Regions,All Routes,All Stages,0-49,All Years
1,0.91,0.88,0.94,All Persons,IMD Q2,All Regions,All Routes,All Stages,0-49,All Years
1.25,0.89,0.86,0.92,All Persons,IMD Q2,All Regions,All Routes,All Stages,0-49,All Years
1.5,0.88,0.85,0.91,All Persons,IMD Q2,All Regions,All Routes,All Stages,0-49,All Years
1.75,0.87,0.84,0.90,All Persons,IMD Q2,All Regions,All Routes,All Stages,0-49,All Years
2,0.85,0.81,0.89,All Persons,IMD Q2,All Regions,All Routes,All Stages,0-49,All Years
2.25,0.84,0.80,0.88,All Persons,IMD Q2,All Regions,All Routes,All Stages,0-49,All Years
2.5,0.83,0.79,0.87,All Persons,IMD Q2,All Regions,All Routes,All Stages,0-49,All Years
2.75,0.83,0.79,0.87,All Persons,IMD Q2,All Regions,All Routes,All Stages,0-49,All Years
3,0.82,0.78,0.86,All Persons,IMD Q2,All Regions,All Routes,All Stages,0-49,All Years
3.25,0.82,0.78,0.86,All Persons,IMD Q2,All Regions,All Routes,All Stages,0-49,All Years
3.5,0.82,0.77,0.86,All Persons,IMD Q2,All Regions,All Routes,All Stages,0-49,All Years
3.75,0.81,0.76,0.85,All Persons,IMD Q2,All Regions,All Routes,All Stages,0-49,All Years
4,0.81,0.76,0.85,All Persons,IMD Q2,All Regions,All Routes,All Stages,0-49,All Years
4.25,0.80,0.76,0.84,All Persons,IMD Q2,All Regions,All Routes,All Stages,0-49,All Years
4.5,0.80,0.76,0.84,All Persons,IMD Q2,All Regions,All Routes,All Stages,0-49,All Years
4.75,0.80,0.75,0.84,All Persons,IMD Q2,All Regions,All Routes,All Stages,0-49,All Years
5,0.80,0.75,0.84,All Persons,IMD Q2,All Regions,All Routes,All Stages,0-49,All Years
0,1.00,0.99,1.00,All Persons,IMD Q2,All Regions,All Routes,All Stages,50-54,All Years
0.25,0.97,0.95,0.98,All Persons,IMD Q2,All Regions,All Routes,All Stages,50-54,All Years
0.5,0.94,0.92,0.96,All Persons,IMD Q2,All Regions,All Routes,All Stages,50-54,All Years
0.75,0.91,0.88,0.93,All Persons,IMD Q2,All Regions,All Routes,All Stages,50-54,All Years
1,0.88,0.85,0.91,All Persons,IMD Q2,All Regions,All Routes,All Stages,50-54,All Years
1.25,0.88,0.85,0.90,All Persons,IMD Q2,All Regions,All Routes,All Stages,50-54,All Years
1.5,0.86,0.83,0.89,All Persons,IMD Q2,All Regions,All Routes,All Stages,50-54,All Years
1.75,0.85,0.82,0.88,All Persons,IMD Q2,All Regions,All Routes,All Stages,50-54,All Years
2,0.84,0.80,0.87,All Persons,IMD Q2,All Regions,All Routes,All Stages,50-54,All Years
2.25,0.83,0.79,0.86,All Persons,IMD Q2,All Regions,All Routes,All Stages,50-54,All Years
2.5,0.81,0.78,0.85,All Persons,IMD Q2,All Regions,All Routes,All Stages,50-54,All Years
2.75,0.81,0.78,0.85,All Persons,IMD Q2,All Regions,All Routes,All Stages,50-54,All Years
3,0.81,0.77,0.84,All Persons,IMD Q2,All Regions,All Routes,All Stages,50-54,All Years
3.25,0.80,0.76,0.83,All Persons,IMD Q2,All Regions,All Routes,All Stages,50-54,All Years
3.5,0.79,0.75,0.83,All Persons,IMD Q2,All Regions,All Routes,All Stages,50-54,All Years
3.75,0.78,0.74,0.82,All Persons,IMD Q2,All Regions,All Routes,All Stages,50-54,All Years
4,0.78,0.74,0.82,All Persons,IMD Q2,All Regions,All Routes,All Stages,50-54,All Years
4.25,0.76,0.72,0.80,All Persons,IMD Q2,All Regions,All Routes,All Stages,50-54,All Years
4.5,0.76,0.72,0.80,All Persons,IMD Q2,All Regions,All Routes,All Stages,50-54,All Years
4.75,0.75,0.71,0.80,All Persons,IMD Q2,All Regions,All Routes,All Stages,50-54,All Years
5,0.75,0.71,0.80,All Persons,IMD Q2,All Regions,All Routes,All Stages,50-54,All Years
0,1.00,1.00,1.00,All Persons,IMD Q2,All Regions,All Routes,All Stages,55-59,All Years
0.25,0.97,0.95,0.98,All Persons,IMD Q2,All Regions,All Routes,All Stages,55-59,All Years
0.5,0.93,0.92,0.95,All Persons,IMD Q2,All Regions,All Routes,All Stages,55-59,All Years
0.75,0.90,0.88,0.92,All Persons,IMD Q2,All Regions,All Routes,All Stages,55-59,All Years
1,0.87,0.85,0.90,All Persons,IMD Q2,All Regions,All Routes,All Stages,55-59,All Years
1.25,0.85,0.83,0.88,All Persons,IMD Q2,All Regions,All Routes,All Stages,55-59,All Years
1.5,0.84,0.81,0.87,All Persons,IMD Q2,All Regions,All Routes,All Stages,55-59,All Years
1.75,0.82,0.79,0.85,All Persons,IMD Q2,All Regions,All Routes,All Stages,55-59,All Years
2,0.80,0.77,0.83,All Persons,IMD Q2,All Regions,All Routes,All Stages,55-59,All Years
2.25,0.78,0.75,0.82,All Persons,IMD Q2,All Regions,All Routes,All Stages,55-59,All Years
2.5,0.76,0.73,0.80,All Persons,IMD Q2,All Regions,All Routes,All Stages,55-59,All Years
2.75,0.74,0.71,0.78,All Persons,IMD Q2,All Regions,All Routes,All Stages,55-59,All Years
3,0.73,0.70,0.77,All Persons,IMD Q2,All Regions,All Routes,All Stages,55-59,All Years
3.25,0.72,0.68,0.76,All Persons,IMD Q2,All Regions,All Routes,All Stages,55-59,All Years
3.5,0.70,0.66,0.74,All Persons,IMD Q2,All Regions,All Routes,All Stages,55-59,All Years
3.75,0.70,0.66,0.73,All Persons,IMD Q2,All Regions,All Routes,All Stages,55-59,All Years
4,0.68,0.64,0.72,All Persons,IMD Q2,All Regions,All Routes,All Stages,55-59,All Years
4.25,0.67,0.63,0.71,All Persons,IMD Q2,All Regions,All Routes,All Stages,55-59,All Years
4.5,0.67,0.63,0.71,All Persons,IMD Q2,All Regions,All Routes,All Stages,55-59,All Years
4.75,0.66,0.62,0.71,All Persons,IMD Q2,All Regions,All Routes,All Stages,55-59,All Years
5,0.66,0.62,0.71,All Persons,IMD Q2,All Regions,All Routes,All Stages,55-59,All Years
0,1.00,1.00,1.00,All Persons,IMD Q2,All Regions,All Routes,All Stages,60-64,All Years
0.25,0.95,0.93,0.97,All Persons,IMD Q2,All Regions,All Routes,All Stages,60-64,All Years
0.5,0.90,0.87,0.92,All Persons,IMD Q2,All Regions,All Routes,All Stages,60-64,All Years
0.75,0.87,0.85,0.90,All Persons,IMD Q2,All Regions,All Routes,All Stages,60-64,All Years
1,0.85,0.82,0.87,All Persons,IMD Q2,All Regions,All Routes,All Stages,60-64,All Years
1.25,0.82,0.79,0.84,All Persons,IMD Q2,All Regions,All Routes,All Stages,60-64,All Years
1.5,0.79,0.76,0.82,All Persons,IMD Q2,All Regions,All Routes,All Stages,60-64,All Years
1.75,0.78,0.74,0.81,All Persons,IMD Q2,All Regions,All Routes,All Stages,60-64,All Years
2,0.76,0.73,0.79,All Persons,IMD Q2,All Regions,All Routes,All Stages,60-64,All Years
2.25,0.75,0.72,0.78,All Persons,IMD Q2,All Regions,All Routes,All Stages,60-64,All Years
2.5,0.73,0.70,0.77,All Persons,IMD Q2,All Regions,All Routes,All Stages,60-64,All Years
2.75,0.72,0.69,0.76,All Persons,IMD Q2,All Regions,All Routes,All Stages,60-64,All Years
3,0.70,0.67,0.74,All Persons,IMD Q2,All Regions,All Routes,All Stages,60-64,All Years
3.25,0.69,0.65,0.72,All Persons,IMD Q2,All Regions,All Routes,All Stages,60-64,All Years
3.5,0.69,0.65,0.72,All Persons,IMD Q2,All Regions,All Routes,All Stages,60-64,All Years
3.75,0.67,0.64,0.71,All Persons,IMD Q2,All Regions,All Routes,All Stages,60-64,All Years
4,0.66,0.62,0.70,All Persons,IMD Q2,All Regions,All Routes,All Stages,60-64,All Years
4.25,0.66,0.62,0.70,All Persons,IMD Q2,All Regions,All Routes,All Stages,60-64,All Years
4.5,0.65,0.61,0.69,All Persons,IMD Q2,All Regions,All Routes,All Stages,60-64,All Years
4.75,0.64,0.60,0.68,All Persons,IMD Q2,All Regions,All Routes,All Stages,60-64,All Years
5,0.63,0.59,0.67,All Persons,IMD Q2,All Regions,All Routes,All Stages,60-64,All Years
0,1.00,0.99,1.00,All Persons,IMD Q2,All Regions,All Routes,All Stages,65-69,All Years
0.25,0.93,0.91,0.95,All Persons,IMD Q2,All Regions,All Routes,All Stages,65-69,All Years
0.5,0.88,0.86,0.91,All Persons,IMD Q2,All Regions,All Routes,All Stages,65-69,All Years
0.75,0.84,0.81,0.87,All Persons,IMD Q2,All Regions,All Routes,All Stages,65-69,All Years
1,0.81,0.78,0.85,All Persons,IMD Q2,All Regions,All Routes,All Stages,65-69,All Years
1.25,0.78,0.75,0.82,All Persons,IMD Q2,All Regions,All Routes,All Stages,65-69,All Years
1.5,0.76,0.73,0.80,All Persons,IMD Q2,All Regions,All Routes,All Stages,65-69,All Years
1.75,0.74,0.70,0.78,All Persons,IMD Q2,All Regions,All Routes,All Stages,65-69,All Years
2,0.70,0.66,0.74,All Persons,IMD Q2,All Regions,All Routes,All Stages,65-69,All Years
2.25,0.68,0.64,0.72,All Persons,IMD Q2,All Regions,All Routes,All Stages,65-69,All Years
2.5,0.67,0.62,0.71,All Persons,IMD Q2,All Regions,All Routes,All Stages,65-69,All Years
2.75,0.65,0.61,0.69,All Persons,IMD Q2,All Regions,All Routes,All Stages,65-69,All Years
3,0.64,0.59,0.68,All Persons,IMD Q2,All Regions,All Routes,All Stages,65-69,All Years
3.25,0.63,0.58,0.67,All Persons,IMD Q2,All Regions,All Routes,All Stages,65-69,All Years
3.5,0.62,0.58,0.67,All Persons,IMD Q2,All Regions,All Routes,All Stages,65-69,All Years
3.75,0.61,0.56,0.65,All Persons,IMD Q2,All Regions,All Routes,All Stages,65-69,All Years
4,0.60,0.56,0.65,All Persons,IMD Q2,All Regions,All Routes,All Stages,65-69,All Years
4.25,0.59,0.55,0.64,All Persons,IMD Q2,All Regions,All Routes,All Stages,65-69,All Years
4.5,0.58,0.53,0.63,All Persons,IMD Q2,All Regions,All Routes,All Stages,65-69,All Years
4.75,0.57,0.52,0.62,All Persons,IMD Q2,All Regions,All Routes,All Stages,65-69,All Years
5,0.56,0.51,0.61,All Persons,IMD Q2,All Regions,All Routes,All Stages,65-69,All Years
0,1.00,0.99,1.00,All Persons,IMD Q2,All Regions,All Routes,All Stages,70-74,All Years
0.25,0.92,0.89,0.94,All Persons,IMD Q2,All Regions,All Routes,All Stages,70-74,All Years
0.5,0.84,0.80,0.88,All Persons,IMD Q2,All Regions,All Routes,All Stages,70-74,All Years
0.75,0.78,0.74,0.82,All Persons,IMD Q2,All Regions,All Routes,All Stages,70-74,All Years
1,0.75,0.70,0.79,All Persons,IMD Q2,All Regions,All Routes,All Stages,70-74,All Years
1.25,0.71,0.67,0.76,All Persons,IMD Q2,All Regions,All Routes,All Stages,70-74,All Years
1.5,0.69,0.65,0.74,All Persons,IMD Q2,All Regions,All Routes,All Stages,70-74,All Years
1.75,0.66,0.61,0.71,All Persons,IMD Q2,All Regions,All Routes,All Stages,70-74,All Years
2,0.64,0.59,0.69,All Persons,IMD Q2,All Regions,All Routes,All Stages,70-74,All Years
2.25,0.61,0.56,0.66,All Persons,IMD Q2,All Regions,All Routes,All Stages,70-74,All Years
2.5,0.59,0.54,0.64,All Persons,IMD Q2,All Regions,All Routes,All Stages,70-74,All Years
2.75,0.58,0.53,0.63,All Persons,IMD Q2,All Regions,All Routes,All Stages,70-74,All Years
3,0.56,0.50,0.61,All Persons,IMD Q2,All Regions,All Routes,All Stages,70-74,All Years
3.25,0.55,0.50,0.60,All Persons,IMD Q2,All Regions,All Routes,All Stages,70-74,All Years
3.5,0.54,0.49,0.60,All Persons,IMD Q2,All Regions,All Routes,All Stages,70-74,All Years
3.75,0.51,0.46,0.57,All Persons,IMD Q2,All Regions,All Routes,All Stages,70-74,All Years
4,0.48,0.43,0.54,All Persons,IMD Q2,All Regions,All Routes,All Stages,70-74,All Years
4.25,0.46,0.40,0.52,All Persons,IMD Q2,All Regions,All Routes,All Stages,70-74,All Years
4.5,0.46,0.40,0.52,All Persons,IMD Q2,All Regions,All Routes,All Stages,70-74,All Years
4.75,0.46,0.40,0.52,All Persons,IMD Q2,All Regions,All Routes,All Stages,70-74,All Years
5,0.43,0.36,0.49,All Persons,IMD Q2,All Regions,All Routes,All Stages,70-74,All Years
0,1.00,0.99,1.00,All Persons,IMD Q2,All Regions,All Routes,All Stages,75-79,All Years
0.25,0.88,0.84,0.92,All Persons,IMD Q2,All Regions,All Routes,All Stages,75-79,All Years
0.5,0.77,0.72,0.83,All Persons,IMD Q2,All Regions,All Routes,All Stages,75-79,All Years
0.75,0.73,0.67,0.78,All Persons,IMD Q2,All Regions,All Routes,All Stages,75-79,All Years
1,0.66,0.60,0.72,All Persons,IMD Q2,All Regions,All Routes,All Stages,75-79,All Years
1.25,0.61,0.55,0.67,All Persons,IMD Q2,All Regions,All Routes,All Stages,75-79,All Years
1.5,0.58,0.52,0.64,All Persons,IMD Q2,All Regions,All Routes,All Stages,75-79,All Years
1.75,0.54,0.48,0.61,All Persons,IMD Q2,All Regions,All Routes,All Stages,75-79,All Years
2,0.53,0.46,0.59,All Persons,IMD Q2,All Regions,All Routes,All Stages,75-79,All Years
2.25,0.50,0.44,0.57,All Persons,IMD Q2,All Regions,All Routes,All Stages,75-79,All Years
2.5,0.46,0.39,0.53,All Persons,IMD Q2,All Regions,All Routes,All Stages,75-79,All Years
2.75,0.42,0.35,0.49,All Persons,IMD Q2,All Regions,All Routes,All Stages,75-79,All Years
3,0.40,0.32,0.47,All Persons,IMD Q2,All Regions,All Routes,All Stages,75-79,All Years
3.25,0.38,0.31,0.45,All Persons,IMD Q2,All Regions,All Routes,All Stages,75-79,All Years
3.5,0.37,0.30,0.44,All Persons,IMD Q2,All Regions,All Routes,All Stages,75-79,All Years
3.75,0.36,0.29,0.43,All Persons,IMD Q2,All Regions,All Routes,All Stages,75-79,All Years
4,0.35,0.28,0.42,All Persons,IMD Q2,All Regions,All Routes,All Stages,75-79,All Years
4.25,0.33,0.25,0.40,All Persons,IMD Q2,All Regions,All Routes,All Stages,75-79,All Years
4.5,0.31,0.24,0.39,All Persons,IMD Q2,All Regions,All Routes,All Stages,75-79,All Years
4.75,0.30,0.22,0.38,All Persons,IMD Q2,All Regions,All Routes,All Stages,75-79,All Years
5,0.28,0.21,0.36,All Persons,IMD Q2,All Regions,All Routes,All Stages,75-79,All Years
0,0.99,0.98,1.01,All Persons,IMD Q2,All Regions,All Routes,All Stages,80-84,All Years
0.25,0.86,0.80,0.92,All Persons,IMD Q2,All Regions,All Routes,All Stages,80-84,All Years
0.5,0.76,0.69,0.84,All Persons,IMD Q2,All Regions,All Routes,All Stages,80-84,All Years
0.75,0.66,0.58,0.74,All Persons,IMD Q2,All Regions,All Routes,All Stages,80-84,All Years
1,0.58,0.49,0.66,All Persons,IMD Q2,All Regions,All Routes,All Stages,80-84,All Years
1.25,0.54,0.46,0.63,All Persons,IMD Q2,All Regions,All Routes,All Stages,80-84,All Years
1.5,0.49,0.40,0.58,All Persons,IMD Q2,All Regions,All Routes,All Stages,80-84,All Years
1.75,0.46,0.37,0.55,All Persons,IMD Q2,All Regions,All Routes,All Stages,80-84,All Years
2,0.42,0.33,0.52,All Persons,IMD Q2,All Regions,All Routes,All Stages,80-84,All Years
2.25,0.42,0.33,0.52,All Persons,IMD Q2,All Regions,All Routes,All Stages,80-84,All Years
2.5,0.37,0.27,0.46,All Persons,IMD Q2,All Regions,All Routes,All Stages,80-84,All Years
2.75,0.37,0.27,0.46,All Persons,IMD Q2,All Regions,All Routes,All Stages,80-84,All Years
3.25,0.35,0.26,0.44,All Persons,IMD Q2,All Regions,All Routes,All Stages,80-84,All Years
3.5,0.34,0.24,0.43,All Persons,IMD Q2,All Regions,All Routes,All Stages,80-84,All Years
3.75,0.32,0.23,0.41,All Persons,IMD Q2,All Regions,All Routes,All Stages,80-84,All Years
4,0.28,0.18,0.37,All Persons,IMD Q2,All Regions,All Routes,All Stages,80-84,All Years
4.25,0.28,0.18,0.37,All Persons,IMD Q2,All Regions,All Routes,All Stages,80-84,All Years
4.5,0.28,0.18,0.37,All Persons,IMD Q2,All Regions,All Routes,All Stages,80-84,All Years
4.75,0.28,0.18,0.37,All Persons,IMD Q2,All Regions,All Routes,All Stages,80-84,All Years
0,0.97,0.92,1.01,All Persons,IMD Q2,All Regions,All Routes,All Stages,85-89,All Years
0.25,0.79,0.69,0.90,All Persons,IMD Q2,All Regions,All Routes,All Stages,85-89,All Years
0.5,0.67,0.55,0.79,All Persons,IMD Q2,All Regions,All Routes,All Stages,85-89,All Years
0.75,0.57,0.44,0.69,All Persons,IMD Q2,All Regions,All Routes,All Stages,85-89,All Years
1,0.48,0.36,0.61,All Persons,IMD Q2,All Regions,All Routes,All Stages,85-89,All Years
1.25,0.45,0.32,0.57,All Persons,IMD Q2,All Regions,All Routes,All Stages,85-89,All Years
1.5,0.39,0.27,0.52,All Persons,IMD Q2,All Regions,All Routes,All Stages,85-89,All Years
1.75,0.39,0.27,0.52,All Persons,IMD Q2,All Regions,All Routes,All Stages,85-89,All Years
2,0.37,0.25,0.50,All Persons,IMD Q2,All Regions,All Routes,All Stages,85-89,All Years
2.25,0.33,0.20,0.45,All Persons,IMD Q2,All Regions,All Routes,All Stages,85-89,All Years
2.5,0.30,0.18,0.42,All Persons,IMD Q2,All Regions,All Routes,All Stages,85-89,All Years
2.75,0.25,0.13,0.37,All Persons,IMD Q2,All Regions,All Routes,All Stages,85-89,All Years
3,0.25,0.13,0.37,All Persons,IMD Q2,All Regions,All Routes,All Stages,85-89,All Years
3.25,0.25,0.13,0.37,All Persons,IMD Q2,All Regions,All Routes,All Stages,85-89,All Years
3.75,0.16,0.05,0.28,All Persons,IMD Q2,All Regions,All Routes,All Stages,85-89,All Years
4.75,0.12,0.02,0.23,All Persons,IMD Q2,All Regions,All Routes,All Stages,85-89,All Years
5,0.12,0.02,0.23,All Persons,IMD Q2,All Regions,All Routes,All Stages,85-89,All Years
0,0.94,0.84,1.05,All Persons,IMD Q2,All Regions,All Routes,All Stages,90+,All Years
0.25,0.61,0.39,0.83,All Persons,IMD Q2,All Regions,All Routes,All Stages,90+,All Years
0.5,0.44,0.23,0.66,All Persons,IMD Q2,All Regions,All Routes,All Stages,90+,All Years
0.75,0.28,0.08,0.47,All Persons,IMD Q2,All Regions,All Routes,All Stages,90+,All Years
1.25,0.22,0.04,0.40,All Persons,IMD Q2,All Regions,All Routes,All Stages,90+,All Years
1.75,0.22,0.04,0.40,All Persons,IMD Q2,All Regions,All Routes,All Stages,90+,All Years
3.25,0.11,-0.03,0.25,All Persons,IMD Q2,All Regions,All Routes,All Stages,90+,All Years
0,1.00,0.99,1.00,All Persons,IMD Q2,All Regions,All Routes,All Stages,All Ages,2016
0.25,0.95,0.94,0.97,All Persons,IMD Q2,All Regions,All Routes,All Stages,All Ages,2016
0.5,0.89,0.86,0.91,All Persons,IMD Q2,All Regions,All Routes,All Stages,All Ages,2016
0.75,0.83,0.80,0.86,All Persons,IMD Q2,All Regions,All Routes,All Stages,All Ages,2016
1,0.79,0.76,0.83,All Persons,IMD Q2,All Regions,All Routes,All Stages,All Ages,2016
1.25,0.76,0.73,0.80,All Persons,IMD Q2,All Regions,All Routes,All Stages,All Ages,2016
1.5,0.74,0.71,0.78,All Persons,IMD Q2,All Regions,All Routes,All Stages,All Ages,2016
1.75,0.73,0.69,0.76,All Persons,IMD Q2,All Regions,All Routes,All Stages,All Ages,2016
2,0.70,0.66,0.74,All Persons,IMD Q2,All Regions,All Routes,All Stages,All Ages,2016
2.25,0.68,0.64,0.72,All Persons,IMD Q2,All Regions,All Routes,All Stages,All Ages,2016
2.5,0.67,0.63,0.71,All Persons,IMD Q2,All Regions,All Routes,All Stages,All Ages,2016
2.75,0.65,0.61,0.69,All Persons,IMD Q2,All Regions,All Routes,All Stages,All Ages,2016
3,0.63,0.59,0.67,All Persons,IMD Q2,All Regions,All Routes,All Stages,All Ages,2016
3.25,0.62,0.58,0.66,All Persons,IMD Q2,All Regions,All Routes,All Stages,All Ages,2016
3.5,0.61,0.57,0.66,All Persons,IMD Q2,All Regions,All Routes,All Stages,All Ages,2016
3.75,0.60,0.56,0.64,All Persons,IMD Q2,All Regions,All Routes,All Stages,All Ages,2016
4,0.60,0.55,0.64,All Persons,IMD Q2,All Regions,All Routes,All Stages,All Ages,2016
4.25,0.59,0.55,0.63,All Persons,IMD Q2,All Regions,All Routes,All Stages,All Ages,2016
4.5,0.58,0.54,0.63,All Persons,IMD Q2,All Regions,All Routes,All Stages,All Ages,2016
4.75,0.58,0.54,0.62,All Persons,IMD Q2,All Regions,All Routes,All Stages,All Ages,2016
5,0.57,0.53,0.61,All Persons,IMD Q2,All Regions,All Routes,All Stages,All Ages,2016
0,1.00,0.99,1.00,All Persons,IMD Q2,All Regions,All Routes,All Stages,All Ages,2017
0.25,0.94,0.93,0.96,All Persons,IMD Q2,All Regions,All Routes,All Stages,All Ages,2017
0.5,0.90,0.87,0.92,All Persons,IMD Q2,All Regions,All Routes,All Stages,All Ages,2017
0.75,0.86,0.83,0.89,All Persons,IMD Q2,All Regions,All Routes,All Stages,All Ages,2017
1,0.81,0.78,0.85,All Persons,IMD Q2,All Regions,All Routes,All Stages,All Ages,2017
1.25,0.79,0.75,0.82,All Persons,IMD Q2,All Regions,All Routes,All Stages,All Ages,2017
1.5,0.77,0.73,0.80,All Persons,IMD Q2,All Regions,All Routes,All Stages,All Ages,2017
1.75,0.75,0.72,0.79,All Persons,IMD Q2,All Regions,All Routes,All Stages,All Ages,2017
2,0.73,0.70,0.77,All Persons,IMD Q2,All Regions,All Routes,All Stages,All Ages,2017
2.25,0.72,0.69,0.76,All Persons,IMD Q2,All Regions,All Routes,All Stages,All Ages,2017
2.5,0.70,0.66,0.74,All Persons,IMD Q2,All Regions,All Routes,All Stages,All Ages,2017
2.75,0.69,0.65,0.73,All Persons,IMD Q2,All Regions,All Routes,All Stages,All Ages,2017
3,0.68,0.64,0.72,All Persons,IMD Q2,All Regions,All Routes,All Stages,All Ages,2017
3.25,0.67,0.63,0.71,All Persons,IMD Q2,All Regions,All Routes,All Stages,All Ages,2017
3.5,0.66,0.62,0.70,All Persons,IMD Q2,All Regions,All Routes,All Stages,All Ages,2017
3.75,0.65,0.61,0.69,All Persons,IMD Q2,All Regions,All Routes,All Stages,All Ages,2017
4,0.63,0.59,0.67,All Persons,IMD Q2,All Regions,All Routes,All Stages,All Ages,2017
4.25,0.62,0.58,0.66,All Persons,IMD Q2,All Regions,All Routes,All Stages,All Ages,2017
4.5,0.62,0.58,0.66,All Persons,IMD Q2,All Regions,All Routes,All Stages,All Ages,2017
4.75,0.61,0.57,0.65,All Persons,IMD Q2,All Regions,All Routes,All Stages,All Ages,2017
5,0.61,0.56,0.65,All Persons,IMD Q2,All Regions,All Routes,All Stages,All Ages,2017
0,1.00,0.99,1.00,All Persons,IMD Q2,All Regions,All Routes,All Stages,All Ages,2018
0.25,0.93,0.91,0.95,All Persons,IMD Q2,All Regions,All Routes,All Stages,All Ages,2018
0.5,0.88,0.86,0.91,All Persons,IMD Q2,All Regions,All Routes,All Stages,All Ages,2018
0.75,0.84,0.81,0.87,All Persons,IMD Q2,All Regions,All Routes,All Stages,All Ages,2018
1,0.82,0.79,0.85,All Persons,IMD Q2,All Regions,All Routes,All Stages,All Ages,2018
1.25,0.79,0.76,0.83,All Persons,IMD Q2,All Regions,All Routes,All Stages,All Ages,2018
1.5,0.78,0.75,0.81,All Persons,IMD Q2,All Regions,All Routes,All Stages,All Ages,2018
1.75,0.76,0.72,0.79,All Persons,IMD Q2,All Regions,All Routes,All Stages,All Ages,2018
2,0.74,0.71,0.78,All Persons,IMD Q2,All Regions,All Routes,All Stages,All Ages,2018
2.25,0.73,0.69,0.76,All Persons,IMD Q2,All Regions,All Routes,All Stages,All Ages,2018
2.5,0.70,0.67,0.74,All Persons,IMD Q2,All Regions,All Routes,All Stages,All Ages,2018
2.75,0.69,0.65,0.72,All Persons,IMD Q2,All Regions,All Routes,All Stages,All Ages,2018
3,0.67,0.63,0.71,All Persons,IMD Q2,All Regions,All Routes,All Stages,All Ages,2018
3.25,0.66,0.62,0.70,All Persons,IMD Q2,All Regions,All Routes,All Stages,All Ages,2018
3.5,0.65,0.61,0.69,All Persons,IMD Q2,All Regions,All Routes,All Stages,All Ages,2018
3.75,0.64,0.61,0.68,All Persons,IMD Q2,All Regions,All Routes,All Stages,All Ages,2018
4,0.63,0.60,0.67,All Persons,IMD Q2,All Regions,All Routes,All Stages,All Ages,2018
4.25,0.62,0.58,0.66,All Persons,IMD Q2,All Regions,All Routes,All Stages,All Ages,2018
4.5,0.61,0.57,0.65,All Persons,IMD Q2,All Regions,All Routes,All Stages,All Ages,2018
4.75,0.60,0.56,0.64,All Persons,IMD Q2,All Regions,All Routes,All Stages,All Ages,2018
5,0.60,0.56,0.64,All Persons,IMD Q2,All Regions,All Routes,All Stages,All Ages,2018
0,1.00,1.00,1.00,All Persons,IMD Q2,All Regions,All Routes,All Stages,All Ages,2019
0.25,0.95,0.94,0.97,All Persons,IMD Q2,All Regions,All Routes,All Stages,All Ages,2019
0.5,0.91,0.89,0.93,All Persons,IMD Q2,All Regions,All Routes,All Stages,All Ages,2019
0.75,0.88,0.86,0.91,All Persons,IMD Q2,All Regions,All Routes,All Stages,All Ages,2019
1,0.85,0.82,0.88,All Persons,IMD Q2,All Regions,All Routes,All Stages,All Ages,2019
1.25,0.83,0.80,0.86,All Persons,IMD Q2,All Regions,All Routes,All Stages,All Ages,2019
1.5,0.81,0.78,0.84,All Persons,IMD Q2,All Regions,All Routes,All Stages,All Ages,2019
1.75,0.79,0.76,0.82,All Persons,IMD Q2,All Regions,All Routes,All Stages,All Ages,2019
2,0.78,0.75,0.81,All Persons,IMD Q2,All Regions,All Routes,All Stages,All Ages,2019
2.25,0.77,0.73,0.80,All Persons,IMD Q2,All Regions,All Routes,All Stages,All Ages,2019
2.5,0.74,0.71,0.77,All Persons,IMD Q2,All Regions,All Routes,All Stages,All Ages,2019
2.75,0.73,0.70,0.76,All Persons,IMD Q2,All Regions,All Routes,All Stages,All Ages,2019
3,0.72,0.69,0.76,All Persons,IMD Q2,All Regions,All Routes,All Stages,All Ages,2019
3.25,0.71,0.67,0.74,All Persons,IMD Q2,All Regions,All Routes,All Stages,All Ages,2019
3.5,0.70,0.67,0.74,All Persons,IMD Q2,All Regions,All Routes,All Stages,All Ages,2019
3.75,0.69,0.65,0.73,All Persons,IMD Q2,All Regions,All Routes,All Stages,All Ages,2019
4,0.69,0.65,0.73,All Persons,IMD Q2,All Regions,All Routes,All Stages,All Ages,2019
4.25,0.52,0.26,0.77,All Persons,IMD Q2,All Regions,All Routes,All Stages,All Ages,2019
4.5,0.52,0.26,0.77,All Persons,IMD Q2,All Regions,All Routes,All Stages,All Ages,2019
4.75,0.52,0.26,0.77,All Persons,IMD Q2,All Regions,All Routes,All Stages,All Ages,2019
0,1.00,1.00,1.00,All Persons,IMD Q2,All Regions,All Routes,All Stages,All Ages,2020
0.25,0.93,0.91,0.95,All Persons,IMD Q2,All Regions,All Routes,All Stages,All Ages,2020
0.5,0.88,0.86,0.91,All Persons,IMD Q2,All Regions,All Routes,All Stages,All Ages,2020
0.75,0.84,0.81,0.87,All Persons,IMD Q2,All Regions,All Routes,All Stages,All Ages,2020
1,0.82,0.79,0.85,All Persons,IMD Q2,All Regions,All Routes,All Stages,All Ages,2020
1.25,0.80,0.77,0.83,All Persons,IMD Q2,All Regions,All Routes,All Stages,All Ages,2020
1.5,0.77,0.74,0.80,All Persons,IMD Q2,All Regions,All Routes,All Stages,All Ages,2020
1.75,0.76,0.72,0.79,All Persons,IMD Q2,All Regions,All Routes,All Stages,All Ages,2020
2,0.74,0.70,0.77,All Persons,IMD Q2,All Regions,All Routes,All Stages,All Ages,2020
2.25,0.72,0.68,0.75,All Persons,IMD Q2,All Regions,All Routes,All Stages,All Ages,2020
2.5,0.70,0.67,0.74,All Persons,IMD Q2,All Regions,All Routes,All Stages,All Ages,2020
2.75,0.70,0.66,0.74,All Persons,IMD Q2,All Regions,All Routes,All Stages,All Ages,2020
3,0.70,0.66,0.74,All Persons,IMD Q2,All Regions,All Routes,All Stages,All Ages,2020
3.25,0.00,0.00,0.00,All Persons,IMD Q2,All Regions,All Routes,All Stages,All Ages,2020
0,1.00,1.00,1.00,All Persons,IMD Q2,All Regions,All Routes,All Stages,All Ages,2021
0.25,0.93,0.92,0.95,All Persons,IMD Q2,All Regions,All Routes,All Stages,All Ages,2021
0.5,0.88,0.86,0.90,All Persons,IMD Q2,All Regions,All Routes,All Stages,All Ages,2021
0.75,0.84,0.82,0.87,All Persons,IMD Q2,All Regions,All Routes,All Stages,All Ages,2021
1,0.81,0.78,0.84,All Persons,IMD Q2,All Regions,All Routes,All Stages,All Ages,2021
1.25,0.77,0.74,0.80,All Persons,IMD Q2,All Regions,All Routes,All Stages,All Ages,2021
1.5,0.75,0.71,0.78,All Persons,IMD Q2,All Regions,All Routes,All Stages,All Ages,2021
1.75,0.70,0.66,0.74,All Persons,IMD Q2,All Regions,All Routes,All Stages,All Ages,2021
2,0.66,0.61,0.72,All Persons,IMD Q2,All Regions,All Routes,All Stages,All Ages,2021
2.25,0.66,0.61,0.72,All Persons,IMD Q2,All Regions,All Routes,All Stages,All Ages,2021
0,1.00,0.99,1.00,All Persons,IMD Q3,East Midlands,All Routes,All Stages,All Ages,All Years
0.25,0.94,0.92,0.96,All Persons,IMD Q3,East Midlands,All Routes,All Stages,All Ages,All Years
0.5,0.90,0.87,0.93,All Persons,IMD Q3,East Midlands,All Routes,All Stages,All Ages,All Years
0.75,0.87,0.83,0.90,All Persons,IMD Q3,East Midlands,All Routes,All Stages,All Ages,All Years
1,0.84,0.81,0.88,All Persons,IMD Q3,East Midlands,All Routes,All Stages,All Ages,All Years
1.25,0.84,0.80,0.88,All Persons,IMD Q3,East Midlands,All Routes,All Stages,All Ages,All Years
1.5,0.82,0.78,0.86,All Persons,IMD Q3,East Midlands,All Routes,All Stages,All Ages,All Years
1.75,0.80,0.76,0.85,All Persons,IMD Q3,East Midlands,All Routes,All Stages,All Ages,All Years
2,0.79,0.75,0.84,All Persons,IMD Q3,East Midlands,All Routes,All Stages,All Ages,All Years
2.25,0.79,0.74,0.83,All Persons,IMD Q3,East Midlands,All Routes,All Stages,All Ages,All Years
2.5,0.77,0.73,0.82,All Persons,IMD Q3,East Midlands,All Routes,All Stages,All Ages,All Years
2.75,0.77,0.72,0.81,All Persons,IMD Q3,East Midlands,All Routes,All Stages,All Ages,All Years
3,0.76,0.71,0.80,All Persons,IMD Q3,East Midlands,All Routes,All Stages,All Ages,All Years
3.25,0.74,0.69,0.79,All Persons,IMD Q3,East Midlands,All Routes,All Stages,All Ages,All Years
3.5,0.74,0.69,0.79,All Persons,IMD Q3,East Midlands,All Routes,All Stages,All Ages,All Years
3.75,0.73,0.68,0.78,All Persons,IMD Q3,East Midlands,All Routes,All Stages,All Ages,All Years
4,0.72,0.66,0.77,All Persons,IMD Q3,East Midlands,All Routes,All Stages,All Ages,All Years
4.25,0.72,0.66,0.77,All Persons,IMD Q3,East Midlands,All Routes,All Stages,All Ages,All Years
4.5,0.72,0.66,0.77,All Persons,IMD Q3,East Midlands,All Routes,All Stages,All Ages,All Years
4.75,0.71,0.65,0.76,All Persons,IMD Q3,East Midlands,All Routes,All Stages,All Ages,All Years
5,0.70,0.64,0.76,All Persons,IMD Q3,East Midlands,All Routes,All Stages,All Ages,All Years
0,1.00,0.99,1.00,All Persons,IMD Q3,East of England,All Routes,All Stages,All Ages,All Years
0.25,0.94,0.92,0.96,All Persons,IMD Q3,East of England,All Routes,All Stages,All Ages,All Years
0.5,0.91,0.89,0.94,All Persons,IMD Q3,East of England,All Routes,All Stages,All Ages,All Years
0.75,0.88,0.85,0.91,All Persons,IMD Q3,East of England,All Routes,All Stages,All Ages,All Years
1,0.86,0.83,0.89,All Persons,IMD Q3,East of England,All Routes,All Stages,All Ages,All Years
1.25,0.82,0.79,0.85,All Persons,IMD Q3,East of England,All Routes,All Stages,All Ages,All Years
1.5,0.81,0.77,0.84,All Persons,IMD Q3,East of England,All Routes,All Stages,All Ages,All Years
1.75,0.78,0.74,0.82,All Persons,IMD Q3,East of England,All Routes,All Stages,All Ages,All Years
2,0.77,0.73,0.81,All Persons,IMD Q3,East of England,All Routes,All Stages,All Ages,All Years
2.25,0.76,0.72,0.80,All Persons,IMD Q3,East of England,All Routes,All Stages,All Ages,All Years
2.5,0.76,0.72,0.80,All Persons,IMD Q3,East of England,All Routes,All Stages,All Ages,All Years
2.75,0.75,0.71,0.79,All Persons,IMD Q3,East of England,All Routes,All Stages,All Ages,All Years
3,0.74,0.70,0.78,All Persons,IMD Q3,East of England,All Routes,All Stages,All Ages,All Years
3.25,0.72,0.68,0.76,All Persons,IMD Q3,East of England,All Routes,All Stages,All Ages,All Years
3.5,0.71,0.66,0.75,All Persons,IMD Q3,East of England,All Routes,All Stages,All Ages,All Years
3.75,0.70,0.65,0.74,All Persons,IMD Q3,East of England,All Routes,All Stages,All Ages,All Years
4,0.69,0.65,0.74,All Persons,IMD Q3,East of England,All Routes,All Stages,All Ages,All Years
4.25,0.68,0.64,0.73,All Persons,IMD Q3,East of England,All Routes,All Stages,All Ages,All Years
4.5,0.67,0.62,0.72,All Persons,IMD Q3,East of England,All Routes,All Stages,All Ages,All Years
4.75,0.67,0.62,0.72,All Persons,IMD Q3,East of England,All Routes,All Stages,All Ages,All Years
5,0.66,0.61,0.71,All Persons,IMD Q3,East of England,All Routes,All Stages,All Ages,All Years
0,0.99,0.99,1.00,All Persons,IMD Q3,London,All Routes,All Stages,All Ages,All Years
0.25,0.93,0.91,0.96,All Persons,IMD Q3,London,All Routes,All Stages,All Ages,All Years
0.5,0.89,0.86,0.92,All Persons,IMD Q3,London,All Routes,All Stages,All Ages,All Years
0.75,0.83,0.79,0.86,All Persons,IMD Q3,London,All Routes,All Stages,All Ages,All Years
1,0.80,0.76,0.84,All Persons,IMD Q3,London,All Routes,All Stages,All Ages,All Years
1.25,0.75,0.71,0.79,All Persons,IMD Q3,London,All Routes,All Stages,All Ages,All Years
1.5,0.73,0.68,0.77,All Persons,IMD Q3,London,All Routes,All Stages,All Ages,All Years
1.75,0.72,0.67,0.76,All Persons,IMD Q3,London,All Routes,All Stages,All Ages,All Years
2,0.69,0.65,0.74,All Persons,IMD Q3,London,All Routes,All Stages,All Ages,All Years
2.25,0.68,0.63,0.73,All Persons,IMD Q3,London,All Routes,All Stages,All Ages,All Years
2.5,0.67,0.62,0.72,All Persons,IMD Q3,London,All Routes,All Stages,All Ages,All Years
2.75,0.66,0.61,0.71,All Persons,IMD Q3,London,All Routes,All Stages,All Ages,All Years
3,0.65,0.61,0.70,All Persons,IMD Q3,London,All Routes,All Stages,All Ages,All Years
3.25,0.63,0.58,0.69,All Persons,IMD Q3,London,All Routes,All Stages,All Ages,All Years
3.5,0.64,0.58,0.69,All Persons,IMD Q3,London,All Routes,All Stages,All Ages,All Years
3.75,0.63,0.58,0.68,All Persons,IMD Q3,London,All Routes,All Stages,All Ages,All Years
4,0.61,0.56,0.66,All Persons,IMD Q3,London,All Routes,All Stages,All Ages,All Years
4.25,0.61,0.56,0.66,All Persons,IMD Q3,London,All Routes,All Stages,All Ages,All Years
4.5,0.61,0.56,0.66,All Persons,IMD Q3,London,All Routes,All Stages,All Ages,All Years
4.75,0.61,0.56,0.66,All Persons,IMD Q3,London,All Routes,All Stages,All Ages,All Years
5,0.60,0.55,0.66,All Persons,IMD Q3,London,All Routes,All Stages,All Ages,All Years
0,0.99,0.98,1.01,All Persons,IMD Q3,North East,All Routes,All Stages,All Ages,All Years
0.25,0.94,0.90,0.97,All Persons,IMD Q3,North East,All Routes,All Stages,All Ages,All Years
0.5,0.90,0.85,0.94,All Persons,IMD Q3,North East,All Routes,All Stages,All Ages,All Years
0.75,0.87,0.82,0.92,All Persons,IMD Q3,North East,All Routes,All Stages,All Ages,All Years
1,0.86,0.80,0.91,All Persons,IMD Q3,North East,All Routes,All Stages,All Ages,All Years
1.25,0.85,0.80,0.91,All Persons,IMD Q3,North East,All Routes,All Stages,All Ages,All Years
1.5,0.83,0.77,0.89,All Persons,IMD Q3,North East,All Routes,All Stages,All Ages,All Years
1.75,0.82,0.76,0.88,All Persons,IMD Q3,North East,All Routes,All Stages,All Ages,All Years
2,0.81,0.75,0.87,All Persons,IMD Q3,North East,All Routes,All Stages,All Ages,All Years
2.25,0.81,0.75,0.87,All Persons,IMD Q3,North East,All Routes,All Stages,All Ages,All Years
2.5,0.78,0.71,0.85,All Persons,IMD Q3,North East,All Routes,All Stages,All Ages,All Years
2.75,0.76,0.69,0.83,All Persons,IMD Q3,North East,All Routes,All Stages,All Ages,All Years
3,0.75,0.68,0.82,All Persons,IMD Q3,North East,All Routes,All Stages,All Ages,All Years
3.25,0.74,0.66,0.81,All Persons,IMD Q3,North East,All Routes,All Stages,All Ages,All Years
3.5,0.74,0.66,0.81,All Persons,IMD Q3,North East,All Routes,All Stages,All Ages,All Years
3.75,0.72,0.64,0.80,All Persons,IMD Q3,North East,All Routes,All Stages,All Ages,All Years
4,0.72,0.64,0.80,All Persons,IMD Q3,North East,All Routes,All Stages,All Ages,All Years
4.25,0.72,0.64,0.80,All Persons,IMD Q3,North East,All Routes,All Stages,All Ages,All Years
4.5,0.70,0.62,0.79,All Persons,IMD Q3,North East,All Routes,All Stages,All Ages,All Years
4.75,0.68,0.59,0.78,All Persons,IMD Q3,North East,All Routes,All Stages,All Ages,All Years
5,0.68,0.59,0.78,All Persons,IMD Q3,North East,All Routes,All Stages,All Ages,All Years
0,1.00,0.99,1.00,All Persons,IMD Q3,North West,All Routes,All Stages,All Ages,All Years
0.25,0.95,0.93,0.97,All Persons,IMD Q3,North West,All Routes,All Stages,All Ages,All Years
0.5,0.91,0.88,0.93,All Persons,IMD Q3,North West,All Routes,All Stages,All Ages,All Years
0.75,0.87,0.84,0.90,All Persons,IMD Q3,North West,All Routes,All Stages,All Ages,All Years
1,0.83,0.80,0.87,All Persons,IMD Q3,North West,All Routes,All Stages,All Ages,All Years
1.25,0.82,0.78,0.85,All Persons,IMD Q3,North West,All Routes,All Stages,All Ages,All Years
1.5,0.79,0.75,0.83,All Persons,IMD Q3,North West,All Routes,All Stages,All Ages,All Years
1.75,0.78,0.74,0.82,All Persons,IMD Q3,North West,All Routes,All Stages,All Ages,All Years
2,0.75,0.71,0.79,All Persons,IMD Q3,North West,All Routes,All Stages,All Ages,All Years
2.25,0.72,0.68,0.77,All Persons,IMD Q3,North West,All Routes,All Stages,All Ages,All Years
2.5,0.72,0.67,0.76,All Persons,IMD Q3,North West,All Routes,All Stages,All Ages,All Years
2.75,0.71,0.66,0.75,All Persons,IMD Q3,North West,All Routes,All Stages,All Ages,All Years
3,0.69,0.65,0.74,All Persons,IMD Q3,North West,All Routes,All Stages,All Ages,All Years
3.25,0.67,0.63,0.72,All Persons,IMD Q3,North West,All Routes,All Stages,All Ages,All Years
3.5,0.67,0.62,0.71,All Persons,IMD Q3,North West,All Routes,All Stages,All Ages,All Years
3.75,0.66,0.61,0.71,All Persons,IMD Q3,North West,All Routes,All Stages,All Ages,All Years
4,0.66,0.61,0.71,All Persons,IMD Q3,North West,All Routes,All Stages,All Ages,All Years
4.25,0.66,0.61,0.71,All Persons,IMD Q3,North West,All Routes,All Stages,All Ages,All Years
4.5,0.66,0.61,0.71,All Persons,IMD Q3,North West,All Routes,All Stages,All Ages,All Years
4.75,0.64,0.58,0.69,All Persons,IMD Q3,North West,All Routes,All Stages,All Ages,All Years
5,0.63,0.57,0.68,All Persons,IMD Q3,North West,All Routes,All Stages,All Ages,All Years
0,1.00,1.00,1.00,All Persons,IMD Q3,South East,All Routes,All Stages,All Ages,All Years
0.25,0.94,0.92,0.96,All Persons,IMD Q3,South East,All Routes,All Stages,All Ages,All Years
0.5,0.90,0.87,0.92,All Persons,IMD Q3,South East,All Routes,All Stages,All Ages,All Years
0.75,0.87,0.84,0.89,All Persons,IMD Q3,South East,All Routes,All Stages,All Ages,All Years
1,0.85,0.82,0.87,All Persons,IMD Q3,South East,All Routes,All Stages,All Ages,All Years
1.25,0.82,0.79,0.85,All Persons,IMD Q3,South East,All Routes,All Stages,All Ages,All Years
1.5,0.80,0.77,0.83,All Persons,IMD Q3,South East,All Routes,All Stages,All Ages,All Years
1.75,0.78,0.75,0.82,All Persons,IMD Q3,South East,All Routes,All Stages,All Ages,All Years
2,0.77,0.73,0.80,All Persons,IMD Q3,South East,All Routes,All Stages,All Ages,All Years
2.25,0.76,0.72,0.79,All Persons,IMD Q3,South East,All Routes,All Stages,All Ages,All Years
2.5,0.75,0.71,0.78,All Persons,IMD Q3,South East,All Routes,All Stages,All Ages,All Years
2.75,0.74,0.71,0.78,All Persons,IMD Q3,South East,All Routes,All Stages,All Ages,All Years
3,0.74,0.70,0.77,All Persons,IMD Q3,South East,All Routes,All Stages,All Ages,All Years
3.25,0.73,0.69,0.76,All Persons,IMD Q3,South East,All Routes,All Stages,All Ages,All Years
3.5,0.72,0.69,0.76,All Persons,IMD Q3,South East,All Routes,All Stages,All Ages,All Years
3.75,0.72,0.68,0.76,All Persons,IMD Q3,South East,All Routes,All Stages,All Ages,All Years
4,0.71,0.67,0.74,All Persons,IMD Q3,South East,All Routes,All Stages,All Ages,All Years
4.25,0.70,0.66,0.74,All Persons,IMD Q3,South East,All Routes,All Stages,All Ages,All Years
4.5,0.69,0.65,0.73,All Persons,IMD Q3,South East,All Routes,All Stages,All Ages,All Years
4.75,0.69,0.65,0.73,All Persons,IMD Q3,South East,All Routes,All Stages,All Ages,All Years
5,0.68,0.64,0.72,All Persons,IMD Q3,South East,All Routes,All Stages,All Ages,All Years
0,1.00,0.99,1.00,All Persons,IMD Q3,South West,All Routes,All Stages,All Ages,All Years
0.25,0.95,0.93,0.97,All Persons,IMD Q3,South West,All Routes,All Stages,All Ages,All Years
0.5,0.91,0.89,0.93,All Persons,IMD Q3,South West,All Routes,All Stages,All Ages,All Years
0.75,0.89,0.86,0.92,All Persons,IMD Q3,South West,All Routes,All Stages,All Ages,All Years
1,0.87,0.84,0.90,All Persons,IMD Q3,South West,All Routes,All Stages,All Ages,All Years
1.25,0.84,0.81,0.87,All Persons,IMD Q3,South West,All Routes,All Stages,All Ages,All Years
1.5,0.83,0.80,0.86,All Persons,IMD Q3,South West,All Routes,All Stages,All Ages,All Years
1.75,0.81,0.78,0.84,All Persons,IMD Q3,South West,All Routes,All Stages,All Ages,All Years
2,0.79,0.76,0.83,All Persons,IMD Q3,South West,All Routes,All Stages,All Ages,All Years
2.25,0.78,0.74,0.81,All Persons,IMD Q3,South West,All Routes,All Stages,All Ages,All Years
2.5,0.76,0.73,0.80,All Persons,IMD Q3,South West,All Routes,All Stages,All Ages,All Years
2.75,0.75,0.71,0.79,All Persons,IMD Q3,South West,All Routes,All Stages,All Ages,All Years
3,0.74,0.70,0.78,All Persons,IMD Q3,South West,All Routes,All Stages,All Ages,All Years
3.25,0.72,0.68,0.76,All Persons,IMD Q3,South West,All Routes,All Stages,All Ages,All Years
3.5,0.71,0.67,0.75,All Persons,IMD Q3,South West,All Routes,All Stages,All Ages,All Years
3.75,0.70,0.66,0.75,All Persons,IMD Q3,South West,All Routes,All Stages,All Ages,All Years
4,0.68,0.64,0.73,All Persons,IMD Q3,South West,All Routes,All Stages,All Ages,All Years
4.25,0.68,0.64,0.73,All Persons,IMD Q3,South West,All Routes,All Stages,All Ages,All Years
4.5,0.68,0.64,0.72,All Persons,IMD Q3,South West,All Routes,All Stages,All Ages,All Years
4.75,0.67,0.62,0.71,All Persons,IMD Q3,South West,All Routes,All Stages,All Ages,All Years
5,0.67,0.62,0.71,All Persons,IMD Q3,South West,All Routes,All Stages,All Ages,All Years
0,1.00,0.99,1.00,All Persons,IMD Q3,West Midlands,All Routes,All Stages,All Ages,All Years
0.25,0.95,0.93,0.97,All Persons,IMD Q3,West Midlands,All Routes,All Stages,All Ages,All Years
0.5,0.90,0.87,0.93,All Persons,IMD Q3,West Midlands,All Routes,All Stages,All Ages,All Years
0.75,0.85,0.82,0.89,All Persons,IMD Q3,West Midlands,All Routes,All Stages,All Ages,All Years
1,0.81,0.77,0.85,All Persons,IMD Q3,West Midlands,All Routes,All Stages,All Ages,All Years
1.25,0.80,0.76,0.84,All Persons,IMD Q3,West Midlands,All Routes,All Stages,All Ages,All Years
1.5,0.78,0.74,0.82,All Persons,IMD Q3,West Midlands,All Routes,All Stages,All Ages,All Years
1.75,0.76,0.71,0.80,All Persons,IMD Q3,West Midlands,All Routes,All Stages,All Ages,All Years
2,0.74,0.70,0.79,All Persons,IMD Q3,West Midlands,All Routes,All Stages,All Ages,All Years
2.25,0.74,0.70,0.79,All Persons,IMD Q3,West Midlands,All Routes,All Stages,All Ages,All Years
2.5,0.74,0.70,0.79,All Persons,IMD Q3,West Midlands,All Routes,All Stages,All Ages,All Years
2.75,0.74,0.69,0.79,All Persons,IMD Q3,West Midlands,All Routes,All Stages,All Ages,All Years
3,0.72,0.68,0.77,All Persons,IMD Q3,West Midlands,All Routes,All Stages,All Ages,All Years
3.25,0.71,0.66,0.76,All Persons,IMD Q3,West Midlands,All Routes,All Stages,All Ages,All Years
3.5,0.70,0.64,0.75,All Persons,IMD Q3,West Midlands,All Routes,All Stages,All Ages,All Years
3.75,0.69,0.64,0.74,All Persons,IMD Q3,West Midlands,All Routes,All Stages,All Ages,All Years
4,0.68,0.62,0.73,All Persons,IMD Q3,West Midlands,All Routes,All Stages,All Ages,All Years
4.25,0.66,0.61,0.72,All Persons,IMD Q3,West Midlands,All Routes,All Stages,All Ages,All Years
4.5,0.66,0.61,0.72,All Persons,IMD Q3,West Midlands,All Routes,All Stages,All Ages,All Years
4.75,0.66,0.61,0.72,All Persons,IMD Q3,West Midlands,All Routes,All Stages,All Ages,All Years
5,0.66,0.61,0.72,All Persons,IMD Q3,West Midlands,All Routes,All Stages,All Ages,All Years
0,1.00,0.99,1.00,All Persons,IMD Q3,Yorkshire and The Humber,All Routes,All Stages,All Ages,All Years
0.25,0.94,0.92,0.96,All Persons,IMD Q3,Yorkshire and The Humber,All Routes,All Stages,All Ages,All Years
0.5,0.89,0.85,0.92,All Persons,IMD Q3,Yorkshire and The Humber,All Routes,All Stages,All Ages,All Years
0.75,0.85,0.82,0.89,All Persons,IMD Q3,Yorkshire and The Humber,All Routes,All Stages,All Ages,All Years
1,0.83,0.79,0.87,All Persons,IMD Q3,Yorkshire and The Humber,All Routes,All Stages,All Ages,All Years
1.25,0.80,0.76,0.84,All Persons,IMD Q3,Yorkshire and The Humber,All Routes,All Stages,All Ages,All Years
1.5,0.78,0.74,0.83,All Persons,IMD Q3,Yorkshire and The Humber,All Routes,All Stages,All Ages,All Years
1.75,0.77,0.73,0.81,All Persons,IMD Q3,Yorkshire and The Humber,All Routes,All Stages,All Ages,All Years
2,0.75,0.71,0.80,All Persons,IMD Q3,Yorkshire and The Humber,All Routes,All Stages,All Ages,All Years
2.25,0.74,0.69,0.79,All Persons,IMD Q3,Yorkshire and The Humber,All Routes,All Stages,All Ages,All Years
2.5,0.74,0.69,0.78,All Persons,IMD Q3,Yorkshire and The Humber,All Routes,All Stages,All Ages,All Years
2.75,0.74,0.69,0.78,All Persons,IMD Q3,Yorkshire and The Humber,All Routes,All Stages,All Ages,All Years
3,0.73,0.68,0.78,All Persons,IMD Q3,Yorkshire and The Humber,All Routes,All Stages,All Ages,All Years
3.25,0.72,0.67,0.77,All Persons,IMD Q3,Yorkshire and The Humber,All Routes,All Stages,All Ages,All Years
3.5,0.71,0.66,0.76,All Persons,IMD Q3,Yorkshire and The Humber,All Routes,All Stages,All Ages,All Years
3.75,0.71,0.66,0.76,All Persons,IMD Q3,Yorkshire and The Humber,All Routes,All Stages,All Ages,All Years
4,0.69,0.64,0.74,All Persons,IMD Q3,Yorkshire and The Humber,All Routes,All Stages,All Ages,All Years
4.25,0.68,0.63,0.73,All Persons,IMD Q3,Yorkshire and The Humber,All Routes,All Stages,All Ages,All Years
4.5,0.66,0.61,0.72,All Persons,IMD Q3,Yorkshire and The Humber,All Routes,All Stages,All Ages,All Years
4.75,0.64,0.58,0.70,All Persons,IMD Q3,Yorkshire and The Humber,All Routes,All Stages,All Ages,All Years
5,0.63,0.57,0.70,All Persons,IMD Q3,Yorkshire and The Humber,All Routes,All Stages,All Ages,All Years
0,0.98,0.96,1.01,All Persons,IMD Q3,All Regions,Emergency,All Stages,All Ages,All Years
0.25,0.73,0.65,0.81,All Persons,IMD Q3,All Regions,Emergency,All Stages,All Ages,All Years
0.5,0.62,0.53,0.71,All Persons,IMD Q3,All Regions,Emergency,All Stages,All Ages,All Years
0.75,0.54,0.45,0.64,All Persons,IMD Q3,All Regions,Emergency,All Stages,All Ages,All Years
1,0.50,0.40,0.59,All Persons,IMD Q3,All Regions,Emergency,All Stages,All Ages,All Years
1.25,0.48,0.38,0.57,All Persons,IMD Q3,All Regions,Emergency,All Stages,All Ages,All Years
1.5,0.44,0.35,0.53,All Persons,IMD Q3,All Regions,Emergency,All Stages,All Ages,All Years
2,0.41,0.32,0.50,All Persons,IMD Q3,All Regions,Emergency,All Stages,All Ages,All Years
2.25,0.40,0.31,0.49,All Persons,IMD Q3,All Regions,Emergency,All Stages,All Ages,All Years
3,0.39,0.30,0.48,All Persons,IMD Q3,All Regions,Emergency,All Stages,All Ages,All Years
3.25,0.38,0.29,0.47,All Persons,IMD Q3,All Regions,Emergency,All Stages,All Ages,All Years
3.75,0.38,0.29,0.47,All Persons,IMD Q3,All Regions,Emergency,All Stages,All Ages,All Years
4,0.38,0.29,0.47,All Persons,IMD Q3,All Regions,Emergency,All Stages,All Ages,All Years
4.25,0.38,0.29,0.47,All Persons,IMD Q3,All Regions,Emergency,All Stages,All Ages,All Years
4.5,0.38,0.29,0.47,All Persons,IMD Q3,All Regions,Emergency,All Stages,All Ages,All Years
4.75,0.38,0.29,0.47,All Persons,IMD Q3,All Regions,Emergency,All Stages,All Ages,All Years
5,0.38,0.29,0.47,All Persons,IMD Q3,All Regions,Emergency,All Stages,All Ages,All Years
0,1.00,1.00,1.00,All Persons,IMD Q3,All Regions,Non-emergency,All Stages,All Ages,All Years
0.25,0.96,0.95,0.97,All Persons,IMD Q3,All Regions,Non-emergency,All Stages,All Ages,All Years
0.5,0.93,0.91,0.94,All Persons,IMD Q3,All Regions,Non-emergency,All Stages,All Ages,All Years
0.75,0.90,0.88,0.91,All Persons,IMD Q3,All Regions,Non-emergency,All Stages,All Ages,All Years
1,0.87,0.85,0.88,All Persons,IMD Q3,All Regions,Non-emergency,All Stages,All Ages,All Years
1.25,0.84,0.82,0.86,All Persons,IMD Q3,All Regions,Non-emergency,All Stages,All Ages,All Years
1.5,0.82,0.80,0.84,All Persons,IMD Q3,All Regions,Non-emergency,All Stages,All Ages,All Years
1.75,0.80,0.78,0.82,All Persons,IMD Q3,All Regions,Non-emergency,All Stages,All Ages,All Years
2,0.78,0.76,0.80,All Persons,IMD Q3,All Regions,Non-emergency,All Stages,All Ages,All Years
2.25,0.77,0.75,0.79,All Persons,IMD Q3,All Regions,Non-emergency,All Stages,All Ages,All Years
2.5,0.76,0.74,0.78,All Persons,IMD Q3,All Regions,Non-emergency,All Stages,All Ages,All Years
2.75,0.76,0.74,0.78,All Persons,IMD Q3,All Regions,Non-emergency,All Stages,All Ages,All Years
3,0.75,0.72,0.77,All Persons,IMD Q3,All Regions,Non-emergency,All Stages,All Ages,All Years
3.25,0.73,0.71,0.76,All Persons,IMD Q3,All Regions,Non-emergency,All Stages,All Ages,All Years
3.5,0.73,0.71,0.75,All Persons,IMD Q3,All Regions,Non-emergency,All Stages,All Ages,All Years
3.75,0.72,0.70,0.74,All Persons,IMD Q3,All Regions,Non-emergency,All Stages,All Ages,All Years
4,0.71,0.69,0.73,All Persons,IMD Q3,All Regions,Non-emergency,All Stages,All Ages,All Years
4.25,0.70,0.68,0.73,All Persons,IMD Q3,All Regions,Non-emergency,All Stages,All Ages,All Years
4.5,0.70,0.67,0.72,All Persons,IMD Q3,All Regions,Non-emergency,All Stages,All Ages,All Years
4.75,0.69,0.67,0.71,All Persons,IMD Q3,All Regions,Non-emergency,All Stages,All Ages,All Years
5,0.68,0.66,0.71,All Persons,IMD Q3,All Regions,Non-emergency,All Stages,All Ages,All Years
0,1.00,1.00,1.00,All Persons,IMD Q3,All Regions,All Routes,Early,All Ages,All Years
0.25,0.99,0.98,1.00,All Persons,IMD Q3,All Regions,All Routes,Early,All Ages,All Years
0.5,0.98,0.97,0.98,All Persons,IMD Q3,All Regions,All Routes,Early,All Ages,All Years
0.75,0.96,0.95,0.97,All Persons,IMD Q3,All Regions,All Routes,Early,All Ages,All Years
1,0.95,0.94,0.96,All Persons,IMD Q3,All Regions,All Routes,Early,All Ages,All Years
1.25,0.93,0.92,0.95,All Persons,IMD Q3,All Regions,All Routes,Early,All Ages,All Years
1.5,0.92,0.91,0.94,All Persons,IMD Q3,All Regions,All Routes,Early,All Ages,All Years
1.75,0.91,0.90,0.93,All Persons,IMD Q3,All Regions,All Routes,Early,All Ages,All Years
2,0.90,0.88,0.92,All Persons,IMD Q3,All Regions,All Routes,Early,All Ages,All Years
2.25,0.89,0.87,0.91,All Persons,IMD Q3,All Regions,All Routes,Early,All Ages,All Years
2.5,0.89,0.87,0.91,All Persons,IMD Q3,All Regions,All Routes,Early,All Ages,All Years
2.75,0.88,0.86,0.90,All Persons,IMD Q3,All Regions,All Routes,Early,All Ages,All Years
3,0.88,0.86,0.90,All Persons,IMD Q3,All Regions,All Routes,Early,All Ages,All Years
3.25,0.86,0.84,0.89,All Persons,IMD Q3,All Regions,All Routes,Early,All Ages,All Years
3.5,0.85,0.83,0.88,All Persons,IMD Q3,All Regions,All Routes,Early,All Ages,All Years
3.75,0.84,0.81,0.87,All Persons,IMD Q3,All Regions,All Routes,Early,All Ages,All Years
4,0.82,0.79,0.85,All Persons,IMD Q3,All Regions,All Routes,Early,All Ages,All Years
4.25,0.80,0.77,0.84,All Persons,IMD Q3,All Regions,All Routes,Early,All Ages,All Years
4.5,0.80,0.77,0.84,All Persons,IMD Q3,All Regions,All Routes,Early,All Ages,All Years
4.75,0.80,0.76,0.84,All Persons,IMD Q3,All Regions,All Routes,Early,All Ages,All Years
5,0.80,0.76,0.84,All Persons,IMD Q3,All Regions,All Routes,Early,All Ages,All Years
0,1.00,1.00,1.00,All Persons,IMD Q3,All Regions,All Routes,Advanced,All Ages,All Years
0.25,0.93,0.92,0.94,All Persons,IMD Q3,All Regions,All Routes,Advanced,All Ages,All Years
0.5,0.88,0.86,0.89,All Persons,IMD Q3,All Regions,All Routes,Advanced,All Ages,All Years
0.75,0.84,0.82,0.85,All Persons,IMD Q3,All Regions,All Routes,Advanced,All Ages,All Years
1,0.80,0.79,0.82,All Persons,IMD Q3,All Regions,All Routes,Advanced,All Ages,All Years
1.25,0.77,0.75,0.79,All Persons,IMD Q3,All Regions,All Routes,Advanced,All Ages,All Years
1.5,0.75,0.73,0.77,All Persons,IMD Q3,All Regions,All Routes,Advanced,All Ages,All Years
1.75,0.73,0.71,0.75,All Persons,IMD Q3,All Regions,All Routes,Advanced,All Ages,All Years
2,0.71,0.69,0.73,All Persons,IMD Q3,All Regions,All Routes,Advanced,All Ages,All Years
2.25,0.70,0.68,0.71,All Persons,IMD Q3,All Regions,All Routes,Advanced,All Ages,All Years
2.5,0.68,0.66,0.70,All Persons,IMD Q3,All Regions,All Routes,Advanced,All Ages,All Years
2.75,0.68,0.66,0.70,All Persons,IMD Q3,All Regions,All Routes,Advanced,All Ages,All Years
3,0.67,0.65,0.69,All Persons,IMD Q3,All Regions,All Routes,Advanced,All Ages,All Years
3.25,0.65,0.63,0.67,All Persons,IMD Q3,All Regions,All Routes,Advanced,All Ages,All Years
3.5,0.64,0.62,0.66,All Persons,IMD Q3,All Regions,All Routes,Advanced,All Ages,All Years
3.75,0.64,0.62,0.66,All Persons,IMD Q3,All Regions,All Routes,Advanced,All Ages,All Years
4,0.63,0.61,0.65,All Persons,IMD Q3,All Regions,All Routes,Advanced,All Ages,All Years
4.25,0.62,0.60,0.65,All Persons,IMD Q3,All Regions,All Routes,Advanced,All Ages,All Years
4.5,0.62,0.60,0.64,All Persons,IMD Q3,All Regions,All Routes,Advanced,All Ages,All Years
4.75,0.61,0.59,0.63,All Persons,IMD Q3,All Regions,All Routes,Advanced,All Ages,All Years
5,0.61,0.58,0.63,All Persons,IMD Q3,All Regions,All Routes,Advanced,All Ages,All Years
0,1.00,0.99,1.00,All Persons,IMD Q3,All Regions,All Routes,All Stages,0-49,All Years
0.25,0.99,0.98,1.00,All Persons,IMD Q3,All Regions,All Routes,All Stages,0-49,All Years
0.5,0.96,0.94,0.98,All Persons,IMD Q3,All Regions,All Routes,All Stages,0-49,All Years
0.75,0.95,0.93,0.97,All Persons,IMD Q3,All Regions,All Routes,All Stages,0-49,All Years
1,0.92,0.89,0.94,All Persons,IMD Q3,All Regions,All Routes,All Stages,0-49,All Years
1.25,0.90,0.87,0.93,All Persons,IMD Q3,All Regions,All Routes,All Stages,0-49,All Years
1.5,0.90,0.87,0.93,All Persons,IMD Q3,All Regions,All Routes,All Stages,0-49,All Years
1.75,0.88,0.85,0.91,All Persons,IMD Q3,All Regions,All Routes,All Stages,0-49,All Years
2,0.87,0.84,0.91,All Persons,IMD Q3,All Regions,All Routes,All Stages,0-49,All Years
2.25,0.86,0.83,0.90,All Persons,IMD Q3,All Regions,All Routes,All Stages,0-49,All Years
2.5,0.85,0.81,0.88,All Persons,IMD Q3,All Regions,All Routes,All Stages,0-49,All Years
2.75,0.84,0.81,0.88,All Persons,IMD Q3,All Regions,All Routes,All Stages,0-49,All Years
3,0.84,0.80,0.87,All Persons,IMD Q3,All Regions,All Routes,All Stages,0-49,All Years
3.25,0.83,0.79,0.87,All Persons,IMD Q3,All Regions,All Routes,All Stages,0-49,All Years
3.5,0.82,0.78,0.86,All Persons,IMD Q3,All Regions,All Routes,All Stages,0-49,All Years
3.75,0.82,0.78,0.86,All Persons,IMD Q3,All Regions,All Routes,All Stages,0-49,All Years
4,0.81,0.77,0.85,All Persons,IMD Q3,All Regions,All Routes,All Stages,0-49,All Years
4.25,0.81,0.77,0.85,All Persons,IMD Q3,All Regions,All Routes,All Stages,0-49,All Years
4.5,0.81,0.77,0.85,All Persons,IMD Q3,All Regions,All Routes,All Stages,0-49,All Years
4.75,0.80,0.76,0.85,All Persons,IMD Q3,All Regions,All Routes,All Stages,0-49,All Years
5,0.80,0.76,0.85,All Persons,IMD Q3,All Regions,All Routes,All Stages,0-49,All Years
0,1.00,0.99,1.00,All Persons,IMD Q3,All Regions,All Routes,All Stages,50-54,All Years
0.25,0.98,0.97,0.99,All Persons,IMD Q3,All Regions,All Routes,All Stages,50-54,All Years
0.5,0.96,0.94,0.98,All Persons,IMD Q3,All Regions,All Routes,All Stages,50-54,All Years
0.75,0.94,0.92,0.96,All Persons,IMD Q3,All Regions,All Routes,All Stages,50-54,All Years
1,0.92,0.90,0.95,All Persons,IMD Q3,All Regions,All Routes,All Stages,50-54,All Years
1.25,0.90,0.88,0.93,All Persons,IMD Q3,All Regions,All Routes,All Stages,50-54,All Years
1.5,0.89,0.87,0.92,All Persons,IMD Q3,All Regions,All Routes,All Stages,50-54,All Years
1.75,0.87,0.85,0.90,All Persons,IMD Q3,All Regions,All Routes,All Stages,50-54,All Years
2,0.86,0.82,0.89,All Persons,IMD Q3,All Regions,All Routes,All Stages,50-54,All Years
2.25,0.85,0.81,0.88,All Persons,IMD Q3,All Regions,All Routes,All Stages,50-54,All Years
2.5,0.85,0.81,0.88,All Persons,IMD Q3,All Regions,All Routes,All Stages,50-54,All Years
2.75,0.85,0.81,0.88,All Persons,IMD Q3,All Regions,All Routes,All Stages,50-54,All Years
3,0.84,0.81,0.87,All Persons,IMD Q3,All Regions,All Routes,All Stages,50-54,All Years
3.25,0.84,0.80,0.87,All Persons,IMD Q3,All Regions,All Routes,All Stages,50-54,All Years
3.5,0.83,0.80,0.87,All Persons,IMD Q3,All Regions,All Routes,All Stages,50-54,All Years
3.75,0.83,0.79,0.86,All Persons,IMD Q3,All Regions,All Routes,All Stages,50-54,All Years
4,0.82,0.79,0.86,All Persons,IMD Q3,All Regions,All Routes,All Stages,50-54,All Years
4.25,0.82,0.78,0.85,All Persons,IMD Q3,All Regions,All Routes,All Stages,50-54,All Years
4.5,0.81,0.77,0.85,All Persons,IMD Q3,All Regions,All Routes,All Stages,50-54,All Years
4.75,0.81,0.77,0.85,All Persons,IMD Q3,All Regions,All Routes,All Stages,50-54,All Years
5,0.80,0.76,0.84,All Persons,IMD Q3,All Regions,All Routes,All Stages,50-54,All Years
0,1.00,1.00,1.00,All Persons,IMD Q3,All Regions,All Routes,All Stages,55-59,All Years
0.25,0.97,0.95,0.98,All Persons,IMD Q3,All Regions,All Routes,All Stages,55-59,All Years
0.5,0.96,0.94,0.97,All Persons,IMD Q3,All Regions,All Routes,All Stages,55-59,All Years
0.75,0.94,0.92,0.95,All Persons,IMD Q3,All Regions,All Routes,All Stages,55-59,All Years
1,0.91,0.89,0.93,All Persons,IMD Q3,All Regions,All Routes,All Stages,55-59,All Years
1.25,0.89,0.87,0.91,All Persons,IMD Q3,All Regions,All Routes,All Stages,55-59,All Years
1.5,0.88,0.86,0.90,All Persons,IMD Q3,All Regions,All Routes,All Stages,55-59,All Years
1.75,0.87,0.85,0.90,All Persons,IMD Q3,All Regions,All Routes,All Stages,55-59,All Years
2,0.86,0.84,0.89,All Persons,IMD Q3,All Regions,All Routes,All Stages,55-59,All Years
2.25,0.85,0.83,0.88,All Persons,IMD Q3,All Regions,All Routes,All Stages,55-59,All Years
2.5,0.84,0.82,0.87,All Persons,IMD Q3,All Regions,All Routes,All Stages,55-59,All Years
2.75,0.84,0.81,0.87,All Persons,IMD Q3,All Regions,All Routes,All Stages,55-59,All Years
3,0.83,0.80,0.86,All Persons,IMD Q3,All Regions,All Routes,All Stages,55-59,All Years
3.25,0.82,0.78,0.85,All Persons,IMD Q3,All Regions,All Routes,All Stages,55-59,All Years
3.5,0.81,0.78,0.84,All Persons,IMD Q3,All Regions,All Routes,All Stages,55-59,All Years
3.75,0.81,0.78,0.84,All Persons,IMD Q3,All Regions,All Routes,All Stages,55-59,All Years
4,0.79,0.76,0.83,All Persons,IMD Q3,All Regions,All Routes,All Stages,55-59,All Years
4.25,0.78,0.75,0.82,All Persons,IMD Q3,All Regions,All Routes,All Stages,55-59,All Years
4.5,0.78,0.75,0.82,All Persons,IMD Q3,All Regions,All Routes,All Stages,55-59,All Years
4.75,0.77,0.74,0.81,All Persons,IMD Q3,All Regions,All Routes,All Stages,55-59,All Years
5,0.77,0.73,0.81,All Persons,IMD Q3,All Regions,All Routes,All Stages,55-59,All Years
0,1.00,1.00,1.00,All Persons,IMD Q3,All Regions,All Routes,All Stages,60-64,All Years
0.25,0.93,0.91,0.95,All Persons,IMD Q3,All Regions,All Routes,All Stages,60-64,All Years
0.5,0.89,0.86,0.91,All Persons,IMD Q3,All Regions,All Routes,All Stages,60-64,All Years
0.75,0.86,0.83,0.88,All Persons,IMD Q3,All Regions,All Routes,All Stages,60-64,All Years
1,0.84,0.81,0.87,All Persons,IMD Q3,All Regions,All Routes,All Stages,60-64,All Years
1.25,0.82,0.79,0.85,All Persons,IMD Q3,All Regions,All Routes,All Stages,60-64,All Years
1.5,0.81,0.77,0.84,All Persons,IMD Q3,All Regions,All Routes,All Stages,60-64,All Years
1.75,0.79,0.76,0.82,All Persons,IMD Q3,All Regions,All Routes,All Stages,60-64,All Years
2,0.76,0.73,0.80,All Persons,IMD Q3,All Regions,All Routes,All Stages,60-64,All Years
2.25,0.75,0.71,0.78,All Persons,IMD Q3,All Regions,All Routes,All Stages,60-64,All Years
2.5,0.74,0.71,0.78,All Persons,IMD Q3,All Regions,All Routes,All Stages,60-64,All Years
2.75,0.74,0.70,0.77,All Persons,IMD Q3,All Regions,All Routes,All Stages,60-64,All Years
3,0.73,0.69,0.76,All Persons,IMD Q3,All Regions,All Routes,All Stages,60-64,All Years
3.25,0.72,0.68,0.75,All Persons,IMD Q3,All Regions,All Routes,All Stages,60-64,All Years
3.5,0.71,0.67,0.75,All Persons,IMD Q3,All Regions,All Routes,All Stages,60-64,All Years
3.75,0.70,0.67,0.74,All Persons,IMD Q3,All Regions,All Routes,All Stages,60-64,All Years
4,0.68,0.64,0.73,All Persons,IMD Q3,All Regions,All Routes,All Stages,60-64,All Years
4.25,0.68,0.64,0.72,All Persons,IMD Q3,All Regions,All Routes,All Stages,60-64,All Years
4.5,0.67,0.63,0.72,All Persons,IMD Q3,All Regions,All Routes,All Stages,60-64,All Years
4.75,0.67,0.62,0.71,All Persons,IMD Q3,All Regions,All Routes,All Stages,60-64,All Years
5,0.66,0.62,0.71,All Persons,IMD Q3,All Regions,All Routes,All Stages,60-64,All Years
0,1.00,1.00,1.00,All Persons,IMD Q3,All Regions,All Routes,All Stages,65-69,All Years
0.25,0.95,0.93,0.96,All Persons,IMD Q3,All Regions,All Routes,All Stages,65-69,All Years
0.5,0.90,0.88,0.93,All Persons,IMD Q3,All Regions,All Routes,All Stages,65-69,All Years
0.75,0.87,0.84,0.89,All Persons,IMD Q3,All Regions,All Routes,All Stages,65-69,All Years
1,0.84,0.81,0.87,All Persons,IMD Q3,All Regions,All Routes,All Stages,65-69,All Years
1.25,0.81,0.78,0.84,All Persons,IMD Q3,All Regions,All Routes,All Stages,65-69,All Years
1.5,0.78,0.74,0.81,All Persons,IMD Q3,All Regions,All Routes,All Stages,65-69,All Years
1.75,0.76,0.72,0.79,All Persons,IMD Q3,All Regions,All Routes,All Stages,65-69,All Years
2,0.75,0.71,0.78,All Persons,IMD Q3,All Regions,All Routes,All Stages,65-69,All Years
2.25,0.74,0.70,0.78,All Persons,IMD Q3,All Regions,All Routes,All Stages,65-69,All Years
2.5,0.74,0.70,0.77,All Persons,IMD Q3,All Regions,All Routes,All Stages,65-69,All Years
2.75,0.72,0.68,0.76,All Persons,IMD Q3,All Regions,All Routes,All Stages,65-69,All Years
3,0.71,0.67,0.75,All Persons,IMD Q3,All Regions,All Routes,All Stages,65-69,All Years
3.25,0.68,0.64,0.72,All Persons,IMD Q3,All Regions,All Routes,All Stages,65-69,All Years
3.5,0.67,0.62,0.71,All Persons,IMD Q3,All Regions,All Routes,All Stages,65-69,All Years
3.75,0.66,0.62,0.70,All Persons,IMD Q3,All Regions,All Routes,All Stages,65-69,All Years
4,0.65,0.61,0.70,All Persons,IMD Q3,All Regions,All Routes,All Stages,65-69,All Years
4.25,0.65,0.60,0.69,All Persons,IMD Q3,All Regions,All Routes,All Stages,65-69,All Years
4.5,0.64,0.59,0.68,All Persons,IMD Q3,All Regions,All Routes,All Stages,65-69,All Years
4.75,0.63,0.58,0.68,All Persons,IMD Q3,All Regions,All Routes,All Stages,65-69,All Years
5,0.63,0.58,0.67,All Persons,IMD Q3,All Regions,All Routes,All Stages,65-69,All Years
0,1.00,0.99,1.00,All Persons,IMD Q3,All Regions,All Routes,All Stages,70-74,All Years
0.25,0.91,0.89,0.94,All Persons,IMD Q3,All Regions,All Routes,All Stages,70-74,All Years
0.5,0.86,0.83,0.89,All Persons,IMD Q3,All Regions,All Routes,All Stages,70-74,All Years
0.75,0.81,0.78,0.85,All Persons,IMD Q3,All Regions,All Routes,All Stages,70-74,All Years
1,0.79,0.75,0.82,All Persons,IMD Q3,All Regions,All Routes,All Stages,70-74,All Years
1.25,0.75,0.71,0.79,All Persons,IMD Q3,All Regions,All Routes,All Stages,70-74,All Years
1.5,0.72,0.68,0.76,All Persons,IMD Q3,All Regions,All Routes,All Stages,70-74,All Years
1.75,0.71,0.67,0.75,All Persons,IMD Q3,All Regions,All Routes,All Stages,70-74,All Years
2,0.69,0.64,0.73,All Persons,IMD Q3,All Regions,All Routes,All Stages,70-74,All Years
2.25,0.68,0.63,0.72,All Persons,IMD Q3,All Regions,All Routes,All Stages,70-74,All Years
2.5,0.66,0.62,0.70,All Persons,IMD Q3,All Regions,All Routes,All Stages,70-74,All Years
2.75,0.65,0.60,0.69,All Persons,IMD Q3,All Regions,All Routes,All Stages,70-74,All Years
3,0.64,0.59,0.68,All Persons,IMD Q3,All Regions,All Routes,All Stages,70-74,All Years
3.25,0.62,0.57,0.66,All Persons,IMD Q3,All Regions,All Routes,All Stages,70-74,All Years
3.5,0.61,0.56,0.66,All Persons,IMD Q3,All Regions,All Routes,All Stages,70-74,All Years
3.75,0.59,0.54,0.64,All Persons,IMD Q3,All Regions,All Routes,All Stages,70-74,All Years
4,0.58,0.53,0.63,All Persons,IMD Q3,All Regions,All Routes,All Stages,70-74,All Years
4.25,0.58,0.53,0.63,All Persons,IMD Q3,All Regions,All Routes,All Stages,70-74,All Years
4.5,0.56,0.51,0.62,All Persons,IMD Q3,All Regions,All Routes,All Stages,70-74,All Years
4.75,0.56,0.50,0.61,All Persons,IMD Q3,All Regions,All Routes,All Stages,70-74,All Years
5,0.54,0.49,0.60,All Persons,IMD Q3,All Regions,All Routes,All Stages,70-74,All Years
0,0.99,0.98,1.00,All Persons,IMD Q3,All Regions,All Routes,All Stages,75-79,All Years
0.25,0.92,0.88,0.95,All Persons,IMD Q3,All Regions,All Routes,All Stages,75-79,All Years
0.5,0.83,0.78,0.87,All Persons,IMD Q3,All Regions,All Routes,All Stages,75-79,All Years
0.75,0.77,0.71,0.82,All Persons,IMD Q3,All Regions,All Routes,All Stages,75-79,All Years
1,0.74,0.68,0.79,All Persons,IMD Q3,All Regions,All Routes,All Stages,75-79,All Years
1.25,0.68,0.63,0.74,All Persons,IMD Q3,All Regions,All Routes,All Stages,75-79,All Years
1.5,0.65,0.59,0.71,All Persons,IMD Q3,All Regions,All Routes,All Stages,75-79,All Years
1.75,0.60,0.54,0.66,All Persons,IMD Q3,All Regions,All Routes,All Stages,75-79,All Years
2,0.58,0.51,0.64,All Persons,IMD Q3,All Regions,All Routes,All Stages,75-79,All Years
2.25,0.55,0.49,0.62,All Persons,IMD Q3,All Regions,All Routes,All Stages,75-79,All Years
2.5,0.54,0.47,0.60,All Persons,IMD Q3,All Regions,All Routes,All Stages,75-79,All Years
2.75,0.53,0.46,0.60,All Persons,IMD Q3,All Regions,All Routes,All Stages,75-79,All Years
3,0.52,0.45,0.58,All Persons,IMD Q3,All Regions,All Routes,All Stages,75-79,All Years
3.25,0.50,0.43,0.57,All Persons,IMD Q3,All Regions,All Routes,All Stages,75-79,All Years
3.5,0.49,0.42,0.55,All Persons,IMD Q3,All Regions,All Routes,All Stages,75-79,All Years
3.75,0.47,0.40,0.54,All Persons,IMD Q3,All Regions,All Routes,All Stages,75-79,All Years
4,0.44,0.37,0.51,All Persons,IMD Q3,All Regions,All Routes,All Stages,75-79,All Years
4.25,0.43,0.36,0.50,All Persons,IMD Q3,All Regions,All Routes,All Stages,75-79,All Years
4.5,0.43,0.36,0.50,All Persons,IMD Q3,All Regions,All Routes,All Stages,75-79,All Years
4.75,0.41,0.33,0.48,All Persons,IMD Q3,All Regions,All Routes,All Stages,75-79,All Years
5,0.41,0.33,0.48,All Persons,IMD Q3,All Regions,All Routes,All Stages,75-79,All Years
0,0.98,0.96,1.01,All Persons,IMD Q3,All Regions,All Routes,All Stages,80-84,All Years
0.25,0.80,0.73,0.88,All Persons,IMD Q3,All Regions,All Routes,All Stages,80-84,All Years
0.5,0.70,0.61,0.78,All Persons,IMD Q3,All Regions,All Routes,All Stages,80-84,All Years
0.75,0.62,0.53,0.71,All Persons,IMD Q3,All Regions,All Routes,All Stages,80-84,All Years
1,0.56,0.46,0.65,All Persons,IMD Q3,All Regions,All Routes,All Stages,80-84,All Years
1.25,0.52,0.42,0.61,All Persons,IMD Q3,All Regions,All Routes,All Stages,80-84,All Years
1.5,0.50,0.40,0.59,All Persons,IMD Q3,All Regions,All Routes,All Stages,80-84,All Years
1.75,0.49,0.39,0.58,All Persons,IMD Q3,All Regions,All Routes,All Stages,80-84,All Years
2,0.43,0.34,0.53,All Persons,IMD Q3,All Regions,All Routes,All Stages,80-84,All Years
2.25,0.41,0.31,0.51,All Persons,IMD Q3,All Regions,All Routes,All Stages,80-84,All Years
2.5,0.41,0.31,0.51,All Persons,IMD Q3,All Regions,All Routes,All Stages,80-84,All Years
2.75,0.41,0.31,0.51,All Persons,IMD Q3,All Regions,All Routes,All Stages,80-84,All Years
3,0.38,0.28,0.48,All Persons,IMD Q3,All Regions,All Routes,All Stages,80-84,All Years
3.25,0.36,0.26,0.46,All Persons,IMD Q3,All Regions,All Routes,All Stages,80-84,All Years
3.5,0.35,0.25,0.45,All Persons,IMD Q3,All Regions,All Routes,All Stages,80-84,All Years
4,0.35,0.25,0.45,All Persons,IMD Q3,All Regions,All Routes,All Stages,80-84,All Years
4.25,0.35,0.25,0.45,All Persons,IMD Q3,All Regions,All Routes,All Stages,80-84,All Years
4.5,0.29,0.18,0.40,All Persons,IMD Q3,All Regions,All Routes,All Stages,80-84,All Years
4.75,0.29,0.18,0.40,All Persons,IMD Q3,All Regions,All Routes,All Stages,80-84,All Years
0,0.98,0.96,1.01,All Persons,IMD Q3,All Regions,All Routes,All Stages,85-89,All Years
0.25,0.77,0.67,0.87,All Persons,IMD Q3,All Regions,All Routes,All Stages,85-89,All Years
0.5,0.59,0.47,0.71,All Persons,IMD Q3,All Regions,All Routes,All Stages,85-89,All Years
0.75,0.48,0.37,0.60,All Persons,IMD Q3,All Regions,All Routes,All Stages,85-89,All Years
1,0.45,0.34,0.57,All Persons,IMD Q3,All Regions,All Routes,All Stages,85-89,All Years
1.25,0.42,0.31,0.54,All Persons,IMD Q3,All Regions,All Routes,All Stages,85-89,All Years
1.5,0.37,0.25,0.49,All Persons,IMD Q3,All Regions,All Routes,All Stages,85-89,All Years
2,0.33,0.22,0.45,All Persons,IMD Q3,All Regions,All Routes,All Stages,85-89,All Years
2.25,0.30,0.18,0.41,All Persons,IMD Q3,All Regions,All Routes,All Stages,85-89,All Years
2.5,0.30,0.18,0.41,All Persons,IMD Q3,All Regions,All Routes,All Stages,85-89,All Years
2.75,0.27,0.16,0.39,All Persons,IMD Q3,All Regions,All Routes,All Stages,85-89,All Years
3,0.25,0.14,0.36,All Persons,IMD Q3,All Regions,All Routes,All Stages,85-89,All Years
3.25,0.23,0.12,0.34,All Persons,IMD Q3,All Regions,All Routes,All Stages,85-89,All Years
3.5,0.21,0.10,0.31,All Persons,IMD Q3,All Regions,All Routes,All Stages,85-89,All Years
4,0.18,0.08,0.29,All Persons,IMD Q3,All Regions,All Routes,All Stages,85-89,All Years
4.25,0.18,0.08,0.29,All Persons,IMD Q3,All Regions,All Routes,All Stages,85-89,All Years
4.5,0.18,0.08,0.29,All Persons,IMD Q3,All Regions,All Routes,All Stages,85-89,All Years
4.75,0.18,0.08,0.29,All Persons,IMD Q3,All Regions,All Routes,All Stages,85-89,All Years
5,0.18,0.08,0.29,All Persons,IMD Q3,All Regions,All Routes,All Stages,85-89,All Years
0,0.95,0.87,1.04,All Persons,IMD Q3,All Regions,All Routes,All Stages,90+,All Years
0.25,0.55,0.35,0.74,All Persons,IMD Q3,All Regions,All Routes,All Stages,90+,All Years
0.5,0.41,0.21,0.61,All Persons,IMD Q3,All Regions,All Routes,All Stages,90+,All Years
0.75,0.36,0.17,0.56,All Persons,IMD Q3,All Regions,All Routes,All Stages,90+,All Years
1,0.27,0.10,0.45,All Persons,IMD Q3,All Regions,All Routes,All Stages,90+,All Years
1.25,0.23,0.06,0.39,All Persons,IMD Q3,All Regions,All Routes,All Stages,90+,All Years
1.5,0.17,0.02,0.32,All Persons,IMD Q3,All Regions,All Routes,All Stages,90+,All Years
2,0.17,0.02,0.32,All Persons,IMD Q3,All Regions,All Routes,All Stages,90+,All Years
5,0.09,-0.03,0.20,All Persons,IMD Q3,All Regions,All Routes,All Stages,90+,All Years
0,1.00,0.99,1.00,All Persons,IMD Q3,All Regions,All Routes,All Stages,All Ages,2016
0.25,0.95,0.93,0.97,All Persons,IMD Q3,All Regions,All Routes,All Stages,All Ages,2016
0.5,0.92,0.89,0.94,All Persons,IMD Q3,All Regions,All Routes,All Stages,All Ages,2016
0.75,0.87,0.84,0.90,All Persons,IMD Q3,All Regions,All Routes,All Stages,All Ages,2016
1,0.83,0.80,0.87,All Persons,IMD Q3,All Regions,All Routes,All Stages,All Ages,2016
1.25,0.81,0.78,0.84,All Persons,IMD Q3,All Regions,All Routes,All Stages,All Ages,2016
1.5,0.79,0.75,0.82,All Persons,IMD Q3,All Regions,All Routes,All Stages,All Ages,2016
1.75,0.77,0.73,0.80,All Persons,IMD Q3,All Regions,All Routes,All Stages,All Ages,2016
2,0.75,0.71,0.79,All Persons,IMD Q3,All Regions,All Routes,All Stages,All Ages,2016
2.25,0.74,0.71,0.78,All Persons,IMD Q3,All Regions,All Routes,All Stages,All Ages,2016
2.5,0.73,0.70,0.77,All Persons,IMD Q3,All Regions,All Routes,All Stages,All Ages,2016
2.75,0.73,0.69,0.77,All Persons,IMD Q3,All Regions,All Routes,All Stages,All Ages,2016
3,0.72,0.68,0.76,All Persons,IMD Q3,All Regions,All Routes,All Stages,All Ages,2016
3.25,0.71,0.67,0.75,All Persons,IMD Q3,All Regions,All Routes,All Stages,All Ages,2016
3.5,0.70,0.66,0.74,All Persons,IMD Q3,All Regions,All Routes,All Stages,All Ages,2016
3.75,0.70,0.66,0.73,All Persons,IMD Q3,All Regions,All Routes,All Stages,All Ages,2016
4,0.68,0.64,0.72,All Persons,IMD Q3,All Regions,All Routes,All Stages,All Ages,2016
4.25,0.68,0.64,0.72,All Persons,IMD Q3,All Regions,All Routes,All Stages,All Ages,2016
4.5,0.68,0.64,0.72,All Persons,IMD Q3,All Regions,All Routes,All Stages,All Ages,2016
4.75,0.67,0.63,0.71,All Persons,IMD Q3,All Regions,All Routes,All Stages,All Ages,2016
0,1.00,0.99,1.00,All Persons,IMD Q3,All Regions,All Routes,All Stages,All Ages,2017
0.25,0.95,0.93,0.97,All Persons,IMD Q3,All Regions,All Routes,All Stages,All Ages,2017
0.5,0.91,0.89,0.93,All Persons,IMD Q3,All Regions,All Routes,All Stages,All Ages,2017
0.75,0.88,0.85,0.91,All Persons,IMD Q3,All Regions,All Routes,All Stages,All Ages,2017
1,0.85,0.83,0.88,All Persons,IMD Q3,All Regions,All Routes,All Stages,All Ages,2017
1.25,0.82,0.79,0.86,All Persons,IMD Q3,All Regions,All Routes,All Stages,All Ages,2017
1.5,0.80,0.77,0.84,All Persons,IMD Q3,All Regions,All Routes,All Stages,All Ages,2017
1.75,0.78,0.75,0.82,All Persons,IMD Q3,All Regions,All Routes,All Stages,All Ages,2017
2,0.77,0.73,0.80,All Persons,IMD Q3,All Regions,All Routes,All Stages,All Ages,2017
2.25,0.76,0.72,0.80,All Persons,IMD Q3,All Regions,All Routes,All Stages,All Ages,2017
2.5,0.75,0.71,0.79,All Persons,IMD Q3,All Regions,All Routes,All Stages,All Ages,2017
2.75,0.74,0.71,0.78,All Persons,IMD Q3,All Regions,All Routes,All Stages,All Ages,2017
3,0.74,0.70,0.77,All Persons,IMD Q3,All Regions,All Routes,All Stages,All Ages,2017
3.25,0.73,0.69,0.76,All Persons,IMD Q3,All Regions,All Routes,All Stages,All Ages,2017
3.5,0.72,0.68,0.76,All Persons,IMD Q3,All Regions,All Routes,All Stages,All Ages,2017
3.75,0.71,0.68,0.75,All Persons,IMD Q3,All Regions,All Routes,All Stages,All Ages,2017
4,0.70,0.66,0.74,All Persons,IMD Q3,All Regions,All Routes,All Stages,All Ages,2017
4.25,0.69,0.65,0.73,All Persons,IMD Q3,All Regions,All Routes,All Stages,All Ages,2017
4.5,0.68,0.65,0.72,All Persons,IMD Q3,All Regions,All Routes,All Stages,All Ages,2017
4.75,0.67,0.63,0.71,All Persons,IMD Q3,All Regions,All Routes,All Stages,All Ages,2017
5,0.67,0.63,0.71,All Persons,IMD Q3,All Regions,All Routes,All Stages,All Ages,2017
0,1.00,0.99,1.00,All Persons,IMD Q3,All Regions,All Routes,All Stages,All Ages,2018
0.25,0.94,0.92,0.96,All Persons,IMD Q3,All Regions,All Routes,All Stages,All Ages,2018
0.5,0.90,0.87,0.92,All Persons,IMD Q3,All Regions,All Routes,All Stages,All Ages,2018
0.75,0.87,0.85,0.90,All Persons,IMD Q3,All Regions,All Routes,All Stages,All Ages,2018
1,0.84,0.81,0.87,All Persons,IMD Q3,All Regions,All Routes,All Stages,All Ages,2018
1.25,0.83,0.80,0.86,All Persons,IMD Q3,All Regions,All Routes,All Stages,All Ages,2018
1.5,0.80,0.77,0.83,All Persons,IMD Q3,All Regions,All Routes,All Stages,All Ages,2018
1.75,0.78,0.75,0.81,All Persons,IMD Q3,All Regions,All Routes,All Stages,All Ages,2018
2,0.76,0.73,0.80,All Persons,IMD Q3,All Regions,All Routes,All Stages,All Ages,2018
2.25,0.75,0.71,0.78,All Persons,IMD Q3,All Regions,All Routes,All Stages,All Ages,2018
2.5,0.74,0.71,0.78,All Persons,IMD Q3,All Regions,All Routes,All Stages,All Ages,2018
2.75,0.73,0.70,0.77,All Persons,IMD Q3,All Regions,All Routes,All Stages,All Ages,2018
3,0.72,0.68,0.75,All Persons,IMD Q3,All Regions,All Routes,All Stages,All Ages,2018
3.25,0.71,0.68,0.75,All Persons,IMD Q3,All Regions,All Routes,All Stages,All Ages,2018
3.5,0.71,0.67,0.74,All Persons,IMD Q3,All Regions,All Routes,All Stages,All Ages,2018
3.75,0.70,0.67,0.74,All Persons,IMD Q3,All Regions,All Routes,All Stages,All Ages,2018
4,0.69,0.66,0.73,All Persons,IMD Q3,All Regions,All Routes,All Stages,All Ages,2018
4.25,0.69,0.65,0.72,All Persons,IMD Q3,All Regions,All Routes,All Stages,All Ages,2018
4.5,0.68,0.64,0.72,All Persons,IMD Q3,All Regions,All Routes,All Stages,All Ages,2018
4.75,0.67,0.63,0.71,All Persons,IMD Q3,All Regions,All Routes,All Stages,All Ages,2018
5,0.66,0.61,0.70,All Persons,IMD Q3,All Regions,All Routes,All Stages,All Ages,2018
0,1.00,1.00,1.00,All Persons,IMD Q3,All Regions,All Routes,All Stages,All Ages,2019
0.25,0.94,0.92,0.96,All Persons,IMD Q3,All Regions,All Routes,All Stages,All Ages,2019
0.5,0.89,0.87,0.92,All Persons,IMD Q3,All Regions,All Routes,All Stages,All Ages,2019
0.75,0.86,0.83,0.89,All Persons,IMD Q3,All Regions,All Routes,All Stages,All Ages,2019
1,0.83,0.80,0.86,All Persons,IMD Q3,All Regions,All Routes,All Stages,All Ages,2019
1.25,0.79,0.76,0.82,All Persons,IMD Q3,All Regions,All Routes,All Stages,All Ages,2019
1.5,0.78,0.75,0.81,All Persons,IMD Q3,All Regions,All Routes,All Stages,All Ages,2019
1.75,0.77,0.74,0.80,All Persons,IMD Q3,All Regions,All Routes,All Stages,All Ages,2019
2,0.75,0.72,0.79,All Persons,IMD Q3,All Regions,All Routes,All Stages,All Ages,2019
2.25,0.74,0.71,0.78,All Persons,IMD Q3,All Regions,All Routes,All Stages,All Ages,2019
2.5,0.73,0.70,0.77,All Persons,IMD Q3,All Regions,All Routes,All Stages,All Ages,2019
2.75,0.73,0.69,0.76,All Persons,IMD Q3,All Regions,All Routes,All Stages,All Ages,2019
3,0.72,0.68,0.75,All Persons,IMD Q3,All Regions,All Routes,All Stages,All Ages,2019
3.25,0.69,0.66,0.73,All Persons,IMD Q3,All Regions,All Routes,All Stages,All Ages,2019
3.5,0.68,0.64,0.71,All Persons,IMD Q3,All Regions,All Routes,All Stages,All Ages,2019
3.75,0.66,0.62,0.70,All Persons,IMD Q3,All Regions,All Routes,All Stages,All Ages,2019
4,0.66,0.62,0.70,All Persons,IMD Q3,All Regions,All Routes,All Stages,All Ages,2019
0,1.00,1.00,1.00,All Persons,IMD Q3,All Regions,All Routes,All Stages,All Ages,2020
0.25,0.94,0.92,0.95,All Persons,IMD Q3,All Regions,All Routes,All Stages,All Ages,2020
0.5,0.89,0.86,0.91,All Persons,IMD Q3,All Regions,All Routes,All Stages,All Ages,2020
0.75,0.86,0.84,0.89,All Persons,IMD Q3,All Regions,All Routes,All Stages,All Ages,2020
1,0.85,0.82,0.88,All Persons,IMD Q3,All Regions,All Routes,All Stages,All Ages,2020
1.25,0.82,0.79,0.85,All Persons,IMD Q3,All Regions,All Routes,All Stages,All Ages,2020
1.5,0.81,0.78,0.84,All Persons,IMD Q3,All Regions,All Routes,All Stages,All Ages,2020
1.75,0.80,0.77,0.83,All Persons,IMD Q3,All Regions,All Routes,All Stages,All Ages,2020
2,0.78,0.75,0.81,All Persons,IMD Q3,All Regions,All Routes,All Stages,All Ages,2020
2.25,0.76,0.73,0.79,All Persons,IMD Q3,All Regions,All Routes,All Stages,All Ages,2020
2.5,0.75,0.72,0.79,All Persons,IMD Q3,All Regions,All Routes,All Stages,All Ages,2020
2.75,0.74,0.70,0.78,All Persons,IMD Q3,All Regions,All Routes,All Stages,All Ages,2020
3,0.73,0.69,0.77,All Persons,IMD Q3,All Regions,All Routes,All Stages,All Ages,2020
3.25,0.73,0.69,0.77,All Persons,IMD Q3,All Regions,All Routes,All Stages,All Ages,2020
3.75,0.49,0.17,0.81,All Persons,IMD Q3,All Regions,All Routes,All Stages,All Ages,2020
0,1.00,1.00,1.00,All Persons,IMD Q3,All Regions,All Routes,All Stages,All Ages,2021
0.25,0.94,0.93,0.96,All Persons,IMD Q3,All Regions,All Routes,All Stages,All Ages,2021
0.5,0.91,0.88,0.93,All Persons,IMD Q3,All Regions,All Routes,All Stages,All Ages,2021
0.75,0.86,0.84,0.89,All Persons,IMD Q3,All Regions,All Routes,All Stages,All Ages,2021
1,0.84,0.81,0.87,All Persons,IMD Q3,All Regions,All Routes,All Stages,All Ages,2021
1.25,0.81,0.78,0.84,All Persons,IMD Q3,All Regions,All Routes,All Stages,All Ages,2021
1.5,0.80,0.77,0.83,All Persons,IMD Q3,All Regions,All Routes,All Stages,All Ages,2021
1.75,0.77,0.73,0.80,All Persons,IMD Q3,All Regions,All Routes,All Stages,All Ages,2021
2,0.75,0.70,0.79,All Persons,IMD Q3,All Regions,All Routes,All Stages,All Ages,2021
3.25,0.50,0.17,0.82,All Persons,IMD Q3,All Regions,All Routes,All Stages,All Ages,2021
4.25,0.50,0.17,0.82,All Persons,IMD Q3,All Regions,All Routes,All Stages,All Ages,2021
0,1.00,0.99,1.00,All Persons,IMD Q4,East Midlands,All Routes,All Stages,All Ages,All Years
0.25,0.95,0.93,0.97,All Persons,IMD Q4,East Midlands,All Routes,All Stages,All Ages,All Years
0.5,0.91,0.88,0.94,All Persons,IMD Q4,East Midlands,All Routes,All Stages,All Ages,All Years
0.75,0.87,0.84,0.91,All Persons,IMD Q4,East Midlands,All Routes,All Stages,All Ages,All Years
1,0.84,0.80,0.87,All Persons,IMD Q4,East Midlands,All Routes,All Stages,All Ages,All Years
1.25,0.82,0.79,0.86,All Persons,IMD Q4,East Midlands,All Routes,All Stages,All Ages,All Years
1.5,0.81,0.77,0.85,All Persons,IMD Q4,East Midlands,All Routes,All Stages,All Ages,All Years
1.75,0.81,0.77,0.85,All Persons,IMD Q4,East Midlands,All Routes,All Stages,All Ages,All Years
2,0.79,0.75,0.83,All Persons,IMD Q4,East Midlands,All Routes,All Stages,All Ages,All Years
2.25,0.78,0.74,0.82,All Persons,IMD Q4,East Midlands,All Routes,All Stages,All Ages,All Years
2.5,0.77,0.73,0.82,All Persons,IMD Q4,East Midlands,All Routes,All Stages,All Ages,All Years
2.75,0.77,0.72,0.81,All Persons,IMD Q4,East Midlands,All Routes,All Stages,All Ages,All Years
3,0.76,0.72,0.81,All Persons,IMD Q4,East Midlands,All Routes,All Stages,All Ages,All Years
3.25,0.75,0.70,0.80,All Persons,IMD Q4,East Midlands,All Routes,All Stages,All Ages,All Years
3.5,0.75,0.70,0.79,All Persons,IMD Q4,East Midlands,All Routes,All Stages,All Ages,All Years
3.75,0.75,0.70,0.79,All Persons,IMD Q4,East Midlands,All Routes,All Stages,All Ages,All Years
4,0.73,0.68,0.78,All Persons,IMD Q4,East Midlands,All Routes,All Stages,All Ages,All Years
4.25,0.73,0.68,0.78,All Persons,IMD Q4,East Midlands,All Routes,All Stages,All Ages,All Years
4.5,0.71,0.66,0.77,All Persons,IMD Q4,East Midlands,All Routes,All Stages,All Ages,All Years
4.75,0.71,0.66,0.77,All Persons,IMD Q4,East Midlands,All Routes,All Stages,All Ages,All Years
5,0.70,0.64,0.76,All Persons,IMD Q4,East Midlands,All Routes,All Stages,All Ages,All Years
0,1.00,0.99,1.00,All Persons,IMD Q4,East of England,All Routes,All Stages,All Ages,All Years
0.25,0.93,0.91,0.95,All Persons,IMD Q4,East of England,All Routes,All Stages,All Ages,All Years
0.5,0.89,0.86,0.92,All Persons,IMD Q4,East of England,All Routes,All Stages,All Ages,All Years
0.75,0.86,0.83,0.89,All Persons,IMD Q4,East of England,All Routes,All Stages,All Ages,All Years
1,0.82,0.79,0.85,All Persons,IMD Q4,East of England,All Routes,All Stages,All Ages,All Years
1.25,0.80,0.76,0.83,All Persons,IMD Q4,East of England,All Routes,All Stages,All Ages,All Years
1.5,0.79,0.75,0.82,All Persons,IMD Q4,East of England,All Routes,All Stages,All Ages,All Years
1.75,0.78,0.74,0.82,All Persons,IMD Q4,East of England,All Routes,All Stages,All Ages,All Years
2,0.77,0.73,0.81,All Persons,IMD Q4,East of England,All Routes,All Stages,All Ages,All Years
2.25,0.76,0.72,0.80,All Persons,IMD Q4,East of England,All Routes,All Stages,All Ages,All Years
2.5,0.75,0.71,0.79,All Persons,IMD Q4,East of England,All Routes,All Stages,All Ages,All Years
2.75,0.74,0.70,0.78,All Persons,IMD Q4,East of England,All Routes,All Stages,All Ages,All Years
3,0.74,0.70,0.78,All Persons,IMD Q4,East of England,All Routes,All Stages,All Ages,All Years
3.25,0.74,0.70,0.78,All Persons,IMD Q4,East of England,All Routes,All Stages,All Ages,All Years
3.5,0.72,0.68,0.77,All Persons,IMD Q4,East of England,All Routes,All Stages,All Ages,All Years
3.75,0.71,0.67,0.76,All Persons,IMD Q4,East of England,All Routes,All Stages,All Ages,All Years
4,0.70,0.65,0.74,All Persons,IMD Q4,East of England,All Routes,All Stages,All Ages,All Years
4.25,0.69,0.64,0.73,All Persons,IMD Q4,East of England,All Routes,All Stages,All Ages,All Years
4.5,0.68,0.63,0.73,All Persons,IMD Q4,East of England,All Routes,All Stages,All Ages,All Years
4.75,0.68,0.63,0.73,All Persons,IMD Q4,East of England,All Routes,All Stages,All Ages,All Years
5,0.67,0.62,0.72,All Persons,IMD Q4,East of England,All Routes,All Stages,All Ages,All Years
0,0.99,0.99,1.00,All Persons,IMD Q4,London,All Routes,All Stages,All Ages,All Years
0.25,0.95,0.92,0.97,All Persons,IMD Q4,London,All Routes,All Stages,All Ages,All Years
0.5,0.91,0.88,0.94,All Persons,IMD Q4,London,All Routes,All Stages,All Ages,All Years
0.75,0.89,0.85,0.92,All Persons,IMD Q4,London,All Routes,All Stages,All Ages,All Years
1,0.86,0.82,0.89,All Persons,IMD Q4,London,All Routes,All Stages,All Ages,All Years
1.25,0.85,0.81,0.89,All Persons,IMD Q4,London,All Routes,All Stages,All Ages,All Years
1.5,0.83,0.79,0.87,All Persons,IMD Q4,London,All Routes,All Stages,All Ages,All Years
1.75,0.79,0.75,0.84,All Persons,IMD Q4,London,All Routes,All Stages,All Ages,All Years
2,0.78,0.74,0.83,All Persons,IMD Q4,London,All Routes,All Stages,All Ages,All Years
2.25,0.76,0.71,0.81,All Persons,IMD Q4,London,All Routes,All Stages,All Ages,All Years
2.5,0.75,0.70,0.80,All Persons,IMD Q4,London,All Routes,All Stages,All Ages,All Years
2.75,0.74,0.69,0.79,All Persons,IMD Q4,London,All Routes,All Stages,All Ages,All Years
3,0.73,0.68,0.79,All Persons,IMD Q4,London,All Routes,All Stages,All Ages,All Years
3.25,0.73,0.68,0.78,All Persons,IMD Q4,London,All Routes,All Stages,All Ages,All Years
3.5,0.72,0.67,0.77,All Persons,IMD Q4,London,All Routes,All Stages,All Ages,All Years
3.75,0.72,0.67,0.77,All Persons,IMD Q4,London,All Routes,All Stages,All Ages,All Years
4,0.72,0.67,0.77,All Persons,IMD Q4,London,All Routes,All Stages,All Ages,All Years
4.25,0.71,0.66,0.77,All Persons,IMD Q4,London,All Routes,All Stages,All Ages,All Years
4.5,0.70,0.65,0.76,All Persons,IMD Q4,London,All Routes,All Stages,All Ages,All Years
4.75,0.70,0.64,0.75,All Persons,IMD Q4,London,All Routes,All Stages,All Ages,All Years
5,0.70,0.64,0.75,All Persons,IMD Q4,London,All Routes,All Stages,All Ages,All Years
0,0.99,0.98,1.01,All Persons,IMD Q4,North East,All Routes,All Stages,All Ages,All Years
0.25,0.94,0.90,0.98,All Persons,IMD Q4,North East,All Routes,All Stages,All Ages,All Years
0.5,0.92,0.87,0.96,All Persons,IMD Q4,North East,All Routes,All Stages,All Ages,All Years
0.75,0.90,0.85,0.94,All Persons,IMD Q4,North East,All Routes,All Stages,All Ages,All Years
1,0.86,0.81,0.91,All Persons,IMD Q4,North East,All Routes,All Stages,All Ages,All Years
1.25,0.84,0.78,0.89,All Persons,IMD Q4,North East,All Routes,All Stages,All Ages,All Years
1.5,0.82,0.76,0.88,All Persons,IMD Q4,North East,All Routes,All Stages,All Ages,All Years
1.75,0.80,0.74,0.86,All Persons,IMD Q4,North East,All Routes,All Stages,All Ages,All Years
2,0.80,0.73,0.86,All Persons,IMD Q4,North East,All Routes,All Stages,All Ages,All Years
2.25,0.79,0.73,0.85,All Persons,IMD Q4,North East,All Routes,All Stages,All Ages,All Years
2.5,0.78,0.72,0.85,All Persons,IMD Q4,North East,All Routes,All Stages,All Ages,All Years
2.75,0.78,0.72,0.85,All Persons,IMD Q4,North East,All Routes,All Stages,All Ages,All Years
3,0.78,0.72,0.85,All Persons,IMD Q4,North East,All Routes,All Stages,All Ages,All Years
3.25,0.78,0.72,0.85,All Persons,IMD Q4,North East,All Routes,All Stages,All Ages,All Years
3.5,0.78,0.72,0.85,All Persons,IMD Q4,North East,All Routes,All Stages,All Ages,All Years
3.75,0.78,0.72,0.85,All Persons,IMD Q4,North East,All Routes,All Stages,All Ages,All Years
4,0.78,0.72,0.85,All Persons,IMD Q4,North East,All Routes,All Stages,All Ages,All Years
4.25,0.78,0.72,0.85,All Persons,IMD Q4,North East,All Routes,All Stages,All Ages,All Years
4.5,0.78,0.72,0.85,All Persons,IMD Q4,North East,All Routes,All Stages,All Ages,All Years
4.75,0.78,0.72,0.85,All Persons,IMD Q4,North East,All Routes,All Stages,All Ages,All Years
5,0.78,0.72,0.85,All Persons,IMD Q4,North East,All Routes,All Stages,All Ages,All Years
0,1.00,0.99,1.00,All Persons,IMD Q4,North West,All Routes,All Stages,All Ages,All Years
0.25,0.94,0.92,0.96,All Persons,IMD Q4,North West,All Routes,All Stages,All Ages,All Years
0.5,0.91,0.88,0.93,All Persons,IMD Q4,North West,All Routes,All Stages,All Ages,All Years
0.75,0.87,0.84,0.90,All Persons,IMD Q4,North West,All Routes,All Stages,All Ages,All Years
1,0.85,0.82,0.89,All Persons,IMD Q4,North West,All Routes,All Stages,All Ages,All Years
1.25,0.83,0.80,0.86,All Persons,IMD Q4,North West,All Routes,All Stages,All Ages,All Years
1.5,0.82,0.79,0.86,All Persons,IMD Q4,North West,All Routes,All Stages,All Ages,All Years
1.75,0.81,0.77,0.84,All Persons,IMD Q4,North West,All Routes,All Stages,All Ages,All Years
2,0.79,0.76,0.83,All Persons,IMD Q4,North West,All Routes,All Stages,All Ages,All Years
2.25,0.79,0.75,0.82,All Persons,IMD Q4,North West,All Routes,All Stages,All Ages,All Years
2.5,0.77,0.73,0.81,All Persons,IMD Q4,North West,All Routes,All Stages,All Ages,All Years
2.75,0.76,0.72,0.80,All Persons,IMD Q4,North West,All Routes,All Stages,All Ages,All Years
3,0.75,0.71,0.79,All Persons,IMD Q4,North West,All Routes,All Stages,All Ages,All Years
3.25,0.74,0.70,0.78,All Persons,IMD Q4,North West,All Routes,All Stages,All Ages,All Years
3.5,0.72,0.68,0.77,All Persons,IMD Q4,North West,All Routes,All Stages,All Ages,All Years
3.75,0.70,0.66,0.75,All Persons,IMD Q4,North West,All Routes,All Stages,All Ages,All Years
4,0.70,0.66,0.75,All Persons,IMD Q4,North West,All Routes,All Stages,All Ages,All Years
4.25,0.68,0.63,0.73,All Persons,IMD Q4,North West,All Routes,All Stages,All Ages,All Years
4.5,0.67,0.62,0.72,All Persons,IMD Q4,North West,All Routes,All Stages,All Ages,All Years
4.75,0.65,0.60,0.71,All Persons,IMD Q4,North West,All Routes,All Stages,All Ages,All Years
5,0.65,0.59,0.70,All Persons,IMD Q4,North West,All Routes,All Stages,All Ages,All Years
0,1.00,0.99,1.00,All Persons,IMD Q4,South East,All Routes,All Stages,All Ages,All Years
0.25,0.96,0.94,0.97,All Persons,IMD Q4,South East,All Routes,All Stages,All Ages,All Years
0.5,0.92,0.90,0.94,All Persons,IMD Q4,South East,All Routes,All Stages,All Ages,All Years
0.75,0.88,0.86,0.91,All Persons,IMD Q4,South East,All Routes,All Stages,All Ages,All Years
1,0.85,0.82,0.87,All Persons,IMD Q4,South East,All Routes,All Stages,All Ages,All Years
1.25,0.82,0.80,0.85,All Persons,IMD Q4,South East,All Routes,All Stages,All Ages,All Years
1.5,0.80,0.77,0.83,All Persons,IMD Q4,South East,All Routes,All Stages,All Ages,All Years
1.75,0.79,0.76,0.82,All Persons,IMD Q4,South East,All Routes,All Stages,All Ages,All Years
2,0.78,0.75,0.81,All Persons,IMD Q4,South East,All Routes,All Stages,All Ages,All Years
2.25,0.76,0.73,0.79,All Persons,IMD Q4,South East,All Routes,All Stages,All Ages,All Years
2.5,0.76,0.72,0.79,All Persons,IMD Q4,South East,All Routes,All Stages,All Ages,All Years
2.75,0.75,0.71,0.78,All Persons,IMD Q4,South East,All Routes,All Stages,All Ages,All Years
3,0.74,0.71,0.77,All Persons,IMD Q4,South East,All Routes,All Stages,All Ages,All Years
3.25,0.73,0.69,0.76,All Persons,IMD Q4,South East,All Routes,All Stages,All Ages,All Years
3.5,0.71,0.68,0.75,All Persons,IMD Q4,South East,All Routes,All Stages,All Ages,All Years
3.75,0.71,0.68,0.75,All Persons,IMD Q4,South East,All Routes,All Stages,All Ages,All Years
4,0.70,0.66,0.74,All Persons,IMD Q4,South East,All Routes,All Stages,All Ages,All Years
4.25,0.70,0.66,0.73,All Persons,IMD Q4,South East,All Routes,All Stages,All Ages,All Years
4.5,0.69,0.65,0.72,All Persons,IMD Q4,South East,All Routes,All Stages,All Ages,All Years
4.75,0.68,0.64,0.72,All Persons,IMD Q4,South East,All Routes,All Stages,All Ages,All Years
5,0.66,0.62,0.71,All Persons,IMD Q4,South East,All Routes,All Stages,All Ages,All Years
0,1.00,0.99,1.00,All Persons,IMD Q4,South West,All Routes,All Stages,All Ages,All Years
0.25,0.95,0.93,0.97,All Persons,IMD Q4,South West,All Routes,All Stages,All Ages,All Years
0.5,0.91,0.89,0.94,All Persons,IMD Q4,South West,All Routes,All Stages,All Ages,All Years
0.75,0.88,0.85,0.91,All Persons,IMD Q4,South West,All Routes,All Stages,All Ages,All Years
1,0.85,0.82,0.88,All Persons,IMD Q4,South West,All Routes,All Stages,All Ages,All Years
1.25,0.84,0.80,0.87,All Persons,IMD Q4,South West,All Routes,All Stages,All Ages,All Years
1.5,0.82,0.78,0.85,All Persons,IMD Q4,South West,All Routes,All Stages,All Ages,All Years
1.75,0.81,0.77,0.84,All Persons,IMD Q4,South West,All Routes,All Stages,All Ages,All Years
2,0.80,0.76,0.83,All Persons,IMD Q4,South West,All Routes,All Stages,All Ages,All Years
2.25,0.78,0.75,0.82,All Persons,IMD Q4,South West,All Routes,All Stages,All Ages,All Years
2.5,0.77,0.73,0.81,All Persons,IMD Q4,South West,All Routes,All Stages,All Ages,All Years
2.75,0.75,0.71,0.79,All Persons,IMD Q4,South West,All Routes,All Stages,All Ages,All Years
3,0.75,0.71,0.79,All Persons,IMD Q4,South West,All Routes,All Stages,All Ages,All Years
3.25,0.74,0.70,0.78,All Persons,IMD Q4,South West,All Routes,All Stages,All Ages,All Years
3.5,0.73,0.69,0.77,All Persons,IMD Q4,South West,All Routes,All Stages,All Ages,All Years
3.75,0.71,0.67,0.76,All Persons,IMD Q4,South West,All Routes,All Stages,All Ages,All Years
4,0.70,0.66,0.75,All Persons,IMD Q4,South West,All Routes,All Stages,All Ages,All Years
4.25,0.70,0.65,0.74,All Persons,IMD Q4,South West,All Routes,All Stages,All Ages,All Years
4.5,0.69,0.65,0.74,All Persons,IMD Q4,South West,All Routes,All Stages,All Ages,All Years
4.75,0.69,0.64,0.74,All Persons,IMD Q4,South West,All Routes,All Stages,All Ages,All Years
5,0.69,0.64,0.74,All Persons,IMD Q4,South West,All Routes,All Stages,All Ages,All Years
0,1.00,0.99,1.00,All Persons,IMD Q4,West Midlands,All Routes,All Stages,All Ages,All Years
0.25,0.95,0.92,0.97,All Persons,IMD Q4,West Midlands,All Routes,All Stages,All Ages,All Years
0.5,0.92,0.89,0.95,All Persons,IMD Q4,West Midlands,All Routes,All Stages,All Ages,All Years
0.75,0.89,0.86,0.93,All Persons,IMD Q4,West Midlands,All Routes,All Stages,All Ages,All Years
1,0.88,0.85,0.92,All Persons,IMD Q4,West Midlands,All Routes,All Stages,All Ages,All Years
1.25,0.86,0.83,0.90,All Persons,IMD Q4,West Midlands,All Routes,All Stages,All Ages,All Years
1.5,0.84,0.80,0.88,All Persons,IMD Q4,West Midlands,All Routes,All Stages,All Ages,All Years
1.75,0.84,0.79,0.88,All Persons,IMD Q4,West Midlands,All Routes,All Stages,All Ages,All Years
2,0.83,0.79,0.87,All Persons,IMD Q4,West Midlands,All Routes,All Stages,All Ages,All Years
2.25,0.81,0.76,0.85,All Persons,IMD Q4,West Midlands,All Routes,All Stages,All Ages,All Years
2.5,0.79,0.74,0.83,All Persons,IMD Q4,West Midlands,All Routes,All Stages,All Ages,All Years
2.75,0.77,0.72,0.82,All Persons,IMD Q4,West Midlands,All Routes,All Stages,All Ages,All Years
3,0.76,0.71,0.81,All Persons,IMD Q4,West Midlands,All Routes,All Stages,All Ages,All Years
3.25,0.76,0.71,0.81,All Persons,IMD Q4,West Midlands,All Routes,All Stages,All Ages,All Years
3.5,0.75,0.70,0.80,All Persons,IMD Q4,West Midlands,All Routes,All Stages,All Ages,All Years
3.75,0.75,0.69,0.80,All Persons,IMD Q4,West Midlands,All Routes,All Stages,All Ages,All Years
4,0.73,0.67,0.78,All Persons,IMD Q4,West Midlands,All Routes,All Stages,All Ages,All Years
4.25,0.72,0.66,0.78,All Persons,IMD Q4,West Midlands,All Routes,All Stages,All Ages,All Years
4.5,0.72,0.66,0.78,All Persons,IMD Q4,West Midlands,All Routes,All Stages,All Ages,All Years
4.75,0.71,0.65,0.77,All Persons,IMD Q4,West Midlands,All Routes,All Stages,All Ages,All Years
5,0.71,0.65,0.77,All Persons,IMD Q4,West Midlands,All Routes,All Stages,All Ages,All Years
0,1.00,0.99,1.00,All Persons,IMD Q4,Yorkshire and The Humber,All Routes,All Stages,All Ages,All Years
0.25,0.97,0.95,0.99,All Persons,IMD Q4,Yorkshire and The Humber,All Routes,All Stages,All Ages,All Years
0.5,0.93,0.90,0.95,All Persons,IMD Q4,Yorkshire and The Humber,All Routes,All Stages,All Ages,All Years
0.75,0.89,0.86,0.92,All Persons,IMD Q4,Yorkshire and The Humber,All Routes,All Stages,All Ages,All Years
1,0.87,0.84,0.90,All Persons,IMD Q4,Yorkshire and The Humber,All Routes,All Stages,All Ages,All Years
1.25,0.84,0.80,0.88,All Persons,IMD Q4,Yorkshire and The Humber,All Routes,All Stages,All Ages,All Years
1.5,0.83,0.79,0.86,All Persons,IMD Q4,Yorkshire and The Humber,All Routes,All Stages,All Ages,All Years
1.75,0.81,0.77,0.85,All Persons,IMD Q4,Yorkshire and The Humber,All Routes,All Stages,All Ages,All Years
2,0.80,0.76,0.84,All Persons,IMD Q4,Yorkshire and The Humber,All Routes,All Stages,All Ages,All Years
2.25,0.79,0.74,0.83,All Persons,IMD Q4,Yorkshire and The Humber,All Routes,All Stages,All Ages,All Years
2.5,0.78,0.73,0.82,All Persons,IMD Q4,Yorkshire and The Humber,All Routes,All Stages,All Ages,All Years
2.75,0.77,0.73,0.81,All Persons,IMD Q4,Yorkshire and The Humber,All Routes,All Stages,All Ages,All Years
3,0.75,0.71,0.80,All Persons,IMD Q4,Yorkshire and The Humber,All Routes,All Stages,All Ages,All Years
3.25,0.75,0.70,0.80,All Persons,IMD Q4,Yorkshire and The Humber,All Routes,All Stages,All Ages,All Years
3.5,0.74,0.69,0.79,All Persons,IMD Q4,Yorkshire and The Humber,All Routes,All Stages,All Ages,All Years
3.75,0.74,0.69,0.78,All Persons,IMD Q4,Yorkshire and The Humber,All Routes,All Stages,All Ages,All Years
4,0.71,0.66,0.76,All Persons,IMD Q4,Yorkshire and The Humber,All Routes,All Stages,All Ages,All Years
4.25,0.71,0.66,0.76,All Persons,IMD Q4,Yorkshire and The Humber,All Routes,All Stages,All Ages,All Years
4.5,0.71,0.66,0.76,All Persons,IMD Q4,Yorkshire and The Humber,All Routes,All Stages,All Ages,All Years
4.75,0.70,0.65,0.75,All Persons,IMD Q4,Yorkshire and The Humber,All Routes,All Stages,All Ages,All Years
5,0.69,0.63,0.74,All Persons,IMD Q4,Yorkshire and The Humber,All Routes,All Stages,All Ages,All Years
0,0.99,0.97,1.01,All Persons,IMD Q4,All Regions,Emergency,All Stages,All Ages,All Years
0.25,0.77,0.69,0.85,All Persons,IMD Q4,All Regions,Emergency,All Stages,All Ages,All Years
0.5,0.68,0.59,0.77,All Persons,IMD Q4,All Regions,Emergency,All Stages,All Ages,All Years
0.75,0.61,0.51,0.70,All Persons,IMD Q4,All Regions,Emergency,All Stages,All Ages,All Years
1,0.59,0.49,0.68,All Persons,IMD Q4,All Regions,Emergency,All Stages,All Ages,All Years
1.25,0.57,0.47,0.66,All Persons,IMD Q4,All Regions,Emergency,All Stages,All Ages,All Years
1.75,0.54,0.44,0.63,All Persons,IMD Q4,All Regions,Emergency,All Stages,All Ages,All Years
2,0.48,0.39,0.58,All Persons,IMD Q4,All Regions,Emergency,All Stages,All Ages,All Years
2.25,0.46,0.37,0.56,All Persons,IMD Q4,All Regions,Emergency,All Stages,All Ages,All Years
2.75,0.44,0.35,0.54,All Persons,IMD Q4,All Regions,Emergency,All Stages,All Ages,All Years
3,0.43,0.34,0.53,All Persons,IMD Q4,All Regions,Emergency,All Stages,All Ages,All Years
3.5,0.42,0.33,0.52,All Persons,IMD Q4,All Regions,Emergency,All Stages,All Ages,All Years
4,0.42,0.33,0.52,All Persons,IMD Q4,All Regions,Emergency,All Stages,All Ages,All Years
4.25,0.41,0.32,0.51,All Persons,IMD Q4,All Regions,Emergency,All Stages,All Ages,All Years
4.5,0.40,0.30,0.50,All Persons,IMD Q4,All Regions,Emergency,All Stages,All Ages,All Years
4.75,0.40,0.30,0.50,All Persons,IMD Q4,All Regions,Emergency,All Stages,All Ages,All Years
5,0.40,0.30,0.50,All Persons,IMD Q4,All Regions,Emergency,All Stages,All Ages,All Years
0,1.00,1.00,1.00,All Persons,IMD Q4,All Regions,Non-emergency,All Stages,All Ages,All Years
0.25,0.97,0.96,0.98,All Persons,IMD Q4,All Regions,Non-emergency,All Stages,All Ages,All Years
0.5,0.93,0.92,0.95,All Persons,IMD Q4,All Regions,Non-emergency,All Stages,All Ages,All Years
0.75,0.91,0.89,0.92,All Persons,IMD Q4,All Regions,Non-emergency,All Stages,All Ages,All Years
1,0.88,0.86,0.89,All Persons,IMD Q4,All Regions,Non-emergency,All Stages,All Ages,All Years
1.25,0.85,0.84,0.87,All Persons,IMD Q4,All Regions,Non-emergency,All Stages,All Ages,All Years
1.5,0.84,0.82,0.85,All Persons,IMD Q4,All Regions,Non-emergency,All Stages,All Ages,All Years
1.75,0.82,0.80,0.84,All Persons,IMD Q4,All Regions,Non-emergency,All Stages,All Ages,All Years
2,0.81,0.79,0.83,All Persons,IMD Q4,All Regions,Non-emergency,All Stages,All Ages,All Years
2.25,0.80,0.78,0.82,All Persons,IMD Q4,All Regions,Non-emergency,All Stages,All Ages,All Years
2.5,0.79,0.77,0.81,All Persons,IMD Q4,All Regions,Non-emergency,All Stages,All Ages,All Years
2.75,0.77,0.75,0.79,All Persons,IMD Q4,All Regions,Non-emergency,All Stages,All Ages,All Years
3,0.77,0.75,0.79,All Persons,IMD Q4,All Regions,Non-emergency,All Stages,All Ages,All Years
3.25,0.76,0.74,0.78,All Persons,IMD Q4,All Regions,Non-emergency,All Stages,All Ages,All Years
3.5,0.75,0.73,0.77,All Persons,IMD Q4,All Regions,Non-emergency,All Stages,All Ages,All Years
3.75,0.74,0.72,0.76,All Persons,IMD Q4,All Regions,Non-emergency,All Stages,All Ages,All Years
4,0.73,0.71,0.75,All Persons,IMD Q4,All Regions,Non-emergency,All Stages,All Ages,All Years
4.25,0.72,0.70,0.74,All Persons,IMD Q4,All Regions,Non-emergency,All Stages,All Ages,All Years
4.5,0.71,0.69,0.74,All Persons,IMD Q4,All Regions,Non-emergency,All Stages,All Ages,All Years
4.75,0.71,0.69,0.73,All Persons,IMD Q4,All Regions,Non-emergency,All Stages,All Ages,All Years
5,0.70,0.68,0.72,All Persons,IMD Q4,All Regions,Non-emergency,All Stages,All Ages,All Years
0,1.00,1.00,1.00,All Persons,IMD Q4,All Regions,All Routes,Early,All Ages,All Years
0.25,0.99,0.98,0.99,All Persons,IMD Q4,All Regions,All Routes,Early,All Ages,All Years
0.5,0.98,0.97,0.99,All Persons,IMD Q4,All Regions,All Routes,Early,All Ages,All Years
0.75,0.97,0.96,0.98,All Persons,IMD Q4,All Regions,All Routes,Early,All Ages,All Years
1,0.95,0.94,0.96,All Persons,IMD Q4,All Regions,All Routes,Early,All Ages,All Years
1.25,0.93,0.92,0.95,All Persons,IMD Q4,All Regions,All Routes,Early,All Ages,All Years
1.5,0.93,0.91,0.94,All Persons,IMD Q4,All Regions,All Routes,Early,All Ages,All Years
1.75,0.93,0.91,0.94,All Persons,IMD Q4,All Regions,All Routes,Early,All Ages,All Years
2,0.92,0.90,0.93,All Persons,IMD Q4,All Regions,All Routes,Early,All Ages,All Years
2.25,0.91,0.89,0.93,All Persons,IMD Q4,All Regions,All Routes,Early,All Ages,All Years
2.5,0.90,0.88,0.92,All Persons,IMD Q4,All Regions,All Routes,Early,All Ages,All Years
2.75,0.89,0.87,0.91,All Persons,IMD Q4,All Regions,All Routes,Early,All Ages,All Years
3,0.88,0.86,0.90,All Persons,IMD Q4,All Regions,All Routes,Early,All Ages,All Years
3.25,0.88,0.86,0.90,All Persons,IMD Q4,All Regions,All Routes,Early,All Ages,All Years
3.5,0.88,0.85,0.90,All Persons,IMD Q4,All Regions,All Routes,Early,All Ages,All Years
3.75,0.87,0.84,0.89,All Persons,IMD Q4,All Regions,All Routes,Early,All Ages,All Years
4,0.86,0.83,0.89,All Persons,IMD Q4,All Regions,All Routes,Early,All Ages,All Years
4.25,0.86,0.83,0.88,All Persons,IMD Q4,All Regions,All Routes,Early,All Ages,All Years
4.5,0.85,0.82,0.88,All Persons,IMD Q4,All Regions,All Routes,Early,All Ages,All Years
4.75,0.84,0.81,0.88,All Persons,IMD Q4,All Regions,All Routes,Early,All Ages,All Years
5,0.83,0.79,0.87,All Persons,IMD Q4,All Regions,All Routes,Early,All Ages,All Years
0,1.00,1.00,1.00,All Persons,IMD Q4,All Regions,All Routes,Advanced,All Ages,All Years
0.25,0.94,0.93,0.95,All Persons,IMD Q4,All Regions,All Routes,Advanced,All Ages,All Years
0.5,0.89,0.88,0.91,All Persons,IMD Q4,All Regions,All Routes,Advanced,All Ages,All Years
0.75,0.85,0.84,0.87,All Persons,IMD Q4,All Regions,All Routes,Advanced,All Ages,All Years
1,0.82,0.80,0.83,All Persons,IMD Q4,All Regions,All Routes,Advanced,All Ages,All Years
1.25,0.79,0.77,0.81,All Persons,IMD Q4,All Regions,All Routes,Advanced,All Ages,All Years
1.5,0.77,0.75,0.79,All Persons,IMD Q4,All Regions,All Routes,Advanced,All Ages,All Years
1.75,0.76,0.74,0.77,All Persons,IMD Q4,All Regions,All Routes,Advanced,All Ages,All Years
2,0.74,0.72,0.76,All Persons,IMD Q4,All Regions,All Routes,Advanced,All Ages,All Years
2.25,0.73,0.71,0.75,All Persons,IMD Q4,All Regions,All Routes,Advanced,All Ages,All Years
2.5,0.72,0.70,0.73,All Persons,IMD Q4,All Regions,All Routes,Advanced,All Ages,All Years
2.75,0.70,0.68,0.72,All Persons,IMD Q4,All Regions,All Routes,Advanced,All Ages,All Years
3,0.70,0.68,0.72,All Persons,IMD Q4,All Regions,All Routes,Advanced,All Ages,All Years
3.25,0.69,0.67,0.71,All Persons,IMD Q4,All Regions,All Routes,Advanced,All Ages,All Years
3.5,0.68,0.66,0.70,All Persons,IMD Q4,All Regions,All Routes,Advanced,All Ages,All Years
3.75,0.67,0.65,0.69,All Persons,IMD Q4,All Regions,All Routes,Advanced,All Ages,All Years
4,0.66,0.64,0.68,All Persons,IMD Q4,All Regions,All Routes,Advanced,All Ages,All Years
4.25,0.65,0.63,0.67,All Persons,IMD Q4,All Regions,All Routes,Advanced,All Ages,All Years
4.5,0.65,0.63,0.67,All Persons,IMD Q4,All Regions,All Routes,Advanced,All Ages,All Years
4.75,0.64,0.62,0.66,All Persons,IMD Q4,All Regions,All Routes,Advanced,All Ages,All Years
5,0.63,0.61,0.65,All Persons,IMD Q4,All Regions,All Routes,Advanced,All Ages,All Years
0,1.00,0.99,1.00,All Persons,IMD Q4,All Regions,All Routes,All Stages,0-49,All Years
0.25,0.99,0.98,1.00,All Persons,IMD Q4,All Regions,All Routes,All Stages,0-49,All Years
0.5,0.97,0.95,0.99,All Persons,IMD Q4,All Regions,All Routes,All Stages,0-49,All Years
0.75,0.96,0.94,0.98,All Persons,IMD Q4,All Regions,All Routes,All Stages,0-49,All Years
1,0.94,0.91,0.96,All Persons,IMD Q4,All Regions,All Routes,All Stages,0-49,All Years
1.25,0.92,0.90,0.95,All Persons,IMD Q4,All Regions,All Routes,All Stages,0-49,All Years
1.5,0.92,0.89,0.95,All Persons,IMD Q4,All Regions,All Routes,All Stages,0-49,All Years
1.75,0.91,0.88,0.94,All Persons,IMD Q4,All Regions,All Routes,All Stages,0-49,All Years
2,0.91,0.88,0.94,All Persons,IMD Q4,All Regions,All Routes,All Stages,0-49,All Years
2.25,0.90,0.87,0.93,All Persons,IMD Q4,All Regions,All Routes,All Stages,0-49,All Years
2.5,0.90,0.86,0.93,All Persons,IMD Q4,All Regions,All Routes,All Stages,0-49,All Years
2.75,0.88,0.84,0.91,All Persons,IMD Q4,All Regions,All Routes,All Stages,0-49,All Years
3,0.88,0.84,0.91,All Persons,IMD Q4,All Regions,All Routes,All Stages,0-49,All Years
3.25,0.87,0.84,0.91,All Persons,IMD Q4,All Regions,All Routes,All Stages,0-49,All Years
3.5,0.87,0.84,0.91,All Persons,IMD Q4,All Regions,All Routes,All Stages,0-49,All Years
3.75,0.87,0.83,0.91,All Persons,IMD Q4,All Regions,All Routes,All Stages,0-49,All Years
4,0.87,0.83,0.91,All Persons,IMD Q4,All Regions,All Routes,All Stages,0-49,All Years
4.25,0.87,0.83,0.91,All Persons,IMD Q4,All Regions,All Routes,All Stages,0-49,All Years
4.5,0.86,0.83,0.90,All Persons,IMD Q4,All Regions,All Routes,All Stages,0-49,All Years
4.75,0.86,0.83,0.90,All Persons,IMD Q4,All Regions,All Routes,All Stages,0-49,All Years
5,0.86,0.83,0.90,All Persons,IMD Q4,All Regions,All Routes,All Stages,0-49,All Years
0,1.00,0.99,1.00,All Persons,IMD Q4,All Regions,All Routes,All Stages,50-54,All Years
0.25,0.98,0.97,0.99,All Persons,IMD Q4,All Regions,All Routes,All Stages,50-54,All Years
0.5,0.96,0.94,0.98,All Persons,IMD Q4,All Regions,All Routes,All Stages,50-54,All Years
0.75,0.94,0.92,0.96,All Persons,IMD Q4,All Regions,All Routes,All Stages,50-54,All Years
1,0.92,0.90,0.94,All Persons,IMD Q4,All Regions,All Routes,All Stages,50-54,All Years
1.25,0.90,0.88,0.93,All Persons,IMD Q4,All Regions,All Routes,All Stages,50-54,All Years
1.5,0.90,0.87,0.92,All Persons,IMD Q4,All Regions,All Routes,All Stages,50-54,All Years
1.75,0.88,0.85,0.91,All Persons,IMD Q4,All Regions,All Routes,All Stages,50-54,All Years
2,0.88,0.85,0.91,All Persons,IMD Q4,All Regions,All Routes,All Stages,50-54,All Years
2.25,0.87,0.84,0.90,All Persons,IMD Q4,All Regions,All Routes,All Stages,50-54,All Years
2.5,0.87,0.84,0.89,All Persons,IMD Q4,All Regions,All Routes,All Stages,50-54,All Years
2.75,0.86,0.83,0.89,All Persons,IMD Q4,All Regions,All Routes,All Stages,50-54,All Years
3,0.85,0.82,0.88,All Persons,IMD Q4,All Regions,All Routes,All Stages,50-54,All Years
3.25,0.84,0.81,0.87,All Persons,IMD Q4,All Regions,All Routes,All Stages,50-54,All Years
3.5,0.84,0.80,0.87,All Persons,IMD Q4,All Regions,All Routes,All Stages,50-54,All Years
3.75,0.83,0.80,0.87,All Persons,IMD Q4,All Regions,All Routes,All Stages,50-54,All Years
4,0.82,0.79,0.86,All Persons,IMD Q4,All Regions,All Routes,All Stages,50-54,All Years
4.25,0.82,0.79,0.86,All Persons,IMD Q4,All Regions,All Routes,All Stages,50-54,All Years
4.5,0.80,0.76,0.84,All Persons,IMD Q4,All Regions,All Routes,All Stages,50-54,All Years
4.75,0.80,0.76,0.84,All Persons,IMD Q4,All Regions,All Routes,All Stages,50-54,All Years
5,0.80,0.76,0.84,All Persons,IMD Q4,All Regions,All Routes,All Stages,50-54,All Years
0,1.00,1.00,1.00,All Persons,IMD Q4,All Regions,All Routes,All Stages,55-59,All Years
0.25,0.98,0.96,0.99,All Persons,IMD Q4,All Regions,All Routes,All Stages,55-59,All Years
0.5,0.95,0.94,0.97,All Persons,IMD Q4,All Regions,All Routes,All Stages,55-59,All Years
0.75,0.93,0.91,0.95,All Persons,IMD Q4,All Regions,All Routes,All Stages,55-59,All Years
1,0.91,0.89,0.93,All Persons,IMD Q4,All Regions,All Routes,All Stages,55-59,All Years
1.25,0.90,0.87,0.92,All Persons,IMD Q4,All Regions,All Routes,All Stages,55-59,All Years
1.5,0.88,0.86,0.91,All Persons,IMD Q4,All Regions,All Routes,All Stages,55-59,All Years
1.75,0.88,0.85,0.90,All Persons,IMD Q4,All Regions,All Routes,All Stages,55-59,All Years
2,0.87,0.84,0.89,All Persons,IMD Q4,All Regions,All Routes,All Stages,55-59,All Years
2.25,0.85,0.82,0.88,All Persons,IMD Q4,All Regions,All Routes,All Stages,55-59,All Years
2.5,0.84,0.81,0.87,All Persons,IMD Q4,All Regions,All Routes,All Stages,55-59,All Years
2.75,0.83,0.80,0.86,All Persons,IMD Q4,All Regions,All Routes,All Stages,55-59,All Years
3,0.83,0.79,0.86,All Persons,IMD Q4,All Regions,All Routes,All Stages,55-59,All Years
3.25,0.82,0.79,0.85,All Persons,IMD Q4,All Regions,All Routes,All Stages,55-59,All Years
3.5,0.81,0.78,0.85,All Persons,IMD Q4,All Regions,All Routes,All Stages,55-59,All Years
3.75,0.81,0.78,0.84,All Persons,IMD Q4,All Regions,All Routes,All Stages,55-59,All Years
4,0.80,0.76,0.83,All Persons,IMD Q4,All Regions,All Routes,All Stages,55-59,All Years
4.25,0.79,0.75,0.82,All Persons,IMD Q4,All Regions,All Routes,All Stages,55-59,All Years
4.5,0.79,0.75,0.82,All Persons,IMD Q4,All Regions,All Routes,All Stages,55-59,All Years
4.75,0.78,0.74,0.81,All Persons,IMD Q4,All Regions,All Routes,All Stages,55-59,All Years
5,0.77,0.73,0.81,All Persons,IMD Q4,All Regions,All Routes,All Stages,55-59,All Years
0,1.00,0.99,1.00,All Persons,IMD Q4,All Regions,All Routes,All Stages,60-64,All Years
0.25,0.97,0.95,0.98,All Persons,IMD Q4,All Regions,All Routes,All Stages,60-64,All Years
0.5,0.94,0.92,0.96,All Persons,IMD Q4,All Regions,All Routes,All Stages,60-64,All Years
0.75,0.91,0.89,0.93,All Persons,IMD Q4,All Regions,All Routes,All Stages,60-64,All Years
1,0.89,0.87,0.92,All Persons,IMD Q4,All Regions,All Routes,All Stages,60-64,All Years
1.25,0.87,0.85,0.90,All Persons,IMD Q4,All Regions,All Routes,All Stages,60-64,All Years
1.5,0.85,0.83,0.88,All Persons,IMD Q4,All Regions,All Routes,All Stages,60-64,All Years
1.75,0.84,0.81,0.87,All Persons,IMD Q4,All Regions,All Routes,All Stages,60-64,All Years
2,0.82,0.79,0.85,All Persons,IMD Q4,All Regions,All Routes,All Stages,60-64,All Years
2.25,0.82,0.79,0.85,All Persons,IMD Q4,All Regions,All Routes,All Stages,60-64,All Years
2.5,0.82,0.79,0.85,All Persons,IMD Q4,All Regions,All Routes,All Stages,60-64,All Years
2.75,0.81,0.78,0.84,All Persons,IMD Q4,All Regions,All Routes,All Stages,60-64,All Years
3,0.80,0.77,0.83,All Persons,IMD Q4,All Regions,All Routes,All Stages,60-64,All Years
3.25,0.80,0.77,0.83,All Persons,IMD Q4,All Regions,All Routes,All Stages,60-64,All Years
3.5,0.78,0.75,0.81,All Persons,IMD Q4,All Regions,All Routes,All Stages,60-64,All Years
3.75,0.77,0.74,0.81,All Persons,IMD Q4,All Regions,All Routes,All Stages,60-64,All Years
4,0.76,0.72,0.79,All Persons,IMD Q4,All Regions,All Routes,All Stages,60-64,All Years
4.25,0.75,0.71,0.79,All Persons,IMD Q4,All Regions,All Routes,All Stages,60-64,All Years
4.5,0.74,0.70,0.78,All Persons,IMD Q4,All Regions,All Routes,All Stages,60-64,All Years
4.75,0.74,0.70,0.78,All Persons,IMD Q4,All Regions,All Routes,All Stages,60-64,All Years
5,0.73,0.69,0.77,All Persons,IMD Q4,All Regions,All Routes,All Stages,60-64,All Years
0,1.00,1.00,1.00,All Persons,IMD Q4,All Regions,All Routes,All Stages,65-69,All Years
0.25,0.95,0.93,0.97,All Persons,IMD Q4,All Regions,All Routes,All Stages,65-69,All Years
0.5,0.91,0.88,0.93,All Persons,IMD Q4,All Regions,All Routes,All Stages,65-69,All Years
0.75,0.88,0.85,0.90,All Persons,IMD Q4,All Regions,All Routes,All Stages,65-69,All Years
1,0.84,0.81,0.87,All Persons,IMD Q4,All Regions,All Routes,All Stages,65-69,All Years
1.25,0.82,0.79,0.85,All Persons,IMD Q4,All Regions,All Routes,All Stages,65-69,All Years
1.5,0.80,0.77,0.83,All Persons,IMD Q4,All Regions,All Routes,All Stages,65-69,All Years
1.75,0.78,0.75,0.81,All Persons,IMD Q4,All Regions,All Routes,All Stages,65-69,All Years
2,0.77,0.73,0.80,All Persons,IMD Q4,All Regions,All Routes,All Stages,65-69,All Years
2.25,0.76,0.72,0.79,All Persons,IMD Q4,All Regions,All Routes,All Stages,65-69,All Years
2.5,0.74,0.71,0.78,All Persons,IMD Q4,All Regions,All Routes,All Stages,65-69,All Years
2.75,0.74,0.70,0.77,All Persons,IMD Q4,All Regions,All Routes,All Stages,65-69,All Years
3,0.73,0.69,0.77,All Persons,IMD Q4,All Regions,All Routes,All Stages,65-69,All Years
3.25,0.72,0.69,0.76,All Persons,IMD Q4,All Regions,All Routes,All Stages,65-69,All Years
3.5,0.71,0.67,0.75,All Persons,IMD Q4,All Regions,All Routes,All Stages,65-69,All Years
3.75,0.70,0.66,0.74,All Persons,IMD Q4,All Regions,All Routes,All Stages,65-69,All Years
4,0.70,0.66,0.74,All Persons,IMD Q4,All Regions,All Routes,All Stages,65-69,All Years
4.25,0.69,0.65,0.73,All Persons,IMD Q4,All Regions,All Routes,All Stages,65-69,All Years
4.5,0.68,0.64,0.73,All Persons,IMD Q4,All Regions,All Routes,All Stages,65-69,All Years
4.75,0.68,0.64,0.72,All Persons,IMD Q4,All Regions,All Routes,All Stages,65-69,All Years
5,0.68,0.64,0.72,All Persons,IMD Q4,All Regions,All Routes,All Stages,65-69,All Years
0,1.00,0.99,1.00,All Persons,IMD Q4,All Regions,All Routes,All Stages,70-74,All Years
0.25,0.93,0.91,0.96,All Persons,IMD Q4,All Regions,All Routes,All Stages,70-74,All Years
0.5,0.88,0.85,0.91,All Persons,IMD Q4,All Regions,All Routes,All Stages,70-74,All Years
0.75,0.82,0.79,0.86,All Persons,IMD Q4,All Regions,All Routes,All Stages,70-74,All Years
1,0.79,0.75,0.82,All Persons,IMD Q4,All Regions,All Routes,All Stages,70-74,All Years
1.25,0.76,0.72,0.80,All Persons,IMD Q4,All Regions,All Routes,All Stages,70-74,All Years
1.5,0.75,0.71,0.79,All Persons,IMD Q4,All Regions,All Routes,All Stages,70-74,All Years
1.75,0.74,0.70,0.78,All Persons,IMD Q4,All Regions,All Routes,All Stages,70-74,All Years
2,0.72,0.68,0.76,All Persons,IMD Q4,All Regions,All Routes,All Stages,70-74,All Years
2.25,0.70,0.66,0.75,All Persons,IMD Q4,All Regions,All Routes,All Stages,70-74,All Years
2.5,0.68,0.63,0.72,All Persons,IMD Q4,All Regions,All Routes,All Stages,70-74,All Years
2.75,0.66,0.61,0.71,All Persons,IMD Q4,All Regions,All Routes,All Stages,70-74,All Years
3,0.65,0.60,0.70,All Persons,IMD Q4,All Regions,All Routes,All Stages,70-74,All Years
3.25,0.64,0.59,0.69,All Persons,IMD Q4,All Regions,All Routes,All Stages,70-74,All Years
3.5,0.63,0.58,0.67,All Persons,IMD Q4,All Regions,All Routes,All Stages,70-74,All Years
3.75,0.61,0.56,0.66,All Persons,IMD Q4,All Regions,All Routes,All Stages,70-74,All Years
4,0.61,0.56,0.66,All Persons,IMD Q4,All Regions,All Routes,All Stages,70-74,All Years
4.25,0.59,0.54,0.64,All Persons,IMD Q4,All Regions,All Routes,All Stages,70-74,All Years
4.5,0.58,0.53,0.64,All Persons,IMD Q4,All Regions,All Routes,All Stages,70-74,All Years
4.75,0.57,0.52,0.62,All Persons,IMD Q4,All Regions,All Routes,All Stages,70-74,All Years
5,0.53,0.47,0.59,All Persons,IMD Q4,All Regions,All Routes,All Stages,70-74,All Years
0,1.00,0.99,1.00,All Persons,IMD Q4,All Regions,All Routes,All Stages,75-79,All Years
0.25,0.87,0.83,0.91,All Persons,IMD Q4,All Regions,All Routes,All Stages,75-79,All Years
0.5,0.77,0.72,0.82,All Persons,IMD Q4,All Regions,All Routes,All Stages,75-79,All Years
0.75,0.71,0.66,0.77,All Persons,IMD Q4,All Regions,All Routes,All Stages,75-79,All Years
1,0.67,0.61,0.73,All Persons,IMD Q4,All Regions,All Routes,All Stages,75-79,All Years
1.25,0.63,0.57,0.69,All Persons,IMD Q4,All Regions,All Routes,All Stages,75-79,All Years
1.5,0.59,0.52,0.65,All Persons,IMD Q4,All Regions,All Routes,All Stages,75-79,All Years
1.75,0.56,0.50,0.62,All Persons,IMD Q4,All Regions,All Routes,All Stages,75-79,All Years
2,0.55,0.49,0.61,All Persons,IMD Q4,All Regions,All Routes,All Stages,75-79,All Years
2.25,0.52,0.46,0.59,All Persons,IMD Q4,All Regions,All Routes,All Stages,75-79,All Years
2.5,0.51,0.45,0.58,All Persons,IMD Q4,All Regions,All Routes,All Stages,75-79,All Years
2.75,0.50,0.44,0.57,All Persons,IMD Q4,All Regions,All Routes,All Stages,75-79,All Years
3,0.49,0.43,0.56,All Persons,IMD Q4,All Regions,All Routes,All Stages,75-79,All Years
3.25,0.47,0.41,0.54,All Persons,IMD Q4,All Regions,All Routes,All Stages,75-79,All Years
3.5,0.47,0.41,0.54,All Persons,IMD Q4,All Regions,All Routes,All Stages,75-79,All Years
3.75,0.46,0.39,0.53,All Persons,IMD Q4,All Regions,All Routes,All Stages,75-79,All Years
4,0.43,0.36,0.50,All Persons,IMD Q4,All Regions,All Routes,All Stages,75-79,All Years
4.25,0.43,0.36,0.50,All Persons,IMD Q4,All Regions,All Routes,All Stages,75-79,All Years
4.5,0.40,0.33,0.48,All Persons,IMD Q4,All Regions,All Routes,All Stages,75-79,All Years
4.75,0.38,0.30,0.46,All Persons,IMD Q4,All Regions,All Routes,All Stages,75-79,All Years
5,0.38,0.30,0.46,All Persons,IMD Q4,All Regions,All Routes,All Stages,75-79,All Years
0,0.99,0.98,1.01,All Persons,IMD Q4,All Regions,All Routes,All Stages,80-84,All Years
0.25,0.83,0.77,0.89,All Persons,IMD Q4,All Regions,All Routes,All Stages,80-84,All Years
0.5,0.76,0.69,0.83,All Persons,IMD Q4,All Regions,All Routes,All Stages,80-84,All Years
0.75,0.69,0.62,0.77,All Persons,IMD Q4,All Regions,All Routes,All Stages,80-84,All Years
1,0.64,0.55,0.72,All Persons,IMD Q4,All Regions,All Routes,All Stages,80-84,All Years
1.25,0.60,0.52,0.68,All Persons,IMD Q4,All Regions,All Routes,All Stages,80-84,All Years
1.5,0.57,0.49,0.66,All Persons,IMD Q4,All Regions,All Routes,All Stages,80-84,All Years
1.75,0.57,0.48,0.65,All Persons,IMD Q4,All Regions,All Routes,All Stages,80-84,All Years
2,0.56,0.47,0.64,All Persons,IMD Q4,All Regions,All Routes,All Stages,80-84,All Years
2.25,0.50,0.41,0.59,All Persons,IMD Q4,All Regions,All Routes,All Stages,80-84,All Years
2.5,0.47,0.38,0.56,All Persons,IMD Q4,All Regions,All Routes,All Stages,80-84,All Years
2.75,0.45,0.36,0.54,All Persons,IMD Q4,All Regions,All Routes,All Stages,80-84,All Years
3,0.44,0.35,0.53,All Persons,IMD Q4,All Regions,All Routes,All Stages,80-84,All Years
3.25,0.43,0.34,0.52,All Persons,IMD Q4,All Regions,All Routes,All Stages,80-84,All Years
3.5,0.40,0.31,0.49,All Persons,IMD Q4,All Regions,All Routes,All Stages,80-84,All Years
3.75,0.37,0.28,0.47,All Persons,IMD Q4,All Regions,All Routes,All Stages,80-84,All Years
4,0.36,0.27,0.45,All Persons,IMD Q4,All Regions,All Routes,All Stages,80-84,All Years
4.25,0.36,0.27,0.45,All Persons,IMD Q4,All Regions,All Routes,All Stages,80-84,All Years
4.5,0.36,0.27,0.45,All Persons,IMD Q4,All Regions,All Routes,All Stages,80-84,All Years
4.75,0.34,0.24,0.43,All Persons,IMD Q4,All Regions,All Routes,All Stages,80-84,All Years
0,0.98,0.93,1.02,All Persons,IMD Q4,All Regions,All Routes,All Stages,85-89,All Years
0.25,0.74,0.61,0.87,All Persons,IMD Q4,All Regions,All Routes,All Stages,85-89,All Years
0.5,0.57,0.42,0.72,All Persons,IMD Q4,All Regions,All Routes,All Stages,85-89,All Years
0.75,0.52,0.38,0.67,All Persons,IMD Q4,All Regions,All Routes,All Stages,85-89,All Years
1,0.48,0.33,0.62,All Persons,IMD Q4,All Regions,All Routes,All Stages,85-89,All Years
1.25,0.38,0.23,0.52,All Persons,IMD Q4,All Regions,All Routes,All Stages,85-89,All Years
1.5,0.29,0.15,0.43,All Persons,IMD Q4,All Regions,All Routes,All Stages,85-89,All Years
1.75,0.29,0.15,0.43,All Persons,IMD Q4,All Regions,All Routes,All Stages,85-89,All Years
2,0.25,0.12,0.39,All Persons,IMD Q4,All Regions,All Routes,All Stages,85-89,All Years
3.25,0.17,0.04,0.29,All Persons,IMD Q4,All Regions,All Routes,All Stages,85-89,All Years
3.5,0.17,0.04,0.29,All Persons,IMD Q4,All Regions,All Routes,All Stages,85-89,All Years
4.75,0.17,0.04,0.29,All Persons,IMD Q4,All Regions,All Routes,All Stages,85-89,All Years
0,0.96,0.88,1.04,All Persons,IMD Q4,All Regions,All Routes,All Stages,90+,All Years
0.25,0.71,0.53,0.89,All Persons,IMD Q4,All Regions,All Routes,All Stages,90+,All Years
0.5,0.63,0.44,0.81,All Persons,IMD Q4,All Regions,All Routes,All Stages,90+,All Years
0.75,0.58,0.39,0.78,All Persons,IMD Q4,All Regions,All Routes,All Stages,90+,All Years
1,0.42,0.23,0.61,All Persons,IMD Q4,All Regions,All Routes,All Stages,90+,All Years
1.25,0.42,0.23,0.61,All Persons,IMD Q4,All Regions,All Routes,All Stages,90+,All Years
1.5,0.42,0.23,0.61,All Persons,IMD Q4,All Regions,All Routes,All Stages,90+,All Years
1.75,0.42,0.23,0.61,All Persons,IMD Q4,All Regions,All Routes,All Stages,90+,All Years
2,0.33,0.13,0.53,All Persons,IMD Q4,All Regions,All Routes,All Stages,90+,All Years
2.25,0.17,0.00,0.34,All Persons,IMD Q4,All Regions,All Routes,All Stages,90+,All Years
3.25,0.17,0.00,0.34,All Persons,IMD Q4,All Regions,All Routes,All Stages,90+,All Years
3.75,0.00,0.00,0.00,All Persons,IMD Q4,All Regions,All Routes,All Stages,90+,All Years
0,1.00,0.99,1.00,All Persons,IMD Q4,All Regions,All Routes,All Stages,All Ages,2016
0.25,0.95,0.93,0.97,All Persons,IMD Q4,All Regions,All Routes,All Stages,All Ages,2016
0.5,0.91,0.89,0.94,All Persons,IMD Q4,All Regions,All Routes,All Stages,All Ages,2016
0.75,0.88,0.85,0.91,All Persons,IMD Q4,All Regions,All Routes,All Stages,All Ages,2016
1,0.83,0.80,0.86,All Persons,IMD Q4,All Regions,All Routes,All Stages,All Ages,2016
1.25,0.81,0.77,0.84,All Persons,IMD Q4,All Regions,All Routes,All Stages,All Ages,2016
1.5,0.79,0.76,0.83,All Persons,IMD Q4,All Regions,All Routes,All Stages,All Ages,2016
1.75,0.78,0.74,0.81,All Persons,IMD Q4,All Regions,All Routes,All Stages,All Ages,2016
2,0.77,0.74,0.81,All Persons,IMD Q4,All Regions,All Routes,All Stages,All Ages,2016
2.25,0.76,0.72,0.79,All Persons,IMD Q4,All Regions,All Routes,All Stages,All Ages,2016
2.5,0.74,0.70,0.78,All Persons,IMD Q4,All Regions,All Routes,All Stages,All Ages,2016
2.75,0.72,0.69,0.76,All Persons,IMD Q4,All Regions,All Routes,All Stages,All Ages,2016
3,0.71,0.67,0.75,All Persons,IMD Q4,All Regions,All Routes,All Stages,All Ages,2016
3.25,0.71,0.67,0.74,All Persons,IMD Q4,All Regions,All Routes,All Stages,All Ages,2016
3.5,0.70,0.66,0.74,All Persons,IMD Q4,All Regions,All Routes,All Stages,All Ages,2016
3.75,0.69,0.65,0.73,All Persons,IMD Q4,All Regions,All Routes,All Stages,All Ages,2016
4,0.69,0.65,0.73,All Persons,IMD Q4,All Regions,All Routes,All Stages,All Ages,2016
4.5,0.68,0.65,0.72,All Persons,IMD Q4,All Regions,All Routes,All Stages,All Ages,2016
4.75,0.68,0.64,0.72,All Persons,IMD Q4,All Regions,All Routes,All Stages,All Ages,2016
5,0.68,0.64,0.72,All Persons,IMD Q4,All Regions,All Routes,All Stages,All Ages,2016
0,1.00,1.00,1.00,All Persons,IMD Q4,All Regions,All Routes,All Stages,All Ages,2017
0.25,0.96,0.95,0.98,All Persons,IMD Q4,All Regions,All Routes,All Stages,All Ages,2017
0.5,0.93,0.91,0.95,All Persons,IMD Q4,All Regions,All Routes,All Stages,All Ages,2017
0.75,0.90,0.88,0.92,All Persons,IMD Q4,All Regions,All Routes,All Stages,All Ages,2017
1,0.88,0.85,0.90,All Persons,IMD Q4,All Regions,All Routes,All Stages,All Ages,2017
1.25,0.85,0.82,0.88,All Persons,IMD Q4,All Regions,All Routes,All Stages,All Ages,2017
1.5,0.83,0.80,0.86,All Persons,IMD Q4,All Regions,All Routes,All Stages,All Ages,2017
1.75,0.81,0.78,0.84,All Persons,IMD Q4,All Regions,All Routes,All Stages,All Ages,2017
2,0.80,0.77,0.83,All Persons,IMD Q4,All Regions,All Routes,All Stages,All Ages,2017
2.25,0.79,0.76,0.82,All Persons,IMD Q4,All Regions,All Routes,All Stages,All Ages,2017
2.5,0.78,0.75,0.82,All Persons,IMD Q4,All Regions,All Routes,All Stages,All Ages,2017
2.75,0.78,0.75,0.81,All Persons,IMD Q4,All Regions,All Routes,All Stages,All Ages,2017
3,0.77,0.74,0.81,All Persons,IMD Q4,All Regions,All Routes,All Stages,All Ages,2017
3.25,0.76,0.73,0.80,All Persons,IMD Q4,All Regions,All Routes,All Stages,All Ages,2017
3.5,0.75,0.72,0.78,All Persons,IMD Q4,All Regions,All Routes,All Stages,All Ages,2017
3.75,0.74,0.71,0.78,All Persons,IMD Q4,All Regions,All Routes,All Stages,All Ages,2017
4,0.73,0.69,0.76,All Persons,IMD Q4,All Regions,All Routes,All Stages,All Ages,2017
4.25,0.72,0.68,0.76,All Persons,IMD Q4,All Regions,All Routes,All Stages,All Ages,2017
4.5,0.71,0.67,0.74,All Persons,IMD Q4,All Regions,All Routes,All Stages,All Ages,2017
4.75,0.70,0.66,0.74,All Persons,IMD Q4,All Regions,All Routes,All Stages,All Ages,2017
5,0.69,0.65,0.73,All Persons,IMD Q4,All Regions,All Routes,All Stages,All Ages,2017
0,1.00,1.00,1.00,All Persons,IMD Q4,All Regions,All Routes,All Stages,All Ages,2018
0.25,0.96,0.94,0.97,All Persons,IMD Q4,All Regions,All Routes,All Stages,All Ages,2018
0.5,0.92,0.90,0.94,All Persons,IMD Q4,All Regions,All Routes,All Stages,All Ages,2018
0.75,0.90,0.87,0.92,All Persons,IMD Q4,All Regions,All Routes,All Stages,All Ages,2018
1,0.88,0.85,0.90,All Persons,IMD Q4,All Regions,All Routes,All Stages,All Ages,2018
1.25,0.86,0.83,0.89,All Persons,IMD Q4,All Regions,All Routes,All Stages,All Ages,2018
1.5,0.84,0.81,0.87,All Persons,IMD Q4,All Regions,All Routes,All Stages,All Ages,2018
1.75,0.83,0.80,0.86,All Persons,IMD Q4,All Regions,All Routes,All Stages,All Ages,2018
2,0.82,0.79,0.85,All Persons,IMD Q4,All Regions,All Routes,All Stages,All Ages,2018
2.25,0.80,0.77,0.83,All Persons,IMD Q4,All Regions,All Routes,All Stages,All Ages,2018
2.5,0.78,0.75,0.82,All Persons,IMD Q4,All Regions,All Routes,All Stages,All Ages,2018
2.75,0.77,0.74,0.80,All Persons,IMD Q4,All Regions,All Routes,All Stages,All Ages,2018
3,0.77,0.73,0.80,All Persons,IMD Q4,All Regions,All Routes,All Stages,All Ages,2018
3.25,0.76,0.73,0.79,All Persons,IMD Q4,All Regions,All Routes,All Stages,All Ages,2018
3.5,0.74,0.71,0.78,All Persons,IMD Q4,All Regions,All Routes,All Stages,All Ages,2018
3.75,0.73,0.70,0.77,All Persons,IMD Q4,All Regions,All Routes,All Stages,All Ages,2018
4,0.73,0.69,0.76,All Persons,IMD Q4,All Regions,All Routes,All Stages,All Ages,2018
4.25,0.72,0.68,0.75,All Persons,IMD Q4,All Regions,All Routes,All Stages,All Ages,2018
4.5,0.71,0.67,0.75,All Persons,IMD Q4,All Regions,All Routes,All Stages,All Ages,2018
4.75,0.69,0.65,0.73,All Persons,IMD Q4,All Regions,All Routes,All Stages,All Ages,2018
5,0.69,0.65,0.73,All Persons,IMD Q4,All Regions,All Routes,All Stages,All Ages,2018
0,1.00,1.00,1.00,All Persons,IMD Q4,All Regions,All Routes,All Stages,All Ages,2019
0.25,0.94,0.93,0.96,All Persons,IMD Q4,All Regions,All Routes,All Stages,All Ages,2019
0.5,0.91,0.89,0.93,All Persons,IMD Q4,All Regions,All Routes,All Stages,All Ages,2019
0.75,0.88,0.85,0.90,All Persons,IMD Q4,All Regions,All Routes,All Stages,All Ages,2019
1,0.84,0.82,0.87,All Persons,IMD Q4,All Regions,All Routes,All Stages,All Ages,2019
1.25,0.82,0.79,0.85,All Persons,IMD Q4,All Regions,All Routes,All Stages,All Ages,2019
1.5,0.81,0.78,0.84,All Persons,IMD Q4,All Regions,All Routes,All Stages,All Ages,2019
1.75,0.79,0.76,0.82,All Persons,IMD Q4,All Regions,All Routes,All Stages,All Ages,2019
2,0.78,0.75,0.81,All Persons,IMD Q4,All Regions,All Routes,All Stages,All Ages,2019
2.25,0.77,0.73,0.80,All Persons,IMD Q4,All Regions,All Routes,All Stages,All Ages,2019
2.5,0.76,0.73,0.79,All Persons,IMD Q4,All Regions,All Routes,All Stages,All Ages,2019
2.75,0.75,0.72,0.78,All Persons,IMD Q4,All Regions,All Routes,All Stages,All Ages,2019
3,0.74,0.71,0.78,All Persons,IMD Q4,All Regions,All Routes,All Stages,All Ages,2019
3.25,0.74,0.70,0.77,All Persons,IMD Q4,All Regions,All Routes,All Stages,All Ages,2019
3.5,0.73,0.69,0.76,All Persons,IMD Q4,All Regions,All Routes,All Stages,All Ages,2019
3.75,0.72,0.69,0.76,All Persons,IMD Q4,All Regions,All Routes,All Stages,All Ages,2019
4,0.70,0.65,0.76,All Persons,IMD Q4,All Regions,All Routes,All Stages,All Ages,2019
4.75,0.70,0.65,0.76,All Persons,IMD Q4,All Regions,All Routes,All Stages,All Ages,2019
0,1.00,0.99,1.00,All Persons,IMD Q4,All Regions,All Routes,All Stages,All Ages,2020
0.25,0.94,0.92,0.96,All Persons,IMD Q4,All Regions,All Routes,All Stages,All Ages,2020
0.5,0.90,0.87,0.92,All Persons,IMD Q4,All Regions,All Routes,All Stages,All Ages,2020
0.75,0.86,0.83,0.88,All Persons,IMD Q4,All Regions,All Routes,All Stages,All Ages,2020
1,0.83,0.80,0.86,All Persons,IMD Q4,All Regions,All Routes,All Stages,All Ages,2020
1.25,0.82,0.79,0.85,All Persons,IMD Q4,All Regions,All Routes,All Stages,All Ages,2020
1.5,0.81,0.78,0.84,All Persons,IMD Q4,All Regions,All Routes,All Stages,All Ages,2020
1.75,0.80,0.77,0.83,All Persons,IMD Q4,All Regions,All Routes,All Stages,All Ages,2020
2,0.79,0.75,0.82,All Persons,IMD Q4,All Regions,All Routes,All Stages,All Ages,2020
2.25,0.77,0.74,0.80,All Persons,IMD Q4,All Regions,All Routes,All Stages,All Ages,2020
2.5,0.76,0.73,0.80,All Persons,IMD Q4,All Regions,All Routes,All Stages,All Ages,2020
2.75,0.76,0.73,0.79,All Persons,IMD Q4,All Regions,All Routes,All Stages,All Ages,2020
3,0.76,0.73,0.79,All Persons,IMD Q4,All Regions,All Routes,All Stages,All Ages,2020
3.25,0.76,0.73,0.79,All Persons,IMD Q4,All Regions,All Routes,All Stages,All Ages,2020
0,1.00,1.00,1.00,All Persons,IMD Q4,All Regions,All Routes,All Stages,All Ages,2021
0.25,0.95,0.93,0.96,All Persons,IMD Q4,All Regions,All Routes,All Stages,All Ages,2021
0.5,0.91,0.88,0.93,All Persons,IMD Q4,All Regions,All Routes,All Stages,All Ages,2021
0.75,0.88,0.85,0.90,All Persons,IMD Q4,All Regions,All Routes,All Stages,All Ages,2021
1,0.85,0.82,0.88,All Persons,IMD Q4,All Regions,All Routes,All Stages,All Ages,2021
1.25,0.82,0.80,0.85,All Persons,IMD Q4,All Regions,All Routes,All Stages,All Ages,2021
1.5,0.81,0.78,0.84,All Persons,IMD Q4,All Regions,All Routes,All Stages,All Ages,2021
1.75,0.79,0.76,0.82,All Persons,IMD Q4,All Regions,All Routes,All Stages,All Ages,2021
2,0.79,0.76,0.82,All Persons,IMD Q4,All Regions,All Routes,All Stages,All Ages,2021
3,0.79,0.76,0.82,All Persons,IMD Q4,All Regions,All Routes,All Stages,All Ages,2021
3.5,0.79,0.76,0.82,All Persons,IMD Q4,All Regions,All Routes,All Stages,All Ages,2021
0,1.00,0.99,1.00,All Persons,IMD Q5,East Midlands,All Routes,All Stages,All Ages,All Years
0.25,0.96,0.94,0.98,All Persons,IMD Q5,East Midlands,All Routes,All Stages,All Ages,All Years
0.5,0.93,0.91,0.96,All Persons,IMD Q5,East Midlands,All Routes,All Stages,All Ages,All Years
0.75,0.88,0.84,0.91,All Persons,IMD Q5,East Midlands,All Routes,All Stages,All Ages,All Years
1,0.86,0.82,0.89,All Persons,IMD Q5,East Midlands,All Routes,All Stages,All Ages,All Years
1.25,0.85,0.81,0.89,All Persons,IMD Q5,East Midlands,All Routes,All Stages,All Ages,All Years
1.5,0.84,0.80,0.88,All Persons,IMD Q5,East Midlands,All Routes,All Stages,All Ages,All Years
1.75,0.83,0.79,0.87,All Persons,IMD Q5,East Midlands,All Routes,All Stages,All Ages,All Years
2,0.81,0.76,0.85,All Persons,IMD Q5,East Midlands,All Routes,All Stages,All Ages,All Years
2.25,0.79,0.75,0.84,All Persons,IMD Q5,East Midlands,All Routes,All Stages,All Ages,All Years
2.5,0.77,0.72,0.82,All Persons,IMD Q5,East Midlands,All Routes,All Stages,All Ages,All Years
2.75,0.76,0.71,0.81,All Persons,IMD Q5,East Midlands,All Routes,All Stages,All Ages,All Years
3,0.75,0.70,0.80,All Persons,IMD Q5,East Midlands,All Routes,All Stages,All Ages,All Years
3.25,0.74,0.68,0.79,All Persons,IMD Q5,East Midlands,All Routes,All Stages,All Ages,All Years
3.5,0.74,0.68,0.79,All Persons,IMD Q5,East Midlands,All Routes,All Stages,All Ages,All Years
3.75,0.72,0.67,0.77,All Persons,IMD Q5,East Midlands,All Routes,All Stages,All Ages,All Years
4,0.69,0.63,0.74,All Persons,IMD Q5,East Midlands,All Routes,All Stages,All Ages,All Years
4.25,0.68,0.62,0.74,All Persons,IMD Q5,East Midlands,All Routes,All Stages,All Ages,All Years
4.5,0.67,0.61,0.73,All Persons,IMD Q5,East Midlands,All Routes,All Stages,All Ages,All Years
4.75,0.67,0.61,0.73,All Persons,IMD Q5,East Midlands,All Routes,All Stages,All Ages,All Years
5,0.67,0.61,0.73,All Persons,IMD Q5,East Midlands,All Routes,All Stages,All Ages,All Years
0,1.00,0.99,1.00,All Persons,IMD Q5,East of England,All Routes,All Stages,All Ages,All Years
0.25,0.97,0.96,0.99,All Persons,IMD Q5,East of England,All Routes,All Stages,All Ages,All Years
0.5,0.96,0.94,0.98,All Persons,IMD Q5,East of England,All Routes,All Stages,All Ages,All Years
0.75,0.93,0.91,0.96,All Persons,IMD Q5,East of England,All Routes,All Stages,All Ages,All Years
1,0.91,0.88,0.94,All Persons,IMD Q5,East of England,All Routes,All Stages,All Ages,All Years
1.25,0.89,0.86,0.92,All Persons,IMD Q5,East of England,All Routes,All Stages,All Ages,All Years
1.5,0.87,0.84,0.91,All Persons,IMD Q5,East of England,All Routes,All Stages,All Ages,All Years
1.75,0.86,0.83,0.90,All Persons,IMD Q5,East of England,All Routes,All Stages,All Ages,All Years
2,0.85,0.81,0.88,All Persons,IMD Q5,East of England,All Routes,All Stages,All Ages,All Years
2.25,0.83,0.79,0.87,All Persons,IMD Q5,East of England,All Routes,All Stages,All Ages,All Years
2.5,0.83,0.79,0.86,All Persons,IMD Q5,East of England,All Routes,All Stages,All Ages,All Years
2.75,0.81,0.77,0.85,All Persons,IMD Q5,East of England,All Routes,All Stages,All Ages,All Years
3,0.81,0.77,0.85,All Persons,IMD Q5,East of England,All Routes,All Stages,All Ages,All Years
3.25,0.80,0.76,0.84,All Persons,IMD Q5,East of England,All Routes,All Stages,All Ages,All Years
3.5,0.79,0.75,0.84,All Persons,IMD Q5,East of England,All Routes,All Stages,All Ages,All Years
3.75,0.78,0.74,0.83,All Persons,IMD Q5,East of England,All Routes,All Stages,All Ages,All Years
4,0.78,0.74,0.83,All Persons,IMD Q5,East of England,All Routes,All Stages,All Ages,All Years
4.25,0.77,0.72,0.81,All Persons,IMD Q5,East of England,All Routes,All Stages,All Ages,All Years
4.5,0.75,0.70,0.80,All Persons,IMD Q5,East of England,All Routes,All Stages,All Ages,All Years
4.75,0.75,0.70,0.80,All Persons,IMD Q5,East of England,All Routes,All Stages,All Ages,All Years
5,0.75,0.70,0.80,All Persons,IMD Q5,East of England,All Routes,All Stages,All Ages,All Years
0,1.00,0.99,1.00,All Persons,IMD Q5,London,All Routes,All Stages,All Ages,All Years
0.25,0.96,0.93,0.98,All Persons,IMD Q5,London,All Routes,All Stages,All Ages,All Years
0.5,0.92,0.88,0.95,All Persons,IMD Q5,London,All Routes,All Stages,All Ages,All Years
0.75,0.89,0.85,0.93,All Persons,IMD Q5,London,All Routes,All Stages,All Ages,All Years
1,0.87,0.83,0.91,All Persons,IMD Q5,London,All Routes,All Stages,All Ages,All Years
1.25,0.85,0.81,0.90,All Persons,IMD Q5,London,All Routes,All Stages,All Ages,All Years
1.5,0.83,0.79,0.88,All Persons,IMD Q5,London,All Routes,All Stages,All Ages,All Years
1.75,0.82,0.77,0.86,All Persons,IMD Q5,London,All Routes,All Stages,All Ages,All Years
2,0.80,0.75,0.85,All Persons,IMD Q5,London,All Routes,All Stages,All Ages,All Years
2.25,0.78,0.73,0.83,All Persons,IMD Q5,London,All Routes,All Stages,All Ages,All Years
2.5,0.77,0.72,0.82,All Persons,IMD Q5,London,All Routes,All Stages,All Ages,All Years
2.75,0.75,0.70,0.81,All Persons,IMD Q5,London,All Routes,All Stages,All Ages,All Years
3,0.75,0.69,0.80,All Persons,IMD Q5,London,All Routes,All Stages,All Ages,All Years
3.25,0.75,0.69,0.80,All Persons,IMD Q5,London,All Routes,All Stages,All Ages,All Years
3.5,0.74,0.68,0.80,All Persons,IMD Q5,London,All Routes,All Stages,All Ages,All Years
3.75,0.74,0.68,0.80,All Persons,IMD Q5,London,All Routes,All Stages,All Ages,All Years
4,0.73,0.67,0.79,All Persons,IMD Q5,London,All Routes,All Stages,All Ages,All Years
4.25,0.73,0.67,0.79,All Persons,IMD Q5,London,All Routes,All Stages,All Ages,All Years
4.5,0.72,0.66,0.78,All Persons,IMD Q5,London,All Routes,All Stages,All Ages,All Years
4.75,0.70,0.64,0.77,All Persons,IMD Q5,London,All Routes,All Stages,All Ages,All Years
5,0.70,0.64,0.77,All Persons,IMD Q5,London,All Routes,All Stages,All Ages,All Years
0,0.99,0.98,1.01,All Persons,IMD Q5,North East,All Routes,All Stages,All Ages,All Years
0.25,0.95,0.92,0.99,All Persons,IMD Q5,North East,All Routes,All Stages,All Ages,All Years
0.5,0.93,0.88,0.97,All Persons,IMD Q5,North East,All Routes,All Stages,All Ages,All Years
0.75,0.91,0.86,0.95,All Persons,IMD Q5,North East,All Routes,All Stages,All Ages,All Years
1,0.89,0.84,0.94,All Persons,IMD Q5,North East,All Routes,All Stages,All Ages,All Years
1.25,0.89,0.83,0.94,All Persons,IMD Q5,North East,All Routes,All Stages,All Ages,All Years
1.5,0.87,0.82,0.93,All Persons,IMD Q5,North East,All Routes,All Stages,All Ages,All Years
1.75,0.84,0.78,0.90,All Persons,IMD Q5,North East,All Routes,All Stages,All Ages,All Years
2,0.83,0.76,0.89,All Persons,IMD Q5,North East,All Routes,All Stages,All Ages,All Years
2.25,0.83,0.76,0.89,All Persons,IMD Q5,North East,All Routes,All Stages,All Ages,All Years
2.5,0.83,0.76,0.89,All Persons,IMD Q5,North East,All Routes,All Stages,All Ages,All Years
2.75,0.83,0.76,0.89,All Persons,IMD Q5,North East,All Routes,All Stages,All Ages,All Years
3,0.83,0.76,0.89,All Persons,IMD Q5,North East,All Routes,All Stages,All Ages,All Years
3.25,0.83,0.76,0.89,All Persons,IMD Q5,North East,All Routes,All Stages,All Ages,All Years
3.5,0.80,0.74,0.87,All Persons,IMD Q5,North East,All Routes,All Stages,All Ages,All Years
3.75,0.80,0.74,0.87,All Persons,IMD Q5,North East,All Routes,All Stages,All Ages,All Years
4,0.78,0.70,0.85,All Persons,IMD Q5,North East,All Routes,All Stages,All Ages,All Years
4.25,0.76,0.68,0.84,All Persons,IMD Q5,North East,All Routes,All Stages,All Ages,All Years
4.5,0.75,0.66,0.83,All Persons,IMD Q5,North East,All Routes,All Stages,All Ages,All Years
4.75,0.71,0.62,0.80,All Persons,IMD Q5,North East,All Routes,All Stages,All Ages,All Years
0,1.00,0.99,1.00,All Persons,IMD Q5,North West,All Routes,All Stages,All Ages,All Years
0.25,0.97,0.95,0.98,All Persons,IMD Q5,North West,All Routes,All Stages,All Ages,All Years
0.5,0.94,0.91,0.96,All Persons,IMD Q5,North West,All Routes,All Stages,All Ages,All Years
0.75,0.91,0.89,0.94,All Persons,IMD Q5,North West,All Routes,All Stages,All Ages,All Years
1,0.89,0.86,0.92,All Persons,IMD Q5,North West,All Routes,All Stages,All Ages,All Years
1.25,0.86,0.83,0.90,All Persons,IMD Q5,North West,All Routes,All Stages,All Ages,All Years
1.5,0.86,0.82,0.89,All Persons,IMD Q5,North West,All Routes,All Stages,All Ages,All Years
1.75,0.85,0.81,0.88,All Persons,IMD Q5,North West,All Routes,All Stages,All Ages,All Years
2,0.83,0.79,0.87,All Persons,IMD Q5,North West,All Routes,All Stages,All Ages,All Years
2.25,0.82,0.78,0.86,All Persons,IMD Q5,North West,All Routes,All Stages,All Ages,All Years
2.5,0.81,0.77,0.85,All Persons,IMD Q5,North West,All Routes,All Stages,All Ages,All Years
2.75,0.80,0.76,0.84,All Persons,IMD Q5,North West,All Routes,All Stages,All Ages,All Years
3,0.78,0.73,0.82,All Persons,IMD Q5,North West,All Routes,All Stages,All Ages,All Years
3.25,0.77,0.72,0.81,All Persons,IMD Q5,North West,All Routes,All Stages,All Ages,All Years
3.5,0.76,0.71,0.80,All Persons,IMD Q5,North West,All Routes,All Stages,All Ages,All Years
3.75,0.75,0.71,0.80,All Persons,IMD Q5,North West,All Routes,All Stages,All Ages,All Years
4,0.75,0.70,0.80,All Persons,IMD Q5,North West,All Routes,All Stages,All Ages,All Years
4.25,0.75,0.70,0.80,All Persons,IMD Q5,North West,All Routes,All Stages,All Ages,All Years
4.5,0.74,0.69,0.79,All Persons,IMD Q5,North West,All Routes,All Stages,All Ages,All Years
4.75,0.74,0.69,0.78,All Persons,IMD Q5,North West,All Routes,All Stages,All Ages,All Years
5,0.71,0.66,0.77,All Persons,IMD Q5,North West,All Routes,All Stages,All Ages,All Years
0,1.00,1.00,1.00,All Persons,IMD Q5,South East,All Routes,All Stages,All Ages,All Years
0.25,0.96,0.95,0.97,All Persons,IMD Q5,South East,All Routes,All Stages,All Ages,All Years
0.5,0.93,0.91,0.94,All Persons,IMD Q5,South East,All Routes,All Stages,All Ages,All Years
0.75,0.91,0.89,0.93,All Persons,IMD Q5,South East,All Routes,All Stages,All Ages,All Years
1,0.88,0.86,0.90,All Persons,IMD Q5,South East,All Routes,All Stages,All Ages,All Years
1.25,0.86,0.84,0.89,All Persons,IMD Q5,South East,All Routes,All Stages,All Ages,All Years
1.5,0.85,0.82,0.87,All Persons,IMD Q5,South East,All Routes,All Stages,All Ages,All Years
1.75,0.83,0.81,0.85,All Persons,IMD Q5,South East,All Routes,All Stages,All Ages,All Years
2,0.81,0.79,0.84,All Persons,IMD Q5,South East,All Routes,All Stages,All Ages,All Years
2.25,0.80,0.77,0.82,All Persons,IMD Q5,South East,All Routes,All Stages,All Ages,All Years
2.5,0.79,0.76,0.82,All Persons,IMD Q5,South East,All Routes,All Stages,All Ages,All Years
2.75,0.79,0.76,0.81,All Persons,IMD Q5,South East,All Routes,All Stages,All Ages,All Years
3,0.78,0.75,0.80,All Persons,IMD Q5,South East,All Routes,All Stages,All Ages,All Years
3.25,0.77,0.74,0.80,All Persons,IMD Q5,South East,All Routes,All Stages,All Ages,All Years
3.5,0.76,0.73,0.79,All Persons,IMD Q5,South East,All Routes,All Stages,All Ages,All Years
3.75,0.75,0.72,0.78,All Persons,IMD Q5,South East,All Routes,All Stages,All Ages,All Years
4,0.75,0.72,0.78,All Persons,IMD Q5,South East,All Routes,All Stages,All Ages,All Years
4.25,0.75,0.72,0.78,All Persons,IMD Q5,South East,All Routes,All Stages,All Ages,All Years
4.5,0.74,0.71,0.77,All Persons,IMD Q5,South East,All Routes,All Stages,All Ages,All Years
4.75,0.73,0.70,0.76,All Persons,IMD Q5,South East,All Routes,All Stages,All Ages,All Years
5,0.72,0.69,0.76,All Persons,IMD Q5,South East,All Routes,All Stages,All Ages,All Years
0,1.00,0.99,1.00,All Persons,IMD Q5,South West,All Routes,All Stages,All Ages,All Years
0.25,0.97,0.96,0.99,All Persons,IMD Q5,South West,All Routes,All Stages,All Ages,All Years
0.5,0.95,0.93,0.97,All Persons,IMD Q5,South West,All Routes,All Stages,All Ages,All Years
0.75,0.93,0.90,0.95,All Persons,IMD Q5,South West,All Routes,All Stages,All Ages,All Years
1,0.91,0.88,0.94,All Persons,IMD Q5,South West,All Routes,All Stages,All Ages,All Years
1.25,0.89,0.86,0.92,All Persons,IMD Q5,South West,All Routes,All Stages,All Ages,All Years
1.5,0.88,0.85,0.92,All Persons,IMD Q5,South West,All Routes,All Stages,All Ages,All Years
1.75,0.87,0.83,0.90,All Persons,IMD Q5,South West,All Routes,All Stages,All Ages,All Years
2,0.86,0.82,0.89,All Persons,IMD Q5,South West,All Routes,All Stages,All Ages,All Years
2.25,0.85,0.81,0.89,All Persons,IMD Q5,South West,All Routes,All Stages,All Ages,All Years
2.5,0.84,0.80,0.88,All Persons,IMD Q5,South West,All Routes,All Stages,All Ages,All Years
2.75,0.83,0.79,0.87,All Persons,IMD Q5,South West,All Routes,All Stages,All Ages,All Years
3,0.81,0.77,0.85,All Persons,IMD Q5,South West,All Routes,All Stages,All Ages,All Years
3.25,0.79,0.75,0.84,All Persons,IMD Q5,South West,All Routes,All Stages,All Ages,All Years
3.5,0.78,0.73,0.83,All Persons,IMD Q5,South West,All Routes,All Stages,All Ages,All Years
3.75,0.78,0.73,0.82,All Persons,IMD Q5,South West,All Routes,All Stages,All Ages,All Years
4,0.78,0.73,0.82,All Persons,IMD Q5,South West,All Routes,All Stages,All Ages,All Years
4.25,0.77,0.72,0.82,All Persons,IMD Q5,South West,All Routes,All Stages,All Ages,All Years
4.5,0.75,0.70,0.81,All Persons,IMD Q5,South West,All Routes,All Stages,All Ages,All Years
4.75,0.74,0.69,0.80,All Persons,IMD Q5,South West,All Routes,All Stages,All Ages,All Years
5,0.74,0.69,0.80,All Persons,IMD Q5,South West,All Routes,All Stages,All Ages,All Years
0,1.00,0.99,1.00,All Persons,IMD Q5,West Midlands,All Routes,All Stages,All Ages,All Years
0.25,0.95,0.93,0.98,All Persons,IMD Q5,West Midlands,All Routes,All Stages,All Ages,All Years
0.5,0.91,0.87,0.94,All Persons,IMD Q5,West Midlands,All Routes,All Stages,All Ages,All Years
0.75,0.90,0.86,0.94,All Persons,IMD Q5,West Midlands,All Routes,All Stages,All Ages,All Years
1,0.89,0.85,0.93,All Persons,IMD Q5,West Midlands,All Routes,All Stages,All Ages,All Years
1.25,0.86,0.82,0.90,All Persons,IMD Q5,West Midlands,All Routes,All Stages,All Ages,All Years
1.5,0.84,0.79,0.88,All Persons,IMD Q5,West Midlands,All Routes,All Stages,All Ages,All Years
1.75,0.83,0.78,0.88,All Persons,IMD Q5,West Midlands,All Routes,All Stages,All Ages,All Years
2,0.82,0.77,0.86,All Persons,IMD Q5,West Midlands,All Routes,All Stages,All Ages,All Years
2.25,0.80,0.75,0.85,All Persons,IMD Q5,West Midlands,All Routes,All Stages,All Ages,All Years
2.5,0.78,0.73,0.84,All Persons,IMD Q5,West Midlands,All Routes,All Stages,All Ages,All Years
2.75,0.77,0.72,0.83,All Persons,IMD Q5,West Midlands,All Routes,All Stages,All Ages,All Years
3,0.75,0.70,0.81,All Persons,IMD Q5,West Midlands,All Routes,All Stages,All Ages,All Years
3.25,0.75,0.69,0.80,All Persons,IMD Q5,West Midlands,All Routes,All Stages,All Ages,All Years
3.5,0.75,0.69,0.80,All Persons,IMD Q5,West Midlands,All Routes,All Stages,All Ages,All Years
3.75,0.74,0.68,0.80,All Persons,IMD Q5,West Midlands,All Routes,All Stages,All Ages,All Years
4,0.72,0.66,0.78,All Persons,IMD Q5,West Midlands,All Routes,All Stages,All Ages,All Years
4.25,0.71,0.65,0.78,All Persons,IMD Q5,West Midlands,All Routes,All Stages,All Ages,All Years
4.5,0.71,0.65,0.78,All Persons,IMD Q5,West Midlands,All Routes,All Stages,All Ages,All Years
4.75,0.71,0.65,0.78,All Persons,IMD Q5,West Midlands,All Routes,All Stages,All Ages,All Years
5,0.70,0.63,0.77,All Persons,IMD Q5,West Midlands,All Routes,All Stages,All Ages,All Years
0,1.00,0.99,1.00,All Persons,IMD Q5,Yorkshire and The Humber,All Routes,All Stages,All Ages,All Years
0.25,0.93,0.90,0.96,All Persons,IMD Q5,Yorkshire and The Humber,All Routes,All Stages,All Ages,All Years
0.5,0.92,0.88,0.95,All Persons,IMD Q5,Yorkshire and The Humber,All Routes,All Stages,All Ages,All Years
0.75,0.88,0.85,0.92,All Persons,IMD Q5,Yorkshire and The Humber,All Routes,All Stages,All Ages,All Years
1,0.85,0.81,0.89,All Persons,IMD Q5,Yorkshire and The Humber,All Routes,All Stages,All Ages,All Years
1.25,0.83,0.79,0.88,All Persons,IMD Q5,Yorkshire and The Humber,All Routes,All Stages,All Ages,All Years
1.5,0.82,0.77,0.86,All Persons,IMD Q5,Yorkshire and The Humber,All Routes,All Stages,All Ages,All Years
1.75,0.80,0.75,0.84,All Persons,IMD Q5,Yorkshire and The Humber,All Routes,All Stages,All Ages,All Years
2,0.77,0.72,0.82,All Persons,IMD Q5,Yorkshire and The Humber,All Routes,All Stages,All Ages,All Years
2.25,0.76,0.71,0.81,All Persons,IMD Q5,Yorkshire and The Humber,All Routes,All Stages,All Ages,All Years
2.5,0.74,0.69,0.79,All Persons,IMD Q5,Yorkshire and The Humber,All Routes,All Stages,All Ages,All Years
2.75,0.74,0.69,0.79,All Persons,IMD Q5,Yorkshire and The Humber,All Routes,All Stages,All Ages,All Years
3,0.74,0.69,0.79,All Persons,IMD Q5,Yorkshire and The Humber,All Routes,All Stages,All Ages,All Years
3.25,0.73,0.67,0.78,All Persons,IMD Q5,Yorkshire and The Humber,All Routes,All Stages,All Ages,All Years
3.5,0.72,0.67,0.78,All Persons,IMD Q5,Yorkshire and The Humber,All Routes,All Stages,All Ages,All Years
3.75,0.71,0.65,0.77,All Persons,IMD Q5,Yorkshire and The Humber,All Routes,All Stages,All Ages,All Years
4,0.70,0.64,0.76,All Persons,IMD Q5,Yorkshire and The Humber,All Routes,All Stages,All Ages,All Years
4.25,0.69,0.63,0.75,All Persons,IMD Q5,Yorkshire and The Humber,All Routes,All Stages,All Ages,All Years
4.5,0.69,0.63,0.75,All Persons,IMD Q5,Yorkshire and The Humber,All Routes,All Stages,All Ages,All Years
4.75,0.68,0.62,0.74,All Persons,IMD Q5,Yorkshire and The Humber,All Routes,All Stages,All Ages,All Years
5,0.67,0.60,0.74,All Persons,IMD Q5,Yorkshire and The Humber,All Routes,All Stages,All Ages,All Years
0,0.99,0.97,1.01,All Persons,IMD Q5,All Regions,Emergency,All Stages,All Ages,All Years
0.25,0.75,0.66,0.84,All Persons,IMD Q5,All Regions,Emergency,All Stages,All Ages,All Years
0.5,0.66,0.56,0.76,All Persons,IMD Q5,All Regions,Emergency,All Stages,All Ages,All Years
0.75,0.61,0.51,0.71,All Persons,IMD Q5,All Regions,Emergency,All Stages,All Ages,All Years
1,0.59,0.48,0.69,All Persons,IMD Q5,All Regions,Emergency,All Stages,All Ages,All Years
2,0.54,0.44,0.65,All Persons,IMD Q5,All Regions,Emergency,All Stages,All Ages,All Years
2.25,0.52,0.41,0.62,All Persons,IMD Q5,All Regions,Emergency,All Stages,All Ages,All Years
2.5,0.49,0.39,0.60,All Persons,IMD Q5,All Regions,Emergency,All Stages,All Ages,All Years
2.75,0.48,0.38,0.59,All Persons,IMD Q5,All Regions,Emergency,All Stages,All Ages,All Years
3,0.46,0.35,0.56,All Persons,IMD Q5,All Regions,Emergency,All Stages,All Ages,All Years
3.25,0.45,0.34,0.55,All Persons,IMD Q5,All Regions,Emergency,All Stages,All Ages,All Years
3.5,0.44,0.33,0.54,All Persons,IMD Q5,All Regions,Emergency,All Stages,All Ages,All Years
3.75,0.42,0.32,0.53,All Persons,IMD Q5,All Regions,Emergency,All Stages,All Ages,All Years
4,0.42,0.32,0.53,All Persons,IMD Q5,All Regions,Emergency,All Stages,All Ages,All Years
4.25,0.42,0.32,0.53,All Persons,IMD Q5,All Regions,Emergency,All Stages,All Ages,All Years
4.5,0.42,0.32,0.53,All Persons,IMD Q5,All Regions,Emergency,All Stages,All Ages,All Years
5,0.42,0.32,0.53,All Persons,IMD Q5,All Regions,Emergency,All Stages,All Ages,All Years
0,1.00,1.00,1.00,All Persons,IMD Q5,All Regions,Non-emergency,All Stages,All Ages,All Years
0.25,0.97,0.96,0.98,All Persons,IMD Q5,All Regions,Non-emergency,All Stages,All Ages,All Years
0.5,0.94,0.93,0.96,All Persons,IMD Q5,All Regions,Non-emergency,All Stages,All Ages,All Years
0.75,0.92,0.90,0.93,All Persons,IMD Q5,All Regions,Non-emergency,All Stages,All Ages,All Years
1,0.89,0.88,0.91,All Persons,IMD Q5,All Regions,Non-emergency,All Stages,All Ages,All Years
1.25,0.88,0.87,0.90,All Persons,IMD Q5,All Regions,Non-emergency,All Stages,All Ages,All Years
1.5,0.87,0.85,0.89,All Persons,IMD Q5,All Regions,Non-emergency,All Stages,All Ages,All Years
1.75,0.85,0.83,0.87,All Persons,IMD Q5,All Regions,Non-emergency,All Stages,All Ages,All Years
2,0.84,0.82,0.86,All Persons,IMD Q5,All Regions,Non-emergency,All Stages,All Ages,All Years
2.25,0.82,0.80,0.84,All Persons,IMD Q5,All Regions,Non-emergency,All Stages,All Ages,All Years
2.5,0.81,0.79,0.83,All Persons,IMD Q5,All Regions,Non-emergency,All Stages,All Ages,All Years
2.75,0.80,0.78,0.82,All Persons,IMD Q5,All Regions,Non-emergency,All Stages,All Ages,All Years
3,0.79,0.77,0.81,All Persons,IMD Q5,All Regions,Non-emergency,All Stages,All Ages,All Years
3.25,0.78,0.76,0.80,All Persons,IMD Q5,All Regions,Non-emergency,All Stages,All Ages,All Years
3.5,0.77,0.75,0.80,All Persons,IMD Q5,All Regions,Non-emergency,All Stages,All Ages,All Years
3.75,0.77,0.74,0.79,All Persons,IMD Q5,All Regions,Non-emergency,All Stages,All Ages,All Years
4,0.76,0.73,0.78,All Persons,IMD Q5,All Regions,Non-emergency,All Stages,All Ages,All Years
4.25,0.75,0.73,0.78,All Persons,IMD Q5,All Regions,Non-emergency,All Stages,All Ages,All Years
4.5,0.74,0.72,0.77,All Persons,IMD Q5,All Regions,Non-emergency,All Stages,All Ages,All Years
4.75,0.73,0.71,0.76,All Persons,IMD Q5,All Regions,Non-emergency,All Stages,All Ages,All Years
5,0.73,0.70,0.75,All Persons,IMD Q5,All Regions,Non-emergency,All Stages,All Ages,All Years
0,1.00,1.00,1.00,All Persons,IMD Q5,All Regions,All Routes,Early,All Ages,All Years
0.25,0.99,0.99,1.00,All Persons,IMD Q5,All Regions,All Routes,Early,All Ages,All Years
0.5,0.98,0.97,0.99,All Persons,IMD Q5,All Regions,All Routes,Early,All Ages,All Years
0.75,0.97,0.96,0.98,All Persons,IMD Q5,All Regions,All Routes,Early,All Ages,All Years
1,0.96,0.95,0.97,All Persons,IMD Q5,All Regions,All Routes,Early,All Ages,All Years
1.25,0.95,0.94,0.96,All Persons,IMD Q5,All Regions,All Routes,Early,All Ages,All Years
1.5,0.94,0.93,0.96,All Persons,IMD Q5,All Regions,All Routes,Early,All Ages,All Years
1.75,0.93,0.92,0.95,All Persons,IMD Q5,All Regions,All Routes,Early,All Ages,All Years
2,0.91,0.90,0.93,All Persons,IMD Q5,All Regions,All Routes,Early,All Ages,All Years
2.25,0.90,0.88,0.92,All Persons,IMD Q5,All Regions,All Routes,Early,All Ages,All Years
2.5,0.89,0.88,0.91,All Persons,IMD Q5,All Regions,All Routes,Early,All Ages,All Years
2.75,0.89,0.86,0.91,All Persons,IMD Q5,All Regions,All Routes,Early,All Ages,All Years
3,0.88,0.85,0.90,All Persons,IMD Q5,All Regions,All Routes,Early,All Ages,All Years
3.25,0.86,0.84,0.89,All Persons,IMD Q5,All Regions,All Routes,Early,All Ages,All Years
3.5,0.86,0.83,0.88,All Persons,IMD Q5,All Regions,All Routes,Early,All Ages,All Years
3.75,0.85,0.82,0.88,All Persons,IMD Q5,All Regions,All Routes,Early,All Ages,All Years
4,0.84,0.82,0.87,All Persons,IMD Q5,All Regions,All Routes,Early,All Ages,All Years
4.25,0.83,0.79,0.87,All Persons,IMD Q5,All Regions,All Routes,Early,All Ages,All Years
4.5,0.82,0.78,0.86,All Persons,IMD Q5,All Regions,All Routes,Early,All Ages,All Years
4.75,0.81,0.77,0.85,All Persons,IMD Q5,All Regions,All Routes,Early,All Ages,All Years
5,0.80,0.75,0.85,All Persons,IMD Q5,All Regions,All Routes,Early,All Ages,All Years
0,1.00,1.00,1.00,All Persons,IMD Q5,All Regions,All Routes,Advanced,All Ages,All Years
0.25,0.96,0.95,0.97,All Persons,IMD Q5,All Regions,All Routes,Advanced,All Ages,All Years
0.5,0.92,0.91,0.93,All Persons,IMD Q5,All Regions,All Routes,Advanced,All Ages,All Years
0.75,0.89,0.87,0.90,All Persons,IMD Q5,All Regions,All Routes,Advanced,All Ages,All Years
1,0.86,0.84,0.87,All Persons,IMD Q5,All Regions,All Routes,Advanced,All Ages,All Years
1.25,0.84,0.82,0.86,All Persons,IMD Q5,All Regions,All Routes,Advanced,All Ages,All Years
1.5,0.82,0.80,0.84,All Persons,IMD Q5,All Regions,All Routes,Advanced,All Ages,All Years
1.75,0.80,0.79,0.82,All Persons,IMD Q5,All Regions,All Routes,Advanced,All Ages,All Years
2,0.79,0.77,0.81,All Persons,IMD Q5,All Regions,All Routes,Advanced,All Ages,All Years
2.25,0.77,0.75,0.79,All Persons,IMD Q5,All Regions,All Routes,Advanced,All Ages,All Years
2.5,0.76,0.74,0.78,All Persons,IMD Q5,All Regions,All Routes,Advanced,All Ages,All Years
2.75,0.75,0.73,0.77,All Persons,IMD Q5,All Regions,All Routes,Advanced,All Ages,All Years
3,0.74,0.72,0.76,All Persons,IMD Q5,All Regions,All Routes,Advanced,All Ages,All Years
3.25,0.73,0.71,0.75,All Persons,IMD Q5,All Regions,All Routes,Advanced,All Ages,All Years
3.5,0.72,0.70,0.74,All Persons,IMD Q5,All Regions,All Routes,Advanced,All Ages,All Years
3.75,0.71,0.69,0.73,All Persons,IMD Q5,All Regions,All Routes,Advanced,All Ages,All Years
4,0.71,0.68,0.73,All Persons,IMD Q5,All Regions,All Routes,Advanced,All Ages,All Years
4.25,0.70,0.68,0.72,All Persons,IMD Q5,All Regions,All Routes,Advanced,All Ages,All Years
4.5,0.69,0.67,0.71,All Persons,IMD Q5,All Regions,All Routes,Advanced,All Ages,All Years
4.75,0.68,0.66,0.71,All Persons,IMD Q5,All Regions,All Routes,Advanced,All Ages,All Years
5,0.68,0.65,0.70,All Persons,IMD Q5,All Regions,All Routes,Advanced,All Ages,All Years
0.25,0.99,0.99,1.00,All Persons,IMD Q5,All Regions,All Routes,All Stages,0-49,All Years
0.5,0.99,0.97,1.00,All Persons,IMD Q5,All Regions,All Routes,All Stages,0-49,All Years
0.75,0.98,0.97,0.99,All Persons,IMD Q5,All Regions,All Routes,All Stages,0-49,All Years
1,0.97,0.95,0.99,All Persons,IMD Q5,All Regions,All Routes,All Stages,0-49,All Years
1.25,0.96,0.94,0.98,All Persons,IMD Q5,All Regions,All Routes,All Stages,0-49,All Years
1.5,0.96,0.94,0.98,All Persons,IMD Q5,All Regions,All Routes,All Stages,0-49,All Years
1.75,0.94,0.91,0.96,All Persons,IMD Q5,All Regions,All Routes,All Stages,0-49,All Years
2,0.92,0.89,0.95,All Persons,IMD Q5,All Regions,All Routes,All Stages,0-49,All Years
2.25,0.91,0.88,0.94,All Persons,IMD Q5,All Regions,All Routes,All Stages,0-49,All Years
2.5,0.91,0.88,0.94,All Persons,IMD Q5,All Regions,All Routes,All Stages,0-49,All Years
2.75,0.91,0.88,0.94,All Persons,IMD Q5,All Regions,All Routes,All Stages,0-49,All Years
3,0.90,0.87,0.93,All Persons,IMD Q5,All Regions,All Routes,All Stages,0-49,All Years
3.25,0.89,0.86,0.93,All Persons,IMD Q5,All Regions,All Routes,All Stages,0-49,All Years
3.5,0.89,0.86,0.93,All Persons,IMD Q5,All Regions,All Routes,All Stages,0-49,All Years
3.75,0.89,0.86,0.93,All Persons,IMD Q5,All Regions,All Routes,All Stages,0-49,All Years
4,0.89,0.85,0.92,All Persons,IMD Q5,All Regions,All Routes,All Stages,0-49,All Years
4.25,0.89,0.85,0.92,All Persons,IMD Q5,All Regions,All Routes,All Stages,0-49,All Years
4.5,0.89,0.85,0.92,All Persons,IMD Q5,All Regions,All Routes,All Stages,0-49,All Years
4.75,0.89,0.85,0.92,All Persons,IMD Q5,All Regions,All Routes,All Stages,0-49,All Years
5,0.89,0.85,0.92,All Persons,IMD Q5,All Regions,All Routes,All Stages,0-49,All Years
0.25,1.00,0.99,1.00,All Persons,IMD Q5,All Regions,All Routes,All Stages,50-54,All Years
0.5,0.99,0.98,1.00,All Persons,IMD Q5,All Regions,All Routes,All Stages,50-54,All Years
0.75,0.97,0.96,0.99,All Persons,IMD Q5,All Regions,All Routes,All Stages,50-54,All Years
1,0.96,0.94,0.98,All Persons,IMD Q5,All Regions,All Routes,All Stages,50-54,All Years
1.25,0.95,0.93,0.97,All Persons,IMD Q5,All Regions,All Routes,All Stages,50-54,All Years
1.5,0.94,0.92,0.96,All Persons,IMD Q5,All Regions,All Routes,All Stages,50-54,All Years
1.75,0.93,0.91,0.95,All Persons,IMD Q5,All Regions,All Routes,All Stages,50-54,All Years
2,0.92,0.89,0.94,All Persons,IMD Q5,All Regions,All Routes,All Stages,50-54,All Years
2.25,0.92,0.89,0.94,All Persons,IMD Q5,All Regions,All Routes,All Stages,50-54,All Years
2.5,0.91,0.88,0.93,All Persons,IMD Q5,All Regions,All Routes,All Stages,50-54,All Years
2.75,0.91,0.88,0.93,All Persons,IMD Q5,All Regions,All Routes,All Stages,50-54,All Years
3,0.90,0.87,0.93,All Persons,IMD Q5,All Regions,All Routes,All Stages,50-54,All Years
3.25,0.89,0.86,0.92,All Persons,IMD Q5,All Regions,All Routes,All Stages,50-54,All Years
3.5,0.89,0.86,0.92,All Persons,IMD Q5,All Regions,All Routes,All Stages,50-54,All Years
3.75,0.89,0.86,0.92,All Persons,IMD Q5,All Regions,All Routes,All Stages,50-54,All Years
4,0.88,0.85,0.91,All Persons,IMD Q5,All Regions,All Routes,All Stages,50-54,All Years
4.25,0.88,0.85,0.91,All Persons,IMD Q5,All Regions,All Routes,All Stages,50-54,All Years
4.5,0.87,0.84,0.90,All Persons,IMD Q5,All Regions,All Routes,All Stages,50-54,All Years
4.75,0.86,0.82,0.89,All Persons,IMD Q5,All Regions,All Routes,All Stages,50-54,All Years
5,0.84,0.80,0.88,All Persons,IMD Q5,All Regions,All Routes,All Stages,50-54,All Years
0,1.00,1.00,1.00,All Persons,IMD Q5,All Regions,All Routes,All Stages,55-59,All Years
0.25,0.98,0.98,0.99,All Persons,IMD Q5,All Regions,All Routes,All Stages,55-59,All Years
0.5,0.97,0.96,0.98,All Persons,IMD Q5,All Regions,All Routes,All Stages,55-59,All Years
0.75,0.95,0.94,0.97,All Persons,IMD Q5,All Regions,All Routes,All Stages,55-59,All Years
1,0.94,0.92,0.96,All Persons,IMD Q5,All Regions,All Routes,All Stages,55-59,All Years
1.25,0.93,0.91,0.95,All Persons,IMD Q5,All Regions,All Routes,All Stages,55-59,All Years
1.5,0.93,0.91,0.95,All Persons,IMD Q5,All Regions,All Routes,All Stages,55-59,All Years
1.75,0.92,0.89,0.94,All Persons,IMD Q5,All Regions,All Routes,All Stages,55-59,All Years
2,0.90,0.88,0.93,All Persons,IMD Q5,All Regions,All Routes,All Stages,55-59,All Years
2.25,0.90,0.87,0.92,All Persons,IMD Q5,All Regions,All Routes,All Stages,55-59,All Years
2.5,0.89,0.87,0.92,All Persons,IMD Q5,All Regions,All Routes,All Stages,55-59,All Years
2.75,0.89,0.87,0.92,All Persons,IMD Q5,All Regions,All Routes,All Stages,55-59,All Years
3,0.87,0.85,0.90,All Persons,IMD Q5,All Regions,All Routes,All Stages,55-59,All Years
3.25,0.87,0.84,0.90,All Persons,IMD Q5,All Regions,All Routes,All Stages,55-59,All Years
3.5,0.87,0.84,0.89,All Persons,IMD Q5,All Regions,All Routes,All Stages,55-59,All Years
3.75,0.86,0.83,0.89,All Persons,IMD Q5,All Regions,All Routes,All Stages,55-59,All Years
4,0.86,0.83,0.89,All Persons,IMD Q5,All Regions,All Routes,All Stages,55-59,All Years
4.25,0.85,0.81,0.88,All Persons,IMD Q5,All Regions,All Routes,All Stages,55-59,All Years
4.5,0.83,0.80,0.87,All Persons,IMD Q5,All Regions,All Routes,All Stages,55-59,All Years
4.75,0.83,0.79,0.86,All Persons,IMD Q5,All Regions,All Routes,All Stages,55-59,All Years
5,0.82,0.78,0.86,All Persons,IMD Q5,All Regions,All Routes,All Stages,55-59,All Years
0,1.00,1.00,1.00,All Persons,IMD Q5,All Regions,All Routes,All Stages,60-64,All Years
0.25,0.98,0.97,0.99,All Persons,IMD Q5,All Regions,All Routes,All Stages,60-64,All Years
0.5,0.96,0.94,0.97,All Persons,IMD Q5,All Regions,All Routes,All Stages,60-64,All Years
0.75,0.94,0.92,0.96,All Persons,IMD Q5,All Regions,All Routes,All Stages,60-64,All Years
1,0.92,0.90,0.94,All Persons,IMD Q5,All Regions,All Routes,All Stages,60-64,All Years
1.25,0.91,0.89,0.93,All Persons,IMD Q5,All Regions,All Routes,All Stages,60-64,All Years
1.5,0.90,0.87,0.92,All Persons,IMD Q5,All Regions,All Routes,All Stages,60-64,All Years
1.75,0.88,0.85,0.90,All Persons,IMD Q5,All Regions,All Routes,All Stages,60-64,All Years
2,0.87,0.84,0.89,All Persons,IMD Q5,All Regions,All Routes,All Stages,60-64,All Years
2.25,0.86,0.83,0.88,All Persons,IMD Q5,All Regions,All Routes,All Stages,60-64,All Years
2.5,0.84,0.81,0.87,All Persons,IMD Q5,All Regions,All Routes,All Stages,60-64,All Years
2.75,0.83,0.80,0.86,All Persons,IMD Q5,All Regions,All Routes,All Stages,60-64,All Years
3,0.83,0.80,0.86,All Persons,IMD Q5,All Regions,All Routes,All Stages,60-64,All Years
3.25,0.81,0.78,0.84,All Persons,IMD Q5,All Regions,All Routes,All Stages,60-64,All Years
3.5,0.80,0.77,0.84,All Persons,IMD Q5,All Regions,All Routes,All Stages,60-64,All Years
3.75,0.79,0.75,0.83,All Persons,IMD Q5,All Regions,All Routes,All Stages,60-64,All Years
4,0.79,0.75,0.83,All Persons,IMD Q5,All Regions,All Routes,All Stages,60-64,All Years
4.25,0.79,0.75,0.82,All Persons,IMD Q5,All Regions,All Routes,All Stages,60-64,All Years
4.5,0.78,0.74,0.82,All Persons,IMD Q5,All Regions,All Routes,All Stages,60-64,All Years
4.75,0.76,0.72,0.81,All Persons,IMD Q5,All Regions,All Routes,All Stages,60-64,All Years
5,0.75,0.70,0.79,All Persons,IMD Q5,All Regions,All Routes,All Stages,60-64,All Years
0,1.00,0.99,1.00,All Persons,IMD Q5,All Regions,All Routes,All Stages,65-69,All Years
0.25,0.95,0.94,0.97,All Persons,IMD Q5,All Regions,All Routes,All Stages,65-69,All Years
0.5,0.92,0.90,0.95,All Persons,IMD Q5,All Regions,All Routes,All Stages,65-69,All Years
0.75,0.90,0.87,0.92,All Persons,IMD Q5,All Regions,All Routes,All Stages,65-69,All Years
1,0.86,0.83,0.89,All Persons,IMD Q5,All Regions,All Routes,All Stages,65-69,All Years
1.25,0.84,0.81,0.87,All Persons,IMD Q5,All Regions,All Routes,All Stages,65-69,All Years
1.5,0.82,0.79,0.85,All Persons,IMD Q5,All Regions,All Routes,All Stages,65-69,All Years
1.75,0.81,0.78,0.84,All Persons,IMD Q5,All Regions,All Routes,All Stages,65-69,All Years
2,0.79,0.75,0.82,All Persons,IMD Q5,All Regions,All Routes,All Stages,65-69,All Years
2.25,0.76,0.73,0.80,All Persons,IMD Q5,All Regions,All Routes,All Stages,65-69,All Years
2.5,0.76,0.72,0.80,All Persons,IMD Q5,All Regions,All Routes,All Stages,65-69,All Years
2.75,0.76,0.72,0.80,All Persons,IMD Q5,All Regions,All Routes,All Stages,65-69,All Years
3,0.74,0.70,0.78,All Persons,IMD Q5,All Regions,All Routes,All Stages,65-69,All Years
3.25,0.74,0.70,0.78,All Persons,IMD Q5,All Regions,All Routes,All Stages,65-69,All Years
3.5,0.74,0.70,0.78,All Persons,IMD Q5,All Regions,All Routes,All Stages,65-69,All Years
3.75,0.72,0.67,0.76,All Persons,IMD Q5,All Regions,All Routes,All Stages,65-69,All Years
4,0.70,0.66,0.75,All Persons,IMD Q5,All Regions,All Routes,All Stages,65-69,All Years
4.25,0.70,0.65,0.74,All Persons,IMD Q5,All Regions,All Routes,All Stages,65-69,All Years
4.5,0.69,0.64,0.74,All Persons,IMD Q5,All Regions,All Routes,All Stages,65-69,All Years
4.75,0.68,0.63,0.73,All Persons,IMD Q5,All Regions,All Routes,All Stages,65-69,All Years
5,0.68,0.63,0.73,All Persons,IMD Q5,All Regions,All Routes,All Stages,65-69,All Years
0,1.00,0.99,1.00,All Persons,IMD Q5,All Regions,All Routes,All Stages,70-74,All Years
0.25,0.91,0.88,0.94,All Persons,IMD Q5,All Regions,All Routes,All Stages,70-74,All Years
0.5,0.87,0.84,0.90,All Persons,IMD Q5,All Regions,All Routes,All Stages,70-74,All Years
0.75,0.82,0.78,0.86,All Persons,IMD Q5,All Regions,All Routes,All Stages,70-74,All Years
1,0.78,0.74,0.82,All Persons,IMD Q5,All Regions,All Routes,All Stages,70-74,All Years
1.25,0.77,0.73,0.81,All Persons,IMD Q5,All Regions,All Routes,All Stages,70-74,All Years
1.5,0.75,0.71,0.79,All Persons,IMD Q5,All Regions,All Routes,All Stages,70-74,All Years
1.75,0.74,0.69,0.78,All Persons,IMD Q5,All Regions,All Routes,All Stages,70-74,All Years
2,0.72,0.68,0.77,All Persons,IMD Q5,All Regions,All Routes,All Stages,70-74,All Years
2.25,0.71,0.67,0.76,All Persons,IMD Q5,All Regions,All Routes,All Stages,70-74,All Years
2.5,0.67,0.62,0.72,All Persons,IMD Q5,All Regions,All Routes,All Stages,70-74,All Years
2.75,0.64,0.59,0.69,All Persons,IMD Q5,All Regions,All Routes,All Stages,70-74,All Years
3,0.63,0.57,0.68,All Persons,IMD Q5,All Regions,All Routes,All Stages,70-74,All Years
3.25,0.61,0.55,0.66,All Persons,IMD Q5,All Regions,All Routes,All Stages,70-74,All Years
3.5,0.60,0.54,0.66,All Persons,IMD Q5,All Regions,All Routes,All Stages,70-74,All Years
3.75,0.59,0.54,0.65,All Persons,IMD Q5,All Regions,All Routes,All Stages,70-74,All Years
4,0.57,0.52,0.63,All Persons,IMD Q5,All Regions,All Routes,All Stages,70-74,All Years
4.25,0.56,0.50,0.62,All Persons,IMD Q5,All Regions,All Routes,All Stages,70-74,All Years
4.5,0.54,0.47,0.60,All Persons,IMD Q5,All Regions,All Routes,All Stages,70-74,All Years
4.75,0.54,0.47,0.60,All Persons,IMD Q5,All Regions,All Routes,All Stages,70-74,All Years
5,0.54,0.47,0.60,All Persons,IMD Q5,All Regions,All Routes,All Stages,70-74,All Years
0,1.00,0.99,1.00,All Persons,IMD Q5,All Regions,All Routes,All Stages,75-79,All Years
0.25,0.92,0.88,0.95,All Persons,IMD Q5,All Regions,All Routes,All Stages,75-79,All Years
0.5,0.85,0.80,0.89,All Persons,IMD Q5,All Regions,All Routes,All Stages,75-79,All Years
0.75,0.81,0.76,0.86,All Persons,IMD Q5,All Regions,All Routes,All Stages,75-79,All Years
1,0.76,0.70,0.81,All Persons,IMD Q5,All Regions,All Routes,All Stages,75-79,All Years
1.25,0.71,0.66,0.77,All Persons,IMD Q5,All Regions,All Routes,All Stages,75-79,All Years
1.5,0.68,0.62,0.74,All Persons,IMD Q5,All Regions,All Routes,All Stages,75-79,All Years
1.75,0.66,0.60,0.72,All Persons,IMD Q5,All Regions,All Routes,All Stages,75-79,All Years
2,0.63,0.57,0.69,All Persons,IMD Q5,All Regions,All Routes,All Stages,75-79,All Years
2.25,0.59,0.52,0.65,All Persons,IMD Q5,All Regions,All Routes,All Stages,75-79,All Years
2.5,0.58,0.51,0.64,All Persons,IMD Q5,All Regions,All Routes,All Stages,75-79,All Years
2.75,0.56,0.49,0.62,All Persons,IMD Q5,All Regions,All Routes,All Stages,75-79,All Years
3,0.52,0.45,0.59,All Persons,IMD Q5,All Regions,All Routes,All Stages,75-79,All Years
3.25,0.52,0.45,0.59,All Persons,IMD Q5,All Regions,All Routes,All Stages,75-79,All Years
3.5,0.47,0.40,0.54,All Persons,IMD Q5,All Regions,All Routes,All Stages,75-79,All Years
3.75,0.47,0.40,0.54,All Persons,IMD Q5,All Regions,All Routes,All Stages,75-79,All Years
4,0.46,0.39,0.54,All Persons,IMD Q5,All Regions,All Routes,All Stages,75-79,All Years
4.25,0.46,0.39,0.54,All Persons,IMD Q5,All Regions,All Routes,All Stages,75-79,All Years
4.5,0.45,0.38,0.53,All Persons,IMD Q5,All Regions,All Routes,All Stages,75-79,All Years
4.75,0.44,0.37,0.52,All Persons,IMD Q5,All Regions,All Routes,All Stages,75-79,All Years
5,0.44,0.37,0.52,All Persons,IMD Q5,All Regions,All Routes,All Stages,75-79,All Years
0,0.99,0.97,1.01,All Persons,IMD Q5,All Regions,All Routes,All Stages,80-84,All Years
0.25,0.88,0.81,0.94,All Persons,IMD Q5,All Regions,All Routes,All Stages,80-84,All Years
0.5,0.78,0.69,0.86,All Persons,IMD Q5,All Regions,All Routes,All Stages,80-84,All Years
0.75,0.72,0.64,0.81,All Persons,IMD Q5,All Regions,All Routes,All Stages,80-84,All Years
1,0.68,0.59,0.78,All Persons,IMD Q5,All Regions,All Routes,All Stages,80-84,All Years
1.25,0.64,0.55,0.74,All Persons,IMD Q5,All Regions,All Routes,All Stages,80-84,All Years
1.5,0.58,0.48,0.68,All Persons,IMD Q5,All Regions,All Routes,All Stages,80-84,All Years
1.75,0.55,0.45,0.65,All Persons,IMD Q5,All Regions,All Routes,All Stages,80-84,All Years
2,0.50,0.39,0.60,All Persons,IMD Q5,All Regions,All Routes,All Stages,80-84,All Years
2.25,0.48,0.38,0.59,All Persons,IMD Q5,All Regions,All Routes,All Stages,80-84,All Years
2.5,0.48,0.38,0.59,All Persons,IMD Q5,All Regions,All Routes,All Stages,80-84,All Years
2.75,0.47,0.36,0.57,All Persons,IMD Q5,All Regions,All Routes,All Stages,80-84,All Years
3,0.47,0.36,0.57,All Persons,IMD Q5,All Regions,All Routes,All Stages,80-84,All Years
3.25,0.45,0.34,0.55,All Persons,IMD Q5,All Regions,All Routes,All Stages,80-84,All Years
3.5,0.43,0.32,0.53,All Persons,IMD Q5,All Regions,All Routes,All Stages,80-84,All Years
3.75,0.40,0.29,0.51,All Persons,IMD Q5,All Regions,All Routes,All Stages,80-84,All Years
4.25,0.34,0.21,0.46,All Persons,IMD Q5,All Regions,All Routes,All Stages,80-84,All Years
4.5,0.34,0.21,0.46,All Persons,IMD Q5,All Regions,All Routes,All Stages,80-84,All Years
0,0.98,0.94,1.02,All Persons,IMD Q5,All Regions,All Routes,All Stages,85-89,All Years
0.25,0.85,0.75,0.94,All Persons,IMD Q5,All Regions,All Routes,All Stages,85-89,All Years
0.5,0.69,0.57,0.82,All Persons,IMD Q5,All Regions,All Routes,All Stages,85-89,All Years
0.75,0.60,0.46,0.73,All Persons,IMD Q5,All Regions,All Routes,All Stages,85-89,All Years
1,0.54,0.41,0.67,All Persons,IMD Q5,All Regions,All Routes,All Stages,85-89,All Years
1.25,0.50,0.36,0.63,All Persons,IMD Q5,All Regions,All Routes,All Stages,85-89,All Years
1.5,0.39,0.26,0.53,All Persons,IMD Q5,All Regions,All Routes,All Stages,85-89,All Years
1.75,0.37,0.24,0.50,All Persons,IMD Q5,All Regions,All Routes,All Stages,85-89,All Years
2,0.34,0.21,0.48,All Persons,IMD Q5,All Regions,All Routes,All Stages,85-89,All Years
2.25,0.32,0.19,0.45,All Persons,IMD Q5,All Regions,All Routes,All Stages,85-89,All Years
2.5,0.27,0.14,0.39,All Persons,IMD Q5,All Regions,All Routes,All Stages,85-89,All Years
2.75,0.21,0.09,0.33,All Persons,IMD Q5,All Regions,All Routes,All Stages,85-89,All Years
3.5,0.21,0.09,0.33,All Persons,IMD Q5,All Regions,All Routes,All Stages,85-89,All Years
3.75,0.21,0.09,0.33,All Persons,IMD Q5,All Regions,All Routes,All Stages,85-89,All Years
4.25,0.21,0.09,0.33,All Persons,IMD Q5,All Regions,All Routes,All Stages,85-89,All Years
4.5,0.17,0.05,0.29,All Persons,IMD Q5,All Regions,All Routes,All Stages,85-89,All Years
0,0.95,0.85,1.05,All Persons,IMD Q5,All Regions,All Routes,All Stages,90+,All Years
0.25,0.53,0.31,0.74,All Persons,IMD Q5,All Regions,All Routes,All Stages,90+,All Years
0.75,0.21,0.04,0.38,All Persons,IMD Q5,All Regions,All Routes,All Stages,90+,All Years
1,0.05,-0.03,0.13,All Persons,IMD Q5,All Regions,All Routes,All Stages,90+,All Years
2,0.00,0.00,0.00,All Persons,IMD Q5,All Regions,All Routes,All Stages,90+,All Years
0,1.00,0.99,1.00,All Persons,IMD Q5,All Regions,All Routes,All Stages,All Ages,2016
0.25,0.96,0.94,0.97,All Persons,IMD Q5,All Regions,All Routes,All Stages,All Ages,2016
0.5,0.92,0.89,0.94,All Persons,IMD Q5,All Regions,All Routes,All Stages,All Ages,2016
0.75,0.90,0.87,0.92,All Persons,IMD Q5,All Regions,All Routes,All Stages,All Ages,2016
1,0.88,0.85,0.90,All Persons,IMD Q5,All Regions,All Routes,All Stages,All Ages,2016
1.25,0.87,0.84,0.90,All Persons,IMD Q5,All Regions,All Routes,All Stages,All Ages,2016
1.5,0.86,0.83,0.89,All Persons,IMD Q5,All Regions,All Routes,All Stages,All Ages,2016
1.75,0.84,0.80,0.87,All Persons,IMD Q5,All Regions,All Routes,All Stages,All Ages,2016
2,0.82,0.79,0.86,All Persons,IMD Q5,All Regions,All Routes,All Stages,All Ages,2016
2.25,0.81,0.78,0.85,All Persons,IMD Q5,All Regions,All Routes,All Stages,All Ages,2016
2.5,0.79,0.76,0.83,All Persons,IMD Q5,All Regions,All Routes,All Stages,All Ages,2016
2.75,0.78,0.75,0.82,All Persons,IMD Q5,All Regions,All Routes,All Stages,All Ages,2016
3,0.77,0.73,0.81,All Persons,IMD Q5,All Regions,All Routes,All Stages,All Ages,2016
3.25,0.76,0.72,0.80,All Persons,IMD Q5,All Regions,All Routes,All Stages,All Ages,2016
3.5,0.76,0.72,0.79,All Persons,IMD Q5,All Regions,All Routes,All Stages,All Ages,2016
3.75,0.75,0.72,0.79,All Persons,IMD Q5,All Regions,All Routes,All Stages,All Ages,2016
4,0.74,0.70,0.78,All Persons,IMD Q5,All Regions,All Routes,All Stages,All Ages,2016
4.25,0.74,0.70,0.77,All Persons,IMD Q5,All Regions,All Routes,All Stages,All Ages,2016
4.5,0.73,0.69,0.77,All Persons,IMD Q5,All Regions,All Routes,All Stages,All Ages,2016
4.75,0.73,0.69,0.76,All Persons,IMD Q5,All Regions,All Routes,All Stages,All Ages,2016
5,0.72,0.68,0.76,All Persons,IMD Q5,All Regions,All Routes,All Stages,All Ages,2016
0,1.00,0.99,1.00,All Persons,IMD Q5,All Regions,All Routes,All Stages,All Ages,2017
0.25,0.96,0.94,0.97,All Persons,IMD Q5,All Regions,All Routes,All Stages,All Ages,2017
0.5,0.93,0.91,0.95,All Persons,IMD Q5,All Regions,All Routes,All Stages,All Ages,2017
0.75,0.90,0.88,0.93,All Persons,IMD Q5,All Regions,All Routes,All Stages,All Ages,2017
1,0.88,0.85,0.91,All Persons,IMD Q5,All Regions,All Routes,All Stages,All Ages,2017
1.25,0.86,0.83,0.90,All Persons,IMD Q5,All Regions,All Routes,All Stages,All Ages,2017
1.5,0.85,0.81,0.88,All Persons,IMD Q5,All Regions,All Routes,All Stages,All Ages,2017
1.75,0.83,0.80,0.87,All Persons,IMD Q5,All Regions,All Routes,All Stages,All Ages,2017
2,0.82,0.79,0.86,All Persons,IMD Q5,All Regions,All Routes,All Stages,All Ages,2017
2.25,0.81,0.77,0.84,All Persons,IMD Q5,All Regions,All Routes,All Stages,All Ages,2017
2.5,0.79,0.76,0.83,All Persons,IMD Q5,All Regions,All Routes,All Stages,All Ages,2017
2.75,0.79,0.75,0.82,All Persons,IMD Q5,All Regions,All Routes,All Stages,All Ages,2017
3,0.78,0.74,0.82,All Persons,IMD Q5,All Regions,All Routes,All Stages,All Ages,2017
3.25,0.77,0.73,0.81,All Persons,IMD Q5,All Regions,All Routes,All Stages,All Ages,2017
3.5,0.76,0.73,0.80,All Persons,IMD Q5,All Regions,All Routes,All Stages,All Ages,2017
3.75,0.75,0.71,0.79,All Persons,IMD Q5,All Regions,All Routes,All Stages,All Ages,2017
4,0.74,0.70,0.78,All Persons,IMD Q5,All Regions,All Routes,All Stages,All Ages,2017
4.25,0.73,0.69,0.77,All Persons,IMD Q5,All Regions,All Routes,All Stages,All Ages,2017
4.5,0.73,0.69,0.77,All Persons,IMD Q5,All Regions,All Routes,All Stages,All Ages,2017
4.75,0.72,0.68,0.76,All Persons,IMD Q5,All Regions,All Routes,All Stages,All Ages,2017
5,0.71,0.67,0.76,All Persons,IMD Q5,All Regions,All Routes,All Stages,All Ages,2017
0,1.00,0.99,1.00,All Persons,IMD Q5,All Regions,All Routes,All Stages,All Ages,2018
0.25,0.96,0.95,0.98,All Persons,IMD Q5,All Regions,All Routes,All Stages,All Ages,2018
0.5,0.94,0.92,0.96,All Persons,IMD Q5,All Regions,All Routes,All Stages,All Ages,2018
0.75,0.91,0.88,0.93,All Persons,IMD Q5,All Regions,All Routes,All Stages,All Ages,2018
1,0.88,0.86,0.91,All Persons,IMD Q5,All Regions,All Routes,All Stages,All Ages,2018
1.25,0.87,0.84,0.90,All Persons,IMD Q5,All Regions,All Routes,All Stages,All Ages,2018
1.5,0.86,0.83,0.89,All Persons,IMD Q5,All Regions,All Routes,All Stages,All Ages,2018
1.75,0.85,0.82,0.88,All Persons,IMD Q5,All Regions,All Routes,All Stages,All Ages,2018
2,0.83,0.80,0.86,All Persons,IMD Q5,All Regions,All Routes,All Stages,All Ages,2018
2.25,0.82,0.78,0.85,All Persons,IMD Q5,All Regions,All Routes,All Stages,All Ages,2018
2.5,0.81,0.77,0.84,All Persons,IMD Q5,All Regions,All Routes,All Stages,All Ages,2018
2.75,0.80,0.77,0.83,All Persons,IMD Q5,All Regions,All Routes,All Stages,All Ages,2018
3,0.78,0.75,0.82,All Persons,IMD Q5,All Regions,All Routes,All Stages,All Ages,2018
3.25,0.77,0.73,0.80,All Persons,IMD Q5,All Regions,All Routes,All Stages,All Ages,2018
3.5,0.76,0.73,0.80,All Persons,IMD Q5,All Regions,All Routes,All Stages,All Ages,2018
3.75,0.75,0.72,0.79,All Persons,IMD Q5,All Regions,All Routes,All Stages,All Ages,2018
4,0.75,0.71,0.79,All Persons,IMD Q5,All Regions,All Routes,All Stages,All Ages,2018
4.25,0.74,0.71,0.78,All Persons,IMD Q5,All Regions,All Routes,All Stages,All Ages,2018
4.5,0.73,0.69,0.77,All Persons,IMD Q5,All Regions,All Routes,All Stages,All Ages,2018
4.75,0.70,0.66,0.75,All Persons,IMD Q5,All Regions,All Routes,All Stages,All Ages,2018
5,0.69,0.65,0.74,All Persons,IMD Q5,All Regions,All Routes,All Stages,All Ages,2018
0,1.00,1.00,1.00,All Persons,IMD Q5,All Regions,All Routes,All Stages,All Ages,2019
0.25,0.96,0.95,0.98,All Persons,IMD Q5,All Regions,All Routes,All Stages,All Ages,2019
0.5,0.94,0.92,0.96,All Persons,IMD Q5,All Regions,All Routes,All Stages,All Ages,2019
0.75,0.92,0.90,0.94,All Persons,IMD Q5,All Regions,All Routes,All Stages,All Ages,2019
1,0.89,0.87,0.92,All Persons,IMD Q5,All Regions,All Routes,All Stages,All Ages,2019
1.25,0.87,0.85,0.90,All Persons,IMD Q5,All Regions,All Routes,All Stages,All Ages,2019
1.5,0.86,0.83,0.89,All Persons,IMD Q5,All Regions,All Routes,All Stages,All Ages,2019
1.75,0.85,0.82,0.88,All Persons,IMD Q5,All Regions,All Routes,All Stages,All Ages,2019
2,0.83,0.80,0.86,All Persons,IMD Q5,All Regions,All Routes,All Stages,All Ages,2019
2.25,0.82,0.79,0.85,All Persons,IMD Q5,All Regions,All Routes,All Stages,All Ages,2019
2.5,0.81,0.78,0.84,All Persons,IMD Q5,All Regions,All Routes,All Stages,All Ages,2019
2.75,0.81,0.78,0.84,All Persons,IMD Q5,All Regions,All Routes,All Stages,All Ages,2019
3,0.80,0.77,0.83,All Persons,IMD Q5,All Regions,All Routes,All Stages,All Ages,2019
3.25,0.80,0.77,0.83,All Persons,IMD Q5,All Regions,All Routes,All Stages,All Ages,2019
3.5,0.79,0.76,0.82,All Persons,IMD Q5,All Regions,All Routes,All Stages,All Ages,2019
3.75,0.79,0.75,0.82,All Persons,IMD Q5,All Regions,All Routes,All Stages,All Ages,2019
4,0.79,0.75,0.82,All Persons,IMD Q5,All Regions,All Routes,All Stages,All Ages,2019
5,0.00,0.00,0.00,All Persons,IMD Q5,All Regions,All Routes,All Stages,All Ages,2019
0,1.00,0.99,1.00,All Persons,IMD Q5,All Regions,All Routes,All Stages,All Ages,2020
0.25,0.97,0.96,0.98,All Persons,IMD Q5,All Regions,All Routes,All Stages,All Ages,2020
0.5,0.94,0.92,0.96,All Persons,IMD Q5,All Regions,All Routes,All Stages,All Ages,2020
0.75,0.91,0.89,0.93,All Persons,IMD Q5,All Regions,All Routes,All Stages,All Ages,2020
1,0.88,0.85,0.90,All Persons,IMD Q5,All Regions,All Routes,All Stages,All Ages,2020
1.25,0.86,0.83,0.89,All Persons,IMD Q5,All Regions,All Routes,All Stages,All Ages,2020
1.5,0.84,0.81,0.87,All Persons,IMD Q5,All Regions,All Routes,All Stages,All Ages,2020
1.75,0.82,0.79,0.85,All Persons,IMD Q5,All Regions,All Routes,All Stages,All Ages,2020
2,0.80,0.77,0.83,All Persons,IMD Q5,All Regions,All Routes,All Stages,All Ages,2020
2.25,0.79,0.75,0.82,All Persons,IMD Q5,All Regions,All Routes,All Stages,All Ages,2020
2.5,0.78,0.74,0.81,All Persons,IMD Q5,All Regions,All Routes,All Stages,All Ages,2020
2.75,0.75,0.71,0.79,All Persons,IMD Q5,All Regions,All Routes,All Stages,All Ages,2020
3,0.74,0.70,0.79,All Persons,IMD Q5,All Regions,All Routes,All Stages,All Ages,2020
3.25,0.46,0.19,0.74,All Persons,IMD Q5,All Regions,All Routes,All Stages,All Ages,2020
4.5,0.15,-0.02,0.32,All Persons,IMD Q5,All Regions,All Routes,All Stages,All Ages,2020
0,1.00,1.00,1.00,All Persons,IMD Q5,All Regions,All Routes,All Stages,All Ages,2021
0.25,0.96,0.95,0.98,All Persons,IMD Q5,All Regions,All Routes,All Stages,All Ages,2021
0.5,0.93,0.91,0.95,All Persons,IMD Q5,All Regions,All Routes,All Stages,All Ages,2021
0.75,0.91,0.88,0.93,All Persons,IMD Q5,All Regions,All Routes,All Stages,All Ages,2021
1,0.88,0.86,0.91,All Persons,IMD Q5,All Regions,All Routes,All Stages,All Ages,2021
1.25,0.87,0.84,0.89,All Persons,IMD Q5,All Regions,All Routes,All Stages,All Ages,2021
1.5,0.85,0.82,0.88,All Persons,IMD Q5,All Regions,All Routes,All Stages,All Ages,2021
1.75,0.83,0.79,0.86,All Persons,IMD Q5,All Regions,All Routes,All Stages,All Ages,2021
2,0.81,0.76,0.86,All Persons,IMD Q5,All Regions,All Routes,All Stages,All Ages,2021
2.5,0.81,0.76,0.86,All Persons,IMD Q5,All Regions,All Routes,All Stages,All Ages,2021
0,0.97,0.92,1.02,All Persons,All IMD Quintiles,East Midlands,Emergency,All Stages,All Ages,All Years
0.25,0.74,0.60,0.87,All Persons,All IMD Quintiles,East Midlands,Emergency,All Stages,All Ages,All Years
0.5,0.55,0.40,0.71,All Persons,All IMD Quintiles,East Midlands,Emergency,All Stages,All Ages,All Years
0.75,0.50,0.34,0.66,All Persons,All IMD Quintiles,East Midlands,Emergency,All Stages,All Ages,All Years
1.25,0.45,0.29,0.60,All Persons,All IMD Quintiles,East Midlands,Emergency,All Stages,All Ages,All Years
1.75,0.42,0.27,0.57,All Persons,All IMD Quintiles,East Midlands,Emergency,All Stages,All Ages,All Years
2,0.39,0.24,0.55,All Persons,All IMD Quintiles,East Midlands,Emergency,All Stages,All Ages,All Years
2.25,0.37,0.22,0.52,All Persons,All IMD Quintiles,East Midlands,Emergency,All Stages,All Ages,All Years
3,0.34,0.20,0.49,All Persons,All IMD Quintiles,East Midlands,Emergency,All Stages,All Ages,All Years
4.25,0.34,0.20,0.49,All Persons,All IMD Quintiles,East Midlands,Emergency,All Stages,All Ages,All Years
4.5,0.34,0.20,0.49,All Persons,All IMD Quintiles,East Midlands,Emergency,All Stages,All Ages,All Years
0,1.00,1.00,1.00,All Persons,All IMD Quintiles,East Midlands,Non-emergency,All Stages,All Ages,All Years
0.25,0.96,0.95,0.98,All Persons,All IMD Quintiles,East Midlands,Non-emergency,All Stages,All Ages,All Years
0.5,0.92,0.90,0.94,All Persons,All IMD Quintiles,East Midlands,Non-emergency,All Stages,All Ages,All Years
0.75,0.88,0.86,0.91,All Persons,All IMD Quintiles,East Midlands,Non-emergency,All Stages,All Ages,All Years
1,0.86,0.83,0.88,All Persons,All IMD Quintiles,East Midlands,Non-emergency,All Stages,All Ages,All Years
1.25,0.84,0.82,0.87,All Persons,All IMD Quintiles,East Midlands,Non-emergency,All Stages,All Ages,All Years
1.5,0.83,0.80,0.86,All Persons,All IMD Quintiles,East Midlands,Non-emergency,All Stages,All Ages,All Years
1.75,0.81,0.78,0.84,All Persons,All IMD Quintiles,East Midlands,Non-emergency,All Stages,All Ages,All Years
2,0.80,0.77,0.83,All Persons,All IMD Quintiles,East Midlands,Non-emergency,All Stages,All Ages,All Years
2.25,0.79,0.75,0.82,All Persons,All IMD Quintiles,East Midlands,Non-emergency,All Stages,All Ages,All Years
2.5,0.76,0.73,0.80,All Persons,All IMD Quintiles,East Midlands,Non-emergency,All Stages,All Ages,All Years
2.75,0.75,0.72,0.78,All Persons,All IMD Quintiles,East Midlands,Non-emergency,All Stages,All Ages,All Years
3,0.73,0.70,0.77,All Persons,All IMD Quintiles,East Midlands,Non-emergency,All Stages,All Ages,All Years
3.25,0.72,0.69,0.75,All Persons,All IMD Quintiles,East Midlands,Non-emergency,All Stages,All Ages,All Years
3.5,0.71,0.68,0.74,All Persons,All IMD Quintiles,East Midlands,Non-emergency,All Stages,All Ages,All Years
3.75,0.70,0.67,0.74,All Persons,All IMD Quintiles,East Midlands,Non-emergency,All Stages,All Ages,All Years
4,0.69,0.65,0.72,All Persons,All IMD Quintiles,East Midlands,Non-emergency,All Stages,All Ages,All Years
4.25,0.68,0.65,0.72,All Persons,All IMD Quintiles,East Midlands,Non-emergency,All Stages,All Ages,All Years
4.5,0.67,0.64,0.71,All Persons,All IMD Quintiles,East Midlands,Non-emergency,All Stages,All Ages,All Years
4.75,0.67,0.63,0.70,All Persons,All IMD Quintiles,East Midlands,Non-emergency,All Stages,All Ages,All Years
5,0.66,0.63,0.70,All Persons,All IMD Quintiles,East Midlands,Non-emergency,All Stages,All Ages,All Years
0,1.00,0.99,1.00,All Persons,All IMD Quintiles,East Midlands,All Routes,Early,All Ages,All Years
0.25,0.99,0.98,1.00,All Persons,All IMD Quintiles,East Midlands,All Routes,Early,All Ages,All Years
0.5,0.98,0.97,0.99,All Persons,All IMD Quintiles,East Midlands,All Routes,Early,All Ages,All Years
0.75,0.98,0.96,0.99,All Persons,All IMD Quintiles,East Midlands,All Routes,Early,All Ages,All Years
1,0.97,0.95,0.98,All Persons,All IMD Quintiles,East Midlands,All Routes,Early,All Ages,All Years
1.25,0.96,0.94,0.98,All Persons,All IMD Quintiles,East Midlands,All Routes,Early,All Ages,All Years
1.5,0.96,0.94,0.98,All Persons,All IMD Quintiles,East Midlands,All Routes,Early,All Ages,All Years
1.75,0.95,0.93,0.97,All Persons,All IMD Quintiles,East Midlands,All Routes,Early,All Ages,All Years
2,0.95,0.93,0.97,All Persons,All IMD Quintiles,East Midlands,All Routes,Early,All Ages,All Years
2.25,0.93,0.90,0.95,All Persons,All IMD Quintiles,East Midlands,All Routes,Early,All Ages,All Years
2.5,0.91,0.89,0.94,All Persons,All IMD Quintiles,East Midlands,All Routes,Early,All Ages,All Years
2.75,0.91,0.88,0.94,All Persons,All IMD Quintiles,East Midlands,All Routes,Early,All Ages,All Years
3,0.90,0.87,0.93,All Persons,All IMD Quintiles,East Midlands,All Routes,Early,All Ages,All Years
3.25,0.88,0.84,0.92,All Persons,All IMD Quintiles,East Midlands,All Routes,Early,All Ages,All Years
3.5,0.88,0.84,0.92,All Persons,All IMD Quintiles,East Midlands,All Routes,Early,All Ages,All Years
3.75,0.87,0.83,0.91,All Persons,All IMD Quintiles,East Midlands,All Routes,Early,All Ages,All Years
4,0.86,0.81,0.91,All Persons,All IMD Quintiles,East Midlands,All Routes,Early,All Ages,All Years
4.25,0.86,0.81,0.91,All Persons,All IMD Quintiles,East Midlands,All Routes,Early,All Ages,All Years
4.5,0.86,0.81,0.91,All Persons,All IMD Quintiles,East Midlands,All Routes,Early,All Ages,All Years
4.75,0.84,0.79,0.90,All Persons,All IMD Quintiles,East Midlands,All Routes,Early,All Ages,All Years
5,0.82,0.76,0.89,All Persons,All IMD Quintiles,East Midlands,All Routes,Early,All Ages,All Years
0,1.00,1.00,1.00,All Persons,All IMD Quintiles,East Midlands,All Routes,Advanced,All Ages,All Years
0.25,0.94,0.92,0.95,All Persons,All IMD Quintiles,East Midlands,All Routes,Advanced,All Ages,All Years
0.5,0.87,0.85,0.89,All Persons,All IMD Quintiles,East Midlands,All Routes,Advanced,All Ages,All Years
0.75,0.82,0.80,0.84,All Persons,All IMD Quintiles,East Midlands,All Routes,Advanced,All Ages,All Years
1,0.77,0.75,0.80,All Persons,All IMD Quintiles,East Midlands,All Routes,Advanced,All Ages,All Years
1.25,0.76,0.74,0.79,All Persons,All IMD Quintiles,East Midlands,All Routes,Advanced,All Ages,All Years
1.5,0.75,0.72,0.77,All Persons,All IMD Quintiles,East Midlands,All Routes,Advanced,All Ages,All Years
1.75,0.73,0.70,0.76,All Persons,All IMD Quintiles,East Midlands,All Routes,Advanced,All Ages,All Years
2,0.71,0.68,0.74,All Persons,All IMD Quintiles,East Midlands,All Routes,Advanced,All Ages,All Years
2.25,0.70,0.67,0.73,All Persons,All IMD Quintiles,East Midlands,All Routes,Advanced,All Ages,All Years
2.5,0.68,0.65,0.71,All Persons,All IMD Quintiles,East Midlands,All Routes,Advanced,All Ages,All Years
2.75,0.66,0.63,0.69,All Persons,All IMD Quintiles,East Midlands,All Routes,Advanced,All Ages,All Years
3,0.65,0.62,0.68,All Persons,All IMD Quintiles,East Midlands,All Routes,Advanced,All Ages,All Years
3.25,0.64,0.61,0.67,All Persons,All IMD Quintiles,East Midlands,All Routes,Advanced,All Ages,All Years
3.5,0.63,0.60,0.66,All Persons,All IMD Quintiles,East Midlands,All Routes,Advanced,All Ages,All Years
3.75,0.62,0.59,0.65,All Persons,All IMD Quintiles,East Midlands,All Routes,Advanced,All Ages,All Years
4,0.61,0.58,0.64,All Persons,All IMD Quintiles,East Midlands,All Routes,Advanced,All Ages,All Years
4.25,0.60,0.57,0.63,All Persons,All IMD Quintiles,East Midlands,All Routes,Advanced,All Ages,All Years
4.5,0.59,0.56,0.62,All Persons,All IMD Quintiles,East Midlands,All Routes,Advanced,All Ages,All Years
4.75,0.59,0.56,0.62,All Persons,All IMD Quintiles,East Midlands,All Routes,Advanced,All Ages,All Years
5,0.59,0.55,0.62,All Persons,All IMD Quintiles,East Midlands,All Routes,Advanced,All Ages,All Years
0,1.00,0.99,1.00,All Persons,All IMD Quintiles,East Midlands,All Routes,All Stages,0-49,All Years
0.25,0.99,0.97,1.00,All Persons,All IMD Quintiles,East Midlands,All Routes,All Stages,0-49,All Years
0.5,0.95,0.92,0.98,All Persons,All IMD Quintiles,East Midlands,All Routes,All Stages,0-49,All Years
0.75,0.94,0.91,0.97,All Persons,All IMD Quintiles,East Midlands,All Routes,All Stages,0-49,All Years
1,0.92,0.88,0.95,All Persons,All IMD Quintiles,East Midlands,All Routes,All Stages,0-49,All Years
1.25,0.91,0.87,0.95,All Persons,All IMD Quintiles,East Midlands,All Routes,All Stages,0-49,All Years
1.5,0.91,0.87,0.94,All Persons,All IMD Quintiles,East Midlands,All Routes,All Stages,0-49,All Years
1.75,0.90,0.85,0.94,All Persons,All IMD Quintiles,East Midlands,All Routes,All Stages,0-49,All Years
2,0.89,0.85,0.93,All Persons,All IMD Quintiles,East Midlands,All Routes,All Stages,0-49,All Years
2.25,0.88,0.84,0.93,All Persons,All IMD Quintiles,East Midlands,All Routes,All Stages,0-49,All Years
2.5,0.87,0.83,0.92,All Persons,All IMD Quintiles,East Midlands,All Routes,All Stages,0-49,All Years
2.75,0.85,0.81,0.90,All Persons,All IMD Quintiles,East Midlands,All Routes,All Stages,0-49,All Years
3,0.85,0.81,0.90,All Persons,All IMD Quintiles,East Midlands,All Routes,All Stages,0-49,All Years
3.25,0.85,0.80,0.90,All Persons,All IMD Quintiles,East Midlands,All Routes,All Stages,0-49,All Years
3.5,0.84,0.79,0.89,All Persons,All IMD Quintiles,East Midlands,All Routes,All Stages,0-49,All Years
3.75,0.83,0.78,0.89,All Persons,All IMD Quintiles,East Midlands,All Routes,All Stages,0-49,All Years
4,0.83,0.78,0.89,All Persons,All IMD Quintiles,East Midlands,All Routes,All Stages,0-49,All Years
4.25,0.83,0.78,0.89,All Persons,All IMD Quintiles,East Midlands,All Routes,All Stages,0-49,All Years
4.5,0.83,0.78,0.89,All Persons,All IMD Quintiles,East Midlands,All Routes,All Stages,0-49,All Years
4.75,0.82,0.77,0.88,All Persons,All IMD Quintiles,East Midlands,All Routes,All Stages,0-49,All Years
5,0.82,0.77,0.88,All Persons,All IMD Quintiles,East Midlands,All Routes,All Stages,0-49,All Years
0,1.00,0.99,1.00,All Persons,All IMD Quintiles,East Midlands,All Routes,All Stages,50-54,All Years
0.25,0.98,0.97,1.00,All Persons,All IMD Quintiles,East Midlands,All Routes,All Stages,50-54,All Years
0.5,0.96,0.94,0.99,All Persons,All IMD Quintiles,East Midlands,All Routes,All Stages,50-54,All Years
0.75,0.93,0.90,0.96,All Persons,All IMD Quintiles,East Midlands,All Routes,All Stages,50-54,All Years
1,0.90,0.86,0.94,All Persons,All IMD Quintiles,East Midlands,All Routes,All Stages,50-54,All Years
1.25,0.89,0.85,0.93,All Persons,All IMD Quintiles,East Midlands,All Routes,All Stages,50-54,All Years
1.5,0.89,0.85,0.93,All Persons,All IMD Quintiles,East Midlands,All Routes,All Stages,50-54,All Years
1.75,0.86,0.82,0.91,All Persons,All IMD Quintiles,East Midlands,All Routes,All Stages,50-54,All Years
2,0.85,0.80,0.89,All Persons,All IMD Quintiles,East Midlands,All Routes,All Stages,50-54,All Years
2.25,0.84,0.79,0.89,All Persons,All IMD Quintiles,East Midlands,All Routes,All Stages,50-54,All Years
2.5,0.83,0.78,0.88,All Persons,All IMD Quintiles,East Midlands,All Routes,All Stages,50-54,All Years
2.75,0.83,0.78,0.88,All Persons,All IMD Quintiles,East Midlands,All Routes,All Stages,50-54,All Years
3,0.82,0.77,0.87,All Persons,All IMD Quintiles,East Midlands,All Routes,All Stages,50-54,All Years
3.25,0.80,0.74,0.85,All Persons,All IMD Quintiles,East Midlands,All Routes,All Stages,50-54,All Years
3.5,0.80,0.74,0.85,All Persons,All IMD Quintiles,East Midlands,All Routes,All Stages,50-54,All Years
3.75,0.79,0.74,0.85,All Persons,All IMD Quintiles,East Midlands,All Routes,All Stages,50-54,All Years
4,0.77,0.71,0.83,All Persons,All IMD Quintiles,East Midlands,All Routes,All Stages,50-54,All Years
4.25,0.76,0.70,0.83,All Persons,All IMD Quintiles,East Midlands,All Routes,All Stages,50-54,All Years
4.5,0.74,0.67,0.81,All Persons,All IMD Quintiles,East Midlands,All Routes,All Stages,50-54,All Years
4.75,0.74,0.67,0.81,All Persons,All IMD Quintiles,East Midlands,All Routes,All Stages,50-54,All Years
5,0.74,0.67,0.81,All Persons,All IMD Quintiles,East Midlands,All Routes,All Stages,50-54,All Years
0,0.99,0.98,1.00,All Persons,All IMD Quintiles,East Midlands,All Routes,All Stages,55-59,All Years
0.25,0.95,0.93,0.98,All Persons,All IMD Quintiles,East Midlands,All Routes,All Stages,55-59,All Years
0.5,0.91,0.88,0.95,All Persons,All IMD Quintiles,East Midlands,All Routes,All Stages,55-59,All Years
0.75,0.89,0.86,0.93,All Persons,All IMD Quintiles,East Midlands,All Routes,All Stages,55-59,All Years
1,0.88,0.84,0.92,All Persons,All IMD Quintiles,East Midlands,All Routes,All Stages,55-59,All Years
1.25,0.87,0.83,0.91,All Persons,All IMD Quintiles,East Midlands,All Routes,All Stages,55-59,All Years
1.5,0.85,0.82,0.89,All Persons,All IMD Quintiles,East Midlands,All Routes,All Stages,55-59,All Years
1.75,0.85,0.81,0.89,All Persons,All IMD Quintiles,East Midlands,All Routes,All Stages,55-59,All Years
2,0.84,0.80,0.88,All Persons,All IMD Quintiles,East Midlands,All Routes,All Stages,55-59,All Years
2.25,0.82,0.78,0.87,All Persons,All IMD Quintiles,East Midlands,All Routes,All Stages,55-59,All Years
2.5,0.81,0.76,0.85,All Persons,All IMD Quintiles,East Midlands,All Routes,All Stages,55-59,All Years
2.75,0.79,0.75,0.84,All Persons,All IMD Quintiles,East Midlands,All Routes,All Stages,55-59,All Years
3,0.79,0.75,0.84,All Persons,All IMD Quintiles,East Midlands,All Routes,All Stages,55-59,All Years
3.25,0.78,0.74,0.83,All Persons,All IMD Quintiles,East Midlands,All Routes,All Stages,55-59,All Years
3.5,0.78,0.73,0.83,All Persons,All IMD Quintiles,East Midlands,All Routes,All Stages,55-59,All Years
3.75,0.78,0.73,0.83,All Persons,All IMD Quintiles,East Midlands,All Routes,All Stages,55-59,All Years
4,0.77,0.72,0.82,All Persons,All IMD Quintiles,East Midlands,All Routes,All Stages,55-59,All Years
4.25,0.76,0.71,0.82,All Persons,All IMD Quintiles,East Midlands,All Routes,All Stages,55-59,All Years
4.5,0.75,0.69,0.80,All Persons,All IMD Quintiles,East Midlands,All Routes,All Stages,55-59,All Years
4.75,0.75,0.69,0.80,All Persons,All IMD Quintiles,East Midlands,All Routes,All Stages,55-59,All Years
5,0.75,0.69,0.80,All Persons,All IMD Quintiles,East Midlands,All Routes,All Stages,55-59,All Years
0,1.00,0.99,1.00,All Persons,All IMD Quintiles,East Midlands,All Routes,All Stages,60-64,All Years
0.25,0.95,0.93,0.97,All Persons,All IMD Quintiles,East Midlands,All Routes,All Stages,60-64,All Years
0.5,0.90,0.86,0.93,All Persons,All IMD Quintiles,East Midlands,All Routes,All Stages,60-64,All Years
0.75,0.87,0.83,0.91,All Persons,All IMD Quintiles,East Midlands,All Routes,All Stages,60-64,All Years
1,0.83,0.79,0.87,All Persons,All IMD Quintiles,East Midlands,All Routes,All Stages,60-64,All Years
1.25,0.82,0.78,0.87,All Persons,All IMD Quintiles,East Midlands,All Routes,All Stages,60-64,All Years
1.5,0.81,0.77,0.85,All Persons,All IMD Quintiles,East Midlands,All Routes,All Stages,60-64,All Years
1.75,0.80,0.75,0.84,All Persons,All IMD Quintiles,East Midlands,All Routes,All Stages,60-64,All Years
2,0.77,0.72,0.82,All Persons,All IMD Quintiles,East Midlands,All Routes,All Stages,60-64,All Years
2.25,0.77,0.72,0.81,All Persons,All IMD Quintiles,East Midlands,All Routes,All Stages,60-64,All Years
2.5,0.75,0.70,0.80,All Persons,All IMD Quintiles,East Midlands,All Routes,All Stages,60-64,All Years
2.75,0.75,0.70,0.80,All Persons,All IMD Quintiles,East Midlands,All Routes,All Stages,60-64,All Years
3,0.74,0.68,0.79,All Persons,All IMD Quintiles,East Midlands,All Routes,All Stages,60-64,All Years
3.25,0.71,0.66,0.77,All Persons,All IMD Quintiles,East Midlands,All Routes,All Stages,60-64,All Years
3.5,0.71,0.66,0.77,All Persons,All IMD Quintiles,East Midlands,All Routes,All Stages,60-64,All Years
3.75,0.71,0.66,0.77,All Persons,All IMD Quintiles,East Midlands,All Routes,All Stages,60-64,All Years
4,0.70,0.64,0.75,All Persons,All IMD Quintiles,East Midlands,All Routes,All Stages,60-64,All Years
4.25,0.69,0.63,0.75,All Persons,All IMD Quintiles,East Midlands,All Routes,All Stages,60-64,All Years
4.5,0.68,0.62,0.74,All Persons,All IMD Quintiles,East Midlands,All Routes,All Stages,60-64,All Years
4.75,0.67,0.60,0.73,All Persons,All IMD Quintiles,East Midlands,All Routes,All Stages,60-64,All Years
5,0.67,0.60,0.73,All Persons,All IMD Quintiles,East Midlands,All Routes,All Stages,60-64,All Years
0,1.00,0.99,1.00,All Persons,All IMD Quintiles,East Midlands,All Routes,All Stages,65-69,All Years
0.25,0.95,0.93,0.98,All Persons,All IMD Quintiles,East Midlands,All Routes,All Stages,65-69,All Years
0.5,0.90,0.86,0.93,All Persons,All IMD Quintiles,East Midlands,All Routes,All Stages,65-69,All Years
0.75,0.83,0.78,0.88,All Persons,All IMD Quintiles,East Midlands,All Routes,All Stages,65-69,All Years
1,0.80,0.75,0.85,All Persons,All IMD Quintiles,East Midlands,All Routes,All Stages,65-69,All Years
1.25,0.79,0.74,0.84,All Persons,All IMD Quintiles,East Midlands,All Routes,All Stages,65-69,All Years
1.5,0.79,0.73,0.84,All Persons,All IMD Quintiles,East Midlands,All Routes,All Stages,65-69,All Years
1.75,0.78,0.72,0.83,All Persons,All IMD Quintiles,East Midlands,All Routes,All Stages,65-69,All Years
2,0.76,0.71,0.82,All Persons,All IMD Quintiles,East Midlands,All Routes,All Stages,65-69,All Years
2.25,0.74,0.69,0.80,All Persons,All IMD Quintiles,East Midlands,All Routes,All Stages,65-69,All Years
2.5,0.73,0.68,0.79,All Persons,All IMD Quintiles,East Midlands,All Routes,All Stages,65-69,All Years
2.75,0.72,0.66,0.77,All Persons,All IMD Quintiles,East Midlands,All Routes,All Stages,65-69,All Years
3,0.70,0.64,0.76,All Persons,All IMD Quintiles,East Midlands,All Routes,All Stages,65-69,All Years
3.25,0.69,0.63,0.75,All Persons,All IMD Quintiles,East Midlands,All Routes,All Stages,65-69,All Years
3.5,0.68,0.62,0.75,All Persons,All IMD Quintiles,East Midlands,All Routes,All Stages,65-69,All Years
3.75,0.68,0.62,0.75,All Persons,All IMD Quintiles,East Midlands,All Routes,All Stages,65-69,All Years
4,0.66,0.60,0.73,All Persons,All IMD Quintiles,East Midlands,All Routes,All Stages,65-69,All Years
4.25,0.65,0.58,0.72,All Persons,All IMD Quintiles,East Midlands,All Routes,All Stages,65-69,All Years
4.5,0.64,0.57,0.71,All Persons,All IMD Quintiles,East Midlands,All Routes,All Stages,65-69,All Years
4.75,0.64,0.57,0.71,All Persons,All IMD Quintiles,East Midlands,All Routes,All Stages,65-69,All Years
5,0.62,0.55,0.70,All Persons,All IMD Quintiles,East Midlands,All Routes,All Stages,65-69,All Years
0,0.99,0.98,1.01,All Persons,All IMD Quintiles,East Midlands,All Routes,All Stages,70-74,All Years
0.25,0.92,0.88,0.96,All Persons,All IMD Quintiles,East Midlands,All Routes,All Stages,70-74,All Years
0.5,0.87,0.83,0.92,All Persons,All IMD Quintiles,East Midlands,All Routes,All Stages,70-74,All Years
0.75,0.82,0.76,0.87,All Persons,All IMD Quintiles,East Midlands,All Routes,All Stages,70-74,All Years
1,0.76,0.70,0.82,All Persons,All IMD Quintiles,East Midlands,All Routes,All Stages,70-74,All Years
1.25,0.74,0.68,0.80,All Persons,All IMD Quintiles,East Midlands,All Routes,All Stages,70-74,All Years
1.5,0.71,0.65,0.78,All Persons,All IMD Quintiles,East Midlands,All Routes,All Stages,70-74,All Years
1.75,0.70,0.64,0.77,All Persons,All IMD Quintiles,East Midlands,All Routes,All Stages,70-74,All Years
2,0.67,0.60,0.74,All Persons,All IMD Quintiles,East Midlands,All Routes,All Stages,70-74,All Years
2.25,0.65,0.58,0.72,All Persons,All IMD Quintiles,East Midlands,All Routes,All Stages,70-74,All Years
2.5,0.63,0.56,0.70,All Persons,All IMD Quintiles,East Midlands,All Routes,All Stages,70-74,All Years
2.75,0.62,0.55,0.69,All Persons,All IMD Quintiles,East Midlands,All Routes,All Stages,70-74,All Years
3,0.60,0.52,0.67,All Persons,All IMD Quintiles,East Midlands,All Routes,All Stages,70-74,All Years
3.25,0.57,0.49,0.65,All Persons,All IMD Quintiles,East Midlands,All Routes,All Stages,70-74,All Years
3.5,0.56,0.48,0.64,All Persons,All IMD Quintiles,East Midlands,All Routes,All Stages,70-74,All Years
3.75,0.54,0.46,0.62,All Persons,All IMD Quintiles,East Midlands,All Routes,All Stages,70-74,All Years
4,0.50,0.42,0.59,All Persons,All IMD Quintiles,East Midlands,All Routes,All Stages,70-74,All Years
4.25,0.50,0.42,0.59,All Persons,All IMD Quintiles,East Midlands,All Routes,All Stages,70-74,All Years
4.5,0.50,0.42,0.59,All Persons,All IMD Quintiles,East Midlands,All Routes,All Stages,70-74,All Years
4.75,0.50,0.42,0.59,All Persons,All IMD Quintiles,East Midlands,All Routes,All Stages,70-74,All Years
5,0.50,0.42,0.59,All Persons,All IMD Quintiles,East Midlands,All Routes,All Stages,70-74,All Years
0,0.99,0.97,1.01,All Persons,All IMD Quintiles,East Midlands,All Routes,All Stages,75-79,All Years
0.25,0.87,0.80,0.94,All Persons,All IMD Quintiles,East Midlands,All Routes,All Stages,75-79,All Years
0.5,0.77,0.69,0.85,All Persons,All IMD Quintiles,East Midlands,All Routes,All Stages,75-79,All Years
0.75,0.70,0.61,0.79,All Persons,All IMD Quintiles,East Midlands,All Routes,All Stages,75-79,All Years
1,0.65,0.56,0.74,All Persons,All IMD Quintiles,East Midlands,All Routes,All Stages,75-79,All Years
1.25,0.65,0.56,0.74,All Persons,All IMD Quintiles,East Midlands,All Routes,All Stages,75-79,All Years
1.5,0.63,0.53,0.72,All Persons,All IMD Quintiles,East Midlands,All Routes,All Stages,75-79,All Years
1.75,0.58,0.48,0.68,All Persons,All IMD Quintiles,East Midlands,All Routes,All Stages,75-79,All Years
2,0.57,0.47,0.67,All Persons,All IMD Quintiles,East Midlands,All Routes,All Stages,75-79,All Years
2.25,0.57,0.47,0.67,All Persons,All IMD Quintiles,East Midlands,All Routes,All Stages,75-79,All Years
2.5,0.54,0.43,0.64,All Persons,All IMD Quintiles,East Midlands,All Routes,All Stages,75-79,All Years
2.75,0.51,0.40,0.61,All Persons,All IMD Quintiles,East Midlands,All Routes,All Stages,75-79,All Years
3.25,0.46,0.35,0.57,All Persons,All IMD Quintiles,East Midlands,All Routes,All Stages,75-79,All Years
3.5,0.44,0.33,0.55,All Persons,All IMD Quintiles,East Midlands,All Routes,All Stages,75-79,All Years
3.75,0.40,0.28,0.51,All Persons,All IMD Quintiles,East Midlands,All Routes,All Stages,75-79,All Years
4,0.37,0.25,0.48,All Persons,All IMD Quintiles,East Midlands,All Routes,All Stages,75-79,All Years
4.5,0.37,0.25,0.49,All Persons,All IMD Quintiles,East Midlands,All Routes,All Stages,75-79,All Years
4.75,0.37,0.25,0.49,All Persons,All IMD Quintiles,East Midlands,All Routes,All Stages,75-79,All Years
0,0.98,0.94,1.02,All Persons,All IMD Quintiles,East Midlands,All Routes,All Stages,80-84,All Years
0.25,0.76,0.63,0.88,All Persons,All IMD Quintiles,East Midlands,All Routes,All Stages,80-84,All Years
0.5,0.69,0.56,0.82,All Persons,All IMD Quintiles,East Midlands,All Routes,All Stages,80-84,All Years
0.75,0.64,0.51,0.78,All Persons,All IMD Quintiles,East Midlands,All Routes,All Stages,80-84,All Years
1,0.58,0.44,0.72,All Persons,All IMD Quintiles,East Midlands,All Routes,All Stages,80-84,All Years
1.25,0.53,0.39,0.68,All Persons,All IMD Quintiles,East Midlands,All Routes,All Stages,80-84,All Years
1.5,0.53,0.39,0.68,All Persons,All IMD Quintiles,East Midlands,All Routes,All Stages,80-84,All Years
1.75,0.53,0.39,0.68,All Persons,All IMD Quintiles,East Midlands,All Routes,All Stages,80-84,All Years
2,0.53,0.39,0.68,All Persons,All IMD Quintiles,East Midlands,All Routes,All Stages,80-84,All Years
2.25,0.47,0.32,0.62,All Persons,All IMD Quintiles,East Midlands,All Routes,All Stages,80-84,All Years
2.5,0.43,0.28,0.59,All Persons,All IMD Quintiles,East Midlands,All Routes,All Stages,80-84,All Years
2.75,0.39,0.24,0.55,All Persons,All IMD Quintiles,East Midlands,All Routes,All Stages,80-84,All Years
3,0.39,0.24,0.55,All Persons,All IMD Quintiles,East Midlands,All Routes,All Stages,80-84,All Years
3.25,0.39,0.24,0.55,All Persons,All IMD Quintiles,East Midlands,All Routes,All Stages,80-84,All Years
3.5,0.33,0.16,0.50,All Persons,All IMD Quintiles,East Midlands,All Routes,All Stages,80-84,All Years
3.75,0.25,0.07,0.42,All Persons,All IMD Quintiles,East Midlands,All Routes,All Stages,80-84,All Years
4.75,0.16,0.01,0.32,All Persons,All IMD Quintiles,East Midlands,All Routes,All Stages,80-84,All Years
0,0.96,0.88,1.04,All Persons,All IMD Quintiles,East Midlands,All Routes,All Stages,85-89,All Years
0.25,0.65,0.46,0.84,All Persons,All IMD Quintiles,East Midlands,All Routes,All Stages,85-89,All Years
0.75,0.52,0.32,0.72,All Persons,All IMD Quintiles,East Midlands,All Routes,All Stages,85-89,All Years
1,0.48,0.28,0.68,All Persons,All IMD Quintiles,East Midlands,All Routes,All Stages,85-89,All Years
1.25,0.39,0.20,0.58,All Persons,All IMD Quintiles,East Midlands,All Routes,All Stages,85-89,All Years
2,0.26,0.09,0.43,All Persons,All IMD Quintiles,East Midlands,All Routes,All Stages,85-89,All Years
2.5,0.17,0.03,0.32,All Persons,All IMD Quintiles,East Midlands,All Routes,All Stages,85-89,All Years
2.75,0.12,-0.01,0.24,All Persons,All IMD Quintiles,East Midlands,All Routes,All Stages,85-89,All Years
3.25,0.06,-0.03,0.14,All Persons,All IMD Quintiles,East Midlands,All Routes,All Stages,85-89,All Years
0,0.83,0.56,1.11,All Persons,All IMD Quintiles,East Midlands,All Routes,All Stages,90+,All Years
0.25,0.50,0.15,0.85,All Persons,All IMD Quintiles,East Midlands,All Routes,All Stages,90+,All Years
0.75,0.33,0.01,0.65,All Persons,All IMD Quintiles,East Midlands,All Routes,All Stages,90+,All Years
1,0.17,-0.06,0.40,All Persons,All IMD Quintiles,East Midlands,All Routes,All Stages,90+,All Years
1.25,0.00,0.00,0.00,All Persons,All IMD Quintiles,East Midlands,All Routes,All Stages,90+,All Years
0,1.00,0.99,1.00,All Persons,All IMD Quintiles,East Midlands,All Routes,All Stages,All Ages,2016
0.25,0.95,0.93,0.98,All Persons,All IMD Quintiles,East Midlands,All Routes,All Stages,All Ages,2016
0.5,0.90,0.87,0.94,All Persons,All IMD Quintiles,East Midlands,All Routes,All Stages,All Ages,2016
0.75,0.87,0.82,0.91,All Persons,All IMD Quintiles,East Midlands,All Routes,All Stages,All Ages,2016
1,0.84,0.80,0.89,All Persons,All IMD Quintiles,East Midlands,All Routes,All Stages,All Ages,2016
1.25,0.83,0.79,0.88,All Persons,All IMD Quintiles,East Midlands,All Routes,All Stages,All Ages,2016
1.5,0.82,0.77,0.87,All Persons,All IMD Quintiles,East Midlands,All Routes,All Stages,All Ages,2016
1.75,0.80,0.75,0.85,All Persons,All IMD Quintiles,East Midlands,All Routes,All Stages,All Ages,2016
2,0.79,0.74,0.84,All Persons,All IMD Quintiles,East Midlands,All Routes,All Stages,All Ages,2016
2.25,0.77,0.71,0.82,All Persons,All IMD Quintiles,East Midlands,All Routes,All Stages,All Ages,2016
2.5,0.74,0.68,0.79,All Persons,All IMD Quintiles,East Midlands,All Routes,All Stages,All Ages,2016
2.75,0.72,0.66,0.78,All Persons,All IMD Quintiles,East Midlands,All Routes,All Stages,All Ages,2016
3,0.71,0.66,0.77,All Persons,All IMD Quintiles,East Midlands,All Routes,All Stages,All Ages,2016
3.25,0.70,0.65,0.76,All Persons,All IMD Quintiles,East Midlands,All Routes,All Stages,All Ages,2016
3.5,0.70,0.64,0.75,All Persons,All IMD Quintiles,East Midlands,All Routes,All Stages,All Ages,2016
3.75,0.69,0.63,0.75,All Persons,All IMD Quintiles,East Midlands,All Routes,All Stages,All Ages,2016
4,0.68,0.62,0.74,All Persons,All IMD Quintiles,East Midlands,All Routes,All Stages,All Ages,2016
0,1.00,0.99,1.00,All Persons,All IMD Quintiles,East Midlands,All Routes,All Stages,All Ages,2017
0.25,0.96,0.94,0.99,All Persons,All IMD Quintiles,East Midlands,All Routes,All Stages,All Ages,2017
0.5,0.90,0.86,0.94,All Persons,All IMD Quintiles,East Midlands,All Routes,All Stages,All Ages,2017
0.75,0.86,0.82,0.91,All Persons,All IMD Quintiles,East Midlands,All Routes,All Stages,All Ages,2017
1,0.83,0.79,0.88,All Persons,All IMD Quintiles,East Midlands,All Routes,All Stages,All Ages,2017
1.25,0.81,0.76,0.86,All Persons,All IMD Quintiles,East Midlands,All Routes,All Stages,All Ages,2017
1.5,0.79,0.74,0.84,All Persons,All IMD Quintiles,East Midlands,All Routes,All Stages,All Ages,2017
2,0.78,0.73,0.83,All Persons,All IMD Quintiles,East Midlands,All Routes,All Stages,All Ages,2017
2.25,0.78,0.72,0.83,All Persons,All IMD Quintiles,East Midlands,All Routes,All Stages,All Ages,2017
2.5,0.76,0.71,0.81,All Persons,All IMD Quintiles,East Midlands,All Routes,All Stages,All Ages,2017
2.75,0.74,0.69,0.79,All Persons,All IMD Quintiles,East Midlands,All Routes,All Stages,All Ages,2017
3,0.73,0.67,0.78,All Persons,All IMD Quintiles,East Midlands,All Routes,All Stages,All Ages,2017
3.25,0.71,0.66,0.77,All Persons,All IMD Quintiles,East Midlands,All Routes,All Stages,All Ages,2017
3.5,0.69,0.63,0.75,All Persons,All IMD Quintiles,East Midlands,All Routes,All Stages,All Ages,2017
3.75,0.68,0.63,0.74,All Persons,All IMD Quintiles,East Midlands,All Routes,All Stages,All Ages,2017
4,0.66,0.60,0.71,All Persons,All IMD Quintiles,East Midlands,All Routes,All Stages,All Ages,2017
4.25,0.65,0.59,0.71,All Persons,All IMD Quintiles,East Midlands,All Routes,All Stages,All Ages,2017
4.5,0.63,0.57,0.69,All Persons,All IMD Quintiles,East Midlands,All Routes,All Stages,All Ages,2017
4.75,0.62,0.56,0.68,All Persons,All IMD Quintiles,East Midlands,All Routes,All Stages,All Ages,2017
5,0.62,0.56,0.68,All Persons,All IMD Quintiles,East Midlands,All Routes,All Stages,All Ages,2017
0,0.99,0.98,1.00,All Persons,All IMD Quintiles,East Midlands,All Routes,All Stages,All Ages,2018
0.25,0.93,0.90,0.96,All Persons,All IMD Quintiles,East Midlands,All Routes,All Stages,All Ages,2018
0.5,0.89,0.85,0.93,All Persons,All IMD Quintiles,East Midlands,All Routes,All Stages,All Ages,2018
0.75,0.86,0.82,0.90,All Persons,All IMD Quintiles,East Midlands,All Routes,All Stages,All Ages,2018
1,0.83,0.79,0.88,All Persons,All IMD Quintiles,East Midlands,All Routes,All Stages,All Ages,2018
1.25,0.83,0.78,0.87,All Persons,All IMD Quintiles,East Midlands,All Routes,All Stages,All Ages,2018
1.5,0.81,0.77,0.86,All Persons,All IMD Quintiles,East Midlands,All Routes,All Stages,All Ages,2018
1.75,0.78,0.73,0.83,All Persons,All IMD Quintiles,East Midlands,All Routes,All Stages,All Ages,2018
2,0.75,0.70,0.80,All Persons,All IMD Quintiles,East Midlands,All Routes,All Stages,All Ages,2018
2.25,0.75,0.69,0.80,All Persons,All IMD Quintiles,East Midlands,All Routes,All Stages,All Ages,2018
2.5,0.73,0.68,0.78,All Persons,All IMD Quintiles,East Midlands,All Routes,All Stages,All Ages,2018
2.75,0.73,0.67,0.78,All Persons,All IMD Quintiles,East Midlands,All Routes,All Stages,All Ages,2018
3,0.70,0.64,0.75,All Persons,All IMD Quintiles,East Midlands,All Routes,All Stages,All Ages,2018
3.25,0.69,0.63,0.74,All Persons,All IMD Quintiles,East Midlands,All Routes,All Stages,All Ages,2018
3.5,0.68,0.63,0.74,All Persons,All IMD Quintiles,East Midlands,All Routes,All Stages,All Ages,2018
3.75,0.68,0.62,0.74,All Persons,All IMD Quintiles,East Midlands,All Routes,All Stages,All Ages,2018
4,0.68,0.62,0.73,All Persons,All IMD Quintiles,East Midlands,All Routes,All Stages,All Ages,2018
4.25,0.67,0.61,0.73,All Persons,All IMD Quintiles,East Midlands,All Routes,All Stages,All Ages,2018
4.5,0.66,0.60,0.72,All Persons,All IMD Quintiles,East Midlands,All Routes,All Stages,All Ages,2018
4.75,0.65,0.59,0.71,All Persons,All IMD Quintiles,East Midlands,All Routes,All Stages,All Ages,2018
5,0.61,0.52,0.70,All Persons,All IMD Quintiles,East Midlands,All Routes,All Stages,All Ages,2018
0,1.00,0.99,1.00,All Persons,All IMD Quintiles,East Midlands,All Routes,All Stages,All Ages,2019
0.25,0.95,0.92,0.97,All Persons,All IMD Quintiles,East Midlands,All Routes,All Stages,All Ages,2019
0.5,0.91,0.88,0.94,All Persons,All IMD Quintiles,East Midlands,All Routes,All Stages,All Ages,2019
0.75,0.89,0.86,0.93,All Persons,All IMD Quintiles,East Midlands,All Routes,All Stages,All Ages,2019
1,0.86,0.82,0.89,All Persons,All IMD Quintiles,East Midlands,All Routes,All Stages,All Ages,2019
1.25,0.85,0.80,0.89,All Persons,All IMD Quintiles,East Midlands,All Routes,All Stages,All Ages,2019
1.5,0.84,0.79,0.88,All Persons,All IMD Quintiles,East Midlands,All Routes,All Stages,All Ages,2019
1.75,0.83,0.79,0.87,All Persons,All IMD Quintiles,East Midlands,All Routes,All Stages,All Ages,2019
2,0.82,0.77,0.86,All Persons,All IMD Quintiles,East Midlands,All Routes,All Stages,All Ages,2019
2.25,0.80,0.75,0.84,All Persons,All IMD Quintiles,East Midlands,All Routes,All Stages,All Ages,2019
2.5,0.78,0.73,0.82,All Persons,All IMD Quintiles,East Midlands,All Routes,All Stages,All Ages,2019
2.75,0.77,0.72,0.81,All Persons,All IMD Quintiles,East Midlands,All Routes,All Stages,All Ages,2019
3,0.76,0.72,0.81,All Persons,All IMD Quintiles,East Midlands,All Routes,All Stages,All Ages,2019
3.25,0.75,0.70,0.80,All Persons,All IMD Quintiles,East Midlands,All Routes,All Stages,All Ages,2019
3.5,0.75,0.70,0.80,All Persons,All IMD Quintiles,East Midlands,All Routes,All Stages,All Ages,2019
3.75,0.73,0.68,0.78,All Persons,All IMD Quintiles,East Midlands,All Routes,All Stages,All Ages,2019
4,0.73,0.68,0.78,All Persons,All IMD Quintiles,East Midlands,All Routes,All Stages,All Ages,2019
0,1.00,0.99,1.00,All Persons,All IMD Quintiles,East Midlands,All Routes,All Stages,All Ages,2020
0.25,0.94,0.91,0.96,All Persons,All IMD Quintiles,East Midlands,All Routes,All Stages,All Ages,2020
0.5,0.89,0.85,0.92,All Persons,All IMD Quintiles,East Midlands,All Routes,All Stages,All Ages,2020
0.75,0.84,0.80,0.88,All Persons,All IMD Quintiles,East Midlands,All Routes,All Stages,All Ages,2020
1,0.80,0.76,0.84,All Persons,All IMD Quintiles,East Midlands,All Routes,All Stages,All Ages,2020
1.25,0.79,0.75,0.84,All Persons,All IMD Quintiles,East Midlands,All Routes,All Stages,All Ages,2020
1.5,0.77,0.73,0.82,All Persons,All IMD Quintiles,East Midlands,All Routes,All Stages,All Ages,2020
1.75,0.76,0.72,0.81,All Persons,All IMD Quintiles,East Midlands,All Routes,All Stages,All Ages,2020
2,0.74,0.70,0.79,All Persons,All IMD Quintiles,East Midlands,All Routes,All Stages,All Ages,2020
2.25,0.73,0.69,0.78,All Persons,All IMD Quintiles,East Midlands,All Routes,All Stages,All Ages,2020
2.5,0.73,0.69,0.78,All Persons,All IMD Quintiles,East Midlands,All Routes,All Stages,All Ages,2020
2.75,0.73,0.68,0.78,All Persons,All IMD Quintiles,East Midlands,All Routes,All Stages,All Ages,2020
3,0.73,0.68,0.78,All Persons,All IMD Quintiles,East Midlands,All Routes,All Stages,All Ages,2020
3.25,0.73,0.68,0.78,All Persons,All IMD Quintiles,East Midlands,All Routes,All Stages,All Ages,2020
0,0.99,0.98,1.00,All Persons,All IMD Quintiles,East Midlands,All Routes,All Stages,All Ages,2021
0.25,0.93,0.90,0.96,All Persons,All IMD Quintiles,East Midlands,All Routes,All Stages,All Ages,2021
0.5,0.87,0.84,0.91,All Persons,All IMD Quintiles,East Midlands,All Routes,All Stages,All Ages,2021
0.75,0.83,0.79,0.88,All Persons,All IMD Quintiles,East Midlands,All Routes,All Stages,All Ages,2021
1,0.79,0.74,0.83,All Persons,All IMD Quintiles,East Midlands,All Routes,All Stages,All Ages,2021
1.25,0.78,0.73,0.83,All Persons,All IMD Quintiles,East Midlands,All Routes,All Stages,All Ages,2021
1.5,0.76,0.71,0.81,All Persons,All IMD Quintiles,East Midlands,All Routes,All Stages,All Ages,2021
1.75,0.75,0.70,0.80,All Persons,All IMD Quintiles,East Midlands,All Routes,All Stages,All Ages,2021
2,0.75,0.70,0.80,All Persons,All IMD Quintiles,East Midlands,All Routes,All Stages,All Ages,2021
3.5,0.75,0.70,0.80,All Persons,All IMD Quintiles,East Midlands,All Routes,All Stages,All Ages,2021
0,0.98,0.95,1.02,All Persons,All IMD Quintiles,East of England,Emergency,All Stages,All Ages,All Years
0.25,0.62,0.49,0.74,All Persons,All IMD Quintiles,East of England,Emergency,All Stages,All Ages,All Years
0.5,0.56,0.43,0.69,All Persons,All IMD Quintiles,East of England,Emergency,All Stages,All Ages,All Years
0.75,0.55,0.42,0.68,All Persons,All IMD Quintiles,East of England,Emergency,All Stages,All Ages,All Years
1,0.51,0.38,0.64,All Persons,All IMD Quintiles,East of England,Emergency,All Stages,All Ages,All Years
1.25,0.49,0.36,0.62,All Persons,All IMD Quintiles,East of England,Emergency,All Stages,All Ages,All Years
1.5,0.47,0.34,0.60,All Persons,All IMD Quintiles,East of England,Emergency,All Stages,All Ages,All Years
2.25,0.44,0.31,0.57,All Persons,All IMD Quintiles,East of England,Emergency,All Stages,All Ages,All Years
2.5,0.42,0.29,0.55,All Persons,All IMD Quintiles,East of England,Emergency,All Stages,All Ages,All Years
3,0.40,0.27,0.53,All Persons,All IMD Quintiles,East of England,Emergency,All Stages,All Ages,All Years
4,0.40,0.27,0.53,All Persons,All IMD Quintiles,East of England,Emergency,All Stages,All Ages,All Years
4.25,0.38,0.25,0.50,All Persons,All IMD Quintiles,East of England,Emergency,All Stages,All Ages,All Years
4.5,0.38,0.25,0.50,All Persons,All IMD Quintiles,East of England,Emergency,All Stages,All Ages,All Years
4.75,0.38,0.25,0.50,All Persons,All IMD Quintiles,East of England,Emergency,All Stages,All Ages,All Years
5,0.38,0.25,0.50,All Persons,All IMD Quintiles,East of England,Emergency,All Stages,All Ages,All Years
0,1.00,1.00,1.00,All Persons,All IMD Quintiles,East of England,Non-emergency,All Stages,All Ages,All Years
0.25,0.97,0.96,0.98,All Persons,All IMD Quintiles,East of England,Non-emergency,All Stages,All Ages,All Years
0.5,0.94,0.92,0.95,All Persons,All IMD Quintiles,East of England,Non-emergency,All Stages,All Ages,All Years
0.75,0.90,0.88,0.92,All Persons,All IMD Quintiles,East of England,Non-emergency,All Stages,All Ages,All Years
1,0.87,0.85,0.90,All Persons,All IMD Quintiles,East of England,Non-emergency,All Stages,All Ages,All Years
1.25,0.85,0.82,0.87,All Persons,All IMD Quintiles,East of England,Non-emergency,All Stages,All Ages,All Years
1.5,0.83,0.80,0.86,All Persons,All IMD Quintiles,East of England,Non-emergency,All Stages,All Ages,All Years
1.75,0.81,0.79,0.84,All Persons,All IMD Quintiles,East of England,Non-emergency,All Stages,All Ages,All Years
2,0.80,0.77,0.82,All Persons,All IMD Quintiles,East of England,Non-emergency,All Stages,All Ages,All Years
2.25,0.78,0.76,0.81,All Persons,All IMD Quintiles,East of England,Non-emergency,All Stages,All Ages,All Years
2.5,0.78,0.75,0.81,All Persons,All IMD Quintiles,East of England,Non-emergency,All Stages,All Ages,All Years
2.75,0.77,0.74,0.80,All Persons,All IMD Quintiles,East of England,Non-emergency,All Stages,All Ages,All Years
3,0.76,0.73,0.79,All Persons,All IMD Quintiles,East of England,Non-emergency,All Stages,All Ages,All Years
3.25,0.75,0.72,0.78,All Persons,All IMD Quintiles,East of England,Non-emergency,All Stages,All Ages,All Years
3.5,0.74,0.71,0.77,All Persons,All IMD Quintiles,East of England,Non-emergency,All Stages,All Ages,All Years
3.75,0.73,0.70,0.76,All Persons,All IMD Quintiles,East of England,Non-emergency,All Stages,All Ages,All Years
4,0.72,0.69,0.75,All Persons,All IMD Quintiles,East of England,Non-emergency,All Stages,All Ages,All Years
4.25,0.71,0.68,0.74,All Persons,All IMD Quintiles,East of England,Non-emergency,All Stages,All Ages,All Years
4.5,0.70,0.67,0.73,All Persons,All IMD Quintiles,East of England,Non-emergency,All Stages,All Ages,All Years
4.75,0.70,0.67,0.73,All Persons,All IMD Quintiles,East of England,Non-emergency,All Stages,All Ages,All Years
5,0.69,0.66,0.72,All Persons,All IMD Quintiles,East of England,Non-emergency,All Stages,All Ages,All Years
0,1.00,1.00,1.00,All Persons,All IMD Quintiles,East of England,All Routes,Early,All Ages,All Years
0.25,0.99,0.98,1.00,All Persons,All IMD Quintiles,East of England,All Routes,Early,All Ages,All Years
0.5,0.97,0.96,0.98,All Persons,All IMD Quintiles,East of England,All Routes,Early,All Ages,All Years
0.75,0.96,0.95,0.97,All Persons,All IMD Quintiles,East of England,All Routes,Early,All Ages,All Years
1,0.94,0.92,0.96,All Persons,All IMD Quintiles,East of England,All Routes,Early,All Ages,All Years
1.25,0.93,0.91,0.94,All Persons,All IMD Quintiles,East of England,All Routes,Early,All Ages,All Years
1.5,0.92,0.90,0.94,All Persons,All IMD Quintiles,East of England,All Routes,Early,All Ages,All Years
1.75,0.90,0.88,0.93,All Persons,All IMD Quintiles,East of England,All Routes,Early,All Ages,All Years
2,0.89,0.87,0.91,All Persons,All IMD Quintiles,East of England,All Routes,Early,All Ages,All Years
2.25,0.88,0.86,0.91,All Persons,All IMD Quintiles,East of England,All Routes,Early,All Ages,All Years
2.5,0.87,0.84,0.90,All Persons,All IMD Quintiles,East of England,All Routes,Early,All Ages,All Years
2.75,0.86,0.83,0.89,All Persons,All IMD Quintiles,East of England,All Routes,Early,All Ages,All Years
3,0.84,0.81,0.88,All Persons,All IMD Quintiles,East of England,All Routes,Early,All Ages,All Years
3.25,0.84,0.80,0.87,All Persons,All IMD Quintiles,East of England,All Routes,Early,All Ages,All Years
3.5,0.82,0.79,0.86,All Persons,All IMD Quintiles,East of England,All Routes,Early,All Ages,All Years
3.75,0.82,0.79,0.86,All Persons,All IMD Quintiles,East of England,All Routes,Early,All Ages,All Years
4,0.82,0.79,0.86,All Persons,All IMD Quintiles,East of England,All Routes,Early,All Ages,All Years
4.25,0.79,0.74,0.84,All Persons,All IMD Quintiles,East of England,All Routes,Early,All Ages,All Years
4.5,0.79,0.74,0.84,All Persons,All IMD Quintiles,East of England,All Routes,Early,All Ages,All Years
4.75,0.79,0.74,0.84,All Persons,All IMD Quintiles,East of England,All Routes,Early,All Ages,All Years
5,0.79,0.74,0.84,All Persons,All IMD Quintiles,East of England,All Routes,Early,All Ages,All Years
0,1.00,1.00,1.00,All Persons,All IMD Quintiles,East of England,All Routes,Advanced,All Ages,All Years
0.25,0.93,0.91,0.94,All Persons,All IMD Quintiles,East of England,All Routes,Advanced,All Ages,All Years
0.5,0.88,0.87,0.90,All Persons,All IMD Quintiles,East of England,All Routes,Advanced,All Ages,All Years
0.75,0.83,0.81,0.86,All Persons,All IMD Quintiles,East of England,All Routes,Advanced,All Ages,All Years
1,0.80,0.77,0.82,All Persons,All IMD Quintiles,East of England,All Routes,Advanced,All Ages,All Years
1.25,0.77,0.74,0.79,All Persons,All IMD Quintiles,East of England,All Routes,Advanced,All Ages,All Years
1.5,0.75,0.72,0.77,All Persons,All IMD Quintiles,East of England,All Routes,Advanced,All Ages,All Years
1.75,0.73,0.70,0.75,All Persons,All IMD Quintiles,East of England,All Routes,Advanced,All Ages,All Years
2,0.71,0.69,0.74,All Persons,All IMD Quintiles,East of England,All Routes,Advanced,All Ages,All Years
2.25,0.70,0.67,0.72,All Persons,All IMD Quintiles,East of England,All Routes,Advanced,All Ages,All Years
2.5,0.69,0.66,0.71,All Persons,All IMD Quintiles,East of England,All Routes,Advanced,All Ages,All Years
2.75,0.68,0.65,0.70,All Persons,All IMD Quintiles,East of England,All Routes,Advanced,All Ages,All Years
3,0.67,0.64,0.70,All Persons,All IMD Quintiles,East of England,All Routes,Advanced,All Ages,All Years
3.25,0.66,0.63,0.69,All Persons,All IMD Quintiles,East of England,All Routes,Advanced,All Ages,All Years
3.5,0.65,0.62,0.68,All Persons,All IMD Quintiles,East of England,All Routes,Advanced,All Ages,All Years
3.75,0.64,0.61,0.67,All Persons,All IMD Quintiles,East of England,All Routes,Advanced,All Ages,All Years
4,0.64,0.61,0.67,All Persons,All IMD Quintiles,East of England,All Routes,Advanced,All Ages,All Years
4.25,0.63,0.60,0.66,All Persons,All IMD Quintiles,East of England,All Routes,Advanced,All Ages,All Years
4.5,0.62,0.59,0.65,All Persons,All IMD Quintiles,East of England,All Routes,Advanced,All Ages,All Years
4.75,0.62,0.59,0.65,All Persons,All IMD Quintiles,East of England,All Routes,Advanced,All Ages,All Years
5,0.61,0.58,0.64,All Persons,All IMD Quintiles,East of England,All Routes,Advanced,All Ages,All Years
0,1.00,0.99,1.00,All Persons,All IMD Quintiles,East of England,All Routes,All Stages,0-49,All Years
0.25,0.99,0.98,1.00,All Persons,All IMD Quintiles,East of England,All Routes,All Stages,0-49,All Years
0.5,0.98,0.95,1.00,All Persons,All IMD Quintiles,East of England,All Routes,All Stages,0-49,All Years
0.75,0.94,0.91,0.97,All Persons,All IMD Quintiles,East of England,All Routes,All Stages,0-49,All Years
1,0.92,0.88,0.96,All Persons,All IMD Quintiles,East of England,All Routes,All Stages,0-49,All Years
1.25,0.92,0.88,0.96,All Persons,All IMD Quintiles,East of England,All Routes,All Stages,0-49,All Years
1.5,0.92,0.88,0.96,All Persons,All IMD Quintiles,East of England,All Routes,All Stages,0-49,All Years
1.75,0.91,0.86,0.95,All Persons,All IMD Quintiles,East of England,All Routes,All Stages,0-49,All Years
2,0.91,0.86,0.95,All Persons,All IMD Quintiles,East of England,All Routes,All Stages,0-49,All Years
2.25,0.89,0.84,0.93,All Persons,All IMD Quintiles,East of England,All Routes,All Stages,0-49,All Years
2.5,0.88,0.83,0.93,All Persons,All IMD Quintiles,East of England,All Routes,All Stages,0-49,All Years
2.75,0.87,0.83,0.92,All Persons,All IMD Quintiles,East of England,All Routes,All Stages,0-49,All Years
3,0.86,0.81,0.91,All Persons,All IMD Quintiles,East of England,All Routes,All Stages,0-49,All Years
3.25,0.86,0.81,0.91,All Persons,All IMD Quintiles,East of England,All Routes,All Stages,0-49,All Years
3.5,0.84,0.79,0.90,All Persons,All IMD Quintiles,East of England,All Routes,All Stages,0-49,All Years
3.75,0.84,0.79,0.90,All Persons,All IMD Quintiles,East of England,All Routes,All Stages,0-49,All Years
4,0.84,0.79,0.90,All Persons,All IMD Quintiles,East of England,All Routes,All Stages,0-49,All Years
4.25,0.83,0.78,0.89,All Persons,All IMD Quintiles,East of England,All Routes,All Stages,0-49,All Years
4.5,0.83,0.78,0.89,All Persons,All IMD Quintiles,East of England,All Routes,All Stages,0-49,All Years
4.75,0.83,0.78,0.89,All Persons,All IMD Quintiles,East of England,All Routes,All Stages,0-49,All Years
5,0.83,0.78,0.89,All Persons,All IMD Quintiles,East of England,All Routes,All Stages,0-49,All Years
0,0.99,0.98,1.00,All Persons,All IMD Quintiles,East of England,All Routes,All Stages,50-54,All Years
0.25,0.97,0.96,0.99,All Persons,All IMD Quintiles,East of England,All Routes,All Stages,50-54,All Years
0.5,0.95,0.93,0.97,All Persons,All IMD Quintiles,East of England,All Routes,All Stages,50-54,All Years
0.75,0.92,0.89,0.95,All Persons,All IMD Quintiles,East of England,All Routes,All Stages,50-54,All Years
1,0.91,0.87,0.94,All Persons,All IMD Quintiles,East of England,All Routes,All Stages,50-54,All Years
1.25,0.89,0.86,0.93,All Persons,All IMD Quintiles,East of England,All Routes,All Stages,50-54,All Years
1.5,0.89,0.86,0.93,All Persons,All IMD Quintiles,East of England,All Routes,All Stages,50-54,All Years
1.75,0.87,0.83,0.91,All Persons,All IMD Quintiles,East of England,All Routes,All Stages,50-54,All Years
2,0.86,0.82,0.90,All Persons,All IMD Quintiles,East of England,All Routes,All Stages,50-54,All Years
2.25,0.85,0.81,0.89,All Persons,All IMD Quintiles,East of England,All Routes,All Stages,50-54,All Years
2.5,0.85,0.81,0.89,All Persons,All IMD Quintiles,East of England,All Routes,All Stages,50-54,All Years
2.75,0.85,0.81,0.89,All Persons,All IMD Quintiles,East of England,All Routes,All Stages,50-54,All Years
3,0.85,0.81,0.89,All Persons,All IMD Quintiles,East of England,All Routes,All Stages,50-54,All Years
3.25,0.84,0.79,0.88,All Persons,All IMD Quintiles,East of England,All Routes,All Stages,50-54,All Years
3.5,0.84,0.79,0.88,All Persons,All IMD Quintiles,East of England,All Routes,All Stages,50-54,All Years
3.75,0.83,0.78,0.88,All Persons,All IMD Quintiles,East of England,All Routes,All Stages,50-54,All Years
4,0.83,0.78,0.88,All Persons,All IMD Quintiles,East of England,All Routes,All Stages,50-54,All Years
4.25,0.82,0.77,0.87,All Persons,All IMD Quintiles,East of England,All Routes,All Stages,50-54,All Years
4.5,0.81,0.76,0.86,All Persons,All IMD Quintiles,East of England,All Routes,All Stages,50-54,All Years
4.75,0.81,0.76,0.86,All Persons,All IMD Quintiles,East of England,All Routes,All Stages,50-54,All Years
5,0.80,0.75,0.86,All Persons,All IMD Quintiles,East of England,All Routes,All Stages,50-54,All Years
0,1.00,0.99,1.00,All Persons,All IMD Quintiles,East of England,All Routes,All Stages,55-59,All Years
0.25,0.98,0.96,0.99,All Persons,All IMD Quintiles,East of England,All Routes,All Stages,55-59,All Years
0.5,0.96,0.94,0.98,All Persons,All IMD Quintiles,East of England,All Routes,All Stages,55-59,All Years
0.75,0.94,0.92,0.96,All Persons,All IMD Quintiles,East of England,All Routes,All Stages,55-59,All Years
1,0.91,0.89,0.94,All Persons,All IMD Quintiles,East of England,All Routes,All Stages,55-59,All Years
1.25,0.89,0.86,0.92,All Persons,All IMD Quintiles,East of England,All Routes,All Stages,55-59,All Years
1.5,0.88,0.85,0.91,All Persons,All IMD Quintiles,East of England,All Routes,All Stages,55-59,All Years
1.75,0.86,0.83,0.90,All Persons,All IMD Quintiles,East of England,All Routes,All Stages,55-59,All Years
2,0.85,0.82,0.89,All Persons,All IMD Quintiles,East of England,All Routes,All Stages,55-59,All Years
2.25,0.84,0.80,0.87,All Persons,All IMD Quintiles,East of England,All Routes,All Stages,55-59,All Years
2.5,0.84,0.80,0.87,All Persons,All IMD Quintiles,East of England,All Routes,All Stages,55-59,All Years
2.75,0.82,0.78,0.86,All Persons,All IMD Quintiles,East of England,All Routes,All Stages,55-59,All Years
3,0.82,0.78,0.86,All Persons,All IMD Quintiles,East of England,All Routes,All Stages,55-59,All Years
3.25,0.82,0.78,0.86,All Persons,All IMD Quintiles,East of England,All Routes,All Stages,55-59,All Years
3.5,0.81,0.76,0.85,All Persons,All IMD Quintiles,East of England,All Routes,All Stages,55-59,All Years
3.75,0.80,0.76,0.85,All Persons,All IMD Quintiles,East of England,All Routes,All Stages,55-59,All Years
4,0.79,0.74,0.84,All Persons,All IMD Quintiles,East of England,All Routes,All Stages,55-59,All Years
4.25,0.79,0.74,0.84,All Persons,All IMD Quintiles,East of England,All Routes,All Stages,55-59,All Years
4.5,0.78,0.74,0.83,All Persons,All IMD Quintiles,East of England,All Routes,All Stages,55-59,All Years
4.75,0.78,0.74,0.83,All Persons,All IMD Quintiles,East of England,All Routes,All Stages,55-59,All Years
5,0.78,0.73,0.82,All Persons,All IMD Quintiles,East of England,All Routes,All Stages,55-59,All Years
0,1.00,0.99,1.00,All Persons,All IMD Quintiles,East of England,All Routes,All Stages,60-64,All Years
0.25,0.93,0.91,0.96,All Persons,All IMD Quintiles,East of England,All Routes,All Stages,60-64,All Years
0.5,0.90,0.86,0.93,All Persons,All IMD Quintiles,East of England,All Routes,All Stages,60-64,All Years
0.75,0.86,0.82,0.90,All Persons,All IMD Quintiles,East of England,All Routes,All Stages,60-64,All Years
1,0.84,0.81,0.88,All Persons,All IMD Quintiles,East of England,All Routes,All Stages,60-64,All Years
1.25,0.82,0.79,0.86,All Persons,All IMD Quintiles,East of England,All Routes,All Stages,60-64,All Years
1.5,0.80,0.76,0.84,All Persons,All IMD Quintiles,East of England,All Routes,All Stages,60-64,All Years
1.75,0.79,0.75,0.83,All Persons,All IMD Quintiles,East of England,All Routes,All Stages,60-64,All Years
2,0.77,0.73,0.82,All Persons,All IMD Quintiles,East of England,All Routes,All Stages,60-64,All Years
2.25,0.75,0.70,0.79,All Persons,All IMD Quintiles,East of England,All Routes,All Stages,60-64,All Years
2.5,0.74,0.69,0.78,All Persons,All IMD Quintiles,East of England,All Routes,All Stages,60-64,All Years
2.75,0.71,0.67,0.76,All Persons,All IMD Quintiles,East of England,All Routes,All Stages,60-64,All Years
3,0.70,0.65,0.75,All Persons,All IMD Quintiles,East of England,All Routes,All Stages,60-64,All Years
3.25,0.69,0.64,0.74,All Persons,All IMD Quintiles,East of England,All Routes,All Stages,60-64,All Years
3.5,0.68,0.63,0.74,All Persons,All IMD Quintiles,East of England,All Routes,All Stages,60-64,All Years
3.75,0.68,0.63,0.74,All Persons,All IMD Quintiles,East of England,All Routes,All Stages,60-64,All Years
4,0.68,0.63,0.73,All Persons,All IMD Quintiles,East of England,All Routes,All Stages,60-64,All Years
4.25,0.66,0.60,0.71,All Persons,All IMD Quintiles,East of England,All Routes,All Stages,60-64,All Years
4.5,0.66,0.60,0.71,All Persons,All IMD Quintiles,East of England,All Routes,All Stages,60-64,All Years
4.75,0.65,0.59,0.71,All Persons,All IMD Quintiles,East of England,All Routes,All Stages,60-64,All Years
5,0.64,0.58,0.70,All Persons,All IMD Quintiles,East of England,All Routes,All Stages,60-64,All Years
0,1.00,0.99,1.00,All Persons,All IMD Quintiles,East of England,All Routes,All Stages,65-69,All Years
0.25,0.94,0.91,0.97,All Persons,All IMD Quintiles,East of England,All Routes,All Stages,65-69,All Years
0.5,0.90,0.87,0.94,All Persons,All IMD Quintiles,East of England,All Routes,All Stages,65-69,All Years
0.75,0.87,0.83,0.91,All Persons,All IMD Quintiles,East of England,All Routes,All Stages,65-69,All Years
1,0.84,0.79,0.88,All Persons,All IMD Quintiles,East of England,All Routes,All Stages,65-69,All Years
1.25,0.80,0.76,0.85,All Persons,All IMD Quintiles,East of England,All Routes,All Stages,65-69,All Years
1.5,0.78,0.73,0.83,All Persons,All IMD Quintiles,East of England,All Routes,All Stages,65-69,All Years
1.75,0.76,0.71,0.81,All Persons,All IMD Quintiles,East of England,All Routes,All Stages,65-69,All Years
2,0.74,0.69,0.79,All Persons,All IMD Quintiles,East of England,All Routes,All Stages,65-69,All Years
2.25,0.74,0.69,0.79,All Persons,All IMD Quintiles,East of England,All Routes,All Stages,65-69,All Years
2.5,0.73,0.68,0.79,All Persons,All IMD Quintiles,East of England,All Routes,All Stages,65-69,All Years
2.75,0.73,0.68,0.79,All Persons,All IMD Quintiles,East of England,All Routes,All Stages,65-69,All Years
3,0.71,0.66,0.77,All Persons,All IMD Quintiles,East of England,All Routes,All Stages,65-69,All Years
3.25,0.71,0.66,0.77,All Persons,All IMD Quintiles,East of England,All Routes,All Stages,65-69,All Years
3.5,0.70,0.64,0.76,All Persons,All IMD Quintiles,East of England,All Routes,All Stages,65-69,All Years
3.75,0.67,0.61,0.73,All Persons,All IMD Quintiles,East of England,All Routes,All Stages,65-69,All Years
4,0.66,0.60,0.73,All Persons,All IMD Quintiles,East of England,All Routes,All Stages,65-69,All Years
4.25,0.65,0.58,0.71,All Persons,All IMD Quintiles,East of England,All Routes,All Stages,65-69,All Years
4.5,0.64,0.57,0.70,All Persons,All IMD Quintiles,East of England,All Routes,All Stages,65-69,All Years
4.75,0.64,0.57,0.70,All Persons,All IMD Quintiles,East of England,All Routes,All Stages,65-69,All Years
5,0.64,0.57,0.70,All Persons,All IMD Quintiles,East of England,All Routes,All Stages,65-69,All Years
0,1.00,0.99,1.00,All Persons,All IMD Quintiles,East of England,All Routes,All Stages,70-74,All Years
0.25,0.92,0.89,0.96,All Persons,All IMD Quintiles,East of England,All Routes,All Stages,70-74,All Years
0.5,0.87,0.83,0.92,All Persons,All IMD Quintiles,East of England,All Routes,All Stages,70-74,All Years
0.75,0.81,0.76,0.86,All Persons,All IMD Quintiles,East of England,All Routes,All Stages,70-74,All Years
1,0.79,0.73,0.84,All Persons,All IMD Quintiles,East of England,All Routes,All Stages,70-74,All Years
1.25,0.78,0.73,0.83,All Persons,All IMD Quintiles,East of England,All Routes,All Stages,70-74,All Years
1.5,0.76,0.71,0.82,All Persons,All IMD Quintiles,East of England,All Routes,All Stages,70-74,All Years
1.75,0.75,0.70,0.81,All Persons,All IMD Quintiles,East of England,All Routes,All Stages,70-74,All Years
2,0.73,0.68,0.79,All Persons,All IMD Quintiles,East of England,All Routes,All Stages,70-74,All Years
2.25,0.72,0.66,0.78,All Persons,All IMD Quintiles,East of England,All Routes,All Stages,70-74,All Years
2.5,0.70,0.64,0.76,All Persons,All IMD Quintiles,East of England,All Routes,All Stages,70-74,All Years
2.75,0.67,0.61,0.74,All Persons,All IMD Quintiles,East of England,All Routes,All Stages,70-74,All Years
3,0.67,0.60,0.73,All Persons,All IMD Quintiles,East of England,All Routes,All Stages,70-74,All Years
3.25,0.66,0.59,0.72,All Persons,All IMD Quintiles,East of England,All Routes,All Stages,70-74,All Years
3.5,0.65,0.58,0.72,All Persons,All IMD Quintiles,East of England,All Routes,All Stages,70-74,All Years
3.75,0.63,0.56,0.70,All Persons,All IMD Quintiles,East of England,All Routes,All Stages,70-74,All Years
4,0.61,0.54,0.68,All Persons,All IMD Quintiles,East of England,All Routes,All Stages,70-74,All Years
4.25,0.61,0.54,0.68,All Persons,All IMD Quintiles,East of England,All Routes,All Stages,70-74,All Years
4.5,0.57,0.49,0.65,All Persons,All IMD Quintiles,East of England,All Routes,All Stages,70-74,All Years
4.75,0.57,0.49,0.65,All Persons,All IMD Quintiles,East of England,All Routes,All Stages,70-74,All Years
5,0.55,0.47,0.63,All Persons,All IMD Quintiles,East of England,All Routes,All Stages,70-74,All Years
0,0.99,0.98,1.01,All Persons,All IMD Quintiles,East of England,All Routes,All Stages,75-79,All Years
0.25,0.90,0.84,0.95,All Persons,All IMD Quintiles,East of England,All Routes,All Stages,75-79,All Years
0.5,0.81,0.75,0.88,All Persons,All IMD Quintiles,East of England,All Routes,All Stages,75-79,All Years
0.75,0.79,0.72,0.86,All Persons,All IMD Quintiles,East of England,All Routes,All Stages,75-79,All Years
1,0.74,0.67,0.82,All Persons,All IMD Quintiles,East of England,All Routes,All Stages,75-79,All Years
1.25,0.68,0.60,0.77,All Persons,All IMD Quintiles,East of England,All Routes,All Stages,75-79,All Years
1.5,0.66,0.58,0.75,All Persons,All IMD Quintiles,East of England,All Routes,All Stages,75-79,All Years
1.75,0.63,0.54,0.71,All Persons,All IMD Quintiles,East of England,All Routes,All Stages,75-79,All Years
2,0.55,0.46,0.64,All Persons,All IMD Quintiles,East of England,All Routes,All Stages,75-79,All Years
2.25,0.54,0.45,0.63,All Persons,All IMD Quintiles,East of England,All Routes,All Stages,75-79,All Years
2.5,0.53,0.43,0.62,All Persons,All IMD Quintiles,East of England,All Routes,All Stages,75-79,All Years
2.75,0.50,0.40,0.60,All Persons,All IMD Quintiles,East of England,All Routes,All Stages,75-79,All Years
3,0.48,0.39,0.58,All Persons,All IMD Quintiles,East of England,All Routes,All Stages,75-79,All Years
3.25,0.44,0.34,0.54,All Persons,All IMD Quintiles,East of England,All Routes,All Stages,75-79,All Years
3.5,0.39,0.28,0.49,All Persons,All IMD Quintiles,East of England,All Routes,All Stages,75-79,All Years
3.75,0.37,0.27,0.47,All Persons,All IMD Quintiles,East of England,All Routes,All Stages,75-79,All Years
4,0.37,0.27,0.47,All Persons,All IMD Quintiles,East of England,All Routes,All Stages,75-79,All Years
4.25,0.32,0.21,0.43,All Persons,All IMD Quintiles,East of England,All Routes,All Stages,75-79,All Years
4.5,0.32,0.21,0.43,All Persons,All IMD Quintiles,East of England,All Routes,All Stages,75-79,All Years
4.75,0.32,0.21,0.43,All Persons,All IMD Quintiles,East of England,All Routes,All Stages,75-79,All Years
5,0.32,0.21,0.43,All Persons,All IMD Quintiles,East of England,All Routes,All Stages,75-79,All Years
0,0.98,0.95,1.02,All Persons,All IMD Quintiles,East of England,All Routes,All Stages,80-84,All Years
0.25,0.84,0.75,0.94,All Persons,All IMD Quintiles,East of England,All Routes,All Stages,80-84,All Years
0.5,0.79,0.68,0.89,All Persons,All IMD Quintiles,East of England,All Routes,All Stages,80-84,All Years
0.75,0.72,0.60,0.83,All Persons,All IMD Quintiles,East of England,All Routes,All Stages,80-84,All Years
1,0.63,0.51,0.76,All Persons,All IMD Quintiles,East of England,All Routes,All Stages,80-84,All Years
1.25,0.60,0.47,0.72,All Persons,All IMD Quintiles,East of England,All Routes,All Stages,80-84,All Years
1.5,0.52,0.39,0.65,All Persons,All IMD Quintiles,East of England,All Routes,All Stages,80-84,All Years
1.75,0.50,0.36,0.63,All Persons,All IMD Quintiles,East of England,All Routes,All Stages,80-84,All Years
2,0.50,0.36,0.63,All Persons,All IMD Quintiles,East of England,All Routes,All Stages,80-84,All Years
2.25,0.50,0.36,0.63,All Persons,All IMD Quintiles,East of England,All Routes,All Stages,80-84,All Years
2.75,0.50,0.36,0.63,All Persons,All IMD Quintiles,East of England,All Routes,All Stages,80-84,All Years
3,0.50,0.36,0.63,All Persons,All IMD Quintiles,East of England,All Routes,All Stages,80-84,All Years
3.25,0.46,0.33,0.60,All Persons,All IMD Quintiles,East of England,All Routes,All Stages,80-84,All Years
3.5,0.46,0.33,0.60,All Persons,All IMD Quintiles,East of England,All Routes,All Stages,80-84,All Years
3.75,0.46,0.33,0.60,All Persons,All IMD Quintiles,East of England,All Routes,All Stages,80-84,All Years
4.25,0.42,0.27,0.56,All Persons,All IMD Quintiles,East of England,All Routes,All Stages,80-84,All Years
4.5,0.36,0.21,0.52,All Persons,All IMD Quintiles,East of England,All Routes,All Stages,80-84,All Years
5,0.36,0.21,0.52,All Persons,All IMD Quintiles,East of England,All Routes,All Stages,80-84,All Years
0,0.96,0.89,1.03,All Persons,All IMD Quintiles,East of England,All Routes,All Stages,85-89,All Years
0.25,0.77,0.61,0.93,All Persons,All IMD Quintiles,East of England,All Routes,All Stages,85-89,All Years
0.5,0.65,0.48,0.83,All Persons,All IMD Quintiles,East of England,All Routes,All Stages,85-89,All Years
0.75,0.58,0.39,0.76,All Persons,All IMD Quintiles,East of England,All Routes,All Stages,85-89,All Years
1,0.50,0.31,0.69,All Persons,All IMD Quintiles,East of England,All Routes,All Stages,85-89,All Years
1.25,0.35,0.17,0.52,All Persons,All IMD Quintiles,East of England,All Routes,All Stages,85-89,All Years
1.5,0.26,0.10,0.42,All Persons,All IMD Quintiles,East of England,All Routes,All Stages,85-89,All Years
1.75,0.26,0.10,0.42,All Persons,All IMD Quintiles,East of England,All Routes,All Stages,85-89,All Years
3.25,0.26,0.10,0.42,All Persons,All IMD Quintiles,East of England,All Routes,All Stages,85-89,All Years
3.5,0.26,0.10,0.42,All Persons,All IMD Quintiles,East of England,All Routes,All Stages,85-89,All Years
0,0.93,0.80,1.06,All Persons,All IMD Quintiles,East of England,All Routes,All Stages,90+,All Years
0.25,0.64,0.40,0.88,All Persons,All IMD Quintiles,East of England,All Routes,All Stages,90+,All Years
0.75,0.50,0.25,0.75,All Persons,All IMD Quintiles,East of England,All Routes,All Stages,90+,All Years
1,0.21,0.02,0.41,All Persons,All IMD Quintiles,East of England,All Routes,All Stages,90+,All Years
1.25,0.14,-0.02,0.30,All Persons,All IMD Quintiles,East of England,All Routes,All Stages,90+,All Years
1.5,0.14,-0.02,0.30,All Persons,All IMD Quintiles,East of England,All Routes,All Stages,90+,All Years
2.25,0.00,0.00,0.00,All Persons,All IMD Quintiles,East of England,All Routes,All Stages,90+,All Years
0,1.00,0.99,1.00,All Persons,All IMD Quintiles,East of England,All Routes,All Stages,All Ages,2016
0.25,0.95,0.93,0.98,All Persons,All IMD Quintiles,East of England,All Routes,All Stages,All Ages,2016
0.5,0.91,0.87,0.94,All Persons,All IMD Quintiles,East of England,All Routes,All Stages,All Ages,2016
0.75,0.87,0.83,0.91,All Persons,All IMD Quintiles,East of England,All Routes,All Stages,All Ages,2016
1,0.83,0.79,0.88,All Persons,All IMD Quintiles,East of England,All Routes,All Stages,All Ages,2016
1.25,0.81,0.77,0.86,All Persons,All IMD Quintiles,East of England,All Routes,All Stages,All Ages,2016
1.5,0.80,0.76,0.85,All Persons,All IMD Quintiles,East of England,All Routes,All Stages,All Ages,2016
1.75,0.79,0.74,0.84,All Persons,All IMD Quintiles,East of England,All Routes,All Stages,All Ages,2016
2,0.77,0.72,0.82,All Persons,All IMD Quintiles,East of England,All Routes,All Stages,All Ages,2016
2.25,0.76,0.71,0.81,All Persons,All IMD Quintiles,East of England,All Routes,All Stages,All Ages,2016
2.5,0.75,0.70,0.80,All Persons,All IMD Quintiles,East of England,All Routes,All Stages,All Ages,2016
2.75,0.74,0.68,0.79,All Persons,All IMD Quintiles,East of England,All Routes,All Stages,All Ages,2016
3,0.72,0.67,0.77,All Persons,All IMD Quintiles,East of England,All Routes,All Stages,All Ages,2016
3.25,0.71,0.66,0.77,All Persons,All IMD Quintiles,East of England,All Routes,All Stages,All Ages,2016
3.5,0.71,0.66,0.76,All Persons,All IMD Quintiles,East of England,All Routes,All Stages,All Ages,2016
3.75,0.70,0.65,0.76,All Persons,All IMD Quintiles,East of England,All Routes,All Stages,All Ages,2016
4.25,0.70,0.65,0.75,All Persons,All IMD Quintiles,East of England,All Routes,All Stages,All Ages,2016
4.5,0.70,0.64,0.75,All Persons,All IMD Quintiles,East of England,All Routes,All Stages,All Ages,2016
4.75,0.69,0.64,0.75,All Persons,All IMD Quintiles,East of England,All Routes,All Stages,All Ages,2016
0,1.00,0.99,1.00,All Persons,All IMD Quintiles,East of England,All Routes,All Stages,All Ages,2017
0.25,0.95,0.92,0.97,All Persons,All IMD Quintiles,East of England,All Routes,All Stages,All Ages,2017
0.5,0.93,0.90,0.96,All Persons,All IMD Quintiles,East of England,All Routes,All Stages,All Ages,2017
0.75,0.88,0.85,0.92,All Persons,All IMD Quintiles,East of England,All Routes,All Stages,All Ages,2017
1,0.86,0.82,0.90,All Persons,All IMD Quintiles,East of England,All Routes,All Stages,All Ages,2017
1.25,0.83,0.78,0.87,All Persons,All IMD Quintiles,East of England,All Routes,All Stages,All Ages,2017
1.5,0.82,0.78,0.87,All Persons,All IMD Quintiles,East of England,All Routes,All Stages,All Ages,2017
1.75,0.80,0.76,0.85,All Persons,All IMD Quintiles,East of England,All Routes,All Stages,All Ages,2017
2,0.78,0.73,0.83,All Persons,All IMD Quintiles,East of England,All Routes,All Stages,All Ages,2017
2.25,0.77,0.72,0.82,All Persons,All IMD Quintiles,East of England,All Routes,All Stages,All Ages,2017
2.5,0.76,0.71,0.81,All Persons,All IMD Quintiles,East of England,All Routes,All Stages,All Ages,2017
3,0.75,0.70,0.80,All Persons,All IMD Quintiles,East of England,All Routes,All Stages,All Ages,2017
3.25,0.73,0.68,0.78,All Persons,All IMD Quintiles,East of England,All Routes,All Stages,All Ages,2017
3.5,0.72,0.66,0.77,All Persons,All IMD Quintiles,East of England,All Routes,All Stages,All Ages,2017
3.75,0.71,0.65,0.76,All Persons,All IMD Quintiles,East of England,All Routes,All Stages,All Ages,2017
4,0.70,0.64,0.75,All Persons,All IMD Quintiles,East of England,All Routes,All Stages,All Ages,2017
4.25,0.69,0.63,0.74,All Persons,All IMD Quintiles,East of England,All Routes,All Stages,All Ages,2017
4.5,0.67,0.61,0.72,All Persons,All IMD Quintiles,East of England,All Routes,All Stages,All Ages,2017
4.75,0.66,0.61,0.72,All Persons,All IMD Quintiles,East of England,All Routes,All Stages,All Ages,2017
5,0.66,0.60,0.71,All Persons,All IMD Quintiles,East of England,All Routes,All Stages,All Ages,2017
0,1.00,0.99,1.00,All Persons,All IMD Quintiles,East of England,All Routes,All Stages,All Ages,2018
0.25,0.94,0.92,0.97,All Persons,All IMD Quintiles,East of England,All Routes,All Stages,All Ages,2018
0.5,0.90,0.87,0.94,All Persons,All IMD Quintiles,East of England,All Routes,All Stages,All Ages,2018
0.75,0.88,0.84,0.91,All Persons,All IMD Quintiles,East of England,All Routes,All Stages,All Ages,2018
1,0.86,0.82,0.90,All Persons,All IMD Quintiles,East of England,All Routes,All Stages,All Ages,2018
1.25,0.83,0.79,0.87,All Persons,All IMD Quintiles,East of England,All Routes,All Stages,All Ages,2018
1.5,0.81,0.76,0.85,All Persons,All IMD Quintiles,East of England,All Routes,All Stages,All Ages,2018
1.75,0.78,0.74,0.83,All Persons,All IMD Quintiles,East of England,All Routes,All Stages,All Ages,2018
2,0.78,0.73,0.82,All Persons,All IMD Quintiles,East of England,All Routes,All Stages,All Ages,2018
2.25,0.77,0.72,0.81,All Persons,All IMD Quintiles,East of England,All Routes,All Stages,All Ages,2018
2.5,0.76,0.71,0.81,All Persons,All IMD Quintiles,East of England,All Routes,All Stages,All Ages,2018
2.75,0.75,0.70,0.80,All Persons,All IMD Quintiles,East of England,All Routes,All Stages,All Ages,2018
3,0.74,0.69,0.79,All Persons,All IMD Quintiles,East of England,All Routes,All Stages,All Ages,2018
3.25,0.74,0.69,0.78,All Persons,All IMD Quintiles,East of England,All Routes,All Stages,All Ages,2018
3.5,0.73,0.68,0.78,All Persons,All IMD Quintiles,East of England,All Routes,All Stages,All Ages,2018
3.75,0.72,0.67,0.77,All Persons,All IMD Quintiles,East of England,All Routes,All Stages,All Ages,2018
4,0.71,0.66,0.76,All Persons,All IMD Quintiles,East of England,All Routes,All Stages,All Ages,2018
4.25,0.69,0.64,0.74,All Persons,All IMD Quintiles,East of England,All Routes,All Stages,All Ages,2018
4.5,0.68,0.62,0.73,All Persons,All IMD Quintiles,East of England,All Routes,All Stages,All Ages,2018
4.75,0.68,0.62,0.73,All Persons,All IMD Quintiles,East of England,All Routes,All Stages,All Ages,2018
5,0.68,0.62,0.73,All Persons,All IMD Quintiles,East of England,All Routes,All Stages,All Ages,2018
0,1.00,0.99,1.00,All Persons,All IMD Quintiles,East of England,All Routes,All Stages,All Ages,2019
0.25,0.93,0.90,0.95,All Persons,All IMD Quintiles,East of England,All Routes,All Stages,All Ages,2019
0.5,0.90,0.87,0.93,All Persons,All IMD Quintiles,East of England,All Routes,All Stages,All Ages,2019
0.75,0.86,0.82,0.89,All Persons,All IMD Quintiles,East of England,All Routes,All Stages,All Ages,2019
1,0.82,0.78,0.86,All Persons,All IMD Quintiles,East of England,All Routes,All Stages,All Ages,2019
1.25,0.81,0.77,0.85,All Persons,All IMD Quintiles,East of England,All Routes,All Stages,All Ages,2019
1.5,0.80,0.76,0.84,All Persons,All IMD Quintiles,East of England,All Routes,All Stages,All Ages,2019
1.75,0.78,0.74,0.82,All Persons,All IMD Quintiles,East of England,All Routes,All Stages,All Ages,2019
2,0.76,0.72,0.81,All Persons,All IMD Quintiles,East of England,All Routes,All Stages,All Ages,2019
2.25,0.75,0.71,0.80,All Persons,All IMD Quintiles,East of England,All Routes,All Stages,All Ages,2019
2.5,0.75,0.70,0.79,All Persons,All IMD Quintiles,East of England,All Routes,All Stages,All Ages,2019
2.75,0.74,0.69,0.78,All Persons,All IMD Quintiles,East of England,All Routes,All Stages,All Ages,2019
3,0.72,0.68,0.77,All Persons,All IMD Quintiles,East of England,All Routes,All Stages,All Ages,2019
3.25,0.72,0.67,0.76,All Persons,All IMD Quintiles,East of England,All Routes,All Stages,All Ages,2019
3.5,0.70,0.65,0.75,All Persons,All IMD Quintiles,East of England,All Routes,All Stages,All Ages,2019
3.75,0.70,0.65,0.75,All Persons,All IMD Quintiles,East of England,All Routes,All Stages,All Ages,2019
4,0.70,0.65,0.75,All Persons,All IMD Quintiles,East of England,All Routes,All Stages,All Ages,2019
0,1.00,0.99,1.00,All Persons,All IMD Quintiles,East of England,All Routes,All Stages,All Ages,2020
0.25,0.96,0.94,0.98,All Persons,All IMD Quintiles,East of England,All Routes,All Stages,All Ages,2020
0.5,0.92,0.89,0.95,All Persons,All IMD Quintiles,East of England,All Routes,All Stages,All Ages,2020
0.75,0.88,0.85,0.92,All Persons,All IMD Quintiles,East of England,All Routes,All Stages,All Ages,2020
1,0.84,0.80,0.88,All Persons,All IMD Quintiles,East of England,All Routes,All Stages,All Ages,2020
1.25,0.83,0.79,0.87,All Persons,All IMD Quintiles,East of England,All Routes,All Stages,All Ages,2020
1.5,0.81,0.77,0.85,All Persons,All IMD Quintiles,East of England,All Routes,All Stages,All Ages,2020
1.75,0.80,0.76,0.84,All Persons,All IMD Quintiles,East of England,All Routes,All Stages,All Ages,2020
2,0.78,0.74,0.83,All Persons,All IMD Quintiles,East of England,All Routes,All Stages,All Ages,2020
2.25,0.76,0.72,0.81,All Persons,All IMD Quintiles,East of England,All Routes,All Stages,All Ages,2020
2.5,0.75,0.70,0.80,All Persons,All IMD Quintiles,East of England,All Routes,All Stages,All Ages,2020
2.75,0.73,0.68,0.79,All Persons,All IMD Quintiles,East of England,All Routes,All Stages,All Ages,2020
3,0.72,0.67,0.78,All Persons,All IMD Quintiles,East of England,All Routes,All Stages,All Ages,2020
3.25,0.36,0.01,0.72,All Persons,All IMD Quintiles,East of England,All Routes,All Stages,All Ages,2020
0,1.00,0.99,1.00,All Persons,All IMD Quintiles,East of England,All Routes,All Stages,All Ages,2021
0.25,0.94,0.92,0.97,All Persons,All IMD Quintiles,East of England,All Routes,All Stages,All Ages,2021
0.5,0.91,0.88,0.94,All Persons,All IMD Quintiles,East of England,All Routes,All Stages,All Ages,2021
0.75,0.89,0.86,0.92,All Persons,All IMD Quintiles,East of England,All Routes,All Stages,All Ages,2021
1,0.85,0.82,0.89,All Persons,All IMD Quintiles,East of England,All Routes,All Stages,All Ages,2021
1.25,0.82,0.79,0.86,All Persons,All IMD Quintiles,East of England,All Routes,All Stages,All Ages,2021
1.5,0.81,0.77,0.85,All Persons,All IMD Quintiles,East of England,All Routes,All Stages,All Ages,2021
1.75,0.77,0.72,0.82,All Persons,All IMD Quintiles,East of England,All Routes,All Stages,All Ages,2021
2,0.73,0.66,0.80,All Persons,All IMD Quintiles,East of England,All Routes,All Stages,All Ages,2021
0,0.99,0.96,1.01,All Persons,All IMD Quintiles,London,Emergency,All Stages,All Ages,All Years
0.25,0.74,0.64,0.84,All Persons,All IMD Quintiles,London,Emergency,All Stages,All Ages,All Years
0.5,0.62,0.51,0.73,All Persons,All IMD Quintiles,London,Emergency,All Stages,All Ages,All Years
0.75,0.47,0.36,0.59,All Persons,All IMD Quintiles,London,Emergency,All Stages,All Ages,All Years
1,0.46,0.35,0.57,All Persons,All IMD Quintiles,London,Emergency,All Stages,All Ages,All Years
1.25,0.43,0.32,0.54,All Persons,All IMD Quintiles,London,Emergency,All Stages,All Ages,All Years
1.5,0.41,0.29,0.52,All Persons,All IMD Quintiles,London,Emergency,All Stages,All Ages,All Years
1.75,0.38,0.27,0.49,All Persons,All IMD Quintiles,London,Emergency,All Stages,All Ages,All Years
2,0.36,0.26,0.47,All Persons,All IMD Quintiles,London,Emergency,All Stages,All Ages,All Years
2.5,0.35,0.24,0.46,All Persons,All IMD Quintiles,London,Emergency,All Stages,All Ages,All Years
3.25,0.34,0.23,0.44,All Persons,All IMD Quintiles,London,Emergency,All Stages,All Ages,All Years
3.75,0.34,0.23,0.44,All Persons,All IMD Quintiles,London,Emergency,All Stages,All Ages,All Years
4,0.34,0.23,0.44,All Persons,All IMD Quintiles,London,Emergency,All Stages,All Ages,All Years
4.25,0.34,0.23,0.44,All Persons,All IMD Quintiles,London,Emergency,All Stages,All Ages,All Years
4.5,0.34,0.23,0.44,All Persons,All IMD Quintiles,London,Emergency,All Stages,All Ages,All Years
4.75,0.34,0.23,0.44,All Persons,All IMD Quintiles,London,Emergency,All Stages,All Ages,All Years
5,0.31,0.21,0.42,All Persons,All IMD Quintiles,London,Emergency,All Stages,All Ages,All Years
0,1.00,1.00,1.00,All Persons,All IMD Quintiles,London,Non-emergency,All Stages,All Ages,All Years
0.25,0.97,0.95,0.98,All Persons,All IMD Quintiles,London,Non-emergency,All Stages,All Ages,All Years
0.5,0.92,0.90,0.94,All Persons,All IMD Quintiles,London,Non-emergency,All Stages,All Ages,All Years
0.75,0.87,0.84,0.89,All Persons,All IMD Quintiles,London,Non-emergency,All Stages,All Ages,All Years
1,0.84,0.81,0.86,All Persons,All IMD Quintiles,London,Non-emergency,All Stages,All Ages,All Years
1.25,0.82,0.79,0.84,All Persons,All IMD Quintiles,London,Non-emergency,All Stages,All Ages,All Years
1.5,0.79,0.76,0.82,All Persons,All IMD Quintiles,London,Non-emergency,All Stages,All Ages,All Years
1.75,0.76,0.73,0.80,All Persons,All IMD Quintiles,London,Non-emergency,All Stages,All Ages,All Years
2,0.74,0.71,0.78,All Persons,All IMD Quintiles,London,Non-emergency,All Stages,All Ages,All Years
2.25,0.73,0.70,0.76,All Persons,All IMD Quintiles,London,Non-emergency,All Stages,All Ages,All Years
2.5,0.71,0.68,0.74,All Persons,All IMD Quintiles,London,Non-emergency,All Stages,All Ages,All Years
2.75,0.70,0.67,0.73,All Persons,All IMD Quintiles,London,Non-emergency,All Stages,All Ages,All Years
3,0.69,0.66,0.73,All Persons,All IMD Quintiles,London,Non-emergency,All Stages,All Ages,All Years
3.25,0.68,0.64,0.71,All Persons,All IMD Quintiles,London,Non-emergency,All Stages,All Ages,All Years
3.5,0.67,0.64,0.71,All Persons,All IMD Quintiles,London,Non-emergency,All Stages,All Ages,All Years
3.75,0.67,0.63,0.70,All Persons,All IMD Quintiles,London,Non-emergency,All Stages,All Ages,All Years
4,0.66,0.62,0.69,All Persons,All IMD Quintiles,London,Non-emergency,All Stages,All Ages,All Years
4.25,0.66,0.62,0.69,All Persons,All IMD Quintiles,London,Non-emergency,All Stages,All Ages,All Years
4.5,0.65,0.62,0.68,All Persons,All IMD Quintiles,London,Non-emergency,All Stages,All Ages,All Years
4.75,0.64,0.60,0.67,All Persons,All IMD Quintiles,London,Non-emergency,All Stages,All Ages,All Years
5,0.63,0.60,0.67,All Persons,All IMD Quintiles,London,Non-emergency,All Stages,All Ages,All Years
0,1.00,0.99,1.00,All Persons,All IMD Quintiles,London,All Routes,Early,All Ages,All Years
0.5,0.99,0.98,1.00,All Persons,All IMD Quintiles,London,All Routes,Early,All Ages,All Years
0.75,0.98,0.96,0.99,All Persons,All IMD Quintiles,London,All Routes,Early,All Ages,All Years
1,0.96,0.94,0.98,All Persons,All IMD Quintiles,London,All Routes,Early,All Ages,All Years
1.25,0.95,0.93,0.97,All Persons,All IMD Quintiles,London,All Routes,Early,All Ages,All Years
1.5,0.94,0.91,0.96,All Persons,All IMD Quintiles,London,All Routes,Early,All Ages,All Years
1.75,0.93,0.90,0.96,All Persons,All IMD Quintiles,London,All Routes,Early,All Ages,All Years
2,0.92,0.89,0.95,All Persons,All IMD Quintiles,London,All Routes,Early,All Ages,All Years
2.25,0.90,0.87,0.93,All Persons,All IMD Quintiles,London,All Routes,Early,All Ages,All Years
2.5,0.90,0.86,0.93,All Persons,All IMD Quintiles,London,All Routes,Early,All Ages,All Years
2.75,0.88,0.84,0.91,All Persons,All IMD Quintiles,London,All Routes,Early,All Ages,All Years
3,0.87,0.83,0.91,All Persons,All IMD Quintiles,London,All Routes,Early,All Ages,All Years
3.25,0.86,0.82,0.90,All Persons,All IMD Quintiles,London,All Routes,Early,All Ages,All Years
3.5,0.86,0.82,0.90,All Persons,All IMD Quintiles,London,All Routes,Early,All Ages,All Years
3.75,0.82,0.77,0.88,All Persons,All IMD Quintiles,London,All Routes,Early,All Ages,All Years
4,0.82,0.77,0.88,All Persons,All IMD Quintiles,London,All Routes,Early,All Ages,All Years
4.25,0.82,0.77,0.88,All Persons,All IMD Quintiles,London,All Routes,Early,All Ages,All Years
4.5,0.78,0.72,0.85,All Persons,All IMD Quintiles,London,All Routes,Early,All Ages,All Years
4.75,0.77,0.70,0.84,All Persons,All IMD Quintiles,London,All Routes,Early,All Ages,All Years
5,0.75,0.68,0.83,All Persons,All IMD Quintiles,London,All Routes,Early,All Ages,All Years
0,1.00,1.00,1.00,All Persons,All IMD Quintiles,London,All Routes,Advanced,All Ages,All Years
0.25,0.94,0.93,0.96,All Persons,All IMD Quintiles,London,All Routes,Advanced,All Ages,All Years
0.5,0.88,0.86,0.90,All Persons,All IMD Quintiles,London,All Routes,Advanced,All Ages,All Years
0.75,0.83,0.80,0.85,All Persons,All IMD Quintiles,London,All Routes,Advanced,All Ages,All Years
1,0.79,0.76,0.81,All Persons,All IMD Quintiles,London,All Routes,Advanced,All Ages,All Years
1.25,0.75,0.73,0.78,All Persons,All IMD Quintiles,London,All Routes,Advanced,All Ages,All Years
1.5,0.73,0.70,0.76,All Persons,All IMD Quintiles,London,All Routes,Advanced,All Ages,All Years
1.75,0.71,0.68,0.74,All Persons,All IMD Quintiles,London,All Routes,Advanced,All Ages,All Years
2,0.69,0.66,0.71,All Persons,All IMD Quintiles,London,All Routes,Advanced,All Ages,All Years
2.25,0.67,0.65,0.70,All Persons,All IMD Quintiles,London,All Routes,Advanced,All Ages,All Years
2.5,0.66,0.63,0.68,All Persons,All IMD Quintiles,London,All Routes,Advanced,All Ages,All Years
2.75,0.65,0.62,0.68,All Persons,All IMD Quintiles,London,All Routes,Advanced,All Ages,All Years
3,0.64,0.61,0.67,All Persons,All IMD Quintiles,London,All Routes,Advanced,All Ages,All Years
3.25,0.63,0.60,0.66,All Persons,All IMD Quintiles,London,All Routes,Advanced,All Ages,All Years
3.5,0.62,0.59,0.65,All Persons,All IMD Quintiles,London,All Routes,Advanced,All Ages,All Years
3.75,0.61,0.58,0.64,All Persons,All IMD Quintiles,London,All Routes,Advanced,All Ages,All Years
4,0.61,0.58,0.64,All Persons,All IMD Quintiles,London,All Routes,Advanced,All Ages,All Years
4.25,0.60,0.57,0.63,All Persons,All IMD Quintiles,London,All Routes,Advanced,All Ages,All Years
4.5,0.60,0.57,0.63,All Persons,All IMD Quintiles,London,All Routes,Advanced,All Ages,All Years
4.75,0.59,0.56,0.62,All Persons,All IMD Quintiles,London,All Routes,Advanced,All Ages,All Years
5,0.59,0.55,0.62,All Persons,All IMD Quintiles,London,All Routes,Advanced,All Ages,All Years
0,0.99,0.99,1.00,All Persons,All IMD Quintiles,London,All Routes,All Stages,0-49,All Years
0.25,0.97,0.95,1.00,All Persons,All IMD Quintiles,London,All Routes,All Stages,0-49,All Years
0.5,0.93,0.90,0.97,All Persons,All IMD Quintiles,London,All Routes,All Stages,0-49,All Years
0.75,0.92,0.88,0.96,All Persons,All IMD Quintiles,London,All Routes,All Stages,0-49,All Years
1,0.88,0.83,0.92,All Persons,All IMD Quintiles,London,All Routes,All Stages,0-49,All Years
1.25,0.86,0.82,0.91,All Persons,All IMD Quintiles,London,All Routes,All Stages,0-49,All Years
1.5,0.84,0.79,0.89,All Persons,All IMD Quintiles,London,All Routes,All Stages,0-49,All Years
1.75,0.83,0.78,0.88,All Persons,All IMD Quintiles,London,All Routes,All Stages,0-49,All Years
2,0.80,0.75,0.86,All Persons,All IMD Quintiles,London,All Routes,All Stages,0-49,All Years
2.25,0.79,0.73,0.85,All Persons,All IMD Quintiles,London,All Routes,All Stages,0-49,All Years
2.5,0.79,0.73,0.84,All Persons,All IMD Quintiles,London,All Routes,All Stages,0-49,All Years
2.75,0.79,0.73,0.84,All Persons,All IMD Quintiles,London,All Routes,All Stages,0-49,All Years
3,0.79,0.73,0.84,All Persons,All IMD Quintiles,London,All Routes,All Stages,0-49,All Years
3.25,0.78,0.72,0.84,All Persons,All IMD Quintiles,London,All Routes,All Stages,0-49,All Years
3.5,0.77,0.71,0.83,All Persons,All IMD Quintiles,London,All Routes,All Stages,0-49,All Years
3.75,0.76,0.70,0.82,All Persons,All IMD Quintiles,London,All Routes,All Stages,0-49,All Years
4,0.76,0.70,0.82,All Persons,All IMD Quintiles,London,All Routes,All Stages,0-49,All Years
4.25,0.76,0.70,0.82,All Persons,All IMD Quintiles,London,All Routes,All Stages,0-49,All Years
4.5,0.76,0.70,0.82,All Persons,All IMD Quintiles,London,All Routes,All Stages,0-49,All Years
4.75,0.75,0.69,0.82,All Persons,All IMD Quintiles,London,All Routes,All Stages,0-49,All Years
5,0.75,0.69,0.82,All Persons,All IMD Quintiles,London,All Routes,All Stages,0-49,All Years
0,1.00,0.99,1.00,All Persons,All IMD Quintiles,London,All Routes,All Stages,50-54,All Years
0.25,0.96,0.94,0.99,All Persons,All IMD Quintiles,London,All Routes,All Stages,50-54,All Years
0.5,0.92,0.89,0.96,All Persons,All IMD Quintiles,London,All Routes,All Stages,50-54,All Years
0.75,0.87,0.83,0.92,All Persons,All IMD Quintiles,London,All Routes,All Stages,50-54,All Years
1,0.83,0.78,0.88,All Persons,All IMD Quintiles,London,All Routes,All Stages,50-54,All Years
1.25,0.81,0.76,0.86,All Persons,All IMD Quintiles,London,All Routes,All Stages,50-54,All Years
1.5,0.78,0.73,0.83,All Persons,All IMD Quintiles,London,All Routes,All Stages,50-54,All Years
1.75,0.77,0.72,0.82,All Persons,All IMD Quintiles,London,All Routes,All Stages,50-54,All Years
2,0.76,0.70,0.81,All Persons,All IMD Quintiles,London,All Routes,All Stages,50-54,All Years
2.25,0.76,0.70,0.81,All Persons,All IMD Quintiles,London,All Routes,All Stages,50-54,All Years
2.5,0.74,0.68,0.80,All Persons,All IMD Quintiles,London,All Routes,All Stages,50-54,All Years
2.75,0.73,0.68,0.79,All Persons,All IMD Quintiles,London,All Routes,All Stages,50-54,All Years
3,0.73,0.68,0.79,All Persons,All IMD Quintiles,London,All Routes,All Stages,50-54,All Years
3.25,0.73,0.67,0.79,All Persons,All IMD Quintiles,London,All Routes,All Stages,50-54,All Years
3.5,0.73,0.67,0.79,All Persons,All IMD Quintiles,London,All Routes,All Stages,50-54,All Years
3.75,0.73,0.67,0.79,All Persons,All IMD Quintiles,London,All Routes,All Stages,50-54,All Years
4,0.73,0.67,0.79,All Persons,All IMD Quintiles,London,All Routes,All Stages,50-54,All Years
4.25,0.73,0.67,0.79,All Persons,All IMD Quintiles,London,All Routes,All Stages,50-54,All Years
4.5,0.72,0.66,0.78,All Persons,All IMD Quintiles,London,All Routes,All Stages,50-54,All Years
4.75,0.72,0.66,0.78,All Persons,All IMD Quintiles,London,All Routes,All Stages,50-54,All Years
5,0.72,0.66,0.78,All Persons,All IMD Quintiles,London,All Routes,All Stages,50-54,All Years
0,1.00,0.99,1.00,All Persons,All IMD Quintiles,London,All Routes,All Stages,55-59,All Years
0.25,0.97,0.95,0.99,All Persons,All IMD Quintiles,London,All Routes,All Stages,55-59,All Years
0.5,0.93,0.90,0.96,All Persons,All IMD Quintiles,London,All Routes,All Stages,55-59,All Years
0.75,0.88,0.84,0.91,All Persons,All IMD Quintiles,London,All Routes,All Stages,55-59,All Years
1,0.85,0.81,0.88,All Persons,All IMD Quintiles,London,All Routes,All Stages,55-59,All Years
1.25,0.82,0.78,0.86,All Persons,All IMD Quintiles,London,All Routes,All Stages,55-59,All Years
1.5,0.81,0.77,0.85,All Persons,All IMD Quintiles,London,All Routes,All Stages,55-59,All Years
1.75,0.79,0.75,0.83,All Persons,All IMD Quintiles,London,All Routes,All Stages,55-59,All Years
2,0.77,0.72,0.81,All Persons,All IMD Quintiles,London,All Routes,All Stages,55-59,All Years
2.25,0.75,0.70,0.80,All Persons,All IMD Quintiles,London,All Routes,All Stages,55-59,All Years
2.5,0.73,0.69,0.78,All Persons,All IMD Quintiles,London,All Routes,All Stages,55-59,All Years
2.75,0.73,0.68,0.78,All Persons,All IMD Quintiles,London,All Routes,All Stages,55-59,All Years
3,0.72,0.67,0.77,All Persons,All IMD Quintiles,London,All Routes,All Stages,55-59,All Years
3.25,0.71,0.66,0.76,All Persons,All IMD Quintiles,London,All Routes,All Stages,55-59,All Years
3.5,0.71,0.65,0.76,All Persons,All IMD Quintiles,London,All Routes,All Stages,55-59,All Years
3.75,0.69,0.64,0.75,All Persons,All IMD Quintiles,London,All Routes,All Stages,55-59,All Years
4,0.69,0.63,0.74,All Persons,All IMD Quintiles,London,All Routes,All Stages,55-59,All Years
4.25,0.69,0.63,0.74,All Persons,All IMD Quintiles,London,All Routes,All Stages,55-59,All Years
4.5,0.69,0.63,0.74,All Persons,All IMD Quintiles,London,All Routes,All Stages,55-59,All Years
4.75,0.68,0.63,0.74,All Persons,All IMD Quintiles,London,All Routes,All Stages,55-59,All Years
5,0.68,0.63,0.74,All Persons,All IMD Quintiles,London,All Routes,All Stages,55-59,All Years
0,1.00,0.99,1.00,All Persons,All IMD Quintiles,London,All Routes,All Stages,60-64,All Years
0.25,0.94,0.91,0.97,All Persons,All IMD Quintiles,London,All Routes,All Stages,60-64,All Years
0.5,0.88,0.85,0.92,All Persons,All IMD Quintiles,London,All Routes,All Stages,60-64,All Years
0.75,0.84,0.79,0.88,All Persons,All IMD Quintiles,London,All Routes,All Stages,60-64,All Years
1,0.81,0.76,0.85,All Persons,All IMD Quintiles,London,All Routes,All Stages,60-64,All Years
1.25,0.78,0.74,0.83,All Persons,All IMD Quintiles,London,All Routes,All Stages,60-64,All Years
1.5,0.77,0.72,0.82,All Persons,All IMD Quintiles,London,All Routes,All Stages,60-64,All Years
1.75,0.76,0.71,0.80,All Persons,All IMD Quintiles,London,All Routes,All Stages,60-64,All Years
2,0.75,0.70,0.80,All Persons,All IMD Quintiles,London,All Routes,All Stages,60-64,All Years
2.25,0.74,0.69,0.79,All Persons,All IMD Quintiles,London,All Routes,All Stages,60-64,All Years
2.5,0.73,0.68,0.78,All Persons,All IMD Quintiles,London,All Routes,All Stages,60-64,All Years
2.75,0.73,0.68,0.78,All Persons,All IMD Quintiles,London,All Routes,All Stages,60-64,All Years
3,0.72,0.67,0.77,All Persons,All IMD Quintiles,London,All Routes,All Stages,60-64,All Years
3.25,0.70,0.65,0.76,All Persons,All IMD Quintiles,London,All Routes,All Stages,60-64,All Years
3.5,0.68,0.63,0.74,All Persons,All IMD Quintiles,London,All Routes,All Stages,60-64,All Years
3.75,0.68,0.62,0.73,All Persons,All IMD Quintiles,London,All Routes,All Stages,60-64,All Years
4,0.66,0.60,0.72,All Persons,All IMD Quintiles,London,All Routes,All Stages,60-64,All Years
4.25,0.66,0.60,0.72,All Persons,All IMD Quintiles,London,All Routes,All Stages,60-64,All Years
4.5,0.65,0.59,0.71,All Persons,All IMD Quintiles,London,All Routes,All Stages,60-64,All Years
4.75,0.63,0.57,0.70,All Persons,All IMD Quintiles,London,All Routes,All Stages,60-64,All Years
5,0.62,0.56,0.69,All Persons,All IMD Quintiles,London,All Routes,All Stages,60-64,All Years
0,0.99,0.98,1.00,All Persons,All IMD Quintiles,London,All Routes,All Stages,65-69,All Years
0.25,0.97,0.94,0.99,All Persons,All IMD Quintiles,London,All Routes,All Stages,65-69,All Years
0.5,0.91,0.88,0.94,All Persons,All IMD Quintiles,London,All Routes,All Stages,65-69,All Years
0.75,0.87,0.83,0.91,All Persons,All IMD Quintiles,London,All Routes,All Stages,65-69,All Years
1,0.83,0.78,0.87,All Persons,All IMD Quintiles,London,All Routes,All Stages,65-69,All Years
1.25,0.80,0.75,0.84,All Persons,All IMD Quintiles,London,All Routes,All Stages,65-69,All Years
1.5,0.77,0.72,0.82,All Persons,All IMD Quintiles,London,All Routes,All Stages,65-69,All Years
1.75,0.75,0.70,0.80,All Persons,All IMD Quintiles,London,All Routes,All Stages,65-69,All Years
2,0.72,0.67,0.77,All Persons,All IMD Quintiles,London,All Routes,All Stages,65-69,All Years
2.25,0.70,0.65,0.76,All Persons,All IMD Quintiles,London,All Routes,All Stages,65-69,All Years
2.5,0.68,0.63,0.74,All Persons,All IMD Quintiles,London,All Routes,All Stages,65-69,All Years
2.75,0.67,0.61,0.73,All Persons,All IMD Quintiles,London,All Routes,All Stages,65-69,All Years
3,0.66,0.60,0.72,All Persons,All IMD Quintiles,London,All Routes,All Stages,65-69,All Years
3.25,0.64,0.58,0.70,All Persons,All IMD Quintiles,London,All Routes,All Stages,65-69,All Years
3.5,0.63,0.57,0.69,All Persons,All IMD Quintiles,London,All Routes,All Stages,65-69,All Years
3.75,0.62,0.56,0.69,All Persons,All IMD Quintiles,London,All Routes,All Stages,65-69,All Years
4,0.62,0.56,0.69,All Persons,All IMD Quintiles,London,All Routes,All Stages,65-69,All Years
4.25,0.62,0.55,0.68,All Persons,All IMD Quintiles,London,All Routes,All Stages,65-69,All Years
4.5,0.60,0.53,0.66,All Persons,All IMD Quintiles,London,All Routes,All Stages,65-69,All Years
4.75,0.59,0.52,0.66,All Persons,All IMD Quintiles,London,All Routes,All Stages,65-69,All Years
5,0.57,0.50,0.65,All Persons,All IMD Quintiles,London,All Routes,All Stages,65-69,All Years
0,0.99,0.98,1.00,All Persons,All IMD Quintiles,London,All Routes,All Stages,70-74,All Years
0.25,0.89,0.85,0.94,All Persons,All IMD Quintiles,London,All Routes,All Stages,70-74,All Years
0.5,0.82,0.76,0.87,All Persons,All IMD Quintiles,London,All Routes,All Stages,70-74,All Years
0.75,0.78,0.72,0.83,All Persons,All IMD Quintiles,London,All Routes,All Stages,70-74,All Years
1,0.75,0.69,0.81,All Persons,All IMD Quintiles,London,All Routes,All Stages,70-74,All Years
1.25,0.70,0.64,0.77,All Persons,All IMD Quintiles,London,All Routes,All Stages,70-74,All Years
1.5,0.68,0.62,0.75,All Persons,All IMD Quintiles,London,All Routes,All Stages,70-74,All Years
1.75,0.67,0.60,0.73,All Persons,All IMD Quintiles,London,All Routes,All Stages,70-74,All Years
2,0.65,0.58,0.71,All Persons,All IMD Quintiles,London,All Routes,All Stages,70-74,All Years
2.25,0.63,0.56,0.70,All Persons,All IMD Quintiles,London,All Routes,All Stages,70-74,All Years
2.5,0.62,0.55,0.69,All Persons,All IMD Quintiles,London,All Routes,All Stages,70-74,All Years
2.75,0.61,0.54,0.68,All Persons,All IMD Quintiles,London,All Routes,All Stages,70-74,All Years
3,0.58,0.51,0.66,All Persons,All IMD Quintiles,London,All Routes,All Stages,70-74,All Years
3.25,0.56,0.49,0.63,All Persons,All IMD Quintiles,London,All Routes,All Stages,70-74,All Years
3.5,0.56,0.49,0.63,All Persons,All IMD Quintiles,London,All Routes,All Stages,70-74,All Years
3.75,0.56,0.49,0.63,All Persons,All IMD Quintiles,London,All Routes,All Stages,70-74,All Years
4,0.55,0.48,0.62,All Persons,All IMD Quintiles,London,All Routes,All Stages,70-74,All Years
4.25,0.54,0.46,0.61,All Persons,All IMD Quintiles,London,All Routes,All Stages,70-74,All Years
4.5,0.54,0.46,0.61,All Persons,All IMD Quintiles,London,All Routes,All Stages,70-74,All Years
4.75,0.54,0.46,0.61,All Persons,All IMD Quintiles,London,All Routes,All Stages,70-74,All Years
5,0.52,0.44,0.60,All Persons,All IMD Quintiles,London,All Routes,All Stages,70-74,All Years
0,0.99,0.98,1.01,All Persons,All IMD Quintiles,London,All Routes,All Stages,75-79,All Years
0.25,0.91,0.86,0.96,All Persons,All IMD Quintiles,London,All Routes,All Stages,75-79,All Years
0.5,0.82,0.76,0.89,All Persons,All IMD Quintiles,London,All Routes,All Stages,75-79,All Years
0.75,0.73,0.65,0.81,All Persons,All IMD Quintiles,London,All Routes,All Stages,75-79,All Years
1,0.69,0.61,0.77,All Persons,All IMD Quintiles,London,All Routes,All Stages,75-79,All Years
1.25,0.67,0.59,0.76,All Persons,All IMD Quintiles,London,All Routes,All Stages,75-79,All Years
1.5,0.63,0.55,0.72,All Persons,All IMD Quintiles,London,All Routes,All Stages,75-79,All Years
1.75,0.60,0.51,0.69,All Persons,All IMD Quintiles,London,All Routes,All Stages,75-79,All Years
2,0.58,0.49,0.67,All Persons,All IMD Quintiles,London,All Routes,All Stages,75-79,All Years
2.25,0.52,0.43,0.62,All Persons,All IMD Quintiles,London,All Routes,All Stages,75-79,All Years
2.5,0.50,0.40,0.59,All Persons,All IMD Quintiles,London,All Routes,All Stages,75-79,All Years
2.75,0.48,0.39,0.58,All Persons,All IMD Quintiles,London,All Routes,All Stages,75-79,All Years
3,0.47,0.37,0.57,All Persons,All IMD Quintiles,London,All Routes,All Stages,75-79,All Years
3.25,0.47,0.37,0.57,All Persons,All IMD Quintiles,London,All Routes,All Stages,75-79,All Years
3.5,0.45,0.35,0.55,All Persons,All IMD Quintiles,London,All Routes,All Stages,75-79,All Years
3.75,0.45,0.35,0.55,All Persons,All IMD Quintiles,London,All Routes,All Stages,75-79,All Years
4,0.43,0.33,0.53,All Persons,All IMD Quintiles,London,All Routes,All Stages,75-79,All Years
4.25,0.43,0.33,0.53,All Persons,All IMD Quintiles,London,All Routes,All Stages,75-79,All Years
4.5,0.40,0.29,0.51,All Persons,All IMD Quintiles,London,All Routes,All Stages,75-79,All Years
5,0.40,0.29,0.51,All Persons,All IMD Quintiles,London,All Routes,All Stages,75-79,All Years
0,0.98,0.95,1.01,All Persons,All IMD Quintiles,London,All Routes,All Stages,80-84,All Years
0.25,0.85,0.77,0.94,All Persons,All IMD Quintiles,London,All Routes,All Stages,80-84,All Years
0.5,0.77,0.67,0.88,All Persons,All IMD Quintiles,London,All Routes,All Stages,80-84,All Years
0.75,0.71,0.60,0.82,All Persons,All IMD Quintiles,London,All Routes,All Stages,80-84,All Years
1,0.68,0.56,0.79,All Persons,All IMD Quintiles,London,All Routes,All Stages,80-84,All Years
1.25,0.63,0.51,0.75,All Persons,All IMD Quintiles,London,All Routes,All Stages,80-84,All Years
1.5,0.59,0.47,0.71,All Persons,All IMD Quintiles,London,All Routes,All Stages,80-84,All Years
1.75,0.51,0.39,0.64,All Persons,All IMD Quintiles,London,All Routes,All Stages,80-84,All Years
2,0.47,0.35,0.60,All Persons,All IMD Quintiles,London,All Routes,All Stages,80-84,All Years
2.25,0.47,0.35,0.60,All Persons,All IMD Quintiles,London,All Routes,All Stages,80-84,All Years
2.5,0.47,0.35,0.60,All Persons,All IMD Quintiles,London,All Routes,All Stages,80-84,All Years
2.75,0.43,0.30,0.56,All Persons,All IMD Quintiles,London,All Routes,All Stages,80-84,All Years
3,0.43,0.30,0.56,All Persons,All IMD Quintiles,London,All Routes,All Stages,80-84,All Years
3.5,0.40,0.27,0.53,All Persons,All IMD Quintiles,London,All Routes,All Stages,80-84,All Years
3.75,0.36,0.23,0.50,All Persons,All IMD Quintiles,London,All Routes,All Stages,80-84,All Years
4.25,0.36,0.23,0.50,All Persons,All IMD Quintiles,London,All Routes,All Stages,80-84,All Years
0,0.97,0.91,1.03,All Persons,All IMD Quintiles,London,All Routes,All Stages,85-89,All Years
0.25,0.76,0.61,0.90,All Persons,All IMD Quintiles,London,All Routes,All Stages,85-89,All Years
0.5,0.70,0.54,0.85,All Persons,All IMD Quintiles,London,All Routes,All Stages,85-89,All Years
0.75,0.58,0.41,0.74,All Persons,All IMD Quintiles,London,All Routes,All Stages,85-89,All Years
1,0.52,0.35,0.68,All Persons,All IMD Quintiles,London,All Routes,All Stages,85-89,All Years
1.25,0.45,0.29,0.62,All Persons,All IMD Quintiles,London,All Routes,All Stages,85-89,All Years
1.5,0.35,0.19,0.51,All Persons,All IMD Quintiles,London,All Routes,All Stages,85-89,All Years
2.25,0.31,0.16,0.47,All Persons,All IMD Quintiles,London,All Routes,All Stages,85-89,All Years
2.5,0.31,0.16,0.47,All Persons,All IMD Quintiles,London,All Routes,All Stages,85-89,All Years
3.25,0.24,0.09,0.38,All Persons,All IMD Quintiles,London,All Routes,All Stages,85-89,All Years
3.5,0.24,0.09,0.38,All Persons,All IMD Quintiles,London,All Routes,All Stages,85-89,All Years
4.25,0.24,0.09,0.38,All Persons,All IMD Quintiles,London,All Routes,All Stages,85-89,All Years
4.5,0.18,0.04,0.32,All Persons,All IMD Quintiles,London,All Routes,All Stages,85-89,All Years
4.75,0.09,-0.02,0.20,All Persons,All IMD Quintiles,London,All Routes,All Stages,85-89,All Years
0,0.92,0.77,1.07,All Persons,All IMD Quintiles,London,All Routes,All Stages,90+,All Years
0.25,0.50,0.23,0.77,All Persons,All IMD Quintiles,London,All Routes,All Stages,90+,All Years
0.5,0.42,0.16,0.68,All Persons,All IMD Quintiles,London,All Routes,All Stages,90+,All Years
0.75,0.33,0.09,0.58,All Persons,All IMD Quintiles,London,All Routes,All Stages,90+,All Years
1.25,0.33,0.09,0.58,All Persons,All IMD Quintiles,London,All Routes,All Stages,90+,All Years
1.75,0.33,0.09,0.58,All Persons,All IMD Quintiles,London,All Routes,All Stages,90+,All Years
2,0.17,-0.04,0.37,All Persons,All IMD Quintiles,London,All Routes,All Stages,90+,All Years
5,0.00,0.00,0.00,All Persons,All IMD Quintiles,London,All Routes,All Stages,90+,All Years
0,1.00,0.99,1.00,All Persons,All IMD Quintiles,London,All Routes,All Stages,All Ages,2016
0.25,0.96,0.94,0.99,All Persons,All IMD Quintiles,London,All Routes,All Stages,All Ages,2016
0.5,0.91,0.88,0.95,All Persons,All IMD Quintiles,London,All Routes,All Stages,All Ages,2016
0.75,0.85,0.80,0.89,All Persons,All IMD Quintiles,London,All Routes,All Stages,All Ages,2016
1,0.82,0.78,0.87,All Persons,All IMD Quintiles,London,All Routes,All Stages,All Ages,2016
1.25,0.79,0.74,0.84,All Persons,All IMD Quintiles,London,All Routes,All Stages,All Ages,2016
1.5,0.76,0.71,0.81,All Persons,All IMD Quintiles,London,All Routes,All Stages,All Ages,2016
1.75,0.73,0.68,0.78,All Persons,All IMD Quintiles,London,All Routes,All Stages,All Ages,2016
2,0.71,0.65,0.76,All Persons,All IMD Quintiles,London,All Routes,All Stages,All Ages,2016
2.25,0.69,0.64,0.75,All Persons,All IMD Quintiles,London,All Routes,All Stages,All Ages,2016
2.5,0.68,0.63,0.74,All Persons,All IMD Quintiles,London,All Routes,All Stages,All Ages,2016
3,0.67,0.62,0.73,All Persons,All IMD Quintiles,London,All Routes,All Stages,All Ages,2016
3.25,0.66,0.60,0.71,All Persons,All IMD Quintiles,London,All Routes,All Stages,All Ages,2016
3.5,0.65,0.59,0.71,All Persons,All IMD Quintiles,London,All Routes,All Stages,All Ages,2016
3.75,0.64,0.58,0.70,All Persons,All IMD Quintiles,London,All Routes,All Stages,All Ages,2016
4,0.62,0.57,0.68,All Persons,All IMD Quintiles,London,All Routes,All Stages,All Ages,2016
4.25,0.62,0.56,0.68,All Persons,All IMD Quintiles,London,All Routes,All Stages,All Ages,2016
4.5,0.61,0.55,0.67,All Persons,All IMD Quintiles,London,All Routes,All Stages,All Ages,2016
4.75,0.60,0.54,0.66,All Persons,All IMD Quintiles,London,All Routes,All Stages,All Ages,2016
0,1.00,0.99,1.00,All Persons,All IMD Quintiles,London,All Routes,All Stages,All Ages,2017
0.25,0.95,0.92,0.97,All Persons,All IMD Quintiles,London,All Routes,All Stages,All Ages,2017
0.5,0.91,0.87,0.94,All Persons,All IMD Quintiles,London,All Routes,All Stages,All Ages,2017
0.75,0.86,0.82,0.90,All Persons,All IMD Quintiles,London,All Routes,All Stages,All Ages,2017
1,0.83,0.78,0.87,All Persons,All IMD Quintiles,London,All Routes,All Stages,All Ages,2017
1.25,0.80,0.75,0.85,All Persons,All IMD Quintiles,London,All Routes,All Stages,All Ages,2017
1.5,0.77,0.72,0.82,All Persons,All IMD Quintiles,London,All Routes,All Stages,All Ages,2017
1.75,0.75,0.70,0.80,All Persons,All IMD Quintiles,London,All Routes,All Stages,All Ages,2017
2,0.74,0.69,0.79,All Persons,All IMD Quintiles,London,All Routes,All Stages,All Ages,2017
2.25,0.71,0.66,0.76,All Persons,All IMD Quintiles,London,All Routes,All Stages,All Ages,2017
2.5,0.70,0.65,0.76,All Persons,All IMD Quintiles,London,All Routes,All Stages,All Ages,2017
2.75,0.70,0.64,0.75,All Persons,All IMD Quintiles,London,All Routes,All Stages,All Ages,2017
3,0.68,0.63,0.74,All Persons,All IMD Quintiles,London,All Routes,All Stages,All Ages,2017
3.25,0.67,0.62,0.73,All Persons,All IMD Quintiles,London,All Routes,All Stages,All Ages,2017
3.5,0.67,0.61,0.72,All Persons,All IMD Quintiles,London,All Routes,All Stages,All Ages,2017
3.75,0.66,0.61,0.72,All Persons,All IMD Quintiles,London,All Routes,All Stages,All Ages,2017
4,0.66,0.60,0.71,All Persons,All IMD Quintiles,London,All Routes,All Stages,All Ages,2017
4.25,0.65,0.60,0.71,All Persons,All IMD Quintiles,London,All Routes,All Stages,All Ages,2017
4.5,0.65,0.59,0.71,All Persons,All IMD Quintiles,London,All Routes,All Stages,All Ages,2017
5,0.64,0.58,0.70,All Persons,All IMD Quintiles,London,All Routes,All Stages,All Ages,2017
0,1.00,0.99,1.00,All Persons,All IMD Quintiles,London,All Routes,All Stages,All Ages,2018
0.25,0.93,0.90,0.96,All Persons,All IMD Quintiles,London,All Routes,All Stages,All Ages,2018
0.5,0.87,0.83,0.91,All Persons,All IMD Quintiles,London,All Routes,All Stages,All Ages,2018
0.75,0.81,0.77,0.85,All Persons,All IMD Quintiles,London,All Routes,All Stages,All Ages,2018
1,0.78,0.74,0.83,All Persons,All IMD Quintiles,London,All Routes,All Stages,All Ages,2018
1.25,0.77,0.72,0.82,All Persons,All IMD Quintiles,London,All Routes,All Stages,All Ages,2018
1.5,0.75,0.70,0.79,All Persons,All IMD Quintiles,London,All Routes,All Stages,All Ages,2018
1.75,0.73,0.68,0.78,All Persons,All IMD Quintiles,London,All Routes,All Stages,All Ages,2018
2,0.70,0.65,0.75,All Persons,All IMD Quintiles,London,All Routes,All Stages,All Ages,2018
2.25,0.70,0.64,0.75,All Persons,All IMD Quintiles,London,All Routes,All Stages,All Ages,2018
2.5,0.68,0.62,0.73,All Persons,All IMD Quintiles,London,All Routes,All Stages,All Ages,2018
2.75,0.66,0.61,0.71,All Persons,All IMD Quintiles,London,All Routes,All Stages,All Ages,2018
3,0.65,0.60,0.71,All Persons,All IMD Quintiles,London,All Routes,All Stages,All Ages,2018
3.25,0.64,0.59,0.69,All Persons,All IMD Quintiles,London,All Routes,All Stages,All Ages,2018
3.75,0.63,0.58,0.69,All Persons,All IMD Quintiles,London,All Routes,All Stages,All Ages,2018
4,0.63,0.58,0.68,All Persons,All IMD Quintiles,London,All Routes,All Stages,All Ages,2018
4.25,0.63,0.57,0.68,All Persons,All IMD Quintiles,London,All Routes,All Stages,All Ages,2018
4.5,0.62,0.57,0.67,All Persons,All IMD Quintiles,London,All Routes,All Stages,All Ages,2018
4.75,0.61,0.56,0.67,All Persons,All IMD Quintiles,London,All Routes,All Stages,All Ages,2018
5,0.61,0.56,0.67,All Persons,All IMD Quintiles,London,All Routes,All Stages,All Ages,2018
0,1.00,0.99,1.00,All Persons,All IMD Quintiles,London,All Routes,All Stages,All Ages,2019
0.25,0.94,0.92,0.97,All Persons,All IMD Quintiles,London,All Routes,All Stages,All Ages,2019
0.5,0.90,0.86,0.93,All Persons,All IMD Quintiles,London,All Routes,All Stages,All Ages,2019
0.75,0.85,0.81,0.89,All Persons,All IMD Quintiles,London,All Routes,All Stages,All Ages,2019
1,0.82,0.77,0.86,All Persons,All IMD Quintiles,London,All Routes,All Stages,All Ages,2019
1.25,0.80,0.75,0.84,All Persons,All IMD Quintiles,London,All Routes,All Stages,All Ages,2019
1.5,0.77,0.73,0.82,All Persons,All IMD Quintiles,London,All Routes,All Stages,All Ages,2019
1.75,0.76,0.72,0.81,All Persons,All IMD Quintiles,London,All Routes,All Stages,All Ages,2019
2,0.74,0.69,0.79,All Persons,All IMD Quintiles,London,All Routes,All Stages,All Ages,2019
2.25,0.73,0.68,0.78,All Persons,All IMD Quintiles,London,All Routes,All Stages,All Ages,2019
2.5,0.72,0.67,0.76,All Persons,All IMD Quintiles,London,All Routes,All Stages,All Ages,2019
2.75,0.71,0.66,0.76,All Persons,All IMD Quintiles,London,All Routes,All Stages,All Ages,2019
3,0.70,0.65,0.75,All Persons,All IMD Quintiles,London,All Routes,All Stages,All Ages,2019
3.25,0.69,0.64,0.74,All Persons,All IMD Quintiles,London,All Routes,All Stages,All Ages,2019
3.5,0.68,0.63,0.73,All Persons,All IMD Quintiles,London,All Routes,All Stages,All Ages,2019
3.75,0.67,0.62,0.73,All Persons,All IMD Quintiles,London,All Routes,All Stages,All Ages,2019
4,0.67,0.62,0.73,All Persons,All IMD Quintiles,London,All Routes,All Stages,All Ages,2019
4.25,0.45,0.15,0.74,All Persons,All IMD Quintiles,London,All Routes,All Stages,All Ages,2019
4.75,0.22,-0.04,0.49,All Persons,All IMD Quintiles,London,All Routes,All Stages,All Ages,2019
0,1.00,0.99,1.00,All Persons,All IMD Quintiles,London,All Routes,All Stages,All Ages,2020
0.25,0.91,0.87,0.94,All Persons,All IMD Quintiles,London,All Routes,All Stages,All Ages,2020
0.5,0.84,0.80,0.88,All Persons,All IMD Quintiles,London,All Routes,All Stages,All Ages,2020
0.75,0.81,0.77,0.85,All Persons,All IMD Quintiles,London,All Routes,All Stages,All Ages,2020
1,0.78,0.74,0.83,All Persons,All IMD Quintiles,London,All Routes,All Stages,All Ages,2020
1.25,0.74,0.69,0.79,All Persons,All IMD Quintiles,London,All Routes,All Stages,All Ages,2020
1.5,0.73,0.68,0.78,All Persons,All IMD Quintiles,London,All Routes,All Stages,All Ages,2020
1.75,0.72,0.67,0.77,All Persons,All IMD Quintiles,London,All Routes,All Stages,All Ages,2020
2,0.70,0.64,0.75,All Persons,All IMD Quintiles,London,All Routes,All Stages,All Ages,2020
2.25,0.68,0.63,0.74,All Persons,All IMD Quintiles,London,All Routes,All Stages,All Ages,2020
2.5,0.67,0.61,0.72,All Persons,All IMD Quintiles,London,All Routes,All Stages,All Ages,2020
2.75,0.66,0.60,0.72,All Persons,All IMD Quintiles,London,All Routes,All Stages,All Ages,2020
3,0.66,0.60,0.72,All Persons,All IMD Quintiles,London,All Routes,All Stages,All Ages,2020
3.25,0.00,0.00,0.00,All Persons,All IMD Quintiles,London,All Routes,All Stages,All Ages,2020
0,1.00,0.99,1.00,All Persons,All IMD Quintiles,London,All Routes,All Stages,All Ages,2021
0.25,0.95,0.93,0.97,All Persons,All IMD Quintiles,London,All Routes,All Stages,All Ages,2021
0.5,0.90,0.87,0.93,All Persons,All IMD Quintiles,London,All Routes,All Stages,All Ages,2021
0.75,0.86,0.82,0.90,All Persons,All IMD Quintiles,London,All Routes,All Stages,All Ages,2021
1,0.79,0.75,0.83,All Persons,All IMD Quintiles,London,All Routes,All Stages,All Ages,2021
1.25,0.75,0.70,0.80,All Persons,All IMD Quintiles,London,All Routes,All Stages,All Ages,2021
1.5,0.72,0.67,0.77,All Persons,All IMD Quintiles,London,All Routes,All Stages,All Ages,2021
1.75,0.72,0.66,0.77,All Persons,All IMD Quintiles,London,All Routes,All Stages,All Ages,2021
2,0.70,0.64,0.76,All Persons,All IMD Quintiles,London,All Routes,All Stages,All Ages,2021
2.5,0.70,0.64,0.76,All Persons,All IMD Quintiles,London,All Routes,All Stages,All Ages,2021
0,0.97,0.92,1.03,All Persons,All IMD Quintiles,North East,Emergency,All Stages,All Ages,All Years
0.25,0.67,0.52,0.82,All Persons,All IMD Quintiles,North East,Emergency,All Stages,All Ages,All Years
0.5,0.58,0.43,0.74,All Persons,All IMD Quintiles,North East,Emergency,All Stages,All Ages,All Years
0.75,0.50,0.34,0.66,All Persons,All IMD Quintiles,North East,Emergency,All Stages,All Ages,All Years
1,0.47,0.31,0.63,All Persons,All IMD Quintiles,North East,Emergency,All Stages,All Ages,All Years
1.25,0.44,0.29,0.60,All Persons,All IMD Quintiles,North East,Emergency,All Stages,All Ages,All Years
4.25,0.39,0.23,0.54,All Persons,All IMD Quintiles,North East,Emergency,All Stages,All Ages,All Years
5,0.39,0.23,0.54,All Persons,All IMD Quintiles,North East,Emergency,All Stages,All Ages,All Years
0,1.00,0.99,1.00,All Persons,All IMD Quintiles,North East,Non-emergency,All Stages,All Ages,All Years
0.25,0.96,0.94,0.97,All Persons,All IMD Quintiles,North East,Non-emergency,All Stages,All Ages,All Years
0.5,0.92,0.89,0.94,All Persons,All IMD Quintiles,North East,Non-emergency,All Stages,All Ages,All Years
0.75,0.89,0.86,0.92,All Persons,All IMD Quintiles,North East,Non-emergency,All Stages,All Ages,All Years
1,0.85,0.82,0.88,All Persons,All IMD Quintiles,North East,Non-emergency,All Stages,All Ages,All Years
1.25,0.80,0.77,0.84,All Persons,All IMD Quintiles,North East,Non-emergency,All Stages,All Ages,All Years
1.5,0.78,0.75,0.82,All Persons,All IMD Quintiles,North East,Non-emergency,All Stages,All Ages,All Years
1.75,0.75,0.71,0.79,All Persons,All IMD Quintiles,North East,Non-emergency,All Stages,All Ages,All Years
2,0.74,0.70,0.77,All Persons,All IMD Quintiles,North East,Non-emergency,All Stages,All Ages,All Years
2.25,0.73,0.69,0.76,All Persons,All IMD Quintiles,North East,Non-emergency,All Stages,All Ages,All Years
2.5,0.71,0.67,0.75,All Persons,All IMD Quintiles,North East,Non-emergency,All Stages,All Ages,All Years
2.75,0.70,0.66,0.74,All Persons,All IMD Quintiles,North East,Non-emergency,All Stages,All Ages,All Years
3,0.69,0.65,0.73,All Persons,All IMD Quintiles,North East,Non-emergency,All Stages,All Ages,All Years
3.25,0.68,0.64,0.72,All Persons,All IMD Quintiles,North East,Non-emergency,All Stages,All Ages,All Years
3.5,0.67,0.63,0.71,All Persons,All IMD Quintiles,North East,Non-emergency,All Stages,All Ages,All Years
3.75,0.67,0.62,0.71,All Persons,All IMD Quintiles,North East,Non-emergency,All Stages,All Ages,All Years
4,0.66,0.62,0.70,All Persons,All IMD Quintiles,North East,Non-emergency,All Stages,All Ages,All Years
4.25,0.65,0.61,0.69,All Persons,All IMD Quintiles,North East,Non-emergency,All Stages,All Ages,All Years
4.5,0.64,0.60,0.69,All Persons,All IMD Quintiles,North East,Non-emergency,All Stages,All Ages,All Years
4.75,0.64,0.59,0.68,All Persons,All IMD Quintiles,North East,Non-emergency,All Stages,All Ages,All Years
5,0.64,0.59,0.68,All Persons,All IMD Quintiles,North East,Non-emergency,All Stages,All Ages,All Years
0.25,0.99,0.99,1.00,All Persons,All IMD Quintiles,North East,All Routes,Early,All Ages,All Years
0.5,0.98,0.96,0.99,All Persons,All IMD Quintiles,North East,All Routes,Early,All Ages,All Years
0.75,0.96,0.94,0.98,All Persons,All IMD Quintiles,North East,All Routes,Early,All Ages,All Years
1,0.94,0.92,0.97,All Persons,All IMD Quintiles,North East,All Routes,Early,All Ages,All Years
1.25,0.93,0.90,0.96,All Persons,All IMD Quintiles,North East,All Routes,Early,All Ages,All Years
1.5,0.92,0.89,0.95,All Persons,All IMD Quintiles,North East,All Routes,Early,All Ages,All Years
1.75,0.90,0.87,0.93,All Persons,All IMD Quintiles,North East,All Routes,Early,All Ages,All Years
2,0.90,0.86,0.93,All Persons,All IMD Quintiles,North East,All Routes,Early,All Ages,All Years
2.25,0.90,0.86,0.93,All Persons,All IMD Quintiles,North East,All Routes,Early,All Ages,All Years
2.5,0.89,0.86,0.92,All Persons,All IMD Quintiles,North East,All Routes,Early,All Ages,All Years
2.75,0.89,0.86,0.92,All Persons,All IMD Quintiles,North East,All Routes,Early,All Ages,All Years
3,0.89,0.85,0.92,All Persons,All IMD Quintiles,North East,All Routes,Early,All Ages,All Years
3.25,0.88,0.84,0.92,All Persons,All IMD Quintiles,North East,All Routes,Early,All Ages,All Years
3.5,0.87,0.83,0.91,All Persons,All IMD Quintiles,North East,All Routes,Early,All Ages,All Years
3.75,0.84,0.79,0.90,All Persons,All IMD Quintiles,North East,All Routes,Early,All Ages,All Years
4,0.83,0.77,0.89,All Persons,All IMD Quintiles,North East,All Routes,Early,All Ages,All Years
4.25,0.81,0.74,0.88,All Persons,All IMD Quintiles,North East,All Routes,Early,All Ages,All Years
4.5,0.81,0.74,0.88,All Persons,All IMD Quintiles,North East,All Routes,Early,All Ages,All Years
4.75,0.81,0.74,0.88,All Persons,All IMD Quintiles,North East,All Routes,Early,All Ages,All Years
5,0.81,0.74,0.88,All Persons,All IMD Quintiles,North East,All Routes,Early,All Ages,All Years
0,1.00,1.00,1.00,All Persons,All IMD Quintiles,North East,All Routes,Advanced,All Ages,All Years
0.25,0.91,0.89,0.93,All Persons,All IMD Quintiles,North East,All Routes,Advanced,All Ages,All Years
0.5,0.86,0.83,0.88,All Persons,All IMD Quintiles,North East,All Routes,Advanced,All Ages,All Years
0.75,0.81,0.79,0.84,All Persons,All IMD Quintiles,North East,All Routes,Advanced,All Ages,All Years
1,0.77,0.74,0.80,All Persons,All IMD Quintiles,North East,All Routes,Advanced,All Ages,All Years
1.25,0.73,0.70,0.76,All Persons,All IMD Quintiles,North East,All Routes,Advanced,All Ages,All Years
1.5,0.70,0.67,0.74,All Persons,All IMD Quintiles,North East,All Routes,Advanced,All Ages,All Years
1.75,0.67,0.64,0.71,All Persons,All IMD Quintiles,North East,All Routes,Advanced,All Ages,All Years
2,0.66,0.62,0.69,All Persons,All IMD Quintiles,North East,All Routes,Advanced,All Ages,All Years
2.25,0.65,0.61,0.68,All Persons,All IMD Quintiles,North East,All Routes,Advanced,All Ages,All Years
2.5,0.63,0.60,0.67,All Persons,All IMD Quintiles,North East,All Routes,Advanced,All Ages,All Years
2.75,0.62,0.59,0.66,All Persons,All IMD Quintiles,North East,All Routes,Advanced,All Ages,All Years
3,0.62,0.58,0.65,All Persons,All IMD Quintiles,North East,All Routes,Advanced,All Ages,All Years
3.25,0.61,0.57,0.64,All Persons,All IMD Quintiles,North East,All Routes,Advanced,All Ages,All Years
3.5,0.60,0.56,0.63,All Persons,All IMD Quintiles,North East,All Routes,Advanced,All Ages,All Years
3.75,0.59,0.56,0.63,All Persons,All IMD Quintiles,North East,All Routes,Advanced,All Ages,All Years
4,0.59,0.55,0.62,All Persons,All IMD Quintiles,North East,All Routes,Advanced,All Ages,All Years
4.25,0.58,0.54,0.62,All Persons,All IMD Quintiles,North East,All Routes,Advanced,All Ages,All Years
4.5,0.57,0.53,0.61,All Persons,All IMD Quintiles,North East,All Routes,Advanced,All Ages,All Years
4.75,0.56,0.53,0.60,All Persons,All IMD Quintiles,North East,All Routes,Advanced,All Ages,All Years
5,0.56,0.53,0.60,All Persons,All IMD Quintiles,North East,All Routes,Advanced,All Ages,All Years
0,0.99,0.98,1.01,All Persons,All IMD Quintiles,North East,All Routes,All Stages,0-49,All Years
0.25,0.98,0.95,1.00,All Persons,All IMD Quintiles,North East,All Routes,All Stages,0-49,All Years
0.5,0.96,0.93,0.99,All Persons,All IMD Quintiles,North East,All Routes,All Stages,0-49,All Years
0.75,0.94,0.90,0.98,All Persons,All IMD Quintiles,North East,All Routes,All Stages,0-49,All Years
1,0.92,0.87,0.96,All Persons,All IMD Quintiles,North East,All Routes,All Stages,0-49,All Years
1.25,0.90,0.85,0.95,All Persons,All IMD Quintiles,North East,All Routes,All Stages,0-49,All Years
1.5,0.88,0.82,0.93,All Persons,All IMD Quintiles,North East,All Routes,All Stages,0-49,All Years
1.75,0.88,0.82,0.93,All Persons,All IMD Quintiles,North East,All Routes,All Stages,0-49,All Years
2,0.87,0.81,0.93,All Persons,All IMD Quintiles,North East,All Routes,All Stages,0-49,All Years
2.25,0.85,0.79,0.91,All Persons,All IMD Quintiles,North East,All Routes,All Stages,0-49,All Years
2.5,0.83,0.76,0.89,All Persons,All IMD Quintiles,North East,All Routes,All Stages,0-49,All Years
2.75,0.82,0.75,0.89,All Persons,All IMD Quintiles,North East,All Routes,All Stages,0-49,All Years
3,0.81,0.74,0.88,All Persons,All IMD Quintiles,North East,All Routes,All Stages,0-49,All Years
3.25,0.80,0.73,0.87,All Persons,All IMD Quintiles,North East,All Routes,All Stages,0-49,All Years
3.5,0.80,0.73,0.87,All Persons,All IMD Quintiles,North East,All Routes,All Stages,0-49,All Years
3.75,0.80,0.73,0.87,All Persons,All IMD Quintiles,North East,All Routes,All Stages,0-49,All Years
4,0.79,0.71,0.86,All Persons,All IMD Quintiles,North East,All Routes,All Stages,0-49,All Years
4.25,0.77,0.69,0.85,All Persons,All IMD Quintiles,North East,All Routes,All Stages,0-49,All Years
4.5,0.77,0.69,0.85,All Persons,All IMD Quintiles,North East,All Routes,All Stages,0-49,All Years
4.75,0.77,0.69,0.85,All Persons,All IMD Quintiles,North East,All Routes,All Stages,0-49,All Years
0.25,0.98,0.96,1.00,All Persons,All IMD Quintiles,North East,All Routes,All Stages,50-54,All Years
0.5,0.96,0.93,0.99,All Persons,All IMD Quintiles,North East,All Routes,All Stages,50-54,All Years
0.75,0.92,0.88,0.96,All Persons,All IMD Quintiles,North East,All Routes,All Stages,50-54,All Years
1,0.92,0.88,0.96,All Persons,All IMD Quintiles,North East,All Routes,All Stages,50-54,All Years
1.25,0.89,0.84,0.93,All Persons,All IMD Quintiles,North East,All Routes,All Stages,50-54,All Years
1.5,0.88,0.83,0.93,All Persons,All IMD Quintiles,North East,All Routes,All Stages,50-54,All Years
1.75,0.85,0.79,0.90,All Persons,All IMD Quintiles,North East,All Routes,All Stages,50-54,All Years
2,0.84,0.79,0.89,All Persons,All IMD Quintiles,North East,All Routes,All Stages,50-54,All Years
2.25,0.84,0.79,0.89,All Persons,All IMD Quintiles,North East,All Routes,All Stages,50-54,All Years
2.5,0.83,0.78,0.89,All Persons,All IMD Quintiles,North East,All Routes,All Stages,50-54,All Years
2.75,0.82,0.77,0.88,All Persons,All IMD Quintiles,North East,All Routes,All Stages,50-54,All Years
3,0.82,0.77,0.88,All Persons,All IMD Quintiles,North East,All Routes,All Stages,50-54,All Years
3.25,0.82,0.77,0.88,All Persons,All IMD Quintiles,North East,All Routes,All Stages,50-54,All Years
3.5,0.81,0.74,0.87,All Persons,All IMD Quintiles,North East,All Routes,All Stages,50-54,All Years
3.75,0.81,0.74,0.87,All Persons,All IMD Quintiles,North East,All Routes,All Stages,50-54,All Years
4,0.79,0.73,0.86,All Persons,All IMD Quintiles,North East,All Routes,All Stages,50-54,All Years
4.25,0.78,0.71,0.85,All Persons,All IMD Quintiles,North East,All Routes,All Stages,50-54,All Years
4.5,0.78,0.71,0.85,All Persons,All IMD Quintiles,North East,All Routes,All Stages,50-54,All Years
4.75,0.78,0.71,0.85,All Persons,All IMD Quintiles,North East,All Routes,All Stages,50-54,All Years
5,0.78,0.71,0.85,All Persons,All IMD Quintiles,North East,All Routes,All Stages,50-54,All Years
0,1.00,0.99,1.00,All Persons,All IMD Quintiles,North East,All Routes,All Stages,55-59,All Years
0.25,0.96,0.94,0.99,All Persons,All IMD Quintiles,North East,All Routes,All Stages,55-59,All Years
0.5,0.93,0.90,0.96,All Persons,All IMD Quintiles,North East,All Routes,All Stages,55-59,All Years
0.75,0.92,0.88,0.95,All Persons,All IMD Quintiles,North East,All Routes,All Stages,55-59,All Years
1,0.88,0.84,0.92,All Persons,All IMD Quintiles,North East,All Routes,All Stages,55-59,All Years
1.25,0.87,0.83,0.92,All Persons,All IMD Quintiles,North East,All Routes,All Stages,55-59,All Years
1.5,0.85,0.81,0.90,All Persons,All IMD Quintiles,North East,All Routes,All Stages,55-59,All Years
1.75,0.84,0.79,0.89,All Persons,All IMD Quintiles,North East,All Routes,All Stages,55-59,All Years
2,0.83,0.78,0.88,All Persons,All IMD Quintiles,North East,All Routes,All Stages,55-59,All Years
2.25,0.82,0.77,0.87,All Persons,All IMD Quintiles,North East,All Routes,All Stages,55-59,All Years
2.5,0.79,0.74,0.85,All Persons,All IMD Quintiles,North East,All Routes,All Stages,55-59,All Years
2.75,0.77,0.72,0.83,All Persons,All IMD Quintiles,North East,All Routes,All Stages,55-59,All Years
3,0.77,0.71,0.83,All Persons,All IMD Quintiles,North East,All Routes,All Stages,55-59,All Years
3.25,0.75,0.69,0.81,All Persons,All IMD Quintiles,North East,All Routes,All Stages,55-59,All Years
3.5,0.74,0.68,0.81,All Persons,All IMD Quintiles,North East,All Routes,All Stages,55-59,All Years
3.75,0.72,0.66,0.79,All Persons,All IMD Quintiles,North East,All Routes,All Stages,55-59,All Years
4,0.72,0.66,0.79,All Persons,All IMD Quintiles,North East,All Routes,All Stages,55-59,All Years
4.25,0.72,0.66,0.79,All Persons,All IMD Quintiles,North East,All Routes,All Stages,55-59,All Years
4.5,0.71,0.64,0.78,All Persons,All IMD Quintiles,North East,All Routes,All Stages,55-59,All Years
4.75,0.69,0.62,0.77,All Persons,All IMD Quintiles,North East,All Routes,All Stages,55-59,All Years
5,0.69,0.62,0.77,All Persons,All IMD Quintiles,North East,All Routes,All Stages,55-59,All Years
0,1.00,0.99,1.00,All Persons,All IMD Quintiles,North East,All Routes,All Stages,60-64,All Years
0.25,0.96,0.93,0.98,All Persons,All IMD Quintiles,North East,All Routes,All Stages,60-64,All Years
0.5,0.91,0.88,0.95,All Persons,All IMD Quintiles,North East,All Routes,All Stages,60-64,All Years
0.75,0.89,0.86,0.93,All Persons,All IMD Quintiles,North East,All Routes,All Stages,60-64,All Years
1,0.87,0.82,0.91,All Persons,All IMD Quintiles,North East,All Routes,All Stages,60-64,All Years
1.25,0.82,0.77,0.86,All Persons,All IMD Quintiles,North East,All Routes,All Stages,60-64,All Years
1.5,0.79,0.74,0.84,All Persons,All IMD Quintiles,North East,All Routes,All Stages,60-64,All Years
1.75,0.77,0.72,0.83,All Persons,All IMD Quintiles,North East,All Routes,All Stages,60-64,All Years
2,0.76,0.70,0.81,All Persons,All IMD Quintiles,North East,All Routes,All Stages,60-64,All Years
2.25,0.75,0.70,0.81,All Persons,All IMD Quintiles,North East,All Routes,All Stages,60-64,All Years
2.5,0.75,0.69,0.80,All Persons,All IMD Quintiles,North East,All Routes,All Stages,60-64,All Years
2.75,0.74,0.68,0.80,All Persons,All IMD Quintiles,North East,All Routes,All Stages,60-64,All Years
3,0.73,0.68,0.79,All Persons,All IMD Quintiles,North East,All Routes,All Stages,60-64,All Years
3.25,0.71,0.65,0.77,All Persons,All IMD Quintiles,North East,All Routes,All Stages,60-64,All Years
3.5,0.70,0.64,0.77,All Persons,All IMD Quintiles,North East,All Routes,All Stages,60-64,All Years
3.75,0.69,0.63,0.76,All Persons,All IMD Quintiles,North East,All Routes,All Stages,60-64,All Years
4,0.69,0.63,0.76,All Persons,All IMD Quintiles,North East,All Routes,All Stages,60-64,All Years
4.25,0.69,0.63,0.76,All Persons,All IMD Quintiles,North East,All Routes,All Stages,60-64,All Years
4.5,0.68,0.62,0.75,All Persons,All IMD Quintiles,North East,All Routes,All Stages,60-64,All Years
4.75,0.67,0.60,0.74,All Persons,All IMD Quintiles,North East,All Routes,All Stages,60-64,All Years
5,0.67,0.60,0.74,All Persons,All IMD Quintiles,North East,All Routes,All Stages,60-64,All Years
0,0.99,0.98,1.01,All Persons,All IMD Quintiles,North East,All Routes,All Stages,65-69,All Years
0.25,0.89,0.84,0.94,All Persons,All IMD Quintiles,North East,All Routes,All Stages,65-69,All Years
0.5,0.83,0.77,0.88,All Persons,All IMD Quintiles,North East,All Routes,All Stages,65-69,All Years
0.75,0.77,0.70,0.83,All Persons,All IMD Quintiles,North East,All Routes,All Stages,65-69,All Years
1,0.73,0.66,0.80,All Persons,All IMD Quintiles,North East,All Routes,All Stages,65-69,All Years
1.25,0.70,0.63,0.77,All Persons,All IMD Quintiles,North East,All Routes,All Stages,65-69,All Years
1.5,0.68,0.61,0.75,All Persons,All IMD Quintiles,North East,All Routes,All Stages,65-69,All Years
1.75,0.65,0.58,0.72,All Persons,All IMD Quintiles,North East,All Routes,All Stages,65-69,All Years
2,0.64,0.56,0.71,All Persons,All IMD Quintiles,North East,All Routes,All Stages,65-69,All Years
2.25,0.63,0.55,0.70,All Persons,All IMD Quintiles,North East,All Routes,All Stages,65-69,All Years
2.5,0.63,0.55,0.70,All Persons,All IMD Quintiles,North East,All Routes,All Stages,65-69,All Years
2.75,0.63,0.55,0.70,All Persons,All IMD Quintiles,North East,All Routes,All Stages,65-69,All Years
3,0.62,0.54,0.69,All Persons,All IMD Quintiles,North East,All Routes,All Stages,65-69,All Years
3.25,0.61,0.53,0.68,All Persons,All IMD Quintiles,North East,All Routes,All Stages,65-69,All Years
3.5,0.61,0.53,0.68,All Persons,All IMD Quintiles,North East,All Routes,All Stages,65-69,All Years
3.75,0.59,0.51,0.67,All Persons,All IMD Quintiles,North East,All Routes,All Stages,65-69,All Years
4,0.59,0.51,0.67,All Persons,All IMD Quintiles,North East,All Routes,All Stages,65-69,All Years
4.25,0.59,0.51,0.67,All Persons,All IMD Quintiles,North East,All Routes,All Stages,65-69,All Years
4.5,0.58,0.49,0.66,All Persons,All IMD Quintiles,North East,All Routes,All Stages,65-69,All Years
4.75,0.58,0.49,0.66,All Persons,All IMD Quintiles,North East,All Routes,All Stages,65-69,All Years
0,0.99,0.98,1.01,All Persons,All IMD Quintiles,North East,All Routes,All Stages,70-74,All Years
0.25,0.88,0.83,0.93,All Persons,All IMD Quintiles,North East,All Routes,All Stages,70-74,All Years
0.5,0.84,0.78,0.90,All Persons,All IMD Quintiles,North East,All Routes,All Stages,70-74,All Years
0.75,0.77,0.70,0.84,All Persons,All IMD Quintiles,North East,All Routes,All Stages,70-74,All Years
1,0.69,0.61,0.76,All Persons,All IMD Quintiles,North East,All Routes,All Stages,70-74,All Years
1.25,0.65,0.57,0.73,All Persons,All IMD Quintiles,North East,All Routes,All Stages,70-74,All Years
1.5,0.63,0.55,0.71,All Persons,All IMD Quintiles,North East,All Routes,All Stages,70-74,All Years
1.75,0.59,0.50,0.67,All Persons,All IMD Quintiles,North East,All Routes,All Stages,70-74,All Years
2,0.56,0.48,0.64,All Persons,All IMD Quintiles,North East,All Routes,All Stages,70-74,All Years
2.25,0.54,0.45,0.63,All Persons,All IMD Quintiles,North East,All Routes,All Stages,70-74,All Years
2.5,0.53,0.44,0.62,All Persons,All IMD Quintiles,North East,All Routes,All Stages,70-74,All Years
2.75,0.52,0.43,0.61,All Persons,All IMD Quintiles,North East,All Routes,All Stages,70-74,All Years
3,0.52,0.43,0.61,All Persons,All IMD Quintiles,North East,All Routes,All Stages,70-74,All Years
3.25,0.52,0.43,0.61,All Persons,All IMD Quintiles,North East,All Routes,All Stages,70-74,All Years
3.5,0.51,0.42,0.59,All Persons,All IMD Quintiles,North East,All Routes,All Stages,70-74,All Years
3.75,0.49,0.40,0.58,All Persons,All IMD Quintiles,North East,All Routes,All Stages,70-74,All Years
4,0.46,0.37,0.55,All Persons,All IMD Quintiles,North East,All Routes,All Stages,70-74,All Years
4.25,0.45,0.35,0.54,All Persons,All IMD Quintiles,North East,All Routes,All Stages,70-74,All Years
4.5,0.43,0.33,0.53,All Persons,All IMD Quintiles,North East,All Routes,All Stages,70-74,All Years
4.75,0.43,0.33,0.53,All Persons,All IMD Quintiles,North East,All Routes,All Stages,70-74,All Years
5,0.43,0.33,0.53,All Persons,All IMD Quintiles,North East,All Routes,All Stages,70-74,All Years
0,0.99,0.96,1.01,All Persons,All IMD Quintiles,North East,All Routes,All Stages,75-79,All Years
0.25,0.84,0.75,0.92,All Persons,All IMD Quintiles,North East,All Routes,All Stages,75-79,All Years
0.5,0.76,0.66,0.85,All Persons,All IMD Quintiles,North East,All Routes,All Stages,75-79,All Years
0.75,0.70,0.60,0.81,All Persons,All IMD Quintiles,North East,All Routes,All Stages,75-79,All Years
1,0.65,0.54,0.76,All Persons,All IMD Quintiles,North East,All Routes,All Stages,75-79,All Years
1.25,0.58,0.47,0.69,All Persons,All IMD Quintiles,North East,All Routes,All Stages,75-79,All Years
1.5,0.51,0.39,0.62,All Persons,All IMD Quintiles,North East,All Routes,All Stages,75-79,All Years
1.75,0.46,0.35,0.58,All Persons,All IMD Quintiles,North East,All Routes,All Stages,75-79,All Years
2,0.44,0.33,0.56,All Persons,All IMD Quintiles,North East,All Routes,All Stages,75-79,All Years
2.25,0.44,0.33,0.56,All Persons,All IMD Quintiles,North East,All Routes,All Stages,75-79,All Years
2.5,0.44,0.33,0.56,All Persons,All IMD Quintiles,North East,All Routes,All Stages,75-79,All Years
2.75,0.44,0.33,0.56,All Persons,All IMD Quintiles,North East,All Routes,All Stages,75-79,All Years
3,0.42,0.30,0.54,All Persons,All IMD Quintiles,North East,All Routes,All Stages,75-79,All Years
3.25,0.39,0.27,0.51,All Persons,All IMD Quintiles,North East,All Routes,All Stages,75-79,All Years
3.5,0.39,0.27,0.51,All Persons,All IMD Quintiles,North East,All Routes,All Stages,75-79,All Years
3.75,0.39,0.27,0.51,All Persons,All IMD Quintiles,North East,All Routes,All Stages,75-79,All Years
4,0.39,0.27,0.51,All Persons,All IMD Quintiles,North East,All Routes,All Stages,75-79,All Years
4.25,0.35,0.22,0.48,All Persons,All IMD Quintiles,North East,All Routes,All Stages,75-79,All Years
4.75,0.30,0.17,0.44,All Persons,All IMD Quintiles,North East,All Routes,All Stages,75-79,All Years
0,0.97,0.92,1.03,All Persons,All IMD Quintiles,North East,All Routes,All Stages,80-84,All Years
0.25,0.77,0.63,0.91,All Persons,All IMD Quintiles,North East,All Routes,All Stages,80-84,All Years
0.5,0.69,0.53,0.84,All Persons,All IMD Quintiles,North East,All Routes,All Stages,80-84,All Years
0.75,0.51,0.35,0.68,All Persons,All IMD Quintiles,North East,All Routes,All Stages,80-84,All Years
1,0.49,0.32,0.65,All Persons,All IMD Quintiles,North East,All Routes,All Stages,80-84,All Years
1.25,0.49,0.32,0.65,All Persons,All IMD Quintiles,North East,All Routes,All Stages,80-84,All Years
1.5,0.49,0.32,0.65,All Persons,All IMD Quintiles,North East,All Routes,All Stages,80-84,All Years
1.75,0.40,0.24,0.57,All Persons,All IMD Quintiles,North East,All Routes,All Stages,80-84,All Years
2,0.36,0.20,0.53,All Persons,All IMD Quintiles,North East,All Routes,All Stages,80-84,All Years
2.25,0.32,0.16,0.49,All Persons,All IMD Quintiles,North East,All Routes,All Stages,80-84,All Years
2.75,0.32,0.16,0.49,All Persons,All IMD Quintiles,North East,All Routes,All Stages,80-84,All Years
3.25,0.32,0.16,0.49,All Persons,All IMD Quintiles,North East,All Routes,All Stages,80-84,All Years
3.75,0.32,0.16,0.49,All Persons,All IMD Quintiles,North East,All Routes,All Stages,80-84,All Years
4,0.32,0.16,0.49,All Persons,All IMD Quintiles,North East,All Routes,All Stages,80-84,All Years
4.25,0.32,0.16,0.49,All Persons,All IMD Quintiles,North East,All Routes,All Stages,80-84,All Years
0,0.83,0.64,1.03,All Persons,All IMD Quintiles,North East,All Routes,All Stages,85-89,All Years
0.25,0.42,0.16,0.68,All Persons,All IMD Quintiles,North East,All Routes,All Stages,85-89,All Years
0.5,0.08,-0.04,0.21,All Persons,All IMD Quintiles,North East,All Routes,All Stages,85-89,All Years
2,0.08,-0.04,0.21,All Persons,All IMD Quintiles,North East,All Routes,All Stages,85-89,All Years
0.25,0.67,0.23,1.10,All Persons,All IMD Quintiles,North East,All Routes,All Stages,90+,All Years
0,0.99,0.98,1.00,All Persons,All IMD Quintiles,North East,All Routes,All Stages,All Ages,2016
0.25,0.91,0.86,0.95,All Persons,All IMD Quintiles,North East,All Routes,All Stages,All Ages,2016
0.5,0.86,0.81,0.91,All Persons,All IMD Quintiles,North East,All Routes,All Stages,All Ages,2016
0.75,0.81,0.75,0.86,All Persons,All IMD Quintiles,North East,All Routes,All Stages,All Ages,2016
1,0.76,0.70,0.82,All Persons,All IMD Quintiles,North East,All Routes,All Stages,All Ages,2016
1.25,0.72,0.66,0.79,All Persons,All IMD Quintiles,North East,All Routes,All Stages,All Ages,2016
1.5,0.69,0.63,0.76,All Persons,All IMD Quintiles,North East,All Routes,All Stages,All Ages,2016
1.75,0.67,0.60,0.74,All Persons,All IMD Quintiles,North East,All Routes,All Stages,All Ages,2016
2,0.66,0.59,0.73,All Persons,All IMD Quintiles,North East,All Routes,All Stages,All Ages,2016
2.25,0.65,0.58,0.72,All Persons,All IMD Quintiles,North East,All Routes,All Stages,All Ages,2016
2.5,0.64,0.58,0.71,All Persons,All IMD Quintiles,North East,All Routes,All Stages,All Ages,2016
2.75,0.64,0.57,0.71,All Persons,All IMD Quintiles,North East,All Routes,All Stages,All Ages,2016
3.25,0.63,0.56,0.70,All Persons,All IMD Quintiles,North East,All Routes,All Stages,All Ages,2016
3.5,0.62,0.55,0.69,All Persons,All IMD Quintiles,North East,All Routes,All Stages,All Ages,2016
3.75,0.62,0.55,0.69,All Persons,All IMD Quintiles,North East,All Routes,All Stages,All Ages,2016
4,0.61,0.54,0.68,All Persons,All IMD Quintiles,North East,All Routes,All Stages,All Ages,2016
4.25,0.61,0.54,0.68,All Persons,All IMD Quintiles,North East,All Routes,All Stages,All Ages,2016
4.5,0.60,0.53,0.67,All Persons,All IMD Quintiles,North East,All Routes,All Stages,All Ages,2016
0,0.99,0.98,1.01,All Persons,All IMD Quintiles,North East,All Routes,All Stages,All Ages,2017
0.25,0.94,0.91,0.97,All Persons,All IMD Quintiles,North East,All Routes,All Stages,All Ages,2017
0.5,0.90,0.86,0.94,All Persons,All IMD Quintiles,North East,All Routes,All Stages,All Ages,2017
0.75,0.88,0.83,0.93,All Persons,All IMD Quintiles,North East,All Routes,All Stages,All Ages,2017
1,0.83,0.78,0.88,All Persons,All IMD Quintiles,North East,All Routes,All Stages,All Ages,2017
1.25,0.80,0.74,0.86,All Persons,All IMD Quintiles,North East,All Routes,All Stages,All Ages,2017
1.5,0.77,0.71,0.83,All Persons,All IMD Quintiles,North East,All Routes,All Stages,All Ages,2017
1.75,0.73,0.67,0.80,All Persons,All IMD Quintiles,North East,All Routes,All Stages,All Ages,2017
2,0.73,0.66,0.79,All Persons,All IMD Quintiles,North East,All Routes,All Stages,All Ages,2017
2.25,0.71,0.64,0.78,All Persons,All IMD Quintiles,North East,All Routes,All Stages,All Ages,2017
2.5,0.70,0.63,0.77,All Persons,All IMD Quintiles,North East,All Routes,All Stages,All Ages,2017
3,0.69,0.62,0.76,All Persons,All IMD Quintiles,North East,All Routes,All Stages,All Ages,2017
3.25,0.68,0.61,0.75,All Persons,All IMD Quintiles,North East,All Routes,All Stages,All Ages,2017
3.5,0.67,0.60,0.74,All Persons,All IMD Quintiles,North East,All Routes,All Stages,All Ages,2017
3.75,0.65,0.58,0.72,All Persons,All IMD Quintiles,North East,All Routes,All Stages,All Ages,2017
4,0.64,0.58,0.71,All Persons,All IMD Quintiles,North East,All Routes,All Stages,All Ages,2017
4.5,0.63,0.56,0.70,All Persons,All IMD Quintiles,North East,All Routes,All Stages,All Ages,2017
4.75,0.62,0.55,0.69,All Persons,All IMD Quintiles,North East,All Routes,All Stages,All Ages,2017
5,0.62,0.55,0.69,All Persons,All IMD Quintiles,North East,All Routes,All Stages,All Ages,2017
0,0.99,0.98,1.01,All Persons,All IMD Quintiles,North East,All Routes,All Stages,All Ages,2018
0.25,0.96,0.93,0.99,All Persons,All IMD Quintiles,North East,All Routes,All Stages,All Ages,2018
0.5,0.94,0.90,0.97,All Persons,All IMD Quintiles,North East,All Routes,All Stages,All Ages,2018
0.75,0.92,0.88,0.96,All Persons,All IMD Quintiles,North East,All Routes,All Stages,All Ages,2018
1,0.89,0.84,0.94,All Persons,All IMD Quintiles,North East,All Routes,All Stages,All Ages,2018
1.25,0.83,0.77,0.88,All Persons,All IMD Quintiles,North East,All Routes,All Stages,All Ages,2018
1.5,0.81,0.76,0.87,All Persons,All IMD Quintiles,North East,All Routes,All Stages,All Ages,2018
1.75,0.79,0.73,0.85,All Persons,All IMD Quintiles,North East,All Routes,All Stages,All Ages,2018
2,0.77,0.71,0.83,All Persons,All IMD Quintiles,North East,All Routes,All Stages,All Ages,2018
2.25,0.75,0.69,0.81,All Persons,All IMD Quintiles,North East,All Routes,All Stages,All Ages,2018
2.5,0.74,0.68,0.80,All Persons,All IMD Quintiles,North East,All Routes,All Stages,All Ages,2018
3,0.71,0.64,0.77,All Persons,All IMD Quintiles,North East,All Routes,All Stages,All Ages,2018
3.25,0.69,0.62,0.76,All Persons,All IMD Quintiles,North East,All Routes,All Stages,All Ages,2018
3.5,0.69,0.62,0.75,All Persons,All IMD Quintiles,North East,All Routes,All Stages,All Ages,2018
4,0.68,0.61,0.75,All Persons,All IMD Quintiles,North East,All Routes,All Stages,All Ages,2018
4.25,0.66,0.59,0.73,All Persons,All IMD Quintiles,North East,All Routes,All Stages,All Ages,2018
4.5,0.66,0.59,0.73,All Persons,All IMD Quintiles,North East,All Routes,All Stages,All Ages,2018
4.75,0.66,0.59,0.73,All Persons,All IMD Quintiles,North East,All Routes,All Stages,All Ages,2018
5,0.66,0.59,0.73,All Persons,All IMD Quintiles,North East,All Routes,All Stages,All Ages,2018
0,1.00,0.99,1.00,All Persons,All IMD Quintiles,North East,All Routes,All Stages,All Ages,2019
0.25,0.93,0.90,0.97,All Persons,All IMD Quintiles,North East,All Routes,All Stages,All Ages,2019
0.5,0.88,0.83,0.92,All Persons,All IMD Quintiles,North East,All Routes,All Stages,All Ages,2019
0.75,0.82,0.77,0.88,All Persons,All IMD Quintiles,North East,All Routes,All Stages,All Ages,2019
1,0.79,0.74,0.85,All Persons,All IMD Quintiles,North East,All Routes,All Stages,All Ages,2019
1.25,0.76,0.70,0.82,All Persons,All IMD Quintiles,North East,All Routes,All Stages,All Ages,2019
1.5,0.73,0.67,0.79,All Persons,All IMD Quintiles,North East,All Routes,All Stages,All Ages,2019
1.75,0.72,0.66,0.78,All Persons,All IMD Quintiles,North East,All Routes,All Stages,All Ages,2019
2,0.72,0.65,0.78,All Persons,All IMD Quintiles,North East,All Routes,All Stages,All Ages,2019
2.25,0.71,0.64,0.77,All Persons,All IMD Quintiles,North East,All Routes,All Stages,All Ages,2019
2.5,0.70,0.63,0.76,All Persons,All IMD Quintiles,North East,All Routes,All Stages,All Ages,2019
2.75,0.69,0.63,0.75,All Persons,All IMD Quintiles,North East,All Routes,All Stages,All Ages,2019
3,0.69,0.62,0.75,All Persons,All IMD Quintiles,North East,All Routes,All Stages,All Ages,2019
3.25,0.69,0.62,0.75,All Persons,All IMD Quintiles,North East,All Routes,All Stages,All Ages,2019
3.5,0.66,0.59,0.73,All Persons,All IMD Quintiles,North East,All Routes,All Stages,All Ages,2019
3.75,0.65,0.58,0.72,All Persons,All IMD Quintiles,North East,All Routes,All Stages,All Ages,2019
4,0.65,0.58,0.72,All Persons,All IMD Quintiles,North East,All Routes,All Stages,All Ages,2019
0,1.00,0.99,1.00,All Persons,All IMD Quintiles,North East,All Routes,All Stages,All Ages,2020
0.25,0.90,0.86,0.94,All Persons,All IMD Quintiles,North East,All Routes,All Stages,All Ages,2020
0.5,0.85,0.80,0.90,All Persons,All IMD Quintiles,North East,All Routes,All Stages,All Ages,2020
0.75,0.84,0.79,0.89,All Persons,All IMD Quintiles,North East,All Routes,All Stages,All Ages,2020
1,0.80,0.75,0.85,All Persons,All IMD Quintiles,North East,All Routes,All Stages,All Ages,2020
1.25,0.77,0.72,0.83,All Persons,All IMD Quintiles,North East,All Routes,All Stages,All Ages,2020
1.5,0.75,0.69,0.81,All Persons,All IMD Quintiles,North East,All Routes,All Stages,All Ages,2020
1.75,0.73,0.67,0.79,All Persons,All IMD Quintiles,North East,All Routes,All Stages,All Ages,2020
2,0.70,0.64,0.76,All Persons,All IMD Quintiles,North East,All Routes,All Stages,All Ages,2020
2.25,0.69,0.63,0.75,All Persons,All IMD Quintiles,North East,All Routes,All Stages,All Ages,2020
2.5,0.68,0.62,0.74,All Persons,All IMD Quintiles,North East,All Routes,All Stages,All Ages,2020
2.75,0.68,0.62,0.74,All Persons,All IMD Quintiles,North East,All Routes,All Stages,All Ages,2020
3,0.68,0.62,0.74,All Persons,All IMD Quintiles,North East,All Routes,All Stages,All Ages,2020
4.25,0.34,0.01,0.68,All Persons,All IMD Quintiles,North East,All Routes,All Stages,All Ages,2020
0,0.99,0.98,1.00,All Persons,All IMD Quintiles,North East,All Routes,All Stages,All Ages,2021
0.25,0.94,0.91,0.97,All Persons,All IMD Quintiles,North East,All Routes,All Stages,All Ages,2021
0.5,0.88,0.84,0.92,All Persons,All IMD Quintiles,North East,All Routes,All Stages,All Ages,2021
0.75,0.83,0.78,0.88,All Persons,All IMD Quintiles,North East,All Routes,All Stages,All Ages,2021
1,0.80,0.75,0.85,All Persons,All IMD Quintiles,North East,All Routes,All Stages,All Ages,2021
1.25,0.79,0.74,0.85,All Persons,All IMD Quintiles,North East,All Routes,All Stages,All Ages,2021
1.5,0.78,0.73,0.84,All Persons,All IMD Quintiles,North East,All Routes,All Stages,All Ages,2021
1.75,0.78,0.73,0.84,All Persons,All IMD Quintiles,North East,All Routes,All Stages,All Ages,2021
2,0.78,0.73,0.84,All Persons,All IMD Quintiles,North East,All Routes,All Stages,All Ages,2021
0,0.98,0.96,1.01,All Persons,All IMD Quintiles,North West,Emergency,All Stages,All Ages,All Years
0.25,0.74,0.66,0.82,All Persons,All IMD Quintiles,North West,Emergency,All Stages,All Ages,All Years
0.5,0.63,0.54,0.72,All Persons,All IMD Quintiles,North West,Emergency,All Stages,All Ages,All Years
0.75,0.52,0.43,0.61,All Persons,All IMD Quintiles,North West,Emergency,All Stages,All Ages,All Years
1,0.49,0.39,0.58,All Persons,All IMD Quintiles,North West,Emergency,All Stages,All Ages,All Years
1.25,0.45,0.36,0.54,All Persons,All IMD Quintiles,North West,Emergency,All Stages,All Ages,All Years
1.5,0.41,0.31,0.50,All Persons,All IMD Quintiles,North West,Emergency,All Stages,All Ages,All Years
1.75,0.38,0.29,0.47,All Persons,All IMD Quintiles,North West,Emergency,All Stages,All Ages,All Years
2,0.35,0.26,0.44,All Persons,All IMD Quintiles,North West,Emergency,All Stages,All Ages,All Years
2.25,0.32,0.23,0.40,All Persons,All IMD Quintiles,North West,Emergency,All Stages,All Ages,All Years
2.75,0.30,0.21,0.38,All Persons,All IMD Quintiles,North West,Emergency,All Stages,All Ages,All Years
3,0.29,0.21,0.37,All Persons,All IMD Quintiles,North West,Emergency,All Stages,All Ages,All Years
3.5,0.27,0.19,0.35,All Persons,All IMD Quintiles,North West,Emergency,All Stages,All Ages,All Years
4.25,0.26,0.18,0.34,All Persons,All IMD Quintiles,North West,Emergency,All Stages,All Ages,All Years
4.5,0.26,0.18,0.34,All Persons,All IMD Quintiles,North West,Emergency,All Stages,All Ages,All Years
4.75,0.26,0.18,0.34,All Persons,All IMD Quintiles,North West,Emergency,All Stages,All Ages,All Years
0,1.00,1.00,1.00,All Persons,All IMD Quintiles,North West,Non-emergency,All Stages,All Ages,All Years
0.25,0.96,0.95,0.97,All Persons,All IMD Quintiles,North West,Non-emergency,All Stages,All Ages,All Years
0.5,0.92,0.90,0.93,All Persons,All IMD Quintiles,North West,Non-emergency,All Stages,All Ages,All Years
0.75,0.87,0.85,0.89,All Persons,All IMD Quintiles,North West,Non-emergency,All Stages,All Ages,All Years
1,0.84,0.82,0.86,All Persons,All IMD Quintiles,North West,Non-emergency,All Stages,All Ages,All Years
1.25,0.80,0.78,0.82,All Persons,All IMD Quintiles,North West,Non-emergency,All Stages,All Ages,All Years
1.5,0.78,0.76,0.80,All Persons,All IMD Quintiles,North West,Non-emergency,All Stages,All Ages,All Years
1.75,0.77,0.74,0.79,All Persons,All IMD Quintiles,North West,Non-emergency,All Stages,All Ages,All Years
2,0.75,0.73,0.77,All Persons,All IMD Quintiles,North West,Non-emergency,All Stages,All Ages,All Years
2.25,0.73,0.70,0.75,All Persons,All IMD Quintiles,North West,Non-emergency,All Stages,All Ages,All Years
2.5,0.71,0.69,0.74,All Persons,All IMD Quintiles,North West,Non-emergency,All Stages,All Ages,All Years
2.75,0.70,0.67,0.72,All Persons,All IMD Quintiles,North West,Non-emergency,All Stages,All Ages,All Years
3,0.68,0.65,0.70,All Persons,All IMD Quintiles,North West,Non-emergency,All Stages,All Ages,All Years
3.25,0.67,0.64,0.69,All Persons,All IMD Quintiles,North West,Non-emergency,All Stages,All Ages,All Years
3.5,0.66,0.63,0.68,All Persons,All IMD Quintiles,North West,Non-emergency,All Stages,All Ages,All Years
3.75,0.64,0.62,0.67,All Persons,All IMD Quintiles,North West,Non-emergency,All Stages,All Ages,All Years
4,0.64,0.61,0.66,All Persons,All IMD Quintiles,North West,Non-emergency,All Stages,All Ages,All Years
4.25,0.63,0.60,0.66,All Persons,All IMD Quintiles,North West,Non-emergency,All Stages,All Ages,All Years
4.5,0.63,0.60,0.65,All Persons,All IMD Quintiles,North West,Non-emergency,All Stages,All Ages,All Years
4.75,0.61,0.59,0.64,All Persons,All IMD Quintiles,North West,Non-emergency,All Stages,All Ages,All Years
5,0.60,0.57,0.63,All Persons,All IMD Quintiles,North West,Non-emergency,All Stages,All Ages,All Years
0,1.00,1.00,1.00,All Persons,All IMD Quintiles,North West,All Routes,Early,All Ages,All Years
0.25,0.99,0.98,1.00,All Persons,All IMD Quintiles,North West,All Routes,Early,All Ages,All Years
0.5,0.97,0.96,0.98,All Persons,All IMD Quintiles,North West,All Routes,Early,All Ages,All Years
0.75,0.95,0.94,0.97,All Persons,All IMD Quintiles,North West,All Routes,Early,All Ages,All Years
1,0.94,0.92,0.95,All Persons,All IMD Quintiles,North West,All Routes,Early,All Ages,All Years
1.25,0.92,0.90,0.94,All Persons,All IMD Quintiles,North West,All Routes,Early,All Ages,All Years
1.5,0.90,0.88,0.92,All Persons,All IMD Quintiles,North West,All Routes,Early,All Ages,All Years
1.75,0.89,0.87,0.91,All Persons,All IMD Quintiles,North West,All Routes,Early,All Ages,All Years
2,0.88,0.86,0.90,All Persons,All IMD Quintiles,North West,All Routes,Early,All Ages,All Years
2.25,0.87,0.85,0.90,All Persons,All IMD Quintiles,North West,All Routes,Early,All Ages,All Years
2.5,0.87,0.85,0.89,All Persons,All IMD Quintiles,North West,All Routes,Early,All Ages,All Years
2.75,0.87,0.84,0.89,All Persons,All IMD Quintiles,North West,All Routes,Early,All Ages,All Years
3,0.85,0.83,0.88,All Persons,All IMD Quintiles,North West,All Routes,Early,All Ages,All Years
3.25,0.85,0.82,0.88,All Persons,All IMD Quintiles,North West,All Routes,Early,All Ages,All Years
3.5,0.84,0.82,0.87,All Persons,All IMD Quintiles,North West,All Routes,Early,All Ages,All Years
3.75,0.83,0.80,0.86,All Persons,All IMD Quintiles,North West,All Routes,Early,All Ages,All Years
4,0.83,0.80,0.86,All Persons,All IMD Quintiles,North West,All Routes,Early,All Ages,All Years
4.25,0.82,0.78,0.85,All Persons,All IMD Quintiles,North West,All Routes,Early,All Ages,All Years
4.5,0.79,0.75,0.84,All Persons,All IMD Quintiles,North West,All Routes,Early,All Ages,All Years
4.75,0.79,0.74,0.83,All Persons,All IMD Quintiles,North West,All Routes,Early,All Ages,All Years
5,0.77,0.72,0.82,All Persons,All IMD Quintiles,North West,All Routes,Early,All Ages,All Years
0,1.00,1.00,1.00,All Persons,All IMD Quintiles,North West,All Routes,Advanced,All Ages,All Years
0.25,0.92,0.91,0.94,All Persons,All IMD Quintiles,North West,All Routes,Advanced,All Ages,All Years
0.5,0.87,0.85,0.88,All Persons,All IMD Quintiles,North West,All Routes,Advanced,All Ages,All Years
0.75,0.82,0.80,0.83,All Persons,All IMD Quintiles,North West,All Routes,Advanced,All Ages,All Years
1,0.78,0.76,0.80,All Persons,All IMD Quintiles,North West,All Routes,Advanced,All Ages,All Years
1.25,0.74,0.72,0.76,All Persons,All IMD Quintiles,North West,All Routes,Advanced,All Ages,All Years
1.5,0.72,0.70,0.74,All Persons,All IMD Quintiles,North West,All Routes,Advanced,All Ages,All Years
1.75,0.70,0.68,0.72,All Persons,All IMD Quintiles,North West,All Routes,Advanced,All Ages,All Years
2,0.68,0.66,0.70,All Persons,All IMD Quintiles,North West,All Routes,Advanced,All Ages,All Years
2.25,0.66,0.63,0.68,All Persons,All IMD Quintiles,North West,All Routes,Advanced,All Ages,All Years
2.5,0.64,0.62,0.66,All Persons,All IMD Quintiles,North West,All Routes,Advanced,All Ages,All Years
2.75,0.63,0.60,0.65,All Persons,All IMD Quintiles,North West,All Routes,Advanced,All Ages,All Years
3,0.61,0.59,0.63,All Persons,All IMD Quintiles,North West,All Routes,Advanced,All Ages,All Years
3.25,0.60,0.57,0.62,All Persons,All IMD Quintiles,North West,All Routes,Advanced,All Ages,All Years
3.5,0.58,0.56,0.61,All Persons,All IMD Quintiles,North West,All Routes,Advanced,All Ages,All Years
3.75,0.58,0.55,0.60,All Persons,All IMD Quintiles,North West,All Routes,Advanced,All Ages,All Years
4,0.57,0.55,0.59,All Persons,All IMD Quintiles,North West,All Routes,Advanced,All Ages,All Years
4.25,0.56,0.54,0.59,All Persons,All IMD Quintiles,North West,All Routes,Advanced,All Ages,All Years
4.5,0.56,0.54,0.58,All Persons,All IMD Quintiles,North West,All Routes,Advanced,All Ages,All Years
4.75,0.55,0.52,0.57,All Persons,All IMD Quintiles,North West,All Routes,Advanced,All Ages,All Years
5,0.54,0.51,0.56,All Persons,All IMD Quintiles,North West,All Routes,Advanced,All Ages,All Years
0,1.00,0.99,1.00,All Persons,All IMD Quintiles,North West,All Routes,All Stages,0-49,All Years
0.25,0.97,0.95,0.99,All Persons,All IMD Quintiles,North West,All Routes,All Stages,0-49,All Years
0.5,0.95,0.92,0.97,All Persons,All IMD Quintiles,North West,All Routes,All Stages,0-49,All Years
0.75,0.92,0.89,0.95,All Persons,All IMD Quintiles,North West,All Routes,All Stages,0-49,All Years
1,0.89,0.86,0.93,All Persons,All IMD Quintiles,North West,All Routes,All Stages,0-49,All Years
1.25,0.87,0.84,0.91,All Persons,All IMD Quintiles,North West,All Routes,All Stages,0-49,All Years
1.5,0.85,0.81,0.89,All Persons,All IMD Quintiles,North West,All Routes,All Stages,0-49,All Years
1.75,0.83,0.79,0.87,All Persons,All IMD Quintiles,North West,All Routes,All Stages,0-49,All Years
2,0.83,0.79,0.87,All Persons,All IMD Quintiles,North West,All Routes,All Stages,0-49,All Years
2.25,0.81,0.77,0.86,All Persons,All IMD Quintiles,North West,All Routes,All Stages,0-49,All Years
2.5,0.81,0.76,0.85,All Persons,All IMD Quintiles,North West,All Routes,All Stages,0-49,All Years
2.75,0.80,0.75,0.84,All Persons,All IMD Quintiles,North West,All Routes,All Stages,0-49,All Years
3,0.78,0.74,0.83,All Persons,All IMD Quintiles,North West,All Routes,All Stages,0-49,All Years
3.25,0.78,0.73,0.82,All Persons,All IMD Quintiles,North West,All Routes,All Stages,0-49,All Years
3.5,0.78,0.73,0.82,All Persons,All IMD Quintiles,North West,All Routes,All Stages,0-49,All Years
3.75,0.77,0.72,0.82,All Persons,All IMD Quintiles,North West,All Routes,All Stages,0-49,All Years
4,0.77,0.72,0.82,All Persons,All IMD Quintiles,North West,All Routes,All Stages,0-49,All Years
4.25,0.77,0.72,0.82,All Persons,All IMD Quintiles,North West,All Routes,All Stages,0-49,All Years
4.5,0.77,0.72,0.82,All Persons,All IMD Quintiles,North West,All Routes,All Stages,0-49,All Years
4.75,0.76,0.71,0.81,All Persons,All IMD Quintiles,North West,All Routes,All Stages,0-49,All Years
5,0.75,0.70,0.80,All Persons,All IMD Quintiles,North West,All Routes,All Stages,0-49,All Years
0,1.00,0.99,1.00,All Persons,All IMD Quintiles,North West,All Routes,All Stages,50-54,All Years
0.25,0.97,0.96,0.99,All Persons,All IMD Quintiles,North West,All Routes,All Stages,50-54,All Years
0.5,0.95,0.93,0.97,All Persons,All IMD Quintiles,North West,All Routes,All Stages,50-54,All Years
0.75,0.92,0.90,0.95,All Persons,All IMD Quintiles,North West,All Routes,All Stages,50-54,All Years
1,0.90,0.87,0.92,All Persons,All IMD Quintiles,North West,All Routes,All Stages,50-54,All Years
1.25,0.87,0.84,0.90,All Persons,All IMD Quintiles,North West,All Routes,All Stages,50-54,All Years
1.5,0.86,0.82,0.89,All Persons,All IMD Quintiles,North West,All Routes,All Stages,50-54,All Years
1.75,0.85,0.81,0.88,All Persons,All IMD Quintiles,North West,All Routes,All Stages,50-54,All Years
2,0.83,0.80,0.87,All Persons,All IMD Quintiles,North West,All Routes,All Stages,50-54,All Years
2.25,0.82,0.78,0.86,All Persons,All IMD Quintiles,North West,All Routes,All Stages,50-54,All Years
2.5,0.81,0.77,0.85,All Persons,All IMD Quintiles,North West,All Routes,All Stages,50-54,All Years
2.75,0.80,0.76,0.84,All Persons,All IMD Quintiles,North West,All Routes,All Stages,50-54,All Years
3,0.78,0.74,0.82,All Persons,All IMD Quintiles,North West,All Routes,All Stages,50-54,All Years
3.25,0.77,0.73,0.82,All Persons,All IMD Quintiles,North West,All Routes,All Stages,50-54,All Years
3.5,0.76,0.72,0.81,All Persons,All IMD Quintiles,North West,All Routes,All Stages,50-54,All Years
3.75,0.76,0.72,0.81,All Persons,All IMD Quintiles,North West,All Routes,All Stages,50-54,All Years
4,0.75,0.71,0.80,All Persons,All IMD Quintiles,North West,All Routes,All Stages,50-54,All Years
4.25,0.75,0.70,0.79,All Persons,All IMD Quintiles,North West,All Routes,All Stages,50-54,All Years
4.5,0.74,0.69,0.78,All Persons,All IMD Quintiles,North West,All Routes,All Stages,50-54,All Years
4.75,0.72,0.67,0.77,All Persons,All IMD Quintiles,North West,All Routes,All Stages,50-54,All Years
5,0.72,0.67,0.77,All Persons,All IMD Quintiles,North West,All Routes,All Stages,50-54,All Years
0,1.00,0.99,1.00,All Persons,All IMD Quintiles,North West,All Routes,All Stages,55-59,All Years
0.25,0.96,0.95,0.98,All Persons,All IMD Quintiles,North West,All Routes,All Stages,55-59,All Years
0.5,0.93,0.91,0.95,All Persons,All IMD Quintiles,North West,All Routes,All Stages,55-59,All Years
0.75,0.89,0.87,0.92,All Persons,All IMD Quintiles,North West,All Routes,All Stages,55-59,All Years
1,0.87,0.85,0.90,All Persons,All IMD Quintiles,North West,All Routes,All Stages,55-59,All Years
1.25,0.87,0.84,0.89,All Persons,All IMD Quintiles,North West,All Routes,All Stages,55-59,All Years
1.5,0.84,0.81,0.87,All Persons,All IMD Quintiles,North West,All Routes,All Stages,55-59,All Years
1.75,0.83,0.79,0.86,All Persons,All IMD Quintiles,North West,All Routes,All Stages,55-59,All Years
2,0.81,0.78,0.84,All Persons,All IMD Quintiles,North West,All Routes,All Stages,55-59,All Years
2.25,0.80,0.76,0.83,All Persons,All IMD Quintiles,North West,All Routes,All Stages,55-59,All Years
2.5,0.78,0.75,0.82,All Persons,All IMD Quintiles,North West,All Routes,All Stages,55-59,All Years
2.75,0.78,0.74,0.81,All Persons,All IMD Quintiles,North West,All Routes,All Stages,55-59,All Years
3,0.75,0.71,0.79,All Persons,All IMD Quintiles,North West,All Routes,All Stages,55-59,All Years
3.25,0.74,0.70,0.78,All Persons,All IMD Quintiles,North West,All Routes,All Stages,55-59,All Years
3.5,0.72,0.68,0.76,All Persons,All IMD Quintiles,North West,All Routes,All Stages,55-59,All Years
3.75,0.72,0.68,0.76,All Persons,All IMD Quintiles,North West,All Routes,All Stages,55-59,All Years
4,0.71,0.67,0.75,All Persons,All IMD Quintiles,North West,All Routes,All Stages,55-59,All Years
4.25,0.70,0.66,0.75,All Persons,All IMD Quintiles,North West,All Routes,All Stages,55-59,All Years
4.5,0.70,0.65,0.74,All Persons,All IMD Quintiles,North West,All Routes,All Stages,55-59,All Years
4.75,0.68,0.64,0.73,All Persons,All IMD Quintiles,North West,All Routes,All Stages,55-59,All Years
5,0.68,0.64,0.73,All Persons,All IMD Quintiles,North West,All Routes,All Stages,55-59,All Years
0,1.00,0.99,1.00,All Persons,All IMD Quintiles,North West,All Routes,All Stages,60-64,All Years
0.25,0.97,0.95,0.98,All Persons,All IMD Quintiles,North West,All Routes,All Stages,60-64,All Years
0.5,0.92,0.90,0.94,All Persons,All IMD Quintiles,North West,All Routes,All Stages,60-64,All Years
0.75,0.88,0.86,0.91,All Persons,All IMD Quintiles,North West,All Routes,All Stages,60-64,All Years
1,0.85,0.82,0.88,All Persons,All IMD Quintiles,North West,All Routes,All Stages,60-64,All Years
1.25,0.82,0.78,0.85,All Persons,All IMD Quintiles,North West,All Routes,All Stages,60-64,All Years
1.5,0.80,0.76,0.83,All Persons,All IMD Quintiles,North West,All Routes,All Stages,60-64,All Years
1.75,0.78,0.75,0.82,All Persons,All IMD Quintiles,North West,All Routes,All Stages,60-64,All Years
2,0.76,0.73,0.80,All Persons,All IMD Quintiles,North West,All Routes,All Stages,60-64,All Years
2.25,0.75,0.71,0.79,All Persons,All IMD Quintiles,North West,All Routes,All Stages,60-64,All Years
2.5,0.74,0.70,0.78,All Persons,All IMD Quintiles,North West,All Routes,All Stages,60-64,All Years
2.75,0.73,0.69,0.77,All Persons,All IMD Quintiles,North West,All Routes,All Stages,60-64,All Years
3,0.71,0.67,0.75,All Persons,All IMD Quintiles,North West,All Routes,All Stages,60-64,All Years
3.25,0.69,0.65,0.74,All Persons,All IMD Quintiles,North West,All Routes,All Stages,60-64,All Years
3.5,0.69,0.64,0.73,All Persons,All IMD Quintiles,North West,All Routes,All Stages,60-64,All Years
3.75,0.67,0.62,0.72,All Persons,All IMD Quintiles,North West,All Routes,All Stages,60-64,All Years
4,0.66,0.62,0.71,All Persons,All IMD Quintiles,North West,All Routes,All Stages,60-64,All Years
4.25,0.66,0.62,0.71,All Persons,All IMD Quintiles,North West,All Routes,All Stages,60-64,All Years
4.5,0.65,0.60,0.70,All Persons,All IMD Quintiles,North West,All Routes,All Stages,60-64,All Years
4.75,0.65,0.60,0.69,All Persons,All IMD Quintiles,North West,All Routes,All Stages,60-64,All Years
5,0.62,0.57,0.68,All Persons,All IMD Quintiles,North West,All Routes,All Stages,60-64,All Years
0,1.00,0.99,1.00,All Persons,All IMD Quintiles,North West,All Routes,All Stages,65-69,All Years
0.25,0.94,0.91,0.96,All Persons,All IMD Quintiles,North West,All Routes,All Stages,65-69,All Years
0.5,0.89,0.86,0.92,All Persons,All IMD Quintiles,North West,All Routes,All Stages,65-69,All Years
0.75,0.86,0.82,0.89,All Persons,All IMD Quintiles,North West,All Routes,All Stages,65-69,All Years
1,0.82,0.79,0.86,All Persons,All IMD Quintiles,North West,All Routes,All Stages,65-69,All Years
1.25,0.78,0.75,0.82,All Persons,All IMD Quintiles,North West,All Routes,All Stages,65-69,All Years
1.5,0.77,0.73,0.81,All Persons,All IMD Quintiles,North West,All Routes,All Stages,65-69,All Years
1.75,0.75,0.71,0.79,All Persons,All IMD Quintiles,North West,All Routes,All Stages,65-69,All Years
2,0.71,0.67,0.76,All Persons,All IMD Quintiles,North West,All Routes,All Stages,65-69,All Years
2.25,0.70,0.65,0.74,All Persons,All IMD Quintiles,North West,All Routes,All Stages,65-69,All Years
2.5,0.68,0.64,0.73,All Persons,All IMD Quintiles,North West,All Routes,All Stages,65-69,All Years
2.75,0.67,0.63,0.72,All Persons,All IMD Quintiles,North West,All Routes,All Stages,65-69,All Years
3,0.67,0.63,0.71,All Persons,All IMD Quintiles,North West,All Routes,All Stages,65-69,All Years
3.25,0.66,0.62,0.71,All Persons,All IMD Quintiles,North West,All Routes,All Stages,65-69,All Years
3.5,0.65,0.61,0.70,All Persons,All IMD Quintiles,North West,All Routes,All Stages,65-69,All Years
3.75,0.64,0.59,0.68,All Persons,All IMD Quintiles,North West,All Routes,All Stages,65-69,All Years
4,0.63,0.58,0.68,All Persons,All IMD Quintiles,North West,All Routes,All Stages,65-69,All Years
4.25,0.62,0.57,0.67,All Persons,All IMD Quintiles,North West,All Routes,All Stages,65-69,All Years
4.5,0.61,0.56,0.66,All Persons,All IMD Quintiles,North West,All Routes,All Stages,65-69,All Years
4.75,0.59,0.54,0.65,All Persons,All IMD Quintiles,North West,All Routes,All Stages,65-69,All Years
5,0.58,0.52,0.63,All Persons,All IMD Quintiles,North West,All Routes,All Stages,65-69,All Years
0,1.00,0.99,1.00,All Persons,All IMD Quintiles,North West,All Routes,All Stages,70-74,All Years
0.25,0.89,0.86,0.92,All Persons,All IMD Quintiles,North West,All Routes,All Stages,70-74,All Years
0.5,0.83,0.79,0.87,All Persons,All IMD Quintiles,North West,All Routes,All Stages,70-74,All Years
0.75,0.74,0.70,0.79,All Persons,All IMD Quintiles,North West,All Routes,All Stages,70-74,All Years
1,0.71,0.66,0.76,All Persons,All IMD Quintiles,North West,All Routes,All Stages,70-74,All Years
1.25,0.68,0.63,0.72,All Persons,All IMD Quintiles,North West,All Routes,All Stages,70-74,All Years
1.5,0.64,0.59,0.69,All Persons,All IMD Quintiles,North West,All Routes,All Stages,70-74,All Years
1.75,0.61,0.56,0.66,All Persons,All IMD Quintiles,North West,All Routes,All Stages,70-74,All Years
2,0.60,0.55,0.65,All Persons,All IMD Quintiles,North West,All Routes,All Stages,70-74,All Years
2.25,0.57,0.52,0.63,All Persons,All IMD Quintiles,North West,All Routes,All Stages,70-74,All Years
2.5,0.54,0.49,0.60,All Persons,All IMD Quintiles,North West,All Routes,All Stages,70-74,All Years
2.75,0.53,0.47,0.58,All Persons,All IMD Quintiles,North West,All Routes,All Stages,70-74,All Years
3,0.51,0.46,0.57,All Persons,All IMD Quintiles,North West,All Routes,All Stages,70-74,All Years
3.25,0.48,0.42,0.54,All Persons,All IMD Quintiles,North West,All Routes,All Stages,70-74,All Years
3.5,0.48,0.42,0.54,All Persons,All IMD Quintiles,North West,All Routes,All Stages,70-74,All Years
3.75,0.46,0.40,0.52,All Persons,All IMD Quintiles,North West,All Routes,All Stages,70-74,All Years
4,0.44,0.38,0.50,All Persons,All IMD Quintiles,North West,All Routes,All Stages,70-74,All Years
4.25,0.43,0.37,0.49,All Persons,All IMD Quintiles,North West,All Routes,All Stages,70-74,All Years
4.5,0.42,0.36,0.48,All Persons,All IMD Quintiles,North West,All Routes,All Stages,70-74,All Years
4.75,0.41,0.35,0.48,All Persons,All IMD Quintiles,North West,All Routes,All Stages,70-74,All Years
5,0.39,0.33,0.46,All Persons,All IMD Quintiles,North West,All Routes,All Stages,70-74,All Years
0,0.99,0.98,1.01,All Persons,All IMD Quintiles,North West,All Routes,All Stages,75-79,All Years
0.25,0.86,0.81,0.91,All Persons,All IMD Quintiles,North West,All Routes,All Stages,75-79,All Years
0.5,0.80,0.74,0.86,All Persons,All IMD Quintiles,North West,All Routes,All Stages,75-79,All Years
0.75,0.74,0.68,0.81,All Persons,All IMD Quintiles,North West,All Routes,All Stages,75-79,All Years
1,0.68,0.61,0.75,All Persons,All IMD Quintiles,North West,All Routes,All Stages,75-79,All Years
1.25,0.65,0.58,0.72,All Persons,All IMD Quintiles,North West,All Routes,All Stages,75-79,All Years
1.5,0.62,0.55,0.69,All Persons,All IMD Quintiles,North West,All Routes,All Stages,75-79,All Years
1.75,0.60,0.53,0.67,All Persons,All IMD Quintiles,North West,All Routes,All Stages,75-79,All Years
2,0.57,0.49,0.64,All Persons,All IMD Quintiles,North West,All Routes,All Stages,75-79,All Years
2.25,0.55,0.48,0.63,All Persons,All IMD Quintiles,North West,All Routes,All Stages,75-79,All Years
2.5,0.54,0.46,0.61,All Persons,All IMD Quintiles,North West,All Routes,All Stages,75-79,All Years
2.75,0.51,0.43,0.59,All Persons,All IMD Quintiles,North West,All Routes,All Stages,75-79,All Years
3,0.48,0.40,0.56,All Persons,All IMD Quintiles,North West,All Routes,All Stages,75-79,All Years
3.25,0.48,0.40,0.56,All Persons,All IMD Quintiles,North West,All Routes,All Stages,75-79,All Years
3.5,0.48,0.40,0.56,All Persons,All IMD Quintiles,North West,All Routes,All Stages,75-79,All Years
3.75,0.48,0.40,0.56,All Persons,All IMD Quintiles,North West,All Routes,All Stages,75-79,All Years
4,0.47,0.39,0.55,All Persons,All IMD Quintiles,North West,All Routes,All Stages,75-79,All Years
4.25,0.47,0.39,0.55,All Persons,All IMD Quintiles,North West,All Routes,All Stages,75-79,All Years
4.5,0.45,0.37,0.54,All Persons,All IMD Quintiles,North West,All Routes,All Stages,75-79,All Years
4.75,0.43,0.34,0.52,All Persons,All IMD Quintiles,North West,All Routes,All Stages,75-79,All Years
5,0.41,0.32,0.51,All Persons,All IMD Quintiles,North West,All Routes,All Stages,75-79,All Years
0,0.99,0.97,1.01,All Persons,All IMD Quintiles,North West,All Routes,All Stages,80-84,All Years
0.25,0.80,0.72,0.88,All Persons,All IMD Quintiles,North West,All Routes,All Stages,80-84,All Years
0.5,0.69,0.60,0.78,All Persons,All IMD Quintiles,North West,All Routes,All Stages,80-84,All Years
0.75,0.58,0.48,0.68,All Persons,All IMD Quintiles,North West,All Routes,All Stages,80-84,All Years
1,0.54,0.44,0.64,All Persons,All IMD Quintiles,North West,All Routes,All Stages,80-84,All Years
1.25,0.51,0.41,0.61,All Persons,All IMD Quintiles,North West,All Routes,All Stages,80-84,All Years
1.5,0.50,0.40,0.60,All Persons,All IMD Quintiles,North West,All Routes,All Stages,80-84,All Years
1.75,0.48,0.39,0.58,All Persons,All IMD Quintiles,North West,All Routes,All Stages,80-84,All Years
2,0.46,0.36,0.56,All Persons,All IMD Quintiles,North West,All Routes,All Stages,80-84,All Years
2.25,0.44,0.34,0.54,All Persons,All IMD Quintiles,North West,All Routes,All Stages,80-84,All Years
2.5,0.44,0.34,0.54,All Persons,All IMD Quintiles,North West,All Routes,All Stages,80-84,All Years
2.75,0.43,0.33,0.53,All Persons,All IMD Quintiles,North West,All Routes,All Stages,80-84,All Years
3,0.41,0.31,0.51,All Persons,All IMD Quintiles,North West,All Routes,All Stages,80-84,All Years
3.25,0.41,0.31,0.51,All Persons,All IMD Quintiles,North West,All Routes,All Stages,80-84,All Years
3.5,0.33,0.23,0.44,All Persons,All IMD Quintiles,North West,All Routes,All Stages,80-84,All Years
3.75,0.31,0.20,0.42,All Persons,All IMD Quintiles,North West,All Routes,All Stages,80-84,All Years
4,0.28,0.17,0.39,All Persons,All IMD Quintiles,North West,All Routes,All Stages,80-84,All Years
4.75,0.25,0.14,0.36,All Persons,All IMD Quintiles,North West,All Routes,All Stages,80-84,All Years
0,0.94,0.85,1.02,All Persons,All IMD Quintiles,North West,All Routes,All Stages,85-89,All Years
0.25,0.68,0.52,0.84,All Persons,All IMD Quintiles,North West,All Routes,All Stages,85-89,All Years
0.5,0.48,0.31,0.66,All Persons,All IMD Quintiles,North West,All Routes,All Stages,85-89,All Years
0.75,0.45,0.28,0.62,All Persons,All IMD Quintiles,North West,All Routes,All Stages,85-89,All Years
1,0.39,0.22,0.55,All Persons,All IMD Quintiles,North West,All Routes,All Stages,85-89,All Years
1.25,0.32,0.16,0.48,All Persons,All IMD Quintiles,North West,All Routes,All Stages,85-89,All Years
1.5,0.27,0.11,0.43,All Persons,All IMD Quintiles,North West,All Routes,All Stages,85-89,All Years
2.75,0.20,0.05,0.36,All Persons,All IMD Quintiles,North West,All Routes,All Stages,85-89,All Years
3.25,0.20,0.05,0.36,All Persons,All IMD Quintiles,North West,All Routes,All Stages,85-89,All Years
3.75,0.20,0.05,0.36,All Persons,All IMD Quintiles,North West,All Routes,All Stages,85-89,All Years
5,0.20,0.05,0.36,All Persons,All IMD Quintiles,North West,All Routes,All Stages,85-89,All Years
0,0.94,0.83,1.05,All Persons,All IMD Quintiles,North West,All Routes,All Stages,90+,All Years
0.25,0.71,0.50,0.92,All Persons,All IMD Quintiles,North West,All Routes,All Stages,90+,All Years
0.5,0.41,0.19,0.63,All Persons,All IMD Quintiles,North West,All Routes,All Stages,90+,All Years
0.75,0.35,0.14,0.57,All Persons,All IMD Quintiles,North West,All Routes,All Stages,90+,All Years
1.25,0.35,0.14,0.57,All Persons,All IMD Quintiles,North West,All Routes,All Stages,90+,All Years
1.5,0.35,0.14,0.57,All Persons,All IMD Quintiles,North West,All Routes,All Stages,90+,All Years
2,0.35,0.14,0.57,All Persons,All IMD Quintiles,North West,All Routes,All Stages,90+,All Years
3.25,0.00,0.00,0.00,All Persons,All IMD Quintiles,North West,All Routes,All Stages,90+,All Years
0,1.00,0.99,1.00,All Persons,All IMD Quintiles,North West,All Routes,All Stages,All Ages,2016
0.25,0.94,0.92,0.96,All Persons,All IMD Quintiles,North West,All Routes,All Stages,All Ages,2016
0.5,0.89,0.87,0.92,All Persons,All IMD Quintiles,North West,All Routes,All Stages,All Ages,2016
0.75,0.84,0.81,0.87,All Persons,All IMD Quintiles,North West,All Routes,All Stages,All Ages,2016
1,0.81,0.78,0.85,All Persons,All IMD Quintiles,North West,All Routes,All Stages,All Ages,2016
1.25,0.77,0.73,0.81,All Persons,All IMD Quintiles,North West,All Routes,All Stages,All Ages,2016
1.5,0.75,0.71,0.78,All Persons,All IMD Quintiles,North West,All Routes,All Stages,All Ages,2016
1.75,0.73,0.69,0.77,All Persons,All IMD Quintiles,North West,All Routes,All Stages,All Ages,2016
2,0.71,0.67,0.75,All Persons,All IMD Quintiles,North West,All Routes,All Stages,All Ages,2016
2.25,0.68,0.64,0.73,All Persons,All IMD Quintiles,North West,All Routes,All Stages,All Ages,2016
2.5,0.67,0.63,0.71,All Persons,All IMD Quintiles,North West,All Routes,All Stages,All Ages,2016
2.75,0.66,0.62,0.70,All Persons,All IMD Quintiles,North West,All Routes,All Stages,All Ages,2016
3,0.63,0.59,0.67,All Persons,All IMD Quintiles,North West,All Routes,All Stages,All Ages,2016
3.25,0.62,0.58,0.66,All Persons,All IMD Quintiles,North West,All Routes,All Stages,All Ages,2016
3.5,0.61,0.57,0.65,All Persons,All IMD Quintiles,North West,All Routes,All Stages,All Ages,2016
3.75,0.60,0.55,0.64,All Persons,All IMD Quintiles,North West,All Routes,All Stages,All Ages,2016
4,0.59,0.55,0.64,All Persons,All IMD Quintiles,North West,All Routes,All Stages,All Ages,2016
4.25,0.59,0.54,0.63,All Persons,All IMD Quintiles,North West,All Routes,All Stages,All Ages,2016
4.5,0.58,0.54,0.63,All Persons,All IMD Quintiles,North West,All Routes,All Stages,All Ages,2016
4.75,0.57,0.53,0.62,All Persons,All IMD Quintiles,North West,All Routes,All Stages,All Ages,2016
5,0.56,0.52,0.61,All Persons,All IMD Quintiles,North West,All Routes,All Stages,All Ages,2016
0,1.00,0.99,1.00,All Persons,All IMD Quintiles,North West,All Routes,All Stages,All Ages,2017
0.25,0.95,0.93,0.97,All Persons,All IMD Quintiles,North West,All Routes,All Stages,All Ages,2017
0.5,0.89,0.86,0.92,All Persons,All IMD Quintiles,North West,All Routes,All Stages,All Ages,2017
0.75,0.84,0.81,0.88,All Persons,All IMD Quintiles,North West,All Routes,All Stages,All Ages,2017
1,0.80,0.76,0.84,All Persons,All IMD Quintiles,North West,All Routes,All Stages,All Ages,2017
1.25,0.76,0.72,0.80,All Persons,All IMD Quintiles,North West,All Routes,All Stages,All Ages,2017
1.5,0.75,0.71,0.79,All Persons,All IMD Quintiles,North West,All Routes,All Stages,All Ages,2017
1.75,0.72,0.68,0.77,All Persons,All IMD Quintiles,North West,All Routes,All Stages,All Ages,2017
2,0.71,0.67,0.75,All Persons,All IMD Quintiles,North West,All Routes,All Stages,All Ages,2017
2.25,0.68,0.64,0.73,All Persons,All IMD Quintiles,North West,All Routes,All Stages,All Ages,2017
2.5,0.67,0.63,0.71,All Persons,All IMD Quintiles,North West,All Routes,All Stages,All Ages,2017
2.75,0.66,0.61,0.70,All Persons,All IMD Quintiles,North West,All Routes,All Stages,All Ages,2017
3,0.65,0.61,0.70,All Persons,All IMD Quintiles,North West,All Routes,All Stages,All Ages,2017
3.25,0.64,0.59,0.68,All Persons,All IMD Quintiles,North West,All Routes,All Stages,All Ages,2017
3.5,0.63,0.59,0.67,All Persons,All IMD Quintiles,North West,All Routes,All Stages,All Ages,2017
3.75,0.62,0.57,0.66,All Persons,All IMD Quintiles,North West,All Routes,All Stages,All Ages,2017
4,0.61,0.57,0.66,All Persons,All IMD Quintiles,North West,All Routes,All Stages,All Ages,2017
4.25,0.61,0.56,0.65,All Persons,All IMD Quintiles,North West,All Routes,All Stages,All Ages,2017
4.5,0.60,0.55,0.64,All Persons,All IMD Quintiles,North West,All Routes,All Stages,All Ages,2017
4.75,0.59,0.54,0.64,All Persons,All IMD Quintiles,North West,All Routes,All Stages,All Ages,2017
5,0.58,0.53,0.62,All Persons,All IMD Quintiles,North West,All Routes,All Stages,All Ages,2017
0,1.00,0.99,1.00,All Persons,All IMD Quintiles,North West,All Routes,All Stages,All Ages,2018
0.25,0.94,0.92,0.96,All Persons,All IMD Quintiles,North West,All Routes,All Stages,All Ages,2018
0.5,0.90,0.88,0.93,All Persons,All IMD Quintiles,North West,All Routes,All Stages,All Ages,2018
0.75,0.85,0.82,0.88,All Persons,All IMD Quintiles,North West,All Routes,All Stages,All Ages,2018
1,0.83,0.79,0.86,All Persons,All IMD Quintiles,North West,All Routes,All Stages,All Ages,2018
1.25,0.80,0.76,0.83,All Persons,All IMD Quintiles,North West,All Routes,All Stages,All Ages,2018
1.5,0.77,0.73,0.80,All Persons,All IMD Quintiles,North West,All Routes,All Stages,All Ages,2018
1.75,0.76,0.72,0.80,All Persons,All IMD Quintiles,North West,All Routes,All Stages,All Ages,2018
2,0.74,0.70,0.78,All Persons,All IMD Quintiles,North West,All Routes,All Stages,All Ages,2018
2.25,0.72,0.68,0.76,All Persons,All IMD Quintiles,North West,All Routes,All Stages,All Ages,2018
2.5,0.71,0.67,0.74,All Persons,All IMD Quintiles,North West,All Routes,All Stages,All Ages,2018
2.75,0.69,0.65,0.73,All Persons,All IMD Quintiles,North West,All Routes,All Stages,All Ages,2018
3,0.67,0.63,0.71,All Persons,All IMD Quintiles,North West,All Routes,All Stages,All Ages,2018
3.25,0.66,0.62,0.70,All Persons,All IMD Quintiles,North West,All Routes,All Stages,All Ages,2018
3.5,0.65,0.61,0.69,All Persons,All IMD Quintiles,North West,All Routes,All Stages,All Ages,2018
3.75,0.64,0.60,0.68,All Persons,All IMD Quintiles,North West,All Routes,All Stages,All Ages,2018
4,0.63,0.59,0.67,All Persons,All IMD Quintiles,North West,All Routes,All Stages,All Ages,2018
4.25,0.62,0.58,0.66,All Persons,All IMD Quintiles,North West,All Routes,All Stages,All Ages,2018
4.5,0.61,0.57,0.66,All Persons,All IMD Quintiles,North West,All Routes,All Stages,All Ages,2018
4.75,0.60,0.56,0.65,All Persons,All IMD Quintiles,North West,All Routes,All Stages,All Ages,2018
5,0.60,0.56,0.65,All Persons,All IMD Quintiles,North West,All Routes,All Stages,All Ages,2018
0,1.00,0.99,1.00,All Persons,All IMD Quintiles,North West,All Routes,All Stages,All Ages,2019
0.25,0.93,0.90,0.95,All Persons,All IMD Quintiles,North West,All Routes,All Stages,All Ages,2019
0.5,0.89,0.86,0.91,All Persons,All IMD Quintiles,North West,All Routes,All Stages,All Ages,2019
0.75,0.86,0.82,0.89,All Persons,All IMD Quintiles,North West,All Routes,All Stages,All Ages,2019
1,0.81,0.77,0.84,All Persons,All IMD Quintiles,North West,All Routes,All Stages,All Ages,2019
1.25,0.78,0.75,0.82,All Persons,All IMD Quintiles,North West,All Routes,All Stages,All Ages,2019
1.5,0.76,0.73,0.80,All Persons,All IMD Quintiles,North West,All Routes,All Stages,All Ages,2019
1.75,0.74,0.70,0.78,All Persons,All IMD Quintiles,North West,All Routes,All Stages,All Ages,2019
2,0.73,0.69,0.77,All Persons,All IMD Quintiles,North West,All Routes,All Stages,All Ages,2019
2.25,0.73,0.69,0.77,All Persons,All IMD Quintiles,North West,All Routes,All Stages,All Ages,2019
2.5,0.72,0.68,0.76,All Persons,All IMD Quintiles,North West,All Routes,All Stages,All Ages,2019
2.75,0.71,0.67,0.75,All Persons,All IMD Quintiles,North West,All Routes,All Stages,All Ages,2019
3,0.71,0.67,0.75,All Persons,All IMD Quintiles,North West,All Routes,All Stages,All Ages,2019
3.25,0.69,0.65,0.73,All Persons,All IMD Quintiles,North West,All Routes,All Stages,All Ages,2019
3.5,0.68,0.64,0.73,All Persons,All IMD Quintiles,North West,All Routes,All Stages,All Ages,2019
3.75,0.68,0.63,0.72,All Persons,All IMD Quintiles,North West,All Routes,All Stages,All Ages,2019
4,0.64,0.57,0.72,All Persons,All IMD Quintiles,North West,All Routes,All Stages,All Ages,2019
4.5,0.64,0.57,0.72,All Persons,All IMD Quintiles,North West,All Routes,All Stages,All Ages,2019
5,0.00,0.00,0.00,All Persons,All IMD Quintiles,North West,All Routes,All Stages,All Ages,2019
0,1.00,0.99,1.00,All Persons,All IMD Quintiles,North West,All Routes,All Stages,All Ages,2020
0.25,0.93,0.91,0.95,All Persons,All IMD Quintiles,North West,All Routes,All Stages,All Ages,2020
0.5,0.88,0.85,0.91,All Persons,All IMD Quintiles,North West,All Routes,All Stages,All Ages,2020
0.75,0.84,0.80,0.87,All Persons,All IMD Quintiles,North West,All Routes,All Stages,All Ages,2020
1,0.80,0.77,0.84,All Persons,All IMD Quintiles,North West,All Routes,All Stages,All Ages,2020
1.25,0.79,0.76,0.83,All Persons,All IMD Quintiles,North West,All Routes,All Stages,All Ages,2020
1.5,0.77,0.73,0.81,All Persons,All IMD Quintiles,North West,All Routes,All Stages,All Ages,2020
1.75,0.76,0.72,0.79,All Persons,All IMD Quintiles,North West,All Routes,All Stages,All Ages,2020
2,0.74,0.70,0.78,All Persons,All IMD Quintiles,North West,All Routes,All Stages,All Ages,2020
2.25,0.73,0.69,0.77,All Persons,All IMD Quintiles,North West,All Routes,All Stages,All Ages,2020
2.5,0.72,0.67,0.76,All Persons,All IMD Quintiles,North West,All Routes,All Stages,All Ages,2020
2.75,0.71,0.67,0.75,All Persons,All IMD Quintiles,North West,All Routes,All Stages,All Ages,2020
3,0.70,0.65,0.75,All Persons,All IMD Quintiles,North West,All Routes,All Stages,All Ages,2020
0,1.00,0.99,1.00,All Persons,All IMD Quintiles,North West,All Routes,All Stages,All Ages,2021
0.25,0.94,0.92,0.96,All Persons,All IMD Quintiles,North West,All Routes,All Stages,All Ages,2021
0.5,0.90,0.87,0.92,All Persons,All IMD Quintiles,North West,All Routes,All Stages,All Ages,2021
0.75,0.87,0.84,0.89,All Persons,All IMD Quintiles,North West,All Routes,All Stages,All Ages,2021
1,0.85,0.82,0.88,All Persons,All IMD Quintiles,North West,All Routes,All Stages,All Ages,2021
1.25,0.83,0.80,0.86,All Persons,All IMD Quintiles,North West,All Routes,All Stages,All Ages,2021
1.5,0.81,0.78,0.85,All Persons,All IMD Quintiles,North West,All Routes,All Stages,All Ages,2021
1.75,0.78,0.74,0.82,All Persons,All IMD Quintiles,North West,All Routes,All Stages,All Ages,2021
2,0.77,0.72,0.81,All Persons,All IMD Quintiles,North West,All Routes,All Stages,All Ages,2021
2.25,0.77,0.72,0.81,All Persons,All IMD Quintiles,North West,All Routes,All Stages,All Ages,2021
5,0.77,0.72,0.81,All Persons,All IMD Quintiles,North West,All Routes,All Stages,All Ages,2021
0,0.99,0.97,1.01,All Persons,All IMD Quintiles,South East,Emergency,All Stages,All Ages,All Years
0.25,0.71,0.62,0.81,All Persons,All IMD Quintiles,South East,Emergency,All Stages,All Ages,All Years
0.5,0.54,0.43,0.64,All Persons,All IMD Quintiles,South East,Emergency,All Stages,All Ages,All Years
0.75,0.49,0.38,0.59,All Persons,All IMD Quintiles,South East,Emergency,All Stages,All Ages,All Years
1,0.45,0.35,0.56,All Persons,All IMD Quintiles,South East,Emergency,All Stages,All Ages,All Years
1.25,0.40,0.30,0.51,All Persons,All IMD Quintiles,South East,Emergency,All Stages,All Ages,All Years
1.5,0.39,0.29,0.50,All Persons,All IMD Quintiles,South East,Emergency,All Stages,All Ages,All Years
2,0.38,0.28,0.48,All Persons,All IMD Quintiles,South East,Emergency,All Stages,All Ages,All Years
2.25,0.36,0.26,0.46,All Persons,All IMD Quintiles,South East,Emergency,All Stages,All Ages,All Years
2.5,0.35,0.24,0.45,All Persons,All IMD Quintiles,South East,Emergency,All Stages,All Ages,All Years
2.75,0.33,0.23,0.43,All Persons,All IMD Quintiles,South East,Emergency,All Stages,All Ages,All Years
3,0.31,0.21,0.41,All Persons,All IMD Quintiles,South East,Emergency,All Stages,All Ages,All Years
3.75,0.29,0.19,0.38,All Persons,All IMD Quintiles,South East,Emergency,All Stages,All Ages,All Years
4,0.29,0.19,0.38,All Persons,All IMD Quintiles,South East,Emergency,All Stages,All Ages,All Years
4.25,0.29,0.19,0.38,All Persons,All IMD Quintiles,South East,Emergency,All Stages,All Ages,All Years
4.5,0.29,0.19,0.38,All Persons,All IMD Quintiles,South East,Emergency,All Stages,All Ages,All Years
4.75,0.29,0.19,0.38,All Persons,All IMD Quintiles,South East,Emergency,All Stages,All Ages,All Years
5,0.29,0.19,0.38,All Persons,All IMD Quintiles,South East,Emergency,All Stages,All Ages,All Years
0,1.00,1.00,1.00,All Persons,All IMD Quintiles,South East,Non-emergency,All Stages,All Ages,All Years
0.25,0.96,0.95,0.97,All Persons,All IMD Quintiles,South East,Non-emergency,All Stages,All Ages,All Years
0.5,0.91,0.90,0.93,All Persons,All IMD Quintiles,South East,Non-emergency,All Stages,All Ages,All Years
0.75,0.89,0.87,0.91,All Persons,All IMD Quintiles,South East,Non-emergency,All Stages,All Ages,All Years
1,0.85,0.84,0.87,All Persons,All IMD Quintiles,South East,Non-emergency,All Stages,All Ages,All Years
1.25,0.84,0.82,0.86,All Persons,All IMD Quintiles,South East,Non-emergency,All Stages,All Ages,All Years
1.5,0.82,0.80,0.84,All Persons,All IMD Quintiles,South East,Non-emergency,All Stages,All Ages,All Years
1.75,0.80,0.78,0.82,All Persons,All IMD Quintiles,South East,Non-emergency,All Stages,All Ages,All Years
2,0.79,0.77,0.81,All Persons,All IMD Quintiles,South East,Non-emergency,All Stages,All Ages,All Years
2.25,0.78,0.75,0.80,All Persons,All IMD Quintiles,South East,Non-emergency,All Stages,All Ages,All Years
2.5,0.77,0.74,0.79,All Persons,All IMD Quintiles,South East,Non-emergency,All Stages,All Ages,All Years
2.75,0.76,0.73,0.78,All Persons,All IMD Quintiles,South East,Non-emergency,All Stages,All Ages,All Years
3,0.75,0.73,0.77,All Persons,All IMD Quintiles,South East,Non-emergency,All Stages,All Ages,All Years
3.25,0.74,0.72,0.76,All Persons,All IMD Quintiles,South East,Non-emergency,All Stages,All Ages,All Years
3.5,0.73,0.71,0.76,All Persons,All IMD Quintiles,South East,Non-emergency,All Stages,All Ages,All Years
3.75,0.72,0.70,0.75,All Persons,All IMD Quintiles,South East,Non-emergency,All Stages,All Ages,All Years
4,0.71,0.69,0.74,All Persons,All IMD Quintiles,South East,Non-emergency,All Stages,All Ages,All Years
4.25,0.71,0.69,0.73,All Persons,All IMD Quintiles,South East,Non-emergency,All Stages,All Ages,All Years
4.5,0.70,0.68,0.73,All Persons,All IMD Quintiles,South East,Non-emergency,All Stages,All Ages,All Years
4.75,0.69,0.67,0.72,All Persons,All IMD Quintiles,South East,Non-emergency,All Stages,All Ages,All Years
5,0.68,0.66,0.71,All Persons,All IMD Quintiles,South East,Non-emergency,All Stages,All Ages,All Years
0,1.00,1.00,1.00,All Persons,All IMD Quintiles,South East,All Routes,Early,All Ages,All Years
0.25,0.99,0.98,0.99,All Persons,All IMD Quintiles,South East,All Routes,Early,All Ages,All Years
0.5,0.98,0.97,0.99,All Persons,All IMD Quintiles,South East,All Routes,Early,All Ages,All Years
0.75,0.96,0.95,0.97,All Persons,All IMD Quintiles,South East,All Routes,Early,All Ages,All Years
1,0.95,0.93,0.96,All Persons,All IMD Quintiles,South East,All Routes,Early,All Ages,All Years
1.25,0.93,0.92,0.95,All Persons,All IMD Quintiles,South East,All Routes,Early,All Ages,All Years
1.5,0.92,0.90,0.94,All Persons,All IMD Quintiles,South East,All Routes,Early,All Ages,All Years
1.75,0.91,0.89,0.93,All Persons,All IMD Quintiles,South East,All Routes,Early,All Ages,All Years
2,0.90,0.88,0.92,All Persons,All IMD Quintiles,South East,All Routes,Early,All Ages,All Years
2.25,0.89,0.87,0.91,All Persons,All IMD Quintiles,South East,All Routes,Early,All Ages,All Years
2.5,0.88,0.86,0.90,All Persons,All IMD Quintiles,South East,All Routes,Early,All Ages,All Years
2.75,0.88,0.85,0.90,All Persons,All IMD Quintiles,South East,All Routes,Early,All Ages,All Years
3,0.87,0.85,0.89,All Persons,All IMD Quintiles,South East,All Routes,Early,All Ages,All Years
3.25,0.86,0.84,0.89,All Persons,All IMD Quintiles,South East,All Routes,Early,All Ages,All Years
3.5,0.86,0.83,0.88,All Persons,All IMD Quintiles,South East,All Routes,Early,All Ages,All Years
3.75,0.85,0.82,0.88,All Persons,All IMD Quintiles,South East,All Routes,Early,All Ages,All Years
4,0.82,0.78,0.86,All Persons,All IMD Quintiles,South East,All Routes,Early,All Ages,All Years
4.25,0.82,0.78,0.86,All Persons,All IMD Quintiles,South East,All Routes,Early,All Ages,All Years
4.5,0.82,0.78,0.86,All Persons,All IMD Quintiles,South East,All Routes,Early,All Ages,All Years
4.75,0.81,0.77,0.85,All Persons,All IMD Quintiles,South East,All Routes,Early,All Ages,All Years
5,0.79,0.74,0.84,All Persons,All IMD Quintiles,South East,All Routes,Early,All Ages,All Years
0,1.00,1.00,1.00,All Persons,All IMD Quintiles,South East,All Routes,Advanced,All Ages,All Years
0.25,0.94,0.93,0.95,All Persons,All IMD Quintiles,South East,All Routes,Advanced,All Ages,All Years
0.5,0.88,0.87,0.90,All Persons,All IMD Quintiles,South East,All Routes,Advanced,All Ages,All Years
0.75,0.85,0.83,0.87,All Persons,All IMD Quintiles,South East,All Routes,Advanced,All Ages,All Years
1,0.81,0.79,0.83,All Persons,All IMD Quintiles,South East,All Routes,Advanced,All Ages,All Years
1.25,0.79,0.77,0.81,All Persons,All IMD Quintiles,South East,All Routes,Advanced,All Ages,All Years
1.5,0.76,0.74,0.78,All Persons,All IMD Quintiles,South East,All Routes,Advanced,All Ages,All Years
1.75,0.74,0.72,0.76,All Persons,All IMD Quintiles,South East,All Routes,Advanced,All Ages,All Years
2,0.72,0.70,0.74,All Persons,All IMD Quintiles,South East,All Routes,Advanced,All Ages,All Years
2.25,0.71,0.68,0.73,All Persons,All IMD Quintiles,South East,All Routes,Advanced,All Ages,All Years
2.5,0.69,0.67,0.71,All Persons,All IMD Quintiles,South East,All Routes,Advanced,All Ages,All Years
2.75,0.68,0.66,0.70,All Persons,All IMD Quintiles,South East,All Routes,Advanced,All Ages,All Years
3,0.67,0.65,0.70,All Persons,All IMD Quintiles,South East,All Routes,Advanced,All Ages,All Years
3.25,0.66,0.64,0.69,All Persons,All IMD Quintiles,South East,All Routes,Advanced,All Ages,All Years
3.5,0.66,0.63,0.68,All Persons,All IMD Quintiles,South East,All Routes,Advanced,All Ages,All Years
3.75,0.65,0.63,0.67,All Persons,All IMD Quintiles,South East,All Routes,Advanced,All Ages,All Years
4,0.64,0.62,0.66,All Persons,All IMD Quintiles,South East,All Routes,Advanced,All Ages,All Years
4.25,0.64,0.61,0.66,All Persons,All IMD Quintiles,South East,All Routes,Advanced,All Ages,All Years
4.5,0.63,0.60,0.65,All Persons,All IMD Quintiles,South East,All Routes,Advanced,All Ages,All Years
4.75,0.62,0.60,0.64,All Persons,All IMD Quintiles,South East,All Routes,Advanced,All Ages,All Years
5,0.61,0.59,0.64,All Persons,All IMD Quintiles,South East,All Routes,Advanced,All Ages,All Years
0,1.00,0.99,1.00,All Persons,All IMD Quintiles,South East,All Routes,All Stages,0-49,All Years
0.25,0.99,0.98,1.00,All Persons,All IMD Quintiles,South East,All Routes,All Stages,0-49,All Years
0.5,0.97,0.95,0.99,All Persons,All IMD Quintiles,South East,All Routes,All Stages,0-49,All Years
0.75,0.96,0.94,0.98,All Persons,All IMD Quintiles,South East,All Routes,All Stages,0-49,All Years
1,0.94,0.91,0.97,All Persons,All IMD Quintiles,South East,All Routes,All Stages,0-49,All Years
1.25,0.91,0.88,0.95,All Persons,All IMD Quintiles,South East,All Routes,All Stages,0-49,All Years
1.5,0.90,0.87,0.94,All Persons,All IMD Quintiles,South East,All Routes,All Stages,0-49,All Years
1.75,0.89,0.85,0.93,All Persons,All IMD Quintiles,South East,All Routes,All Stages,0-49,All Years
2,0.87,0.84,0.91,All Persons,All IMD Quintiles,South East,All Routes,All Stages,0-49,All Years
2.25,0.86,0.82,0.90,All Persons,All IMD Quintiles,South East,All Routes,All Stages,0-49,All Years
2.5,0.85,0.81,0.90,All Persons,All IMD Quintiles,South East,All Routes,All Stages,0-49,All Years
2.75,0.85,0.80,0.89,All Persons,All IMD Quintiles,South East,All Routes,All Stages,0-49,All Years
3,0.85,0.80,0.89,All Persons,All IMD Quintiles,South East,All Routes,All Stages,0-49,All Years
3.25,0.84,0.79,0.88,All Persons,All IMD Quintiles,South East,All Routes,All Stages,0-49,All Years
3.5,0.83,0.79,0.88,All Persons,All IMD Quintiles,South East,All Routes,All Stages,0-49,All Years
3.75,0.83,0.78,0.87,All Persons,All IMD Quintiles,South East,All Routes,All Stages,0-49,All Years
4,0.83,0.78,0.87,All Persons,All IMD Quintiles,South East,All Routes,All Stages,0-49,All Years
4.25,0.83,0.78,0.87,All Persons,All IMD Quintiles,South East,All Routes,All Stages,0-49,All Years
4.5,0.82,0.77,0.87,All Persons,All IMD Quintiles,South East,All Routes,All Stages,0-49,All Years
4.75,0.82,0.77,0.87,All Persons,All IMD Quintiles,South East,All Routes,All Stages,0-49,All Years
5,0.81,0.76,0.86,All Persons,All IMD Quintiles,South East,All Routes,All Stages,0-49,All Years
0,1.00,0.99,1.00,All Persons,All IMD Quintiles,South East,All Routes,All Stages,50-54,All Years
0.25,0.99,0.97,1.00,All Persons,All IMD Quintiles,South East,All Routes,All Stages,50-54,All Years
0.5,0.98,0.96,0.99,All Persons,All IMD Quintiles,South East,All Routes,All Stages,50-54,All Years
0.75,0.97,0.95,0.98,All Persons,All IMD Quintiles,South East,All Routes,All Stages,50-54,All Years
1,0.95,0.93,0.97,All Persons,All IMD Quintiles,South East,All Routes,All Stages,50-54,All Years
1.25,0.94,0.92,0.96,All Persons,All IMD Quintiles,South East,All Routes,All Stages,50-54,All Years
1.5,0.92,0.89,0.94,All Persons,All IMD Quintiles,South East,All Routes,All Stages,50-54,All Years
1.75,0.90,0.88,0.93,All Persons,All IMD Quintiles,South East,All Routes,All Stages,50-54,All Years
2,0.90,0.87,0.92,All Persons,All IMD Quintiles,South East,All Routes,All Stages,50-54,All Years
2.25,0.89,0.86,0.92,All Persons,All IMD Quintiles,South East,All Routes,All Stages,50-54,All Years
2.5,0.88,0.85,0.91,All Persons,All IMD Quintiles,South East,All Routes,All Stages,50-54,All Years
2.75,0.88,0.85,0.91,All Persons,All IMD Quintiles,South East,All Routes,All Stages,50-54,All Years
3,0.87,0.84,0.90,All Persons,All IMD Quintiles,South East,All Routes,All Stages,50-54,All Years
3.25,0.86,0.83,0.90,All Persons,All IMD Quintiles,South East,All Routes,All Stages,50-54,All Years
3.5,0.85,0.82,0.89,All Persons,All IMD Quintiles,South East,All Routes,All Stages,50-54,All Years
3.75,0.85,0.81,0.88,All Persons,All IMD Quintiles,South East,All Routes,All Stages,50-54,All Years
4,0.84,0.81,0.88,All Persons,All IMD Quintiles,South East,All Routes,All Stages,50-54,All Years
4.25,0.84,0.80,0.88,All Persons,All IMD Quintiles,South East,All Routes,All Stages,50-54,All Years
4.5,0.83,0.80,0.87,All Persons,All IMD Quintiles,South East,All Routes,All Stages,50-54,All Years
4.75,0.83,0.79,0.87,All Persons,All IMD Quintiles,South East,All Routes,All Stages,50-54,All Years
5,0.82,0.78,0.86,All Persons,All IMD Quintiles,South East,All Routes,All Stages,50-54,All Years
0,1.00,0.99,1.00,All Persons,All IMD Quintiles,South East,All Routes,All Stages,55-59,All Years
0.25,0.97,0.96,0.99,All Persons,All IMD Quintiles,South East,All Routes,All Stages,55-59,All Years
0.5,0.95,0.93,0.97,All Persons,All IMD Quintiles,South East,All Routes,All Stages,55-59,All Years
0.75,0.92,0.90,0.95,All Persons,All IMD Quintiles,South East,All Routes,All Stages,55-59,All Years
1,0.90,0.87,0.92,All Persons,All IMD Quintiles,South East,All Routes,All Stages,55-59,All Years
1.25,0.89,0.86,0.91,All Persons,All IMD Quintiles,South East,All Routes,All Stages,55-59,All Years
1.5,0.87,0.84,0.90,All Persons,All IMD Quintiles,South East,All Routes,All Stages,55-59,All Years
1.75,0.86,0.83,0.89,All Persons,All IMD Quintiles,South East,All Routes,All Stages,55-59,All Years
2,0.86,0.83,0.88,All Persons,All IMD Quintiles,South East,All Routes,All Stages,55-59,All Years
2.25,0.84,0.81,0.87,All Persons,All IMD Quintiles,South East,All Routes,All Stages,55-59,All Years
2.5,0.83,0.80,0.87,All Persons,All IMD Quintiles,South East,All Routes,All Stages,55-59,All Years
2.75,0.83,0.79,0.86,All Persons,All IMD Quintiles,South East,All Routes,All Stages,55-59,All Years
3,0.81,0.78,0.85,All Persons,All IMD Quintiles,South East,All Routes,All Stages,55-59,All Years
3.25,0.81,0.78,0.85,All Persons,All IMD Quintiles,South East,All Routes,All Stages,55-59,All Years
3.5,0.81,0.77,0.84,All Persons,All IMD Quintiles,South East,All Routes,All Stages,55-59,All Years
3.75,0.80,0.76,0.83,All Persons,All IMD Quintiles,South East,All Routes,All Stages,55-59,All Years
4,0.79,0.75,0.83,All Persons,All IMD Quintiles,South East,All Routes,All Stages,55-59,All Years
4.25,0.77,0.73,0.81,All Persons,All IMD Quintiles,South East,All Routes,All Stages,55-59,All Years
4.5,0.77,0.73,0.81,All Persons,All IMD Quintiles,South East,All Routes,All Stages,55-59,All Years
4.75,0.76,0.72,0.80,All Persons,All IMD Quintiles,South East,All Routes,All Stages,55-59,All Years
5,0.76,0.71,0.80,All Persons,All IMD Quintiles,South East,All Routes,All Stages,55-59,All Years
0,1.00,0.99,1.00,All Persons,All IMD Quintiles,South East,All Routes,All Stages,60-64,All Years
0.25,0.95,0.93,0.97,All Persons,All IMD Quintiles,South East,All Routes,All Stages,60-64,All Years
0.5,0.91,0.89,0.94,All Persons,All IMD Quintiles,South East,All Routes,All Stages,60-64,All Years
0.75,0.89,0.87,0.92,All Persons,All IMD Quintiles,South East,All Routes,All Stages,60-64,All Years
1,0.87,0.84,0.90,All Persons,All IMD Quintiles,South East,All Routes,All Stages,60-64,All Years
1.25,0.85,0.82,0.88,All Persons,All IMD Quintiles,South East,All Routes,All Stages,60-64,All Years
1.5,0.84,0.81,0.87,All Persons,All IMD Quintiles,South East,All Routes,All Stages,60-64,All Years
1.75,0.82,0.78,0.85,All Persons,All IMD Quintiles,South East,All Routes,All Stages,60-64,All Years
2,0.80,0.76,0.83,All Persons,All IMD Quintiles,South East,All Routes,All Stages,60-64,All Years
2.25,0.78,0.75,0.82,All Persons,All IMD Quintiles,South East,All Routes,All Stages,60-64,All Years
2.5,0.78,0.75,0.82,All Persons,All IMD Quintiles,South East,All Routes,All Stages,60-64,All Years
2.75,0.78,0.74,0.81,All Persons,All IMD Quintiles,South East,All Routes,All Stages,60-64,All Years
3,0.77,0.73,0.80,All Persons,All IMD Quintiles,South East,All Routes,All Stages,60-64,All Years
3.25,0.75,0.71,0.79,All Persons,All IMD Quintiles,South East,All Routes,All Stages,60-64,All Years
3.5,0.75,0.71,0.78,All Persons,All IMD Quintiles,South East,All Routes,All Stages,60-64,All Years
3.75,0.73,0.69,0.77,All Persons,All IMD Quintiles,South East,All Routes,All Stages,60-64,All Years
4,0.72,0.67,0.76,All Persons,All IMD Quintiles,South East,All Routes,All Stages,60-64,All Years
4.25,0.71,0.67,0.75,All Persons,All IMD Quintiles,South East,All Routes,All Stages,60-64,All Years
4.5,0.70,0.66,0.74,All Persons,All IMD Quintiles,South East,All Routes,All Stages,60-64,All Years
4.75,0.69,0.64,0.73,All Persons,All IMD Quintiles,South East,All Routes,All Stages,60-64,All Years
5,0.67,0.63,0.72,All Persons,All IMD Quintiles,South East,All Routes,All Stages,60-64,All Years
0,1.00,0.99,1.00,All Persons,All IMD Quintiles,South East,All Routes,All Stages,65-69,All Years
0.25,0.94,0.92,0.96,All Persons,All IMD Quintiles,South East,All Routes,All Stages,65-69,All Years
0.5,0.88,0.85,0.91,All Persons,All IMD Quintiles,South East,All Routes,All Stages,65-69,All Years
0.75,0.85,0.82,0.88,All Persons,All IMD Quintiles,South East,All Routes,All Stages,65-69,All Years
1,0.81,0.78,0.85,All Persons,All IMD Quintiles,South East,All Routes,All Stages,65-69,All Years
1.25,0.79,0.76,0.83,All Persons,All IMD Quintiles,South East,All Routes,All Stages,65-69,All Years
1.5,0.77,0.73,0.80,All Persons,All IMD Quintiles,South East,All Routes,All Stages,65-69,All Years
1.75,0.74,0.70,0.78,All Persons,All IMD Quintiles,South East,All Routes,All Stages,65-69,All Years
2,0.73,0.68,0.77,All Persons,All IMD Quintiles,South East,All Routes,All Stages,65-69,All Years
2.25,0.71,0.67,0.75,All Persons,All IMD Quintiles,South East,All Routes,All Stages,65-69,All Years
2.5,0.69,0.65,0.74,All Persons,All IMD Quintiles,South East,All Routes,All Stages,65-69,All Years
2.75,0.69,0.64,0.73,All Persons,All IMD Quintiles,South East,All Routes,All Stages,65-69,All Years
3,0.68,0.64,0.72,All Persons,All IMD Quintiles,South East,All Routes,All Stages,65-69,All Years
3.25,0.67,0.63,0.72,All Persons,All IMD Quintiles,South East,All Routes,All Stages,65-69,All Years
3.5,0.67,0.62,0.71,All Persons,All IMD Quintiles,South East,All Routes,All Stages,65-69,All Years
3.75,0.66,0.61,0.70,All Persons,All IMD Quintiles,South East,All Routes,All Stages,65-69,All Years
4,0.65,0.61,0.70,All Persons,All IMD Quintiles,South East,All Routes,All Stages,65-69,All Years
4.25,0.65,0.61,0.70,All Persons,All IMD Quintiles,South East,All Routes,All Stages,65-69,All Years
4.5,0.65,0.60,0.70,All Persons,All IMD Quintiles,South East,All Routes,All Stages,65-69,All Years
4.75,0.65,0.60,0.70,All Persons,All IMD Quintiles,South East,All Routes,All Stages,65-69,All Years
5,0.64,0.60,0.69,All Persons,All IMD Quintiles,South East,All Routes,All Stages,65-69,All Years
0,1.00,0.99,1.00,All Persons,All IMD Quintiles,South East,All Routes,All Stages,70-74,All Years
0.25,0.91,0.88,0.94,All Persons,All IMD Quintiles,South East,All Routes,All Stages,70-74,All Years
0.5,0.85,0.82,0.89,All Persons,All IMD Quintiles,South East,All Routes,All Stages,70-74,All Years
0.75,0.81,0.77,0.85,All Persons,All IMD Quintiles,South East,All Routes,All Stages,70-74,All Years
1,0.77,0.73,0.81,All Persons,All IMD Quintiles,South East,All Routes,All Stages,70-74,All Years
1.25,0.76,0.72,0.80,All Persons,All IMD Quintiles,South East,All Routes,All Stages,70-74,All Years
1.5,0.74,0.70,0.78,All Persons,All IMD Quintiles,South East,All Routes,All Stages,70-74,All Years
1.75,0.72,0.68,0.77,All Persons,All IMD Quintiles,South East,All Routes,All Stages,70-74,All Years
2,0.70,0.65,0.74,All Persons,All IMD Quintiles,South East,All Routes,All Stages,70-74,All Years
2.25,0.67,0.63,0.72,All Persons,All IMD Quintiles,South East,All Routes,All Stages,70-74,All Years
2.5,0.65,0.60,0.70,All Persons,All IMD Quintiles,South East,All Routes,All Stages,70-74,All Years
2.75,0.65,0.60,0.70,All Persons,All IMD Quintiles,South East,All Routes,All Stages,70-74,All Years
3,0.64,0.58,0.69,All Persons,All IMD Quintiles,South East,All Routes,All Stages,70-74,All Years
3.25,0.63,0.57,0.68,All Persons,All IMD Quintiles,South East,All Routes,All Stages,70-74,All Years
3.5,0.62,0.56,0.67,All Persons,All IMD Quintiles,South East,All Routes,All Stages,70-74,All Years
3.75,0.60,0.55,0.65,All Persons,All IMD Quintiles,South East,All Routes,All Stages,70-74,All Years
4,0.59,0.53,0.64,All Persons,All IMD Quintiles,South East,All Routes,All Stages,70-74,All Years
4.25,0.58,0.52,0.64,All Persons,All IMD Quintiles,South East,All Routes,All Stages,70-74,All Years
4.5,0.57,0.52,0.63,All Persons,All IMD Quintiles,South East,All Routes,All Stages,70-74,All Years
4.75,0.57,0.51,0.63,All Persons,All IMD Quintiles,South East,All Routes,All Stages,70-74,All Years
5,0.54,0.47,0.60,All Persons,All IMD Quintiles,South East,All Routes,All Stages,70-74,All Years
0,1.00,0.99,1.00,All Persons,All IMD Quintiles,South East,All Routes,All Stages,75-79,All Years
0.25,0.91,0.87,0.94,All Persons,All IMD Quintiles,South East,All Routes,All Stages,75-79,All Years
0.5,0.82,0.78,0.87,All Persons,All IMD Quintiles,South East,All Routes,All Stages,75-79,All Years
0.75,0.78,0.72,0.83,All Persons,All IMD Quintiles,South East,All Routes,All Stages,75-79,All Years
1,0.72,0.66,0.78,All Persons,All IMD Quintiles,South East,All Routes,All Stages,75-79,All Years
1.25,0.66,0.60,0.72,All Persons,All IMD Quintiles,South East,All Routes,All Stages,75-79,All Years
1.5,0.62,0.56,0.68,All Persons,All IMD Quintiles,South East,All Routes,All Stages,75-79,All Years
1.75,0.59,0.52,0.65,All Persons,All IMD Quintiles,South East,All Routes,All Stages,75-79,All Years
2,0.57,0.51,0.64,All Persons,All IMD Quintiles,South East,All Routes,All Stages,75-79,All Years
2.25,0.53,0.46,0.60,All Persons,All IMD Quintiles,South East,All Routes,All Stages,75-79,All Years
2.5,0.51,0.44,0.58,All Persons,All IMD Quintiles,South East,All Routes,All Stages,75-79,All Years
2.75,0.50,0.43,0.57,All Persons,All IMD Quintiles,South East,All Routes,All Stages,75-79,All Years
3,0.49,0.42,0.56,All Persons,All IMD Quintiles,South East,All Routes,All Stages,75-79,All Years
3.25,0.48,0.41,0.55,All Persons,All IMD Quintiles,South East,All Routes,All Stages,75-79,All Years
3.5,0.47,0.39,0.54,All Persons,All IMD Quintiles,South East,All Routes,All Stages,75-79,All Years
3.75,0.46,0.38,0.53,All Persons,All IMD Quintiles,South East,All Routes,All Stages,75-79,All Years
4,0.46,0.38,0.53,All Persons,All IMD Quintiles,South East,All Routes,All Stages,75-79,All Years
4.25,0.46,0.38,0.53,All Persons,All IMD Quintiles,South East,All Routes,All Stages,75-79,All Years
4.5,0.43,0.36,0.51,All Persons,All IMD Quintiles,South East,All Routes,All Stages,75-79,All Years
4.75,0.40,0.33,0.48,All Persons,All IMD Quintiles,South East,All Routes,All Stages,75-79,All Years
5,0.40,0.33,0.48,All Persons,All IMD Quintiles,South East,All Routes,All Stages,75-79,All Years
0,0.99,0.96,1.01,All Persons,All IMD Quintiles,South East,All Routes,All Stages,80-84,All Years
0.25,0.88,0.81,0.95,All Persons,All IMD Quintiles,South East,All Routes,All Stages,80-84,All Years
0.5,0.76,0.67,0.85,All Persons,All IMD Quintiles,South East,All Routes,All Stages,80-84,All Years
0.75,0.70,0.60,0.80,All Persons,All IMD Quintiles,South East,All Routes,All Stages,80-84,All Years
1,0.63,0.52,0.73,All Persons,All IMD Quintiles,South East,All Routes,All Stages,80-84,All Years
1.25,0.59,0.48,0.69,All Persons,All IMD Quintiles,South East,All Routes,All Stages,80-84,All Years
1.5,0.55,0.44,0.65,All Persons,All IMD Quintiles,South East,All Routes,All Stages,80-84,All Years
1.75,0.53,0.42,0.64,All Persons,All IMD Quintiles,South East,All Routes,All Stages,80-84,All Years
2,0.49,0.38,0.60,All Persons,All IMD Quintiles,South East,All Routes,All Stages,80-84,All Years
2.25,0.46,0.34,0.57,All Persons,All IMD Quintiles,South East,All Routes,All Stages,80-84,All Years
2.5,0.42,0.31,0.53,All Persons,All IMD Quintiles,South East,All Routes,All Stages,80-84,All Years
2.75,0.40,0.29,0.52,All Persons,All IMD Quintiles,South East,All Routes,All Stages,80-84,All Years
3,0.39,0.27,0.50,All Persons,All IMD Quintiles,South East,All Routes,All Stages,80-84,All Years
3.25,0.35,0.23,0.46,All Persons,All IMD Quintiles,South East,All Routes,All Stages,80-84,All Years
3.5,0.32,0.21,0.44,All Persons,All IMD Quintiles,South East,All Routes,All Stages,80-84,All Years
3.75,0.32,0.21,0.44,All Persons,All IMD Quintiles,South East,All Routes,All Stages,80-84,All Years
4.25,0.30,0.18,0.41,All Persons,All IMD Quintiles,South East,All Routes,All Stages,80-84,All Years
4.5,0.30,0.18,0.41,All Persons,All IMD Quintiles,South East,All Routes,All Stages,80-84,All Years
0,0.98,0.94,1.02,All Persons,All IMD Quintiles,South East,All Routes,All Stages,85-89,All Years
0.25,0.84,0.74,0.95,All Persons,All IMD Quintiles,South East,All Routes,All Stages,85-89,All Years
0.5,0.71,0.58,0.84,All Persons,All IMD Quintiles,South East,All Routes,All Stages,85-89,All Years
0.75,0.62,0.48,0.76,All Persons,All IMD Quintiles,South East,All Routes,All Stages,85-89,All Years
1,0.60,0.46,0.74,All Persons,All IMD Quintiles,South East,All Routes,All Stages,85-89,All Years
1.25,0.58,0.43,0.72,All Persons,All IMD Quintiles,South East,All Routes,All Stages,85-89,All Years
1.5,0.50,0.35,0.65,All Persons,All IMD Quintiles,South East,All Routes,All Stages,85-89,All Years
1.75,0.50,0.35,0.65,All Persons,All IMD Quintiles,South East,All Routes,All Stages,85-89,All Years
2,0.41,0.26,0.56,All Persons,All IMD Quintiles,South East,All Routes,All Stages,85-89,All Years
2.5,0.38,0.23,0.53,All Persons,All IMD Quintiles,South East,All Routes,All Stages,85-89,All Years
2.75,0.31,0.16,0.46,All Persons,All IMD Quintiles,South East,All Routes,All Stages,85-89,All Years
3,0.31,0.16,0.46,All Persons,All IMD Quintiles,South East,All Routes,All Stages,85-89,All Years
3.25,0.27,0.13,0.42,All Persons,All IMD Quintiles,South East,All Routes,All Stages,85-89,All Years
4,0.23,0.09,0.37,All Persons,All IMD Quintiles,South East,All Routes,All Stages,85-89,All Years
4.25,0.23,0.09,0.37,All Persons,All IMD Quintiles,South East,All Routes,All Stages,85-89,All Years
4.5,0.23,0.09,0.37,All Persons,All IMD Quintiles,South East,All Routes,All Stages,85-89,All Years
4.75,0.23,0.09,0.37,All Persons,All IMD Quintiles,South East,All Routes,All Stages,85-89,All Years
5,0.23,0.09,0.37,All Persons,All IMD Quintiles,South East,All Routes,All Stages,85-89,All Years
0,0.95,0.85,1.05,All Persons,All IMD Quintiles,South East,All Routes,All Stages,90+,All Years
0.25,0.53,0.31,0.74,All Persons,All IMD Quintiles,South East,All Routes,All Stages,90+,All Years
0.5,0.47,0.26,0.69,All Persons,All IMD Quintiles,South East,All Routes,All Stages,90+,All Years
0.75,0.37,0.16,0.57,All Persons,All IMD Quintiles,South East,All Routes,All Stages,90+,All Years
1,0.26,0.08,0.45,All Persons,All IMD Quintiles,South East,All Routes,All Stages,90+,All Years
1.25,0.26,0.08,0.45,All Persons,All IMD Quintiles,South East,All Routes,All Stages,90+,All Years
1.5,0.18,0.01,0.34,All Persons,All IMD Quintiles,South East,All Routes,All Stages,90+,All Years
1.75,0.18,0.01,0.34,All Persons,All IMD Quintiles,South East,All Routes,All Stages,90+,All Years
2.25,0.00,0.00,0.00,All Persons,All IMD Quintiles,South East,All Routes,All Stages,90+,All Years
0,1.00,0.99,1.00,All Persons,All IMD Quintiles,South East,All Routes,All Stages,All Ages,2016
0.25,0.95,0.93,0.97,All Persons,All IMD Quintiles,South East,All Routes,All Stages,All Ages,2016
0.5,0.91,0.88,0.94,All Persons,All IMD Quintiles,South East,All Routes,All Stages,All Ages,2016
0.75,0.88,0.85,0.91,All Persons,All IMD Quintiles,South East,All Routes,All Stages,All Ages,2016
1,0.82,0.79,0.86,All Persons,All IMD Quintiles,South East,All Routes,All Stages,All Ages,2016
1.25,0.81,0.77,0.84,All Persons,All IMD Quintiles,South East,All Routes,All Stages,All Ages,2016
1.5,0.80,0.76,0.84,All Persons,All IMD Quintiles,South East,All Routes,All Stages,All Ages,2016
1.75,0.78,0.74,0.82,All Persons,All IMD Quintiles,South East,All Routes,All Stages,All Ages,2016
2,0.78,0.74,0.81,All Persons,All IMD Quintiles,South East,All Routes,All Stages,All Ages,2016
2.25,0.76,0.72,0.80,All Persons,All IMD Quintiles,South East,All Routes,All Stages,All Ages,2016
2.5,0.76,0.72,0.80,All Persons,All IMD Quintiles,South East,All Routes,All Stages,All Ages,2016
2.75,0.75,0.71,0.79,All Persons,All IMD Quintiles,South East,All Routes,All Stages,All Ages,2016
3,0.74,0.70,0.78,All Persons,All IMD Quintiles,South East,All Routes,All Stages,All Ages,2016
3.25,0.73,0.69,0.77,All Persons,All IMD Quintiles,South East,All Routes,All Stages,All Ages,2016
3.5,0.72,0.68,0.76,All Persons,All IMD Quintiles,South East,All Routes,All Stages,All Ages,2016
3.75,0.72,0.68,0.76,All Persons,All IMD Quintiles,South East,All Routes,All Stages,All Ages,2016
4,0.71,0.67,0.75,All Persons,All IMD Quintiles,South East,All Routes,All Stages,All Ages,2016
4.25,0.71,0.66,0.75,All Persons,All IMD Quintiles,South East,All Routes,All Stages,All Ages,2016
4.5,0.70,0.66,0.74,All Persons,All IMD Quintiles,South East,All Routes,All Stages,All Ages,2016
4.75,0.69,0.65,0.73,All Persons,All IMD Quintiles,South East,All Routes,All Stages,All Ages,2016
5,0.69,0.65,0.73,All Persons,All IMD Quintiles,South East,All Routes,All Stages,All Ages,2016
0,1.00,0.99,1.00,All Persons,All IMD Quintiles,South East,All Routes,All Stages,All Ages,2017
0.25,0.94,0.92,0.96,All Persons,All IMD Quintiles,South East,All Routes,All Stages,All Ages,2017
0.5,0.89,0.86,0.92,All Persons,All IMD Quintiles,South East,All Routes,All Stages,All Ages,2017
0.75,0.86,0.83,0.90,All Persons,All IMD Quintiles,South East,All Routes,All Stages,All Ages,2017
1,0.83,0.80,0.87,All Persons,All IMD Quintiles,South East,All Routes,All Stages,All Ages,2017
1.25,0.81,0.77,0.84,All Persons,All IMD Quintiles,South East,All Routes,All Stages,All Ages,2017
1.5,0.79,0.75,0.82,All Persons,All IMD Quintiles,South East,All Routes,All Stages,All Ages,2017
1.75,0.77,0.73,0.80,All Persons,All IMD Quintiles,South East,All Routes,All Stages,All Ages,2017
2,0.74,0.70,0.78,All Persons,All IMD Quintiles,South East,All Routes,All Stages,All Ages,2017
2.25,0.73,0.69,0.77,All Persons,All IMD Quintiles,South East,All Routes,All Stages,All Ages,2017
2.5,0.72,0.68,0.76,All Persons,All IMD Quintiles,South East,All Routes,All Stages,All Ages,2017
2.75,0.72,0.68,0.76,All Persons,All IMD Quintiles,South East,All Routes,All Stages,All Ages,2017
3,0.71,0.67,0.75,All Persons,All IMD Quintiles,South East,All Routes,All Stages,All Ages,2017
3.25,0.71,0.66,0.75,All Persons,All IMD Quintiles,South East,All Routes,All Stages,All Ages,2017
3.5,0.70,0.66,0.74,All Persons,All IMD Quintiles,South East,All Routes,All Stages,All Ages,2017
3.75,0.69,0.65,0.73,All Persons,All IMD Quintiles,South East,All Routes,All Stages,All Ages,2017
4,0.67,0.63,0.71,All Persons,All IMD Quintiles,South East,All Routes,All Stages,All Ages,2017
4.25,0.67,0.62,0.71,All Persons,All IMD Quintiles,South East,All Routes,All Stages,All Ages,2017
4.5,0.66,0.62,0.71,All Persons,All IMD Quintiles,South East,All Routes,All Stages,All Ages,2017
4.75,0.66,0.62,0.70,All Persons,All IMD Quintiles,South East,All Routes,All Stages,All Ages,2017
5,0.65,0.61,0.69,All Persons,All IMD Quintiles,South East,All Routes,All Stages,All Ages,2017
0,1.00,0.99,1.00,All Persons,All IMD Quintiles,South East,All Routes,All Stages,All Ages,2018
0.25,0.94,0.93,0.96,All Persons,All IMD Quintiles,South East,All Routes,All Stages,All Ages,2018
0.5,0.89,0.87,0.92,All Persons,All IMD Quintiles,South East,All Routes,All Stages,All Ages,2018
0.75,0.87,0.84,0.90,All Persons,All IMD Quintiles,South East,All Routes,All Stages,All Ages,2018
1,0.84,0.81,0.87,All Persons,All IMD Quintiles,South East,All Routes,All Stages,All Ages,2018
1.25,0.83,0.80,0.86,All Persons,All IMD Quintiles,South East,All Routes,All Stages,All Ages,2018
1.5,0.81,0.78,0.84,All Persons,All IMD Quintiles,South East,All Routes,All Stages,All Ages,2018
1.75,0.80,0.77,0.83,All Persons,All IMD Quintiles,South East,All Routes,All Stages,All Ages,2018
2,0.79,0.75,0.82,All Persons,All IMD Quintiles,South East,All Routes,All Stages,All Ages,2018
2.25,0.77,0.73,0.81,All Persons,All IMD Quintiles,South East,All Routes,All Stages,All Ages,2018
2.5,0.76,0.72,0.79,All Persons,All IMD Quintiles,South East,All Routes,All Stages,All Ages,2018
2.75,0.74,0.71,0.78,All Persons,All IMD Quintiles,South East,All Routes,All Stages,All Ages,2018
3,0.74,0.70,0.77,All Persons,All IMD Quintiles,South East,All Routes,All Stages,All Ages,2018
3.25,0.73,0.69,0.76,All Persons,All IMD Quintiles,South East,All Routes,All Stages,All Ages,2018
3.5,0.72,0.68,0.76,All Persons,All IMD Quintiles,South East,All Routes,All Stages,All Ages,2018
3.75,0.70,0.67,0.74,All Persons,All IMD Quintiles,South East,All Routes,All Stages,All Ages,2018
4,0.70,0.67,0.74,All Persons,All IMD Quintiles,South East,All Routes,All Stages,All Ages,2018
4.25,0.70,0.66,0.74,All Persons,All IMD Quintiles,South East,All Routes,All Stages,All Ages,2018
4.5,0.68,0.64,0.72,All Persons,All IMD Quintiles,South East,All Routes,All Stages,All Ages,2018
4.75,0.66,0.62,0.71,All Persons,All IMD Quintiles,South East,All Routes,All Stages,All Ages,2018
5,0.65,0.60,0.69,All Persons,All IMD Quintiles,South East,All Routes,All Stages,All Ages,2018
0,1.00,0.99,1.00,All Persons,All IMD Quintiles,South East,All Routes,All Stages,All Ages,2019
0.25,0.96,0.94,0.98,All Persons,All IMD Quintiles,South East,All Routes,All Stages,All Ages,2019
0.5,0.93,0.91,0.95,All Persons,All IMD Quintiles,South East,All Routes,All Stages,All Ages,2019
0.75,0.89,0.87,0.92,All Persons,All IMD Quintiles,South East,All Routes,All Stages,All Ages,2019
1,0.87,0.84,0.89,All Persons,All IMD Quintiles,South East,All Routes,All Stages,All Ages,2019
1.25,0.84,0.81,0.87,All Persons,All IMD Quintiles,South East,All Routes,All Stages,All Ages,2019
1.5,0.82,0.79,0.86,All Persons,All IMD Quintiles,South East,All Routes,All Stages,All Ages,2019
1.75,0.80,0.77,0.84,All Persons,All IMD Quintiles,South East,All Routes,All Stages,All Ages,2019
2,0.79,0.75,0.82,All Persons,All IMD Quintiles,South East,All Routes,All Stages,All Ages,2019
2.25,0.77,0.73,0.80,All Persons,All IMD Quintiles,South East,All Routes,All Stages,All Ages,2019
2.5,0.75,0.72,0.79,All Persons,All IMD Quintiles,South East,All Routes,All Stages,All Ages,2019
2.75,0.75,0.71,0.79,All Persons,All IMD Quintiles,South East,All Routes,All Stages,All Ages,2019
3,0.74,0.70,0.78,All Persons,All IMD Quintiles,South East,All Routes,All Stages,All Ages,2019
3.25,0.73,0.69,0.76,All Persons,All IMD Quintiles,South East,All Routes,All Stages,All Ages,2019
3.5,0.72,0.68,0.76,All Persons,All IMD Quintiles,South East,All Routes,All Stages,All Ages,2019
3.75,0.71,0.67,0.75,All Persons,All IMD Quintiles,South East,All Routes,All Stages,All Ages,2019
4,0.71,0.67,0.75,All Persons,All IMD Quintiles,South East,All Routes,All Stages,All Ages,2019
4.75,0.71,0.67,0.75,All Persons,All IMD Quintiles,South East,All Routes,All Stages,All Ages,2019
0,1.00,0.99,1.00,All Persons,All IMD Quintiles,South East,All Routes,All Stages,All Ages,2020
0.25,0.94,0.92,0.96,All Persons,All IMD Quintiles,South East,All Routes,All Stages,All Ages,2020
0.5,0.91,0.88,0.93,All Persons,All IMD Quintiles,South East,All Routes,All Stages,All Ages,2020
0.75,0.88,0.85,0.91,All Persons,All IMD Quintiles,South East,All Routes,All Stages,All Ages,2020
1,0.85,0.82,0.88,All Persons,All IMD Quintiles,South East,All Routes,All Stages,All Ages,2020
1.25,0.84,0.81,0.87,All Persons,All IMD Quintiles,South East,All Routes,All Stages,All Ages,2020
1.5,0.81,0.78,0.85,All Persons,All IMD Quintiles,South East,All Routes,All Stages,All Ages,2020
1.75,0.80,0.77,0.83,All Persons,All IMD Quintiles,South East,All Routes,All Stages,All Ages,2020
2,0.78,0.74,0.81,All Persons,All IMD Quintiles,South East,All Routes,All Stages,All Ages,2020
2.25,0.76,0.73,0.80,All Persons,All IMD Quintiles,South East,All Routes,All Stages,All Ages,2020
2.5,0.75,0.71,0.79,All Persons,All IMD Quintiles,South East,All Routes,All Stages,All Ages,2020
2.75,0.74,0.70,0.78,All Persons,All IMD Quintiles,South East,All Routes,All Stages,All Ages,2020
3,0.74,0.70,0.78,All Persons,All IMD Quintiles,South East,All Routes,All Stages,All Ages,2020
3.25,0.49,0.17,0.82,All Persons,All IMD Quintiles,South East,All Routes,All Stages,All Ages,2020
0,1.00,0.99,1.00,All Persons,All IMD Quintiles,South East,All Routes,All Stages,All Ages,2021
0.25,0.95,0.94,0.97,All Persons,All IMD Quintiles,South East,All Routes,All Stages,All Ages,2021
0.5,0.91,0.89,0.93,All Persons,All IMD Quintiles,South East,All Routes,All Stages,All Ages,2021
0.75,0.89,0.86,0.91,All Persons,All IMD Quintiles,South East,All Routes,All Stages,All Ages,2021
1,0.86,0.83,0.89,All Persons,All IMD Quintiles,South East,All Routes,All Stages,All Ages,2021
1.25,0.83,0.80,0.86,All Persons,All IMD Quintiles,South East,All Routes,All Stages,All Ages,2021
1.5,0.80,0.76,0.83,All Persons,All IMD Quintiles,South East,All Routes,All Stages,All Ages,2021
1.75,0.76,0.71,0.80,All Persons,All IMD Quintiles,South East,All Routes,All Stages,All Ages,2021
2,0.71,0.63,0.78,All Persons,All IMD Quintiles,South East,All Routes,All Stages,All Ages,2021
0,0.98,0.94,1.02,All Persons,All IMD Quintiles,South West,Emergency,All Stages,All Ages,All Years
0.25,0.78,0.66,0.90,All Persons,All IMD Quintiles,South West,Emergency,All Stages,All Ages,All Years
0.5,0.70,0.56,0.83,All Persons,All IMD Quintiles,South West,Emergency,All Stages,All Ages,All Years
0.75,0.63,0.49,0.77,All Persons,All IMD Quintiles,South West,Emergency,All Stages,All Ages,All Years
1,0.57,0.42,0.71,All Persons,All IMD Quintiles,South West,Emergency,All Stages,All Ages,All Years
1.25,0.52,0.38,0.66,All Persons,All IMD Quintiles,South West,Emergency,All Stages,All Ages,All Years
1.5,0.50,0.36,0.64,All Persons,All IMD Quintiles,South West,Emergency,All Stages,All Ages,All Years
1.75,0.48,0.34,0.62,All Persons,All IMD Quintiles,South West,Emergency,All Stages,All Ages,All Years
2,0.46,0.32,0.60,All Persons,All IMD Quintiles,South West,Emergency,All Stages,All Ages,All Years
2.75,0.41,0.27,0.55,All Persons,All IMD Quintiles,South West,Emergency,All Stages,All Ages,All Years
3.25,0.39,0.25,0.53,All Persons,All IMD Quintiles,South West,Emergency,All Stages,All Ages,All Years
3.5,0.37,0.23,0.51,All Persons,All IMD Quintiles,South West,Emergency,All Stages,All Ages,All Years
4,0.37,0.23,0.51,All Persons,All IMD Quintiles,South West,Emergency,All Stages,All Ages,All Years
4.25,0.37,0.23,0.51,All Persons,All IMD Quintiles,South West,Emergency,All Stages,All Ages,All Years
5,0.37,0.23,0.51,All Persons,All IMD Quintiles,South West,Emergency,All Stages,All Ages,All Years
0,1.00,1.00,1.00,All Persons,All IMD Quintiles,South West,Non-emergency,All Stages,All Ages,All Years
0.25,0.96,0.95,0.97,All Persons,All IMD Quintiles,South West,Non-emergency,All Stages,All Ages,All Years
0.5,0.93,0.91,0.94,All Persons,All IMD Quintiles,South West,Non-emergency,All Stages,All Ages,All Years
0.75,0.90,0.89,0.92,All Persons,All IMD Quintiles,South West,Non-emergency,All Stages,All Ages,All Years
1,0.87,0.85,0.89,All Persons,All IMD Quintiles,South West,Non-emergency,All Stages,All Ages,All Years
1.25,0.86,0.83,0.88,All Persons,All IMD Quintiles,South West,Non-emergency,All Stages,All Ages,All Years
1.5,0.83,0.81,0.86,All Persons,All IMD Quintiles,South West,Non-emergency,All Stages,All Ages,All Years
1.75,0.81,0.79,0.84,All Persons,All IMD Quintiles,South West,Non-emergency,All Stages,All Ages,All Years
2,0.80,0.77,0.83,All Persons,All IMD Quintiles,South West,Non-emergency,All Stages,All Ages,All Years
2.25,0.79,0.76,0.81,All Persons,All IMD Quintiles,South West,Non-emergency,All Stages,All Ages,All Years
2.5,0.77,0.75,0.80,All Persons,All IMD Quintiles,South West,Non-emergency,All Stages,All Ages,All Years
2.75,0.76,0.73,0.79,All Persons,All IMD Quintiles,South West,Non-emergency,All Stages,All Ages,All Years
3,0.75,0.72,0.78,All Persons,All IMD Quintiles,South West,Non-emergency,All Stages,All Ages,All Years
3.25,0.74,0.71,0.77,All Persons,All IMD Quintiles,South West,Non-emergency,All Stages,All Ages,All Years
3.5,0.73,0.70,0.76,All Persons,All IMD Quintiles,South West,Non-emergency,All Stages,All Ages,All Years
3.75,0.72,0.69,0.75,All Persons,All IMD Quintiles,South West,Non-emergency,All Stages,All Ages,All Years
4,0.71,0.68,0.74,All Persons,All IMD Quintiles,South West,Non-emergency,All Stages,All Ages,All Years
4.25,0.71,0.68,0.73,All Persons,All IMD Quintiles,South West,Non-emergency,All Stages,All Ages,All Years
4.5,0.70,0.67,0.73,All Persons,All IMD Quintiles,South West,Non-emergency,All Stages,All Ages,All Years
4.75,0.69,0.66,0.72,All Persons,All IMD Quintiles,South West,Non-emergency,All Stages,All Ages,All Years
5,0.69,0.66,0.72,All Persons,All IMD Quintiles,South West,Non-emergency,All Stages,All Ages,All Years
0,1.00,1.00,1.00,All Persons,All IMD Quintiles,South West,All Routes,Early,All Ages,All Years
0.25,0.99,0.99,1.00,All Persons,All IMD Quintiles,South West,All Routes,Early,All Ages,All Years
0.5,0.99,0.98,0.99,All Persons,All IMD Quintiles,South West,All Routes,Early,All Ages,All Years
0.75,0.98,0.97,0.99,All Persons,All IMD Quintiles,South West,All Routes,Early,All Ages,All Years
1,0.97,0.96,0.98,All Persons,All IMD Quintiles,South West,All Routes,Early,All Ages,All Years
1.25,0.95,0.93,0.96,All Persons,All IMD Quintiles,South West,All Routes,Early,All Ages,All Years
1.5,0.94,0.92,0.96,All Persons,All IMD Quintiles,South West,All Routes,Early,All Ages,All Years
1.75,0.93,0.91,0.95,All Persons,All IMD Quintiles,South West,All Routes,Early,All Ages,All Years
2,0.92,0.90,0.94,All Persons,All IMD Quintiles,South West,All Routes,Early,All Ages,All Years
2.25,0.91,0.88,0.93,All Persons,All IMD Quintiles,South West,All Routes,Early,All Ages,All Years
2.5,0.89,0.86,0.91,All Persons,All IMD Quintiles,South West,All Routes,Early,All Ages,All Years
2.75,0.86,0.84,0.89,All Persons,All IMD Quintiles,South West,All Routes,Early,All Ages,All Years
3,0.86,0.83,0.89,All Persons,All IMD Quintiles,South West,All Routes,Early,All Ages,All Years
3.25,0.84,0.81,0.87,All Persons,All IMD Quintiles,South West,All Routes,Early,All Ages,All Years
3.5,0.84,0.80,0.87,All Persons,All IMD Quintiles,South West,All Routes,Early,All Ages,All Years
3.75,0.82,0.78,0.86,All Persons,All IMD Quintiles,South West,All Routes,Early,All Ages,All Years
4,0.79,0.74,0.84,All Persons,All IMD Quintiles,South West,All Routes,Early,All Ages,All Years
4.25,0.78,0.73,0.83,All Persons,All IMD Quintiles,South West,All Routes,Early,All Ages,All Years
4.5,0.78,0.73,0.83,All Persons,All IMD Quintiles,South West,All Routes,Early,All Ages,All Years
4.75,0.77,0.71,0.82,All Persons,All IMD Quintiles,South West,All Routes,Early,All Ages,All Years
5,0.77,0.71,0.82,All Persons,All IMD Quintiles,South West,All Routes,Early,All Ages,All Years
0,1.00,1.00,1.00,All Persons,All IMD Quintiles,South West,All Routes,Advanced,All Ages,All Years
0.25,0.95,0.93,0.96,All Persons,All IMD Quintiles,South West,All Routes,Advanced,All Ages,All Years
0.5,0.90,0.88,0.92,All Persons,All IMD Quintiles,South West,All Routes,Advanced,All Ages,All Years
0.75,0.86,0.84,0.88,All Persons,All IMD Quintiles,South West,All Routes,Advanced,All Ages,All Years
1,0.83,0.81,0.85,All Persons,All IMD Quintiles,South West,All Routes,Advanced,All Ages,All Years
1.25,0.80,0.78,0.82,All Persons,All IMD Quintiles,South West,All Routes,Advanced,All Ages,All Years
1.5,0.77,0.75,0.80,All Persons,All IMD Quintiles,South West,All Routes,Advanced,All Ages,All Years
1.75,0.75,0.73,0.78,All Persons,All IMD Quintiles,South West,All Routes,Advanced,All Ages,All Years
2,0.74,0.72,0.76,All Persons,All IMD Quintiles,South West,All Routes,Advanced,All Ages,All Years
2.25,0.73,0.70,0.75,All Persons,All IMD Quintiles,South West,All Routes,Advanced,All Ages,All Years
2.5,0.72,0.69,0.74,All Persons,All IMD Quintiles,South West,All Routes,Advanced,All Ages,All Years
2.75,0.71,0.68,0.73,All Persons,All IMD Quintiles,South West,All Routes,Advanced,All Ages,All Years
3,0.69,0.67,0.72,All Persons,All IMD Quintiles,South West,All Routes,Advanced,All Ages,All Years
3.25,0.68,0.65,0.71,All Persons,All IMD Quintiles,South West,All Routes,Advanced,All Ages,All Years
3.5,0.67,0.65,0.70,All Persons,All IMD Quintiles,South West,All Routes,Advanced,All Ages,All Years
3.75,0.67,0.64,0.69,All Persons,All IMD Quintiles,South West,All Routes,Advanced,All Ages,All Years
4,0.66,0.63,0.69,All Persons,All IMD Quintiles,South West,All Routes,Advanced,All Ages,All Years
4.25,0.66,0.63,0.68,All Persons,All IMD Quintiles,South West,All Routes,Advanced,All Ages,All Years
4.5,0.65,0.62,0.68,All Persons,All IMD Quintiles,South West,All Routes,Advanced,All Ages,All Years
4.75,0.64,0.61,0.67,All Persons,All IMD Quintiles,South West,All Routes,Advanced,All Ages,All Years
5,0.64,0.61,0.67,All Persons,All IMD Quintiles,South West,All Routes,Advanced,All Ages,All Years
0.25,0.99,0.98,1.00,All Persons,All IMD Quintiles,South West,All Routes,All Stages,0-49,All Years
0.5,0.98,0.95,1.00,All Persons,All IMD Quintiles,South West,All Routes,All Stages,0-49,All Years
0.75,0.97,0.95,0.99,All Persons,All IMD Quintiles,South West,All Routes,All Stages,0-49,All Years
1,0.96,0.93,0.99,All Persons,All IMD Quintiles,South West,All Routes,All Stages,0-49,All Years
1.25,0.95,0.92,0.98,All Persons,All IMD Quintiles,South West,All Routes,All Stages,0-49,All Years
1.5,0.95,0.91,0.98,All Persons,All IMD Quintiles,South West,All Routes,All Stages,0-49,All Years
1.75,0.93,0.89,0.96,All Persons,All IMD Quintiles,South West,All Routes,All Stages,0-49,All Years
2,0.92,0.89,0.96,All Persons,All IMD Quintiles,South West,All Routes,All Stages,0-49,All Years
2.25,0.92,0.88,0.96,All Persons,All IMD Quintiles,South West,All Routes,All Stages,0-49,All Years
2.5,0.91,0.87,0.95,All Persons,All IMD Quintiles,South West,All Routes,All Stages,0-49,All Years
2.75,0.90,0.85,0.94,All Persons,All IMD Quintiles,South West,All Routes,All Stages,0-49,All Years
3,0.89,0.84,0.94,All Persons,All IMD Quintiles,South West,All Routes,All Stages,0-49,All Years
3.25,0.87,0.82,0.92,All Persons,All IMD Quintiles,South West,All Routes,All Stages,0-49,All Years
3.5,0.86,0.80,0.91,All Persons,All IMD Quintiles,South West,All Routes,All Stages,0-49,All Years
3.75,0.86,0.80,0.91,All Persons,All IMD Quintiles,South West,All Routes,All Stages,0-49,All Years
4,0.86,0.80,0.91,All Persons,All IMD Quintiles,South West,All Routes,All Stages,0-49,All Years
4.25,0.86,0.80,0.91,All Persons,All IMD Quintiles,South West,All Routes,All Stages,0-49,All Years
4.5,0.86,0.80,0.91,All Persons,All IMD Quintiles,South West,All Routes,All Stages,0-49,All Years
4.75,0.86,0.80,0.91,All Persons,All IMD Quintiles,South West,All Routes,All Stages,0-49,All Years
5,0.86,0.80,0.91,All Persons,All IMD Quintiles,South West,All Routes,All Stages,0-49,All Years
0,1.00,0.99,1.00,All Persons,All IMD Quintiles,South West,All Routes,All Stages,50-54,All Years
0.25,0.98,0.97,1.00,All Persons,All IMD Quintiles,South West,All Routes,All Stages,50-54,All Years
0.5,0.96,0.94,0.98,All Persons,All IMD Quintiles,South West,All Routes,All Stages,50-54,All Years
0.75,0.94,0.92,0.97,All Persons,All IMD Quintiles,South West,All Routes,All Stages,50-54,All Years
1,0.92,0.89,0.95,All Persons,All IMD Quintiles,South West,All Routes,All Stages,50-54,All Years
1.25,0.88,0.85,0.92,All Persons,All IMD Quintiles,South West,All Routes,All Stages,50-54,All Years
1.5,0.87,0.83,0.90,All Persons,All IMD Quintiles,South West,All Routes,All Stages,50-54,All Years
1.75,0.85,0.81,0.89,All Persons,All IMD Quintiles,South West,All Routes,All Stages,50-54,All Years
2,0.84,0.80,0.88,All Persons,All IMD Quintiles,South West,All Routes,All Stages,50-54,All Years
2.25,0.84,0.80,0.88,All Persons,All IMD Quintiles,South West,All Routes,All Stages,50-54,All Years
2.5,0.83,0.79,0.88,All Persons,All IMD Quintiles,South West,All Routes,All Stages,50-54,All Years
2.75,0.82,0.78,0.87,All Persons,All IMD Quintiles,South West,All Routes,All Stages,50-54,All Years
3,0.82,0.77,0.86,All Persons,All IMD Quintiles,South West,All Routes,All Stages,50-54,All Years
3.25,0.82,0.77,0.86,All Persons,All IMD Quintiles,South West,All Routes,All Stages,50-54,All Years
3.5,0.80,0.76,0.85,All Persons,All IMD Quintiles,South West,All Routes,All Stages,50-54,All Years
3.75,0.79,0.74,0.84,All Persons,All IMD Quintiles,South West,All Routes,All Stages,50-54,All Years
4,0.79,0.74,0.84,All Persons,All IMD Quintiles,South West,All Routes,All Stages,50-54,All Years
4.25,0.79,0.74,0.84,All Persons,All IMD Quintiles,South West,All Routes,All Stages,50-54,All Years
4.5,0.79,0.74,0.84,All Persons,All IMD Quintiles,South West,All Routes,All Stages,50-54,All Years
4.75,0.79,0.74,0.84,All Persons,All IMD Quintiles,South West,All Routes,All Stages,50-54,All Years
5,0.79,0.74,0.84,All Persons,All IMD Quintiles,South West,All Routes,All Stages,50-54,All Years
0,1.00,0.99,1.00,All Persons,All IMD Quintiles,South West,All Routes,All Stages,55-59,All Years
0.25,0.96,0.95,0.98,All Persons,All IMD Quintiles,South West,All Routes,All Stages,55-59,All Years
0.5,0.94,0.92,0.97,All Persons,All IMD Quintiles,South West,All Routes,All Stages,55-59,All Years
0.75,0.92,0.89,0.95,All Persons,All IMD Quintiles,South West,All Routes,All Stages,55-59,All Years
1,0.90,0.87,0.93,All Persons,All IMD Quintiles,South West,All Routes,All Stages,55-59,All Years
1.25,0.88,0.85,0.92,All Persons,All IMD Quintiles,South West,All Routes,All Stages,55-59,All Years
1.5,0.87,0.84,0.90,All Persons,All IMD Quintiles,South West,All Routes,All Stages,55-59,All Years
1.75,0.85,0.82,0.89,All Persons,All IMD Quintiles,South West,All Routes,All Stages,55-59,All Years
2,0.84,0.80,0.87,All Persons,All IMD Quintiles,South West,All Routes,All Stages,55-59,All Years
2.25,0.83,0.79,0.87,All Persons,All IMD Quintiles,South West,All Routes,All Stages,55-59,All Years
2.5,0.82,0.79,0.86,All Persons,All IMD Quintiles,South West,All Routes,All Stages,55-59,All Years
2.75,0.81,0.77,0.85,All Persons,All IMD Quintiles,South West,All Routes,All Stages,55-59,All Years
3,0.80,0.76,0.84,All Persons,All IMD Quintiles,South West,All Routes,All Stages,55-59,All Years
3.25,0.80,0.75,0.84,All Persons,All IMD Quintiles,South West,All Routes,All Stages,55-59,All Years
3.5,0.79,0.74,0.83,All Persons,All IMD Quintiles,South West,All Routes,All Stages,55-59,All Years
3.75,0.78,0.74,0.83,All Persons,All IMD Quintiles,South West,All Routes,All Stages,55-59,All Years
4,0.77,0.73,0.82,All Persons,All IMD Quintiles,South West,All Routes,All Stages,55-59,All Years
4.25,0.76,0.71,0.81,All Persons,All IMD Quintiles,South West,All Routes,All Stages,55-59,All Years
4.5,0.75,0.70,0.80,All Persons,All IMD Quintiles,South West,All Routes,All Stages,55-59,All Years
4.75,0.72,0.67,0.78,All Persons,All IMD Quintiles,South West,All Routes,All Stages,55-59,All Years
5,0.72,0.67,0.78,All Persons,All IMD Quintiles,South West,All Routes,All Stages,55-59,All Years
0,1.00,0.99,1.00,All Persons,All IMD Quintiles,South West,All Routes,All Stages,60-64,All Years
0.25,0.97,0.95,0.99,All Persons,All IMD Quintiles,South West,All Routes,All Stages,60-64,All Years
0.5,0.94,0.92,0.97,All Persons,All IMD Quintiles,South West,All Routes,All Stages,60-64,All Years
0.75,0.91,0.89,0.94,All Persons,All IMD Quintiles,South West,All Routes,All Stages,60-64,All Years
1,0.89,0.86,0.92,All Persons,All IMD Quintiles,South West,All Routes,All Stages,60-64,All Years
1.25,0.87,0.84,0.90,All Persons,All IMD Quintiles,South West,All Routes,All Stages,60-64,All Years
1.5,0.84,0.81,0.88,All Persons,All IMD Quintiles,South West,All Routes,All Stages,60-64,All Years
1.75,0.82,0.78,0.86,All Persons,All IMD Quintiles,South West,All Routes,All Stages,60-64,All Years
2,0.80,0.76,0.84,All Persons,All IMD Quintiles,South West,All Routes,All Stages,60-64,All Years
2.25,0.79,0.75,0.83,All Persons,All IMD Quintiles,South West,All Routes,All Stages,60-64,All Years
2.5,0.77,0.73,0.82,All Persons,All IMD Quintiles,South West,All Routes,All Stages,60-64,All Years
2.75,0.76,0.72,0.80,All Persons,All IMD Quintiles,South West,All Routes,All Stages,60-64,All Years
3,0.75,0.70,0.79,All Persons,All IMD Quintiles,South West,All Routes,All Stages,60-64,All Years
3.25,0.75,0.70,0.79,All Persons,All IMD Quintiles,South West,All Routes,All Stages,60-64,All Years
3.5,0.73,0.69,0.78,All Persons,All IMD Quintiles,South West,All Routes,All Stages,60-64,All Years
3.75,0.73,0.69,0.78,All Persons,All IMD Quintiles,South West,All Routes,All Stages,60-64,All Years
4,0.72,0.68,0.77,All Persons,All IMD Quintiles,South West,All Routes,All Stages,60-64,All Years
4.25,0.72,0.68,0.77,All Persons,All IMD Quintiles,South West,All Routes,All Stages,60-64,All Years
4.5,0.72,0.68,0.77,All Persons,All IMD Quintiles,South West,All Routes,All Stages,60-64,All Years
4.75,0.72,0.68,0.77,All Persons,All IMD Quintiles,South West,All Routes,All Stages,60-64,All Years
5,0.72,0.68,0.77,All Persons,All IMD Quintiles,South West,All Routes,All Stages,60-64,All Years
0,1.00,0.99,1.00,All Persons,All IMD Quintiles,South West,All Routes,All Stages,65-69,All Years
0.25,0.96,0.94,0.98,All Persons,All IMD Quintiles,South West,All Routes,All Stages,65-69,All Years
0.5,0.94,0.91,0.96,All Persons,All IMD Quintiles,South West,All Routes,All Stages,65-69,All Years
0.75,0.91,0.88,0.94,All Persons,All IMD Quintiles,South West,All Routes,All Stages,65-69,All Years
1,0.88,0.84,0.91,All Persons,All IMD Quintiles,South West,All Routes,All Stages,65-69,All Years
1.25,0.87,0.83,0.90,All Persons,All IMD Quintiles,South West,All Routes,All Stages,65-69,All Years
1.5,0.83,0.79,0.87,All Persons,All IMD Quintiles,South West,All Routes,All Stages,65-69,All Years
1.75,0.82,0.78,0.86,All Persons,All IMD Quintiles,South West,All Routes,All Stages,65-69,All Years
2,0.81,0.77,0.85,All Persons,All IMD Quintiles,South West,All Routes,All Stages,65-69,All Years
2.25,0.80,0.76,0.84,All Persons,All IMD Quintiles,South West,All Routes,All Stages,65-69,All Years
2.5,0.79,0.75,0.83,All Persons,All IMD Quintiles,South West,All Routes,All Stages,65-69,All Years
2.75,0.78,0.73,0.82,All Persons,All IMD Quintiles,South West,All Routes,All Stages,65-69,All Years
3,0.77,0.73,0.82,All Persons,All IMD Quintiles,South West,All Routes,All Stages,65-69,All Years
3.25,0.73,0.68,0.79,All Persons,All IMD Quintiles,South West,All Routes,All Stages,65-69,All Years
3.5,0.73,0.68,0.78,All Persons,All IMD Quintiles,South West,All Routes,All Stages,65-69,All Years
3.75,0.71,0.66,0.77,All Persons,All IMD Quintiles,South West,All Routes,All Stages,65-69,All Years
4,0.69,0.63,0.74,All Persons,All IMD Quintiles,South West,All Routes,All Stages,65-69,All Years
4.25,0.69,0.63,0.74,All Persons,All IMD Quintiles,South West,All Routes,All Stages,65-69,All Years
4.5,0.67,0.61,0.73,All Persons,All IMD Quintiles,South West,All Routes,All Stages,65-69,All Years
4.75,0.67,0.61,0.73,All Persons,All IMD Quintiles,South West,All Routes,All Stages,65-69,All Years
5,0.67,0.61,0.73,All Persons,All IMD Quintiles,South West,All Routes,All Stages,65-69,All Years
0,1.00,0.99,1.00,All Persons,All IMD Quintiles,South West,All Routes,All Stages,70-74,All Years
0.25,0.93,0.90,0.96,All Persons,All IMD Quintiles,South West,All Routes,All Stages,70-74,All Years
0.5,0.87,0.83,0.91,All Persons,All IMD Quintiles,South West,All Routes,All Stages,70-74,All Years
0.75,0.84,0.79,0.88,All Persons,All IMD Quintiles,South West,All Routes,All Stages,70-74,All Years
1,0.82,0.77,0.86,All Persons,All IMD Quintiles,South West,All Routes,All Stages,70-74,All Years
1.25,0.78,0.73,0.83,All Persons,All IMD Quintiles,South West,All Routes,All Stages,70-74,All Years
1.5,0.77,0.72,0.82,All Persons,All IMD Quintiles,South West,All Routes,All Stages,70-74,All Years
1.75,0.76,0.71,0.81,All Persons,All IMD Quintiles,South West,All Routes,All Stages,70-74,All Years
2,0.75,0.70,0.80,All Persons,All IMD Quintiles,South West,All Routes,All Stages,70-74,All Years
2.25,0.73,0.67,0.78,All Persons,All IMD Quintiles,South West,All Routes,All Stages,70-74,All Years
2.5,0.70,0.64,0.76,All Persons,All IMD Quintiles,South West,All Routes,All Stages,70-74,All Years
2.75,0.68,0.62,0.74,All Persons,All IMD Quintiles,South West,All Routes,All Stages,70-74,All Years
3,0.67,0.61,0.73,All Persons,All IMD Quintiles,South West,All Routes,All Stages,70-74,All Years
3.25,0.65,0.59,0.71,All Persons,All IMD Quintiles,South West,All Routes,All Stages,70-74,All Years
3.5,0.64,0.58,0.71,All Persons,All IMD Quintiles,South West,All Routes,All Stages,70-74,All Years
3.75,0.64,0.58,0.71,All Persons,All IMD Quintiles,South West,All Routes,All Stages,70-74,All Years
4,0.63,0.56,0.69,All Persons,All IMD Quintiles,South West,All Routes,All Stages,70-74,All Years
4.25,0.62,0.55,0.69,All Persons,All IMD Quintiles,South West,All Routes,All Stages,70-74,All Years
4.5,0.61,0.54,0.68,All Persons,All IMD Quintiles,South West,All Routes,All Stages,70-74,All Years
4.75,0.61,0.54,0.68,All Persons,All IMD Quintiles,South West,All Routes,All Stages,70-74,All Years
5,0.59,0.52,0.67,All Persons,All IMD Quintiles,South West,All Routes,All Stages,70-74,All Years
0,0.99,0.98,1.01,All Persons,All IMD Quintiles,South West,All Routes,All Stages,75-79,All Years
0.25,0.90,0.86,0.95,All Persons,All IMD Quintiles,South West,All Routes,All Stages,75-79,All Years
0.5,0.79,0.72,0.85,All Persons,All IMD Quintiles,South West,All Routes,All Stages,75-79,All Years
0.75,0.76,0.69,0.82,All Persons,All IMD Quintiles,South West,All Routes,All Stages,75-79,All Years
1,0.71,0.64,0.78,All Persons,All IMD Quintiles,South West,All Routes,All Stages,75-79,All Years
1.25,0.67,0.60,0.75,All Persons,All IMD Quintiles,South West,All Routes,All Stages,75-79,All Years
1.5,0.64,0.57,0.72,All Persons,All IMD Quintiles,South West,All Routes,All Stages,75-79,All Years
1.75,0.62,0.55,0.70,All Persons,All IMD Quintiles,South West,All Routes,All Stages,75-79,All Years
2,0.61,0.53,0.68,All Persons,All IMD Quintiles,South West,All Routes,All Stages,75-79,All Years
2.25,0.58,0.50,0.66,All Persons,All IMD Quintiles,South West,All Routes,All Stages,75-79,All Years
2.5,0.55,0.47,0.63,All Persons,All IMD Quintiles,South West,All Routes,All Stages,75-79,All Years
2.75,0.52,0.43,0.60,All Persons,All IMD Quintiles,South West,All Routes,All Stages,75-79,All Years
3,0.51,0.42,0.59,All Persons,All IMD Quintiles,South West,All Routes,All Stages,75-79,All Years
3.25,0.46,0.37,0.55,All Persons,All IMD Quintiles,South West,All Routes,All Stages,75-79,All Years
3.5,0.45,0.36,0.54,All Persons,All IMD Quintiles,South West,All Routes,All Stages,75-79,All Years
3.75,0.44,0.35,0.53,All Persons,All IMD Quintiles,South West,All Routes,All Stages,75-79,All Years
4,0.42,0.33,0.51,All Persons,All IMD Quintiles,South West,All Routes,All Stages,75-79,All Years
4.25,0.41,0.32,0.50,All Persons,All IMD Quintiles,South West,All Routes,All Stages,75-79,All Years
4.5,0.39,0.30,0.49,All Persons,All IMD Quintiles,South West,All Routes,All Stages,75-79,All Years
4.75,0.36,0.27,0.46,All Persons,All IMD Quintiles,South West,All Routes,All Stages,75-79,All Years
5,0.34,0.24,0.44,All Persons,All IMD Quintiles,South West,All Routes,All Stages,75-79,All Years
0,0.99,0.96,1.01,All Persons,All IMD Quintiles,South West,All Routes,All Stages,80-84,All Years
0.25,0.82,0.74,0.90,All Persons,All IMD Quintiles,South West,All Routes,All Stages,80-84,All Years
0.5,0.71,0.61,0.81,All Persons,All IMD Quintiles,South West,All Routes,All Stages,80-84,All Years
0.75,0.63,0.52,0.73,All Persons,All IMD Quintiles,South West,All Routes,All Stages,80-84,All Years
1,0.58,0.47,0.68,All Persons,All IMD Quintiles,South West,All Routes,All Stages,80-84,All Years
1.25,0.55,0.45,0.66,All Persons,All IMD Quintiles,South West,All Routes,All Stages,80-84,All Years
1.5,0.51,0.41,0.62,All Persons,All IMD Quintiles,South West,All Routes,All Stages,80-84,All Years
1.75,0.50,0.39,0.61,All Persons,All IMD Quintiles,South West,All Routes,All Stages,80-84,All Years
2,0.49,0.38,0.59,All Persons,All IMD Quintiles,South West,All Routes,All Stages,80-84,All Years
2.25,0.46,0.35,0.57,All Persons,All IMD Quintiles,South West,All Routes,All Stages,80-84,All Years
2.5,0.40,0.29,0.50,All Persons,All IMD Quintiles,South West,All Routes,All Stages,80-84,All Years
2.75,0.37,0.26,0.47,All Persons,All IMD Quintiles,South West,All Routes,All Stages,80-84,All Years
3.25,0.37,0.26,0.47,All Persons,All IMD Quintiles,South West,All Routes,All Stages,80-84,All Years
3.5,0.35,0.24,0.45,All Persons,All IMD Quintiles,South West,All Routes,All Stages,80-84,All Years
3.75,0.35,0.24,0.45,All Persons,All IMD Quintiles,South West,All Routes,All Stages,80-84,All Years
4,0.32,0.22,0.43,All Persons,All IMD Quintiles,South West,All Routes,All Stages,80-84,All Years
4.25,0.32,0.22,0.43,All Persons,All IMD Quintiles,South West,All Routes,All Stages,80-84,All Years
4.75,0.30,0.18,0.41,All Persons,All IMD Quintiles,South West,All Routes,All Stages,80-84,All Years
0,0.97,0.91,1.03,All Persons,All IMD Quintiles,South West,All Routes,All Stages,85-89,All Years
0.25,0.81,0.68,0.94,All Persons,All IMD Quintiles,South West,All Routes,All Stages,85-89,All Years
0.5,0.63,0.46,0.79,All Persons,All IMD Quintiles,South West,All Routes,All Stages,85-89,All Years
0.75,0.56,0.40,0.73,All Persons,All IMD Quintiles,South West,All Routes,All Stages,85-89,All Years
1,0.50,0.33,0.67,All Persons,All IMD Quintiles,South West,All Routes,All Stages,85-89,All Years
1.25,0.44,0.27,0.60,All Persons,All IMD Quintiles,South West,All Routes,All Stages,85-89,All Years
1.5,0.44,0.27,0.60,All Persons,All IMD Quintiles,South West,All Routes,All Stages,85-89,All Years
1.75,0.40,0.24,0.57,All Persons,All IMD Quintiles,South West,All Routes,All Stages,85-89,All Years
2,0.36,0.20,0.53,All Persons,All IMD Quintiles,South West,All Routes,All Stages,85-89,All Years
2.25,0.32,0.15,0.48,All Persons,All IMD Quintiles,South West,All Routes,All Stages,85-89,All Years
3,0.26,0.10,0.43,All Persons,All IMD Quintiles,South West,All Routes,All Stages,85-89,All Years
3.25,0.21,0.06,0.36,All Persons,All IMD Quintiles,South West,All Routes,All Stages,85-89,All Years
3.75,0.16,0.02,0.30,All Persons,All IMD Quintiles,South West,All Routes,All Stages,85-89,All Years
4,0.16,0.02,0.30,All Persons,All IMD Quintiles,South West,All Routes,All Stages,85-89,All Years
0,0.88,0.66,1.09,All Persons,All IMD Quintiles,South West,All Routes,All Stages,90+,All Years
0.25,0.63,0.32,0.93,All Persons,All IMD Quintiles,South West,All Routes,All Stages,90+,All Years
0.75,0.38,0.08,0.68,All Persons,All IMD Quintiles,South West,All Routes,All Stages,90+,All Years
1,0.25,-0.01,0.51,All Persons,All IMD Quintiles,South West,All Routes,All Stages,90+,All Years
2,0.13,-0.05,0.30,All Persons,All IMD Quintiles,South West,All Routes,All Stages,90+,All Years
0,0.99,0.99,1.00,All Persons,All IMD Quintiles,South West,All Routes,All Stages,All Ages,2016
0.25,0.96,0.94,0.98,All Persons,All IMD Quintiles,South West,All Routes,All Stages,All Ages,2016
0.5,0.93,0.91,0.96,All Persons,All IMD Quintiles,South West,All Routes,All Stages,All Ages,2016
0.75,0.90,0.87,0.93,All Persons,All IMD Quintiles,South West,All Routes,All Stages,All Ages,2016
1,0.86,0.82,0.89,All Persons,All IMD Quintiles,South West,All Routes,All Stages,All Ages,2016
1.25,0.84,0.80,0.88,All Persons,All IMD Quintiles,South West,All Routes,All Stages,All Ages,2016
1.5,0.81,0.77,0.86,All Persons,All IMD Quintiles,South West,All Routes,All Stages,All Ages,2016
1.75,0.80,0.75,0.84,All Persons,All IMD Quintiles,South West,All Routes,All Stages,All Ages,2016
2,0.78,0.73,0.82,All Persons,All IMD Quintiles,South West,All Routes,All Stages,All Ages,2016
2.25,0.77,0.72,0.81,All Persons,All IMD Quintiles,South West,All Routes,All Stages,All Ages,2016
2.5,0.75,0.71,0.80,All Persons,All IMD Quintiles,South West,All Routes,All Stages,All Ages,2016
2.75,0.74,0.69,0.79,All Persons,All IMD Quintiles,South West,All Routes,All Stages,All Ages,2016
3,0.73,0.68,0.78,All Persons,All IMD Quintiles,South West,All Routes,All Stages,All Ages,2016
3.25,0.71,0.66,0.76,All Persons,All IMD Quintiles,South West,All Routes,All Stages,All Ages,2016
3.5,0.70,0.65,0.75,All Persons,All IMD Quintiles,South West,All Routes,All Stages,All Ages,2016
3.75,0.69,0.64,0.74,All Persons,All IMD Quintiles,South West,All Routes,All Stages,All Ages,2016
4,0.68,0.63,0.73,All Persons,All IMD Quintiles,South West,All Routes,All Stages,All Ages,2016
5,0.67,0.62,0.72,All Persons,All IMD Quintiles,South West,All Routes,All Stages,All Ages,2016
0,1.00,0.99,1.00,All Persons,All IMD Quintiles,South West,All Routes,All Stages,All Ages,2017
0.25,0.95,0.92,0.97,All Persons,All IMD Quintiles,South West,All Routes,All Stages,All Ages,2017
0.5,0.90,0.87,0.94,All Persons,All IMD Quintiles,South West,All Routes,All Stages,All Ages,2017
0.75,0.88,0.84,0.91,All Persons,All IMD Quintiles,South West,All Routes,All Stages,All Ages,2017
1,0.85,0.81,0.89,All Persons,All IMD Quintiles,South West,All Routes,All Stages,All Ages,2017
1.25,0.84,0.80,0.87,All Persons,All IMD Quintiles,South West,All Routes,All Stages,All Ages,2017
1.5,0.79,0.75,0.83,All Persons,All IMD Quintiles,South West,All Routes,All Stages,All Ages,2017
1.75,0.77,0.73,0.82,All Persons,All IMD Quintiles,South West,All Routes,All Stages,All Ages,2017
2,0.76,0.72,0.81,All Persons,All IMD Quintiles,South West,All Routes,All Stages,All Ages,2017
2.25,0.75,0.70,0.79,All Persons,All IMD Quintiles,South West,All Routes,All Stages,All Ages,2017
2.5,0.73,0.68,0.78,All Persons,All IMD Quintiles,South West,All Routes,All Stages,All Ages,2017
2.75,0.72,0.67,0.76,All Persons,All IMD Quintiles,South West,All Routes,All Stages,All Ages,2017
3,0.71,0.66,0.75,All Persons,All IMD Quintiles,South West,All Routes,All Stages,All Ages,2017
3.25,0.69,0.65,0.74,All Persons,All IMD Quintiles,South West,All Routes,All Stages,All Ages,2017
3.5,0.68,0.63,0.73,All Persons,All IMD Quintiles,South West,All Routes,All Stages,All Ages,2017
3.75,0.67,0.62,0.72,All Persons,All IMD Quintiles,South West,All Routes,All Stages,All Ages,2017
4,0.66,0.61,0.71,All Persons,All IMD Quintiles,South West,All Routes,All Stages,All Ages,2017
4.25,0.65,0.60,0.70,All Persons,All IMD Quintiles,South West,All Routes,All Stages,All Ages,2017
4.5,0.64,0.59,0.69,All Persons,All IMD Quintiles,South West,All Routes,All Stages,All Ages,2017
4.75,0.63,0.58,0.68,All Persons,All IMD Quintiles,South West,All Routes,All Stages,All Ages,2017
0,1.00,0.99,1.00,All Persons,All IMD Quintiles,South West,All Routes,All Stages,All Ages,2018
0.25,0.95,0.93,0.97,All Persons,All IMD Quintiles,South West,All Routes,All Stages,All Ages,2018
0.5,0.91,0.88,0.95,All Persons,All IMD Quintiles,South West,All Routes,All Stages,All Ages,2018
0.75,0.91,0.87,0.94,All Persons,All IMD Quintiles,South West,All Routes,All Stages,All Ages,2018
1,0.87,0.84,0.91,All Persons,All IMD Quintiles,South West,All Routes,All Stages,All Ages,2018
1.25,0.86,0.82,0.90,All Persons,All IMD Quintiles,South West,All Routes,All Stages,All Ages,2018
1.5,0.85,0.81,0.89,All Persons,All IMD Quintiles,South West,All Routes,All Stages,All Ages,2018
1.75,0.84,0.80,0.88,All Persons,All IMD Quintiles,South West,All Routes,All Stages,All Ages,2018
2,0.83,0.79,0.87,All Persons,All IMD Quintiles,South West,All Routes,All Stages,All Ages,2018
2.25,0.81,0.77,0.85,All Persons,All IMD Quintiles,South West,All Routes,All Stages,All Ages,2018
2.5,0.80,0.76,0.85,All Persons,All IMD Quintiles,South West,All Routes,All Stages,All Ages,2018
2.75,0.79,0.75,0.84,All Persons,All IMD Quintiles,South West,All Routes,All Stages,All Ages,2018
3,0.78,0.74,0.83,All Persons,All IMD Quintiles,South West,All Routes,All Stages,All Ages,2018
3.25,0.77,0.73,0.82,All Persons,All IMD Quintiles,South West,All Routes,All Stages,All Ages,2018
3.5,0.76,0.71,0.81,All Persons,All IMD Quintiles,South West,All Routes,All Stages,All Ages,2018
3.75,0.76,0.71,0.80,All Persons,All IMD Quintiles,South West,All Routes,All Stages,All Ages,2018
4,0.74,0.70,0.79,All Persons,All IMD Quintiles,South West,All Routes,All Stages,All Ages,2018
4.25,0.74,0.70,0.79,All Persons,All IMD Quintiles,South West,All Routes,All Stages,All Ages,2018
4.5,0.74,0.69,0.79,All Persons,All IMD Quintiles,South West,All Routes,All Stages,All Ages,2018
4.75,0.71,0.65,0.77,All Persons,All IMD Quintiles,South West,All Routes,All Stages,All Ages,2018
5,0.71,0.65,0.77,All Persons,All IMD Quintiles,South West,All Routes,All Stages,All Ages,2018
0,1.00,0.99,1.00,All Persons,All IMD Quintiles,South West,All Routes,All Stages,All Ages,2019
0.25,0.96,0.94,0.98,All Persons,All IMD Quintiles,South West,All Routes,All Stages,All Ages,2019
0.5,0.92,0.90,0.95,All Persons,All IMD Quintiles,South West,All Routes,All Stages,All Ages,2019
0.75,0.89,0.86,0.92,All Persons,All IMD Quintiles,South West,All Routes,All Stages,All Ages,2019
1,0.87,0.84,0.90,All Persons,All IMD Quintiles,South West,All Routes,All Stages,All Ages,2019
1.25,0.84,0.80,0.87,All Persons,All IMD Quintiles,South West,All Routes,All Stages,All Ages,2019
1.5,0.83,0.79,0.86,All Persons,All IMD Quintiles,South West,All Routes,All Stages,All Ages,2019
1.75,0.81,0.77,0.84,All Persons,All IMD Quintiles,South West,All Routes,All Stages,All Ages,2019
2,0.80,0.76,0.84,All Persons,All IMD Quintiles,South West,All Routes,All Stages,All Ages,2019
2.25,0.79,0.75,0.83,All Persons,All IMD Quintiles,South West,All Routes,All Stages,All Ages,2019
2.5,0.78,0.73,0.82,All Persons,All IMD Quintiles,South West,All Routes,All Stages,All Ages,2019
2.75,0.76,0.72,0.80,All Persons,All IMD Quintiles,South West,All Routes,All Stages,All Ages,2019
3,0.75,0.70,0.79,All Persons,All IMD Quintiles,South West,All Routes,All Stages,All Ages,2019
3.25,0.74,0.69,0.78,All Persons,All IMD Quintiles,South West,All Routes,All Stages,All Ages,2019
3.5,0.73,0.69,0.78,All Persons,All IMD Quintiles,South West,All Routes,All Stages,All Ages,2019
3.75,0.72,0.68,0.77,All Persons,All IMD Quintiles,South West,All Routes,All Stages,All Ages,2019
4,0.72,0.68,0.77,All Persons,All IMD Quintiles,South West,All Routes,All Stages,All Ages,2019
4.25,0.72,0.68,0.77,All Persons,All IMD Quintiles,South West,All Routes,All Stages,All Ages,2019
0,1.00,0.99,1.00,All Persons,All IMD Quintiles,South West,All Routes,All Stages,All Ages,2020
0.25,0.95,0.93,0.97,All Persons,All IMD Quintiles,South West,All Routes,All Stages,All Ages,2020
0.5,0.92,0.89,0.95,All Persons,All IMD Quintiles,South West,All Routes,All Stages,All Ages,2020
0.75,0.88,0.85,0.91,All Persons,All IMD Quintiles,South West,All Routes,All Stages,All Ages,2020
1,0.87,0.83,0.90,All Persons,All IMD Quintiles,South West,All Routes,All Stages,All Ages,2020
1.25,0.84,0.81,0.88,All Persons,All IMD Quintiles,South West,All Routes,All Stages,All Ages,2020
1.5,0.81,0.78,0.85,All Persons,All IMD Quintiles,South West,All Routes,All Stages,All Ages,2020
1.75,0.80,0.76,0.84,All Persons,All IMD Quintiles,South West,All Routes,All Stages,All Ages,2020
2,0.79,0.75,0.83,All Persons,All IMD Quintiles,South West,All Routes,All Stages,All Ages,2020
2.25,0.77,0.73,0.82,All Persons,All IMD Quintiles,South West,All Routes,All Stages,All Ages,2020
2.5,0.76,0.72,0.80,All Persons,All IMD Quintiles,South West,All Routes,All Stages,All Ages,2020
2.75,0.73,0.67,0.78,All Persons,All IMD Quintiles,South West,All Routes,All Stages,All Ages,2020
3,0.73,0.67,0.78,All Persons,All IMD Quintiles,South West,All Routes,All Stages,All Ages,2020
3.5,0.54,0.27,0.81,All Persons,All IMD Quintiles,South West,All Routes,All Stages,All Ages,2020
3.75,0.36,0.07,0.66,All Persons,All IMD Quintiles,South West,All Routes,All Stages,All Ages,2020
4.5,0.00,0.00,0.00,All Persons,All IMD Quintiles,South West,All Routes,All Stages,All Ages,2020
0,1.00,0.99,1.00,All Persons,All IMD Quintiles,South West,All Routes,All Stages,All Ages,2021
0.25,0.95,0.93,0.97,All Persons,All IMD Quintiles,South West,All Routes,All Stages,All Ages,2021
0.5,0.90,0.87,0.93,All Persons,All IMD Quintiles,South West,All Routes,All Stages,All Ages,2021
0.75,0.87,0.84,0.90,All Persons,All IMD Quintiles,South West,All Routes,All Stages,All Ages,2021
1,0.85,0.82,0.88,All Persons,All IMD Quintiles,South West,All Routes,All Stages,All Ages,2021
1.25,0.82,0.78,0.86,All Persons,All IMD Quintiles,South West,All Routes,All Stages,All Ages,2021
1.5,0.80,0.76,0.84,All Persons,All IMD Quintiles,South West,All Routes,All Stages,All Ages,2021
1.75,0.77,0.72,0.82,All Persons,All IMD Quintiles,South West,All Routes,All Stages,All Ages,2021
2,0.77,0.72,0.82,All Persons,All IMD Quintiles,South West,All Routes,All Stages,All Ages,2021
3.25,0.51,0.18,0.85,All Persons,All IMD Quintiles,South West,All Routes,All Stages,All Ages,2021
4.25,0.51,0.18,0.85,All Persons,All IMD Quintiles,South West,All Routes,All Stages,All Ages,2021
0,0.98,0.94,1.02,All Persons,All IMD Quintiles,West Midlands,Emergency,All Stages,All Ages,All Years
0.25,0.60,0.47,0.73,All Persons,All IMD Quintiles,West Midlands,Emergency,All Stages,All Ages,All Years
0.5,0.51,0.38,0.64,All Persons,All IMD Quintiles,West Midlands,Emergency,All Stages,All Ages,All Years
0.75,0.47,0.34,0.60,All Persons,All IMD Quintiles,West Midlands,Emergency,All Stages,All Ages,All Years
1.25,0.43,0.30,0.57,All Persons,All IMD Quintiles,West Midlands,Emergency,All Stages,All Ages,All Years
2.25,0.42,0.28,0.55,All Persons,All IMD Quintiles,West Midlands,Emergency,All Stages,All Ages,All Years
2.5,0.38,0.25,0.51,All Persons,All IMD Quintiles,West Midlands,Emergency,All Stages,All Ages,All Years
4,0.38,0.25,0.51,All Persons,All IMD Quintiles,West Midlands,Emergency,All Stages,All Ages,All Years
4.25,0.38,0.25,0.51,All Persons,All IMD Quintiles,West Midlands,Emergency,All Stages,All Ages,All Years
4.5,0.38,0.25,0.51,All Persons,All IMD Quintiles,West Midlands,Emergency,All Stages,All Ages,All Years
4.75,0.35,0.23,0.48,All Persons,All IMD Quintiles,West Midlands,Emergency,All Stages,All Ages,All Years
5,0.35,0.23,0.48,All Persons,All IMD Quintiles,West Midlands,Emergency,All Stages,All Ages,All Years
0,1.00,1.00,1.00,All Persons,All IMD Quintiles,West Midlands,Non-emergency,All Stages,All Ages,All Years
0.25,0.95,0.93,0.96,All Persons,All IMD Quintiles,West Midlands,Non-emergency,All Stages,All Ages,All Years
0.5,0.90,0.88,0.92,All Persons,All IMD Quintiles,West Midlands,Non-emergency,All Stages,All Ages,All Years
0.75,0.86,0.84,0.89,All Persons,All IMD Quintiles,West Midlands,Non-emergency,All Stages,All Ages,All Years
1,0.83,0.81,0.86,All Persons,All IMD Quintiles,West Midlands,Non-emergency,All Stages,All Ages,All Years
1.25,0.82,0.79,0.85,All Persons,All IMD Quintiles,West Midlands,Non-emergency,All Stages,All Ages,All Years
1.5,0.80,0.77,0.83,All Persons,All IMD Quintiles,West Midlands,Non-emergency,All Stages,All Ages,All Years
1.75,0.78,0.75,0.81,All Persons,All IMD Quintiles,West Midlands,Non-emergency,All Stages,All Ages,All Years
2,0.76,0.73,0.79,All Persons,All IMD Quintiles,West Midlands,Non-emergency,All Stages,All Ages,All Years
2.25,0.75,0.72,0.78,All Persons,All IMD Quintiles,West Midlands,Non-emergency,All Stages,All Ages,All Years
2.5,0.73,0.70,0.77,All Persons,All IMD Quintiles,West Midlands,Non-emergency,All Stages,All Ages,All Years
2.75,0.72,0.69,0.76,All Persons,All IMD Quintiles,West Midlands,Non-emergency,All Stages,All Ages,All Years
3,0.70,0.67,0.74,All Persons,All IMD Quintiles,West Midlands,Non-emergency,All Stages,All Ages,All Years
3.25,0.69,0.66,0.73,All Persons,All IMD Quintiles,West Midlands,Non-emergency,All Stages,All Ages,All Years
3.5,0.69,0.65,0.72,All Persons,All IMD Quintiles,West Midlands,Non-emergency,All Stages,All Ages,All Years
3.75,0.67,0.64,0.71,All Persons,All IMD Quintiles,West Midlands,Non-emergency,All Stages,All Ages,All Years
4,0.66,0.63,0.70,All Persons,All IMD Quintiles,West Midlands,Non-emergency,All Stages,All Ages,All Years
4.25,0.65,0.61,0.68,All Persons,All IMD Quintiles,West Midlands,Non-emergency,All Stages,All Ages,All Years
4.5,0.64,0.61,0.68,All Persons,All IMD Quintiles,West Midlands,Non-emergency,All Stages,All Ages,All Years
4.75,0.63,0.60,0.67,All Persons,All IMD Quintiles,West Midlands,Non-emergency,All Stages,All Ages,All Years
5,0.63,0.60,0.67,All Persons,All IMD Quintiles,West Midlands,Non-emergency,All Stages,All Ages,All Years
0,1.00,0.99,1.00,All Persons,All IMD Quintiles,West Midlands,All Routes,Early,All Ages,All Years
0.25,0.99,0.98,1.00,All Persons,All IMD Quintiles,West Midlands,All Routes,Early,All Ages,All Years
0.5,0.98,0.96,0.99,All Persons,All IMD Quintiles,West Midlands,All Routes,Early,All Ages,All Years
0.75,0.97,0.95,0.98,All Persons,All IMD Quintiles,West Midlands,All Routes,Early,All Ages,All Years
1,0.96,0.94,0.98,All Persons,All IMD Quintiles,West Midlands,All Routes,Early,All Ages,All Years
1.25,0.94,0.92,0.96,All Persons,All IMD Quintiles,West Midlands,All Routes,Early,All Ages,All Years
1.5,0.92,0.90,0.94,All Persons,All IMD Quintiles,West Midlands,All Routes,Early,All Ages,All Years
1.75,0.90,0.87,0.93,All Persons,All IMD Quintiles,West Midlands,All Routes,Early,All Ages,All Years
2,0.89,0.86,0.92,All Persons,All IMD Quintiles,West Midlands,All Routes,Early,All Ages,All Years
2.25,0.88,0.85,0.91,All Persons,All IMD Quintiles,West Midlands,All Routes,Early,All Ages,All Years
2.5,0.87,0.84,0.90,All Persons,All IMD Quintiles,West Midlands,All Routes,Early,All Ages,All Years
2.75,0.86,0.83,0.90,All Persons,All IMD Quintiles,West Midlands,All Routes,Early,All Ages,All Years
3,0.85,0.82,0.89,All Persons,All IMD Quintiles,West Midlands,All Routes,Early,All Ages,All Years
3.25,0.84,0.80,0.88,All Persons,All IMD Quintiles,West Midlands,All Routes,Early,All Ages,All Years
3.5,0.84,0.80,0.88,All Persons,All IMD Quintiles,West Midlands,All Routes,Early,All Ages,All Years
3.75,0.83,0.79,0.87,All Persons,All IMD Quintiles,West Midlands,All Routes,Early,All Ages,All Years
4,0.83,0.79,0.87,All Persons,All IMD Quintiles,West Midlands,All Routes,Early,All Ages,All Years
4.25,0.82,0.77,0.86,All Persons,All IMD Quintiles,West Midlands,All Routes,Early,All Ages,All Years
4.5,0.82,0.77,0.86,All Persons,All IMD Quintiles,West Midlands,All Routes,Early,All Ages,All Years
4.75,0.76,0.69,0.83,All Persons,All IMD Quintiles,West Midlands,All Routes,Early,All Ages,All Years
5,0.76,0.69,0.83,All Persons,All IMD Quintiles,West Midlands,All Routes,Early,All Ages,All Years
0,1.00,1.00,1.00,All Persons,All IMD Quintiles,West Midlands,All Routes,Advanced,All Ages,All Years
0.25,0.91,0.90,0.93,All Persons,All IMD Quintiles,West Midlands,All Routes,Advanced,All Ages,All Years
0.5,0.84,0.82,0.86,All Persons,All IMD Quintiles,West Midlands,All Routes,Advanced,All Ages,All Years
0.75,0.79,0.77,0.82,All Persons,All IMD Quintiles,West Midlands,All Routes,Advanced,All Ages,All Years
1,0.75,0.73,0.78,All Persons,All IMD Quintiles,West Midlands,All Routes,Advanced,All Ages,All Years
1.25,0.72,0.70,0.75,All Persons,All IMD Quintiles,West Midlands,All Routes,Advanced,All Ages,All Years
1.5,0.71,0.68,0.73,All Persons,All IMD Quintiles,West Midlands,All Routes,Advanced,All Ages,All Years
1.75,0.69,0.66,0.71,All Persons,All IMD Quintiles,West Midlands,All Routes,Advanced,All Ages,All Years
2,0.67,0.64,0.70,All Persons,All IMD Quintiles,West Midlands,All Routes,Advanced,All Ages,All Years
2.25,0.66,0.63,0.68,All Persons,All IMD Quintiles,West Midlands,All Routes,Advanced,All Ages,All Years
2.5,0.64,0.61,0.67,All Persons,All IMD Quintiles,West Midlands,All Routes,Advanced,All Ages,All Years
2.75,0.62,0.59,0.65,All Persons,All IMD Quintiles,West Midlands,All Routes,Advanced,All Ages,All Years
3,0.61,0.58,0.64,All Persons,All IMD Quintiles,West Midlands,All Routes,Advanced,All Ages,All Years
3.25,0.60,0.57,0.63,All Persons,All IMD Quintiles,West Midlands,All Routes,Advanced,All Ages,All Years
3.5,0.59,0.56,0.62,All Persons,All IMD Quintiles,West Midlands,All Routes,Advanced,All Ages,All Years
3.75,0.58,0.55,0.61,All Persons,All IMD Quintiles,West Midlands,All Routes,Advanced,All Ages,All Years
4,0.57,0.54,0.60,All Persons,All IMD Quintiles,West Midlands,All Routes,Advanced,All Ages,All Years
4.25,0.55,0.52,0.59,All Persons,All IMD Quintiles,West Midlands,All Routes,Advanced,All Ages,All Years
4.5,0.55,0.52,0.58,All Persons,All IMD Quintiles,West Midlands,All Routes,Advanced,All Ages,All Years
4.75,0.54,0.51,0.58,All Persons,All IMD Quintiles,West Midlands,All Routes,Advanced,All Ages,All Years
5,0.54,0.51,0.57,All Persons,All IMD Quintiles,West Midlands,All Routes,Advanced,All Ages,All Years
0.25,0.98,0.97,1.00,All Persons,All IMD Quintiles,West Midlands,All Routes,All Stages,0-49,All Years
0.5,0.95,0.92,0.98,All Persons,All IMD Quintiles,West Midlands,All Routes,All Stages,0-49,All Years
0.75,0.92,0.89,0.96,All Persons,All IMD Quintiles,West Midlands,All Routes,All Stages,0-49,All Years
1,0.89,0.85,0.93,All Persons,All IMD Quintiles,West Midlands,All Routes,All Stages,0-49,All Years
1.25,0.87,0.83,0.92,All Persons,All IMD Quintiles,West Midlands,All Routes,All Stages,0-49,All Years
1.5,0.87,0.82,0.92,All Persons,All IMD Quintiles,West Midlands,All Routes,All Stages,0-49,All Years
1.75,0.84,0.79,0.89,All Persons,All IMD Quintiles,West Midlands,All Routes,All Stages,0-49,All Years
2,0.83,0.78,0.89,All Persons,All IMD Quintiles,West Midlands,All Routes,All Stages,0-49,All Years
2.25,0.83,0.78,0.89,All Persons,All IMD Quintiles,West Midlands,All Routes,All Stages,0-49,All Years
2.5,0.83,0.77,0.88,All Persons,All IMD Quintiles,West Midlands,All Routes,All Stages,0-49,All Years
2.75,0.83,0.77,0.88,All Persons,All IMD Quintiles,West Midlands,All Routes,All Stages,0-49,All Years
3,0.82,0.76,0.88,All Persons,All IMD Quintiles,West Midlands,All Routes,All Stages,0-49,All Years
3.25,0.81,0.75,0.87,All Persons,All IMD Quintiles,West Midlands,All Routes,All Stages,0-49,All Years
3.5,0.81,0.75,0.87,All Persons,All IMD Quintiles,West Midlands,All Routes,All Stages,0-49,All Years
3.75,0.81,0.75,0.87,All Persons,All IMD Quintiles,West Midlands,All Routes,All Stages,0-49,All Years
4,0.81,0.75,0.87,All Persons,All IMD Quintiles,West Midlands,All Routes,All Stages,0-49,All Years
4.25,0.81,0.75,0.87,All Persons,All IMD Quintiles,West Midlands,All Routes,All Stages,0-49,All Years
4.5,0.81,0.75,0.87,All Persons,All IMD Quintiles,West Midlands,All Routes,All Stages,0-49,All Years
4.75,0.81,0.75,0.87,All Persons,All IMD Quintiles,West Midlands,All Routes,All Stages,0-49,All Years
5,0.81,0.75,0.87,All Persons,All IMD Quintiles,West Midlands,All Routes,All Stages,0-49,All Years
0,1.00,0.99,1.00,All Persons,All IMD Quintiles,West Midlands,All Routes,All Stages,50-54,All Years
0.25,0.96,0.94,0.99,All Persons,All IMD Quintiles,West Midlands,All Routes,All Stages,50-54,All Years
0.5,0.92,0.89,0.96,All Persons,All IMD Quintiles,West Midlands,All Routes,All Stages,50-54,All Years
0.75,0.90,0.86,0.94,All Persons,All IMD Quintiles,West Midlands,All Routes,All Stages,50-54,All Years
1,0.88,0.84,0.92,All Persons,All IMD Quintiles,West Midlands,All Routes,All Stages,50-54,All Years
1.25,0.87,0.83,0.91,All Persons,All IMD Quintiles,West Midlands,All Routes,All Stages,50-54,All Years
1.5,0.85,0.81,0.90,All Persons,All IMD Quintiles,West Midlands,All Routes,All Stages,50-54,All Years
1.75,0.85,0.80,0.89,All Persons,All IMD Quintiles,West Midlands,All Routes,All Stages,50-54,All Years
2,0.84,0.80,0.89,All Persons,All IMD Quintiles,West Midlands,All Routes,All Stages,50-54,All Years
2.25,0.82,0.77,0.87,All Persons,All IMD Quintiles,West Midlands,All Routes,All Stages,50-54,All Years
2.5,0.80,0.75,0.86,All Persons,All IMD Quintiles,West Midlands,All Routes,All Stages,50-54,All Years
2.75,0.80,0.74,0.85,All Persons,All IMD Quintiles,West Midlands,All Routes,All Stages,50-54,All Years
3,0.78,0.73,0.84,All Persons,All IMD Quintiles,West Midlands,All Routes,All Stages,50-54,All Years
3.25,0.78,0.73,0.84,All Persons,All IMD Quintiles,West Midlands,All Routes,All Stages,50-54,All Years
3.5,0.78,0.73,0.84,All Persons,All IMD Quintiles,West Midlands,All Routes,All Stages,50-54,All Years
3.75,0.76,0.70,0.82,All Persons,All IMD Quintiles,West Midlands,All Routes,All Stages,50-54,All Years
4,0.76,0.70,0.82,All Persons,All IMD Quintiles,West Midlands,All Routes,All Stages,50-54,All Years
4.25,0.75,0.69,0.81,All Persons,All IMD Quintiles,West Midlands,All Routes,All Stages,50-54,All Years
4.5,0.75,0.69,0.81,All Persons,All IMD Quintiles,West Midlands,All Routes,All Stages,50-54,All Years
4.75,0.74,0.68,0.81,All Persons,All IMD Quintiles,West Midlands,All Routes,All Stages,50-54,All Years
5,0.73,0.66,0.80,All Persons,All IMD Quintiles,West Midlands,All Routes,All Stages,50-54,All Years
0,1.00,0.99,1.00,All Persons,All IMD Quintiles,West Midlands,All Routes,All Stages,55-59,All Years
0.25,0.97,0.95,0.99,All Persons,All IMD Quintiles,West Midlands,All Routes,All Stages,55-59,All Years
0.5,0.94,0.92,0.97,All Persons,All IMD Quintiles,West Midlands,All Routes,All Stages,55-59,All Years
0.75,0.92,0.89,0.95,All Persons,All IMD Quintiles,West Midlands,All Routes,All Stages,55-59,All Years
1,0.88,0.85,0.92,All Persons,All IMD Quintiles,West Midlands,All Routes,All Stages,55-59,All Years
1.25,0.86,0.83,0.90,All Persons,All IMD Quintiles,West Midlands,All Routes,All Stages,55-59,All Years
1.5,0.86,0.82,0.89,All Persons,All IMD Quintiles,West Midlands,All Routes,All Stages,55-59,All Years
1.75,0.84,0.80,0.88,All Persons,All IMD Quintiles,West Midlands,All Routes,All Stages,55-59,All Years
2,0.81,0.77,0.86,All Persons,All IMD Quintiles,West Midlands,All Routes,All Stages,55-59,All Years
2.25,0.80,0.76,0.85,All Persons,All IMD Quintiles,West Midlands,All Routes,All Stages,55-59,All Years
2.5,0.78,0.73,0.82,All Persons,All IMD Quintiles,West Midlands,All Routes,All Stages,55-59,All Years
2.75,0.76,0.71,0.81,All Persons,All IMD Quintiles,West Midlands,All Routes,All Stages,55-59,All Years
3,0.75,0.70,0.80,All Persons,All IMD Quintiles,West Midlands,All Routes,All Stages,55-59,All Years
3.25,0.74,0.69,0.79,All Persons,All IMD Quintiles,West Midlands,All Routes,All Stages,55-59,All Years
3.5,0.72,0.67,0.77,All Persons,All IMD Quintiles,West Midlands,All Routes,All Stages,55-59,All Years
3.75,0.72,0.66,0.77,All Persons,All IMD Quintiles,West Midlands,All Routes,All Stages,55-59,All Years
4,0.68,0.62,0.74,All Persons,All IMD Quintiles,West Midlands,All Routes,All Stages,55-59,All Years
4.25,0.68,0.62,0.73,All Persons,All IMD Quintiles,West Midlands,All Routes,All Stages,55-59,All Years
4.5,0.68,0.62,0.73,All Persons,All IMD Quintiles,West Midlands,All Routes,All Stages,55-59,All Years
4.75,0.67,0.61,0.73,All Persons,All IMD Quintiles,West Midlands,All Routes,All Stages,55-59,All Years
5,0.67,0.61,0.73,All Persons,All IMD Quintiles,West Midlands,All Routes,All Stages,55-59,All Years
0,1.00,0.99,1.00,All Persons,All IMD Quintiles,West Midlands,All Routes,All Stages,60-64,All Years
0.25,0.93,0.90,0.96,All Persons,All IMD Quintiles,West Midlands,All Routes,All Stages,60-64,All Years
0.5,0.89,0.86,0.93,All Persons,All IMD Quintiles,West Midlands,All Routes,All Stages,60-64,All Years
0.75,0.87,0.83,0.91,All Persons,All IMD Quintiles,West Midlands,All Routes,All Stages,60-64,All Years
1,0.85,0.81,0.89,All Persons,All IMD Quintiles,West Midlands,All Routes,All Stages,60-64,All Years
1.25,0.83,0.79,0.87,All Persons,All IMD Quintiles,West Midlands,All Routes,All Stages,60-64,All Years
1.5,0.81,0.76,0.85,All Persons,All IMD Quintiles,West Midlands,All Routes,All Stages,60-64,All Years
1.75,0.80,0.75,0.84,All Persons,All IMD Quintiles,West Midlands,All Routes,All Stages,60-64,All Years
2,0.79,0.74,0.83,All Persons,All IMD Quintiles,West Midlands,All Routes,All Stages,60-64,All Years
2.25,0.77,0.73,0.82,All Persons,All IMD Quintiles,West Midlands,All Routes,All Stages,60-64,All Years
2.5,0.76,0.71,0.81,All Persons,All IMD Quintiles,West Midlands,All Routes,All Stages,60-64,All Years
2.75,0.75,0.70,0.80,All Persons,All IMD Quintiles,West Midlands,All Routes,All Stages,60-64,All Years
3,0.74,0.69,0.79,All Persons,All IMD Quintiles,West Midlands,All Routes,All Stages,60-64,All Years
3.25,0.73,0.67,0.78,All Persons,All IMD Quintiles,West Midlands,All Routes,All Stages,60-64,All Years
3.5,0.71,0.66,0.77,All Persons,All IMD Quintiles,West Midlands,All Routes,All Stages,60-64,All Years
3.75,0.71,0.65,0.76,All Persons,All IMD Quintiles,West Midlands,All Routes,All Stages,60-64,All Years
4,0.70,0.64,0.76,All Persons,All IMD Quintiles,West Midlands,All Routes,All Stages,60-64,All Years
4.25,0.67,0.61,0.74,All Persons,All IMD Quintiles,West Midlands,All Routes,All Stages,60-64,All Years
4.5,0.67,0.61,0.74,All Persons,All IMD Quintiles,West Midlands,All Routes,All Stages,60-64,All Years
4.75,0.67,0.61,0.74,All Persons,All IMD Quintiles,West Midlands,All Routes,All Stages,60-64,All Years
5,0.67,0.61,0.74,All Persons,All IMD Quintiles,West Midlands,All Routes,All Stages,60-64,All Years
0,1.00,0.99,1.00,All Persons,All IMD Quintiles,West Midlands,All Routes,All Stages,65-69,All Years
0.25,0.93,0.91,0.96,All Persons,All IMD Quintiles,West Midlands,All Routes,All Stages,65-69,All Years
0.5,0.87,0.83,0.91,All Persons,All IMD Quintiles,West Midlands,All Routes,All Stages,65-69,All Years
0.75,0.84,0.79,0.88,All Persons,All IMD Quintiles,West Midlands,All Routes,All Stages,65-69,All Years
1,0.80,0.76,0.85,All Persons,All IMD Quintiles,West Midlands,All Routes,All Stages,65-69,All Years
1.25,0.78,0.74,0.83,All Persons,All IMD Quintiles,West Midlands,All Routes,All Stages,65-69,All Years
1.5,0.77,0.72,0.82,All Persons,All IMD Quintiles,West Midlands,All Routes,All Stages,65-69,All Years
1.75,0.73,0.68,0.79,All Persons,All IMD Quintiles,West Midlands,All Routes,All Stages,65-69,All Years
2,0.72,0.66,0.77,All Persons,All IMD Quintiles,West Midlands,All Routes,All Stages,65-69,All Years
2.25,0.70,0.64,0.75,All Persons,All IMD Quintiles,West Midlands,All Routes,All Stages,65-69,All Years
2.5,0.68,0.62,0.74,All Persons,All IMD Quintiles,West Midlands,All Routes,All Stages,65-69,All Years
2.75,0.68,0.62,0.74,All Persons,All IMD Quintiles,West Midlands,All Routes,All Stages,65-69,All Years
3,0.65,0.59,0.71,All Persons,All IMD Quintiles,West Midlands,All Routes,All Stages,65-69,All Years
3.25,0.64,0.57,0.70,All Persons,All IMD Quintiles,West Midlands,All Routes,All Stages,65-69,All Years
3.5,0.62,0.56,0.69,All Persons,All IMD Quintiles,West Midlands,All Routes,All Stages,65-69,All Years
3.75,0.61,0.54,0.67,All Persons,All IMD Quintiles,West Midlands,All Routes,All Stages,65-69,All Years
4,0.59,0.52,0.66,All Persons,All IMD Quintiles,West Midlands,All Routes,All Stages,65-69,All Years
4.25,0.58,0.52,0.65,All Persons,All IMD Quintiles,West Midlands,All Routes,All Stages,65-69,All Years
4.5,0.57,0.50,0.64,All Persons,All IMD Quintiles,West Midlands,All Routes,All Stages,65-69,All Years
4.75,0.56,0.49,0.63,All Persons,All IMD Quintiles,West Midlands,All Routes,All Stages,65-69,All Years
5,0.56,0.49,0.63,All Persons,All IMD Quintiles,West Midlands,All Routes,All Stages,65-69,All Years
0,0.99,0.98,1.01,All Persons,All IMD Quintiles,West Midlands,All Routes,All Stages,70-74,All Years
0.25,0.89,0.85,0.94,All Persons,All IMD Quintiles,West Midlands,All Routes,All Stages,70-74,All Years
0.5,0.82,0.77,0.88,All Persons,All IMD Quintiles,West Midlands,All Routes,All Stages,70-74,All Years
0.75,0.78,0.72,0.84,All Persons,All IMD Quintiles,West Midlands,All Routes,All Stages,70-74,All Years
1,0.75,0.68,0.81,All Persons,All IMD Quintiles,West Midlands,All Routes,All Stages,70-74,All Years
1.25,0.68,0.61,0.75,All Persons,All IMD Quintiles,West Midlands,All Routes,All Stages,70-74,All Years
1.5,0.65,0.58,0.72,All Persons,All IMD Quintiles,West Midlands,All Routes,All Stages,70-74,All Years
1.75,0.63,0.56,0.71,All Persons,All IMD Quintiles,West Midlands,All Routes,All Stages,70-74,All Years
2,0.60,0.53,0.67,All Persons,All IMD Quintiles,West Midlands,All Routes,All Stages,70-74,All Years
2.25,0.59,0.51,0.66,All Persons,All IMD Quintiles,West Midlands,All Routes,All Stages,70-74,All Years
2.5,0.57,0.49,0.65,All Persons,All IMD Quintiles,West Midlands,All Routes,All Stages,70-74,All Years
2.75,0.53,0.45,0.61,All Persons,All IMD Quintiles,West Midlands,All Routes,All Stages,70-74,All Years
3,0.50,0.42,0.58,All Persons,All IMD Quintiles,West Midlands,All Routes,All Stages,70-74,All Years
3.25,0.48,0.40,0.56,All Persons,All IMD Quintiles,West Midlands,All Routes,All Stages,70-74,All Years
3.5,0.46,0.38,0.54,All Persons,All IMD Quintiles,West Midlands,All Routes,All Stages,70-74,All Years
3.75,0.46,0.38,0.54,All Persons,All IMD Quintiles,West Midlands,All Routes,All Stages,70-74,All Years
4,0.44,0.36,0.53,All Persons,All IMD Quintiles,West Midlands,All Routes,All Stages,70-74,All Years
4.25,0.44,0.36,0.53,All Persons,All IMD Quintiles,West Midlands,All Routes,All Stages,70-74,All Years
4.5,0.41,0.32,0.50,All Persons,All IMD Quintiles,West Midlands,All Routes,All Stages,70-74,All Years
4.75,0.37,0.27,0.47,All Persons,All IMD Quintiles,West Midlands,All Routes,All Stages,70-74,All Years
5,0.37,0.27,0.47,All Persons,All IMD Quintiles,West Midlands,All Routes,All Stages,70-74,All Years
0,0.99,0.97,1.01,All Persons,All IMD Quintiles,West Midlands,All Routes,All Stages,75-79,All Years
0.25,0.84,0.78,0.91,All Persons,All IMD Quintiles,West Midlands,All Routes,All Stages,75-79,All Years
0.5,0.72,0.64,0.81,All Persons,All IMD Quintiles,West Midlands,All Routes,All Stages,75-79,All Years
0.75,0.69,0.60,0.77,All Persons,All IMD Quintiles,West Midlands,All Routes,All Stages,75-79,All Years
1,0.64,0.55,0.73,All Persons,All IMD Quintiles,West Midlands,All Routes,All Stages,75-79,All Years
1.25,0.56,0.47,0.66,All Persons,All IMD Quintiles,West Midlands,All Routes,All Stages,75-79,All Years
1.5,0.52,0.42,0.62,All Persons,All IMD Quintiles,West Midlands,All Routes,All Stages,75-79,All Years
1.75,0.51,0.41,0.60,All Persons,All IMD Quintiles,West Midlands,All Routes,All Stages,75-79,All Years
2,0.48,0.38,0.58,All Persons,All IMD Quintiles,West Midlands,All Routes,All Stages,75-79,All Years
2.25,0.45,0.35,0.55,All Persons,All IMD Quintiles,West Midlands,All Routes,All Stages,75-79,All Years
2.5,0.44,0.34,0.54,All Persons,All IMD Quintiles,West Midlands,All Routes,All Stages,75-79,All Years
2.75,0.42,0.32,0.52,All Persons,All IMD Quintiles,West Midlands,All Routes,All Stages,75-79,All Years
3,0.41,0.30,0.51,All Persons,All IMD Quintiles,West Midlands,All Routes,All Stages,75-79,All Years
3.25,0.39,0.28,0.49,All Persons,All IMD Quintiles,West Midlands,All Routes,All Stages,75-79,All Years
3.75,0.39,0.28,0.49,All Persons,All IMD Quintiles,West Midlands,All Routes,All Stages,75-79,All Years
4.25,0.36,0.26,0.47,All Persons,All IMD Quintiles,West Midlands,All Routes,All Stages,75-79,All Years
4.5,0.36,0.26,0.47,All Persons,All IMD Quintiles,West Midlands,All Routes,All Stages,75-79,All Years
0,0.98,0.95,1.02,All Persons,All IMD Quintiles,West Midlands,All Routes,All Stages,80-84,All Years
0.25,0.82,0.72,0.91,All Persons,All IMD Quintiles,West Midlands,All Routes,All Stages,80-84,All Years
0.5,0.70,0.59,0.81,All Persons,All IMD Quintiles,West Midlands,All Routes,All Stages,80-84,All Years
0.75,0.60,0.48,0.72,All Persons,All IMD Quintiles,West Midlands,All Routes,All Stages,80-84,All Years
1,0.55,0.43,0.67,All Persons,All IMD Quintiles,West Midlands,All Routes,All Stages,80-84,All Years
1.25,0.51,0.39,0.64,All Persons,All IMD Quintiles,West Midlands,All Routes,All Stages,80-84,All Years
1.5,0.46,0.33,0.59,All Persons,All IMD Quintiles,West Midlands,All Routes,All Stages,80-84,All Years
1.75,0.46,0.33,0.59,All Persons,All IMD Quintiles,West Midlands,All Routes,All Stages,80-84,All Years
2.25,0.44,0.31,0.56,All Persons,All IMD Quintiles,West Midlands,All Routes,All Stages,80-84,All Years
2.5,0.41,0.28,0.54,All Persons,All IMD Quintiles,West Midlands,All Routes,All Stages,80-84,All Years
2.75,0.39,0.26,0.52,All Persons,All IMD Quintiles,West Midlands,All Routes,All Stages,80-84,All Years
3,0.36,0.23,0.49,All Persons,All IMD Quintiles,West Midlands,All Routes,All Stages,80-84,All Years
3.5,0.36,0.23,0.49,All Persons,All IMD Quintiles,West Midlands,All Routes,All Stages,80-84,All Years
4,0.30,0.17,0.43,All Persons,All IMD Quintiles,West Midlands,All Routes,All Stages,80-84,All Years
4.25,0.26,0.13,0.39,All Persons,All IMD Quintiles,West Midlands,All Routes,All Stages,80-84,All Years
4.5,0.26,0.13,0.39,All Persons,All IMD Quintiles,West Midlands,All Routes,All Stages,80-84,All Years
0,0.96,0.88,1.04,All Persons,All IMD Quintiles,West Midlands,All Routes,All Stages,85-89,All Years
0.25,0.67,0.48,0.85,All Persons,All IMD Quintiles,West Midlands,All Routes,All Stages,85-89,All Years
0.5,0.50,0.31,0.69,All Persons,All IMD Quintiles,West Midlands,All Routes,All Stages,85-89,All Years
0.75,0.38,0.19,0.56,All Persons,All IMD Quintiles,West Midlands,All Routes,All Stages,85-89,All Years
1,0.33,0.15,0.51,All Persons,All IMD Quintiles,West Midlands,All Routes,All Stages,85-89,All Years
1.25,0.29,0.11,0.46,All Persons,All IMD Quintiles,West Midlands,All Routes,All Stages,85-89,All Years
1.5,0.24,0.07,0.40,All Persons,All IMD Quintiles,West Midlands,All Routes,All Stages,85-89,All Years
2,0.19,0.04,0.34,All Persons,All IMD Quintiles,West Midlands,All Routes,All Stages,85-89,All Years
3.25,0.19,0.04,0.34,All Persons,All IMD Quintiles,West Midlands,All Routes,All Stages,85-89,All Years
3.5,0.13,0.00,0.26,All Persons,All IMD Quintiles,West Midlands,All Routes,All Stages,85-89,All Years
4.75,0.13,0.00,0.26,All Persons,All IMD Quintiles,West Midlands,All Routes,All Stages,85-89,All Years
0,0.93,0.80,1.06,All Persons,All IMD Quintiles,West Midlands,All Routes,All Stages,90+,All Years
0.25,0.43,0.19,0.67,All Persons,All IMD Quintiles,West Midlands,All Routes,All Stages,90+,All Years
0.5,0.07,-0.03,0.18,All Persons,All IMD Quintiles,West Midlands,All Routes,All Stages,90+,All Years
1,0.00,0.00,0.00,All Persons,All IMD Quintiles,West Midlands,All Routes,All Stages,90+,All Years
0,1.00,0.99,1.00,All Persons,All IMD Quintiles,West Midlands,All Routes,All Stages,All Ages,2016
0.25,0.94,0.91,0.97,All Persons,All IMD Quintiles,West Midlands,All Routes,All Stages,All Ages,2016
0.5,0.87,0.83,0.92,All Persons,All IMD Quintiles,West Midlands,All Routes,All Stages,All Ages,2016
0.75,0.81,0.76,0.86,All Persons,All IMD Quintiles,West Midlands,All Routes,All Stages,All Ages,2016
1,0.80,0.75,0.86,All Persons,All IMD Quintiles,West Midlands,All Routes,All Stages,All Ages,2016
1.25,0.80,0.75,0.85,All Persons,All IMD Quintiles,West Midlands,All Routes,All Stages,All Ages,2016
1.5,0.78,0.73,0.84,All Persons,All IMD Quintiles,West Midlands,All Routes,All Stages,All Ages,2016
1.75,0.77,0.71,0.82,All Persons,All IMD Quintiles,West Midlands,All Routes,All Stages,All Ages,2016
2,0.75,0.69,0.80,All Persons,All IMD Quintiles,West Midlands,All Routes,All Stages,All Ages,2016
2.25,0.73,0.67,0.79,All Persons,All IMD Quintiles,West Midlands,All Routes,All Stages,All Ages,2016
2.5,0.70,0.64,0.76,All Persons,All IMD Quintiles,West Midlands,All Routes,All Stages,All Ages,2016
2.75,0.69,0.63,0.75,All Persons,All IMD Quintiles,West Midlands,All Routes,All Stages,All Ages,2016
3,0.67,0.61,0.73,All Persons,All IMD Quintiles,West Midlands,All Routes,All Stages,All Ages,2016
3.25,0.66,0.60,0.72,All Persons,All IMD Quintiles,West Midlands,All Routes,All Stages,All Ages,2016
3.5,0.65,0.59,0.71,All Persons,All IMD Quintiles,West Midlands,All Routes,All Stages,All Ages,2016
3.75,0.64,0.58,0.70,All Persons,All IMD Quintiles,West Midlands,All Routes,All Stages,All Ages,2016
4,0.63,0.57,0.69,All Persons,All IMD Quintiles,West Midlands,All Routes,All Stages,All Ages,2016
4.25,0.63,0.56,0.69,All Persons,All IMD Quintiles,West Midlands,All Routes,All Stages,All Ages,2016
4.5,0.62,0.56,0.69,All Persons,All IMD Quintiles,West Midlands,All Routes,All Stages,All Ages,2016
0,0.99,0.98,1.00,All Persons,All IMD Quintiles,West Midlands,All Routes,All Stages,All Ages,2017
0.25,0.91,0.88,0.95,All Persons,All IMD Quintiles,West Midlands,All Routes,All Stages,All Ages,2017
0.5,0.86,0.82,0.91,All Persons,All IMD Quintiles,West Midlands,All Routes,All Stages,All Ages,2017
0.75,0.84,0.79,0.89,All Persons,All IMD Quintiles,West Midlands,All Routes,All Stages,All Ages,2017
1,0.81,0.76,0.86,All Persons,All IMD Quintiles,West Midlands,All Routes,All Stages,All Ages,2017
1.25,0.79,0.73,0.84,All Persons,All IMD Quintiles,West Midlands,All Routes,All Stages,All Ages,2017
1.5,0.76,0.71,0.81,All Persons,All IMD Quintiles,West Midlands,All Routes,All Stages,All Ages,2017
1.75,0.74,0.69,0.80,All Persons,All IMD Quintiles,West Midlands,All Routes,All Stages,All Ages,2017
2,0.74,0.68,0.79,All Persons,All IMD Quintiles,West Midlands,All Routes,All Stages,All Ages,2017
2.5,0.73,0.67,0.78,All Persons,All IMD Quintiles,West Midlands,All Routes,All Stages,All Ages,2017
2.75,0.72,0.66,0.78,All Persons,All IMD Quintiles,West Midlands,All Routes,All Stages,All Ages,2017
3,0.70,0.64,0.76,All Persons,All IMD Quintiles,West Midlands,All Routes,All Stages,All Ages,2017
3.5,0.69,0.63,0.75,All Persons,All IMD Quintiles,West Midlands,All Routes,All Stages,All Ages,2017
3.75,0.68,0.62,0.74,All Persons,All IMD Quintiles,West Midlands,All Routes,All Stages,All Ages,2017
4,0.67,0.61,0.73,All Persons,All IMD Quintiles,West Midlands,All Routes,All Stages,All Ages,2017
4.25,0.65,0.59,0.71,All Persons,All IMD Quintiles,West Midlands,All Routes,All Stages,All Ages,2017
4.5,0.65,0.59,0.71,All Persons,All IMD Quintiles,West Midlands,All Routes,All Stages,All Ages,2017
4.75,0.65,0.59,0.71,All Persons,All IMD Quintiles,West Midlands,All Routes,All Stages,All Ages,2017
5,0.64,0.58,0.70,All Persons,All IMD Quintiles,West Midlands,All Routes,All Stages,All Ages,2017
0,1.00,0.99,1.00,All Persons,All IMD Quintiles,West Midlands,All Routes,All Stages,All Ages,2018
0.25,0.92,0.89,0.95,All Persons,All IMD Quintiles,West Midlands,All Routes,All Stages,All Ages,2018
0.5,0.88,0.85,0.92,All Persons,All IMD Quintiles,West Midlands,All Routes,All Stages,All Ages,2018
0.75,0.86,0.82,0.90,All Persons,All IMD Quintiles,West Midlands,All Routes,All Stages,All Ages,2018
1,0.81,0.77,0.86,All Persons,All IMD Quintiles,West Midlands,All Routes,All Stages,All Ages,2018
1.25,0.80,0.75,0.84,All Persons,All IMD Quintiles,West Midlands,All Routes,All Stages,All Ages,2018
1.5,0.78,0.73,0.83,All Persons,All IMD Quintiles,West Midlands,All Routes,All Stages,All Ages,2018
1.75,0.75,0.70,0.80,All Persons,All IMD Quintiles,West Midlands,All Routes,All Stages,All Ages,2018
2,0.73,0.68,0.78,All Persons,All IMD Quintiles,West Midlands,All Routes,All Stages,All Ages,2018
2.25,0.71,0.66,0.76,All Persons,All IMD Quintiles,West Midlands,All Routes,All Stages,All Ages,2018
2.5,0.69,0.64,0.74,All Persons,All IMD Quintiles,West Midlands,All Routes,All Stages,All Ages,2018
2.75,0.67,0.62,0.73,All Persons,All IMD Quintiles,West Midlands,All Routes,All Stages,All Ages,2018
3,0.66,0.61,0.71,All Persons,All IMD Quintiles,West Midlands,All Routes,All Stages,All Ages,2018
3.25,0.65,0.60,0.70,All Persons,All IMD Quintiles,West Midlands,All Routes,All Stages,All Ages,2018
3.5,0.64,0.59,0.69,All Persons,All IMD Quintiles,West Midlands,All Routes,All Stages,All Ages,2018
3.75,0.63,0.58,0.69,All Persons,All IMD Quintiles,West Midlands,All Routes,All Stages,All Ages,2018
4,0.61,0.56,0.67,All Persons,All IMD Quintiles,West Midlands,All Routes,All Stages,All Ages,2018
4.25,0.60,0.54,0.65,All Persons,All IMD Quintiles,West Midlands,All Routes,All Stages,All Ages,2018
4.5,0.59,0.54,0.65,All Persons,All IMD Quintiles,West Midlands,All Routes,All Stages,All Ages,2018
4.75,0.56,0.50,0.63,All Persons,All IMD Quintiles,West Midlands,All Routes,All Stages,All Ages,2018
5,0.56,0.50,0.63,All Persons,All IMD Quintiles,West Midlands,All Routes,All Stages,All Ages,2018
0,1.00,0.99,1.00,All Persons,All IMD Quintiles,West Midlands,All Routes,All Stages,All Ages,2019
0.25,0.94,0.91,0.97,All Persons,All IMD Quintiles,West Midlands,All Routes,All Stages,All Ages,2019
0.5,0.88,0.84,0.91,All Persons,All IMD Quintiles,West Midlands,All Routes,All Stages,All Ages,2019
0.75,0.85,0.81,0.89,All Persons,All IMD Quintiles,West Midlands,All Routes,All Stages,All Ages,2019
1,0.81,0.77,0.86,All Persons,All IMD Quintiles,West Midlands,All Routes,All Stages,All Ages,2019
1.25,0.77,0.72,0.82,All Persons,All IMD Quintiles,West Midlands,All Routes,All Stages,All Ages,2019
1.5,0.76,0.71,0.80,All Persons,All IMD Quintiles,West Midlands,All Routes,All Stages,All Ages,2019
1.75,0.74,0.69,0.79,All Persons,All IMD Quintiles,West Midlands,All Routes,All Stages,All Ages,2019
2,0.73,0.68,0.77,All Persons,All IMD Quintiles,West Midlands,All Routes,All Stages,All Ages,2019
2.25,0.70,0.65,0.75,All Persons,All IMD Quintiles,West Midlands,All Routes,All Stages,All Ages,2019
2.5,0.69,0.64,0.74,All Persons,All IMD Quintiles,West Midlands,All Routes,All Stages,All Ages,2019
3,0.67,0.62,0.72,All Persons,All IMD Quintiles,West Midlands,All Routes,All Stages,All Ages,2019
3.25,0.65,0.59,0.70,All Persons,All IMD Quintiles,West Midlands,All Routes,All Stages,All Ages,2019
3.5,0.64,0.58,0.69,All Persons,All IMD Quintiles,West Midlands,All Routes,All Stages,All Ages,2019
3.75,0.62,0.57,0.68,All Persons,All IMD Quintiles,West Midlands,All Routes,All Stages,All Ages,2019
4,0.62,0.57,0.68,All Persons,All IMD Quintiles,West Midlands,All Routes,All Stages,All Ages,2019
0,0.99,0.98,1.00,All Persons,All IMD Quintiles,West Midlands,All Routes,All Stages,All Ages,2020
0.25,0.94,0.92,0.97,All Persons,All IMD Quintiles,West Midlands,All Routes,All Stages,All Ages,2020
0.5,0.88,0.85,0.92,All Persons,All IMD Quintiles,West Midlands,All Routes,All Stages,All Ages,2020
0.75,0.84,0.80,0.88,All Persons,All IMD Quintiles,West Midlands,All Routes,All Stages,All Ages,2020
1,0.81,0.76,0.85,All Persons,All IMD Quintiles,West Midlands,All Routes,All Stages,All Ages,2020
1.25,0.77,0.73,0.82,All Persons,All IMD Quintiles,West Midlands,All Routes,All Stages,All Ages,2020
1.5,0.76,0.71,0.80,All Persons,All IMD Quintiles,West Midlands,All Routes,All Stages,All Ages,2020
1.75,0.73,0.68,0.78,All Persons,All IMD Quintiles,West Midlands,All Routes,All Stages,All Ages,2020
2,0.73,0.68,0.78,All Persons,All IMD Quintiles,West Midlands,All Routes,All Stages,All Ages,2020
2.25,0.71,0.66,0.76,All Persons,All IMD Quintiles,West Midlands,All Routes,All Stages,All Ages,2020
2.5,0.70,0.65,0.75,All Persons,All IMD Quintiles,West Midlands,All Routes,All Stages,All Ages,2020
2.75,0.68,0.62,0.73,All Persons,All IMD Quintiles,West Midlands,All Routes,All Stages,All Ages,2020
3,0.68,0.62,0.73,All Persons,All IMD Quintiles,West Midlands,All Routes,All Stages,All Ages,2020
0,1.00,0.99,1.00,All Persons,All IMD Quintiles,West Midlands,All Routes,All Stages,All Ages,2021
0.25,0.92,0.89,0.95,All Persons,All IMD Quintiles,West Midlands,All Routes,All Stages,All Ages,2021
0.5,0.87,0.84,0.90,All Persons,All IMD Quintiles,West Midlands,All Routes,All Stages,All Ages,2021
0.75,0.85,0.81,0.88,All Persons,All IMD Quintiles,West Midlands,All Routes,All Stages,All Ages,2021
1,0.82,0.78,0.86,All Persons,All IMD Quintiles,West Midlands,All Routes,All Stages,All Ages,2021
1.25,0.79,0.75,0.83,All Persons,All IMD Quintiles,West Midlands,All Routes,All Stages,All Ages,2021
1.5,0.77,0.72,0.81,All Persons,All IMD Quintiles,West Midlands,All Routes,All Stages,All Ages,2021
1.75,0.74,0.69,0.79,All Persons,All IMD Quintiles,West Midlands,All Routes,All Stages,All Ages,2021
2,0.74,0.69,0.79,All Persons,All IMD Quintiles,West Midlands,All Routes,All Stages,All Ages,2021
3,0.74,0.69,0.79,All Persons,All IMD Quintiles,West Midlands,All Routes,All Stages,All Ages,2021
0,0.98,0.95,1.02,All Persons,All IMD Quintiles,Yorkshire and The Humber,Emergency,All Stages,All Ages,All Years
0.25,0.80,0.70,0.90,All Persons,All IMD Quintiles,Yorkshire and The Humber,Emergency,All Stages,All Ages,All Years
0.5,0.75,0.64,0.86,All Persons,All IMD Quintiles,Yorkshire and The Humber,Emergency,All Stages,All Ages,All Years
0.75,0.66,0.54,0.78,All Persons,All IMD Quintiles,Yorkshire and The Humber,Emergency,All Stages,All Ages,All Years
1,0.58,0.45,0.70,All Persons,All IMD Quintiles,Yorkshire and The Humber,Emergency,All Stages,All Ages,All Years
1.25,0.54,0.42,0.67,All Persons,All IMD Quintiles,Yorkshire and The Humber,Emergency,All Stages,All Ages,All Years
1.5,0.49,0.37,0.62,All Persons,All IMD Quintiles,Yorkshire and The Humber,Emergency,All Stages,All Ages,All Years
1.75,0.44,0.32,0.57,All Persons,All IMD Quintiles,Yorkshire and The Humber,Emergency,All Stages,All Ages,All Years
2,0.41,0.28,0.53,All Persons,All IMD Quintiles,Yorkshire and The Humber,Emergency,All Stages,All Ages,All Years
3,0.37,0.25,0.49,All Persons,All IMD Quintiles,Yorkshire and The Humber,Emergency,All Stages,All Ages,All Years
3.25,0.36,0.24,0.48,All Persons,All IMD Quintiles,Yorkshire and The Humber,Emergency,All Stages,All Ages,All Years
3.75,0.34,0.22,0.46,All Persons,All IMD Quintiles,Yorkshire and The Humber,Emergency,All Stages,All Ages,All Years
4,0.32,0.20,0.44,All Persons,All IMD Quintiles,Yorkshire and The Humber,Emergency,All Stages,All Ages,All Years
4.25,0.32,0.20,0.44,All Persons,All IMD Quintiles,Yorkshire and The Humber,Emergency,All Stages,All Ages,All Years
4.5,0.32,0.20,0.44,All Persons,All IMD Quintiles,Yorkshire and The Humber,Emergency,All Stages,All Ages,All Years
5,0.32,0.20,0.44,All Persons,All IMD Quintiles,Yorkshire and The Humber,Emergency,All Stages,All Ages,All Years
0,1.00,1.00,1.00,All Persons,All IMD Quintiles,Yorkshire and The Humber,Non-emergency,All Stages,All Ages,All Years
0.25,0.95,0.93,0.96,All Persons,All IMD Quintiles,Yorkshire and The Humber,Non-emergency,All Stages,All Ages,All Years
0.5,0.90,0.88,0.92,All Persons,All IMD Quintiles,Yorkshire and The Humber,Non-emergency,All Stages,All Ages,All Years
0.75,0.86,0.83,0.88,All Persons,All IMD Quintiles,Yorkshire and The Humber,Non-emergency,All Stages,All Ages,All Years
1,0.82,0.79,0.85,All Persons,All IMD Quintiles,Yorkshire and The Humber,Non-emergency,All Stages,All Ages,All Years
1.25,0.79,0.76,0.82,All Persons,All IMD Quintiles,Yorkshire and The Humber,Non-emergency,All Stages,All Ages,All Years
1.5,0.77,0.74,0.79,All Persons,All IMD Quintiles,Yorkshire and The Humber,Non-emergency,All Stages,All Ages,All Years
1.75,0.75,0.72,0.78,All Persons,All IMD Quintiles,Yorkshire and The Humber,Non-emergency,All Stages,All Ages,All Years
2,0.73,0.71,0.76,All Persons,All IMD Quintiles,Yorkshire and The Humber,Non-emergency,All Stages,All Ages,All Years
2.25,0.72,0.69,0.75,All Persons,All IMD Quintiles,Yorkshire and The Humber,Non-emergency,All Stages,All Ages,All Years
2.5,0.70,0.67,0.73,All Persons,All IMD Quintiles,Yorkshire and The Humber,Non-emergency,All Stages,All Ages,All Years
2.75,0.69,0.66,0.72,All Persons,All IMD Quintiles,Yorkshire and The Humber,Non-emergency,All Stages,All Ages,All Years
3,0.68,0.65,0.71,All Persons,All IMD Quintiles,Yorkshire and The Humber,Non-emergency,All Stages,All Ages,All Years
3.25,0.68,0.64,0.71,All Persons,All IMD Quintiles,Yorkshire and The Humber,Non-emergency,All Stages,All Ages,All Years
3.5,0.67,0.64,0.70,All Persons,All IMD Quintiles,Yorkshire and The Humber,Non-emergency,All Stages,All Ages,All Years
3.75,0.66,0.63,0.69,All Persons,All IMD Quintiles,Yorkshire and The Humber,Non-emergency,All Stages,All Ages,All Years
4,0.65,0.61,0.68,All Persons,All IMD Quintiles,Yorkshire and The Humber,Non-emergency,All Stages,All Ages,All Years
4.25,0.64,0.61,0.67,All Persons,All IMD Quintiles,Yorkshire and The Humber,Non-emergency,All Stages,All Ages,All Years
4.5,0.63,0.60,0.67,All Persons,All IMD Quintiles,Yorkshire and The Humber,Non-emergency,All Stages,All Ages,All Years
4.75,0.63,0.60,0.66,All Persons,All IMD Quintiles,Yorkshire and The Humber,Non-emergency,All Stages,All Ages,All Years
5,0.61,0.58,0.65,All Persons,All IMD Quintiles,Yorkshire and The Humber,Non-emergency,All Stages,All Ages,All Years
0,1.00,1.00,1.00,All Persons,All IMD Quintiles,Yorkshire and The Humber,All Routes,Early,All Ages,All Years
0.25,0.99,0.98,1.00,All Persons,All IMD Quintiles,Yorkshire and The Humber,All Routes,Early,All Ages,All Years
0.5,0.97,0.96,0.99,All Persons,All IMD Quintiles,Yorkshire and The Humber,All Routes,Early,All Ages,All Years
0.75,0.96,0.94,0.97,All Persons,All IMD Quintiles,Yorkshire and The Humber,All Routes,Early,All Ages,All Years
1,0.94,0.92,0.96,All Persons,All IMD Quintiles,Yorkshire and The Humber,All Routes,Early,All Ages,All Years
1.25,0.92,0.90,0.94,All Persons,All IMD Quintiles,Yorkshire and The Humber,All Routes,Early,All Ages,All Years
1.5,0.91,0.89,0.93,All Persons,All IMD Quintiles,Yorkshire and The Humber,All Routes,Early,All Ages,All Years
1.75,0.90,0.87,0.92,All Persons,All IMD Quintiles,Yorkshire and The Humber,All Routes,Early,All Ages,All Years
2,0.88,0.86,0.91,All Persons,All IMD Quintiles,Yorkshire and The Humber,All Routes,Early,All Ages,All Years
2.25,0.87,0.84,0.90,All Persons,All IMD Quintiles,Yorkshire and The Humber,All Routes,Early,All Ages,All Years
2.5,0.86,0.83,0.89,All Persons,All IMD Quintiles,Yorkshire and The Humber,All Routes,Early,All Ages,All Years
2.75,0.84,0.81,0.87,All Persons,All IMD Quintiles,Yorkshire and The Humber,All Routes,Early,All Ages,All Years
3,0.83,0.79,0.86,All Persons,All IMD Quintiles,Yorkshire and The Humber,All Routes,Early,All Ages,All Years
3.25,0.82,0.78,0.85,All Persons,All IMD Quintiles,Yorkshire and The Humber,All Routes,Early,All Ages,All Years
3.5,0.80,0.77,0.84,All Persons,All IMD Quintiles,Yorkshire and The Humber,All Routes,Early,All Ages,All Years
3.75,0.80,0.76,0.84,All Persons,All IMD Quintiles,Yorkshire and The Humber,All Routes,Early,All Ages,All Years
4,0.76,0.71,0.81,All Persons,All IMD Quintiles,Yorkshire and The Humber,All Routes,Early,All Ages,All Years
4.25,0.75,0.69,0.80,All Persons,All IMD Quintiles,Yorkshire and The Humber,All Routes,Early,All Ages,All Years
4.5,0.75,0.69,0.80,All Persons,All IMD Quintiles,Yorkshire and The Humber,All Routes,Early,All Ages,All Years
4.75,0.75,0.69,0.80,All Persons,All IMD Quintiles,Yorkshire and The Humber,All Routes,Early,All Ages,All Years
5,0.75,0.69,0.80,All Persons,All IMD Quintiles,Yorkshire and The Humber,All Routes,Early,All Ages,All Years
0,1.00,1.00,1.00,All Persons,All IMD Quintiles,Yorkshire and The Humber,All Routes,Advanced,All Ages,All Years
0.25,0.92,0.90,0.93,All Persons,All IMD Quintiles,Yorkshire and The Humber,All Routes,Advanced,All Ages,All Years
0.5,0.86,0.84,0.88,All Persons,All IMD Quintiles,Yorkshire and The Humber,All Routes,Advanced,All Ages,All Years
0.75,0.80,0.78,0.82,All Persons,All IMD Quintiles,Yorkshire and The Humber,All Routes,Advanced,All Ages,All Years
1,0.76,0.74,0.79,All Persons,All IMD Quintiles,Yorkshire and The Humber,All Routes,Advanced,All Ages,All Years
1.25,0.73,0.70,0.75,All Persons,All IMD Quintiles,Yorkshire and The Humber,All Routes,Advanced,All Ages,All Years
1.5,0.70,0.67,0.72,All Persons,All IMD Quintiles,Yorkshire and The Humber,All Routes,Advanced,All Ages,All Years
1.75,0.68,0.66,0.71,All Persons,All IMD Quintiles,Yorkshire and The Humber,All Routes,Advanced,All Ages,All Years
2,0.66,0.63,0.69,All Persons,All IMD Quintiles,Yorkshire and The Humber,All Routes,Advanced,All Ages,All Years
2.25,0.65,0.62,0.67,All Persons,All IMD Quintiles,Yorkshire and The Humber,All Routes,Advanced,All Ages,All Years
2.5,0.63,0.60,0.66,All Persons,All IMD Quintiles,Yorkshire and The Humber,All Routes,Advanced,All Ages,All Years
2.75,0.62,0.59,0.65,All Persons,All IMD Quintiles,Yorkshire and The Humber,All Routes,Advanced,All Ages,All Years
3,0.61,0.58,0.64,All Persons,All IMD Quintiles,Yorkshire and The Humber,All Routes,Advanced,All Ages,All Years
3.25,0.60,0.58,0.63,All Persons,All IMD Quintiles,Yorkshire and The Humber,All Routes,Advanced,All Ages,All Years
3.5,0.60,0.57,0.62,All Persons,All IMD Quintiles,Yorkshire and The Humber,All Routes,Advanced,All Ages,All Years
3.75,0.59,0.56,0.62,All Persons,All IMD Quintiles,Yorkshire and The Humber,All Routes,Advanced,All Ages,All Years
4,0.58,0.55,0.60,All Persons,All IMD Quintiles,Yorkshire and The Humber,All Routes,Advanced,All Ages,All Years
4.25,0.57,0.54,0.60,All Persons,All IMD Quintiles,Yorkshire and The Humber,All Routes,Advanced,All Ages,All Years
4.5,0.57,0.54,0.60,All Persons,All IMD Quintiles,Yorkshire and The Humber,All Routes,Advanced,All Ages,All Years
4.75,0.56,0.53,0.59,All Persons,All IMD Quintiles,Yorkshire and The Humber,All Routes,Advanced,All Ages,All Years
5,0.55,0.52,0.58,All Persons,All IMD Quintiles,Yorkshire and The Humber,All Routes,Advanced,All Ages,All Years
0,1.00,0.99,1.00,All Persons,All IMD Quintiles,Yorkshire and The Humber,All Routes,All Stages,0-49,All Years
0.25,0.97,0.95,0.99,All Persons,All IMD Quintiles,Yorkshire and The Humber,All Routes,All Stages,0-49,All Years
0.5,0.94,0.91,0.97,All Persons,All IMD Quintiles,Yorkshire and The Humber,All Routes,All Stages,0-49,All Years
0.75,0.92,0.89,0.96,All Persons,All IMD Quintiles,Yorkshire and The Humber,All Routes,All Stages,0-49,All Years
1,0.90,0.86,0.94,All Persons,All IMD Quintiles,Yorkshire and The Humber,All Routes,All Stages,0-49,All Years
1.25,0.87,0.82,0.91,All Persons,All IMD Quintiles,Yorkshire and The Humber,All Routes,All Stages,0-49,All Years
1.5,0.86,0.81,0.90,All Persons,All IMD Quintiles,Yorkshire and The Humber,All Routes,All Stages,0-49,All Years
1.75,0.85,0.81,0.90,All Persons,All IMD Quintiles,Yorkshire and The Humber,All Routes,All Stages,0-49,All Years
2,0.83,0.78,0.88,All Persons,All IMD Quintiles,Yorkshire and The Humber,All Routes,All Stages,0-49,All Years
2.25,0.82,0.76,0.87,All Persons,All IMD Quintiles,Yorkshire and The Humber,All Routes,All Stages,0-49,All Years
2.5,0.82,0.76,0.87,All Persons,All IMD Quintiles,Yorkshire and The Humber,All Routes,All Stages,0-49,All Years
2.75,0.79,0.74,0.85,All Persons,All IMD Quintiles,Yorkshire and The Humber,All Routes,All Stages,0-49,All Years
3,0.79,0.74,0.85,All Persons,All IMD Quintiles,Yorkshire and The Humber,All Routes,All Stages,0-49,All Years
3.25,0.79,0.73,0.84,All Persons,All IMD Quintiles,Yorkshire and The Humber,All Routes,All Stages,0-49,All Years
3.5,0.79,0.73,0.84,All Persons,All IMD Quintiles,Yorkshire and The Humber,All Routes,All Stages,0-49,All Years
3.75,0.79,0.73,0.84,All Persons,All IMD Quintiles,Yorkshire and The Humber,All Routes,All Stages,0-49,All Years
4,0.75,0.69,0.82,All Persons,All IMD Quintiles,Yorkshire and The Humber,All Routes,All Stages,0-49,All Years
4.25,0.75,0.69,0.82,All Persons,All IMD Quintiles,Yorkshire and The Humber,All Routes,All Stages,0-49,All Years
4.5,0.75,0.69,0.82,All Persons,All IMD Quintiles,Yorkshire and The Humber,All Routes,All Stages,0-49,All Years
4.75,0.75,0.69,0.82,All Persons,All IMD Quintiles,Yorkshire and The Humber,All Routes,All Stages,0-49,All Years
5,0.75,0.69,0.82,All Persons,All IMD Quintiles,Yorkshire and The Humber,All Routes,All Stages,0-49,All Years
0,1.00,0.99,1.00,All Persons,All IMD Quintiles,Yorkshire and The Humber,All Routes,All Stages,50-54,All Years
0.25,0.97,0.95,0.99,All Persons,All IMD Quintiles,Yorkshire and The Humber,All Routes,All Stages,50-54,All Years
0.5,0.95,0.92,0.97,All Persons,All IMD Quintiles,Yorkshire and The Humber,All Routes,All Stages,50-54,All Years
0.75,0.92,0.89,0.95,All Persons,All IMD Quintiles,Yorkshire and The Humber,All Routes,All Stages,50-54,All Years
1,0.87,0.84,0.91,All Persons,All IMD Quintiles,Yorkshire and The Humber,All Routes,All Stages,50-54,All Years
1.25,0.86,0.82,0.90,All Persons,All IMD Quintiles,Yorkshire and The Humber,All Routes,All Stages,50-54,All Years
1.5,0.85,0.81,0.89,All Persons,All IMD Quintiles,Yorkshire and The Humber,All Routes,All Stages,50-54,All Years
1.75,0.85,0.81,0.89,All Persons,All IMD Quintiles,Yorkshire and The Humber,All Routes,All Stages,50-54,All Years
2,0.82,0.78,0.87,All Persons,All IMD Quintiles,Yorkshire and The Humber,All Routes,All Stages,50-54,All Years
2.25,0.81,0.76,0.85,All Persons,All IMD Quintiles,Yorkshire and The Humber,All Routes,All Stages,50-54,All Years
2.5,0.80,0.75,0.84,All Persons,All IMD Quintiles,Yorkshire and The Humber,All Routes,All Stages,50-54,All Years
2.75,0.80,0.75,0.84,All Persons,All IMD Quintiles,Yorkshire and The Humber,All Routes,All Stages,50-54,All Years
3,0.79,0.74,0.84,All Persons,All IMD Quintiles,Yorkshire and The Humber,All Routes,All Stages,50-54,All Years
3.25,0.78,0.73,0.83,All Persons,All IMD Quintiles,Yorkshire and The Humber,All Routes,All Stages,50-54,All Years
3.5,0.78,0.73,0.83,All Persons,All IMD Quintiles,Yorkshire and The Humber,All Routes,All Stages,50-54,All Years
3.75,0.77,0.72,0.82,All Persons,All IMD Quintiles,Yorkshire and The Humber,All Routes,All Stages,50-54,All Years
4,0.77,0.71,0.82,All Persons,All IMD Quintiles,Yorkshire and The Humber,All Routes,All Stages,50-54,All Years
4.25,0.77,0.71,0.82,All Persons,All IMD Quintiles,Yorkshire and The Humber,All Routes,All Stages,50-54,All Years
4.5,0.75,0.69,0.80,All Persons,All IMD Quintiles,Yorkshire and The Humber,All Routes,All Stages,50-54,All Years
4.75,0.74,0.68,0.80,All Persons,All IMD Quintiles,Yorkshire and The Humber,All Routes,All Stages,50-54,All Years
5,0.73,0.67,0.79,All Persons,All IMD Quintiles,Yorkshire and The Humber,All Routes,All Stages,50-54,All Years
0,1.00,0.99,1.00,All Persons,All IMD Quintiles,Yorkshire and The Humber,All Routes,All Stages,55-59,All Years
0.25,0.97,0.95,0.99,All Persons,All IMD Quintiles,Yorkshire and The Humber,All Routes,All Stages,55-59,All Years
0.5,0.94,0.92,0.97,All Persons,All IMD Quintiles,Yorkshire and The Humber,All Routes,All Stages,55-59,All Years
0.75,0.90,0.87,0.93,All Persons,All IMD Quintiles,Yorkshire and The Humber,All Routes,All Stages,55-59,All Years
1,0.88,0.85,0.91,All Persons,All IMD Quintiles,Yorkshire and The Humber,All Routes,All Stages,55-59,All Years
1.25,0.88,0.84,0.91,All Persons,All IMD Quintiles,Yorkshire and The Humber,All Routes,All Stages,55-59,All Years
1.5,0.86,0.82,0.89,All Persons,All IMD Quintiles,Yorkshire and The Humber,All Routes,All Stages,55-59,All Years
1.75,0.85,0.81,0.88,All Persons,All IMD Quintiles,Yorkshire and The Humber,All Routes,All Stages,55-59,All Years
2,0.83,0.79,0.86,All Persons,All IMD Quintiles,Yorkshire and The Humber,All Routes,All Stages,55-59,All Years
2.25,0.82,0.79,0.86,All Persons,All IMD Quintiles,Yorkshire and The Humber,All Routes,All Stages,55-59,All Years
2.5,0.81,0.77,0.85,All Persons,All IMD Quintiles,Yorkshire and The Humber,All Routes,All Stages,55-59,All Years
2.75,0.81,0.77,0.85,All Persons,All IMD Quintiles,Yorkshire and The Humber,All Routes,All Stages,55-59,All Years
3,0.81,0.77,0.85,All Persons,All IMD Quintiles,Yorkshire and The Humber,All Routes,All Stages,55-59,All Years
3.25,0.79,0.75,0.83,All Persons,All IMD Quintiles,Yorkshire and The Humber,All Routes,All Stages,55-59,All Years
3.5,0.78,0.74,0.82,All Persons,All IMD Quintiles,Yorkshire and The Humber,All Routes,All Stages,55-59,All Years
3.75,0.78,0.74,0.82,All Persons,All IMD Quintiles,Yorkshire and The Humber,All Routes,All Stages,55-59,All Years
4,0.77,0.72,0.82,All Persons,All IMD Quintiles,Yorkshire and The Humber,All Routes,All Stages,55-59,All Years
4.25,0.76,0.71,0.81,All Persons,All IMD Quintiles,Yorkshire and The Humber,All Routes,All Stages,55-59,All Years
4.5,0.76,0.71,0.81,All Persons,All IMD Quintiles,Yorkshire and The Humber,All Routes,All Stages,55-59,All Years
4.75,0.74,0.69,0.79,All Persons,All IMD Quintiles,Yorkshire and The Humber,All Routes,All Stages,55-59,All Years
5,0.72,0.67,0.78,All Persons,All IMD Quintiles,Yorkshire and The Humber,All Routes,All Stages,55-59,All Years
0,1.00,0.99,1.00,All Persons,All IMD Quintiles,Yorkshire and The Humber,All Routes,All Stages,60-64,All Years
0.25,0.96,0.93,0.98,All Persons,All IMD Quintiles,Yorkshire and The Humber,All Routes,All Stages,60-64,All Years
0.5,0.93,0.90,0.95,All Persons,All IMD Quintiles,Yorkshire and The Humber,All Routes,All Stages,60-64,All Years
0.75,0.88,0.85,0.91,All Persons,All IMD Quintiles,Yorkshire and The Humber,All Routes,All Stages,60-64,All Years
1,0.86,0.83,0.90,All Persons,All IMD Quintiles,Yorkshire and The Humber,All Routes,All Stages,60-64,All Years
1.25,0.83,0.80,0.87,All Persons,All IMD Quintiles,Yorkshire and The Humber,All Routes,All Stages,60-64,All Years
1.5,0.80,0.76,0.84,All Persons,All IMD Quintiles,Yorkshire and The Humber,All Routes,All Stages,60-64,All Years
1.75,0.78,0.74,0.82,All Persons,All IMD Quintiles,Yorkshire and The Humber,All Routes,All Stages,60-64,All Years
2,0.76,0.72,0.81,All Persons,All IMD Quintiles,Yorkshire and The Humber,All Routes,All Stages,60-64,All Years
2.25,0.76,0.71,0.80,All Persons,All IMD Quintiles,Yorkshire and The Humber,All Routes,All Stages,60-64,All Years
2.5,0.74,0.70,0.79,All Persons,All IMD Quintiles,Yorkshire and The Humber,All Routes,All Stages,60-64,All Years
2.75,0.72,0.67,0.77,All Persons,All IMD Quintiles,Yorkshire and The Humber,All Routes,All Stages,60-64,All Years
3,0.71,0.66,0.76,All Persons,All IMD Quintiles,Yorkshire and The Humber,All Routes,All Stages,60-64,All Years
3.25,0.70,0.65,0.75,All Persons,All IMD Quintiles,Yorkshire and The Humber,All Routes,All Stages,60-64,All Years
3.5,0.69,0.64,0.74,All Persons,All IMD Quintiles,Yorkshire and The Humber,All Routes,All Stages,60-64,All Years
3.75,0.68,0.62,0.73,All Persons,All IMD Quintiles,Yorkshire and The Humber,All Routes,All Stages,60-64,All Years
4,0.66,0.60,0.71,All Persons,All IMD Quintiles,Yorkshire and The Humber,All Routes,All Stages,60-64,All Years
4.25,0.65,0.59,0.71,All Persons,All IMD Quintiles,Yorkshire and The Humber,All Routes,All Stages,60-64,All Years
4.5,0.65,0.59,0.71,All Persons,All IMD Quintiles,Yorkshire and The Humber,All Routes,All Stages,60-64,All Years
4.75,0.64,0.59,0.70,All Persons,All IMD Quintiles,Yorkshire and The Humber,All Routes,All Stages,60-64,All Years
5,0.63,0.57,0.69,All Persons,All IMD Quintiles,Yorkshire and The Humber,All Routes,All Stages,60-64,All Years
0,1.00,0.99,1.00,All Persons,All IMD Quintiles,Yorkshire and The Humber,All Routes,All Stages,65-69,All Years
0.25,0.92,0.89,0.95,All Persons,All IMD Quintiles,Yorkshire and The Humber,All Routes,All Stages,65-69,All Years
0.5,0.87,0.83,0.91,All Persons,All IMD Quintiles,Yorkshire and The Humber,All Routes,All Stages,65-69,All Years
0.75,0.82,0.78,0.86,All Persons,All IMD Quintiles,Yorkshire and The Humber,All Routes,All Stages,65-69,All Years
1,0.79,0.74,0.83,All Persons,All IMD Quintiles,Yorkshire and The Humber,All Routes,All Stages,65-69,All Years
1.25,0.75,0.70,0.80,All Persons,All IMD Quintiles,Yorkshire and The Humber,All Routes,All Stages,65-69,All Years
1.5,0.72,0.67,0.77,All Persons,All IMD Quintiles,Yorkshire and The Humber,All Routes,All Stages,65-69,All Years
1.75,0.70,0.65,0.75,All Persons,All IMD Quintiles,Yorkshire and The Humber,All Routes,All Stages,65-69,All Years
2,0.67,0.62,0.72,All Persons,All IMD Quintiles,Yorkshire and The Humber,All Routes,All Stages,65-69,All Years
2.25,0.65,0.59,0.70,All Persons,All IMD Quintiles,Yorkshire and The Humber,All Routes,All Stages,65-69,All Years
2.5,0.64,0.58,0.70,All Persons,All IMD Quintiles,Yorkshire and The Humber,All Routes,All Stages,65-69,All Years
2.75,0.62,0.57,0.68,All Persons,All IMD Quintiles,Yorkshire and The Humber,All Routes,All Stages,65-69,All Years
3,0.61,0.56,0.67,All Persons,All IMD Quintiles,Yorkshire and The Humber,All Routes,All Stages,65-69,All Years
3.25,0.60,0.54,0.66,All Persons,All IMD Quintiles,Yorkshire and The Humber,All Routes,All Stages,65-69,All Years
3.5,0.59,0.53,0.65,All Persons,All IMD Quintiles,Yorkshire and The Humber,All Routes,All Stages,65-69,All Years
3.75,0.59,0.53,0.65,All Persons,All IMD Quintiles,Yorkshire and The Humber,All Routes,All Stages,65-69,All Years
4,0.58,0.52,0.64,All Persons,All IMD Quintiles,Yorkshire and The Humber,All Routes,All Stages,65-69,All Years
4.25,0.58,0.52,0.64,All Persons,All IMD Quintiles,Yorkshire and The Humber,All Routes,All Stages,65-69,All Years
4.5,0.57,0.51,0.63,All Persons,All IMD Quintiles,Yorkshire and The Humber,All Routes,All Stages,65-69,All Years
4.75,0.57,0.51,0.63,All Persons,All IMD Quintiles,Yorkshire and The Humber,All Routes,All Stages,65-69,All Years
5,0.56,0.50,0.62,All Persons,All IMD Quintiles,Yorkshire and The Humber,All Routes,All Stages,65-69,All Years
0,1.00,0.99,1.00,All Persons,All IMD Quintiles,Yorkshire and The Humber,All Routes,All Stages,70-74,All Years
0.25,0.91,0.87,0.95,All Persons,All IMD Quintiles,Yorkshire and The Humber,All Routes,All Stages,70-74,All Years
0.5,0.81,0.75,0.86,All Persons,All IMD Quintiles,Yorkshire and The Humber,All Routes,All Stages,70-74,All Years
0.75,0.75,0.69,0.80,All Persons,All IMD Quintiles,Yorkshire and The Humber,All Routes,All Stages,70-74,All Years
1,0.70,0.63,0.76,All Persons,All IMD Quintiles,Yorkshire and The Humber,All Routes,All Stages,70-74,All Years
1.25,0.66,0.60,0.73,All Persons,All IMD Quintiles,Yorkshire and The Humber,All Routes,All Stages,70-74,All Years
1.5,0.65,0.58,0.71,All Persons,All IMD Quintiles,Yorkshire and The Humber,All Routes,All Stages,70-74,All Years
1.75,0.63,0.57,0.70,All Persons,All IMD Quintiles,Yorkshire and The Humber,All Routes,All Stages,70-74,All Years
2,0.62,0.56,0.69,All Persons,All IMD Quintiles,Yorkshire and The Humber,All Routes,All Stages,70-74,All Years
2.25,0.60,0.53,0.67,All Persons,All IMD Quintiles,Yorkshire and The Humber,All Routes,All Stages,70-74,All Years
2.5,0.58,0.51,0.65,All Persons,All IMD Quintiles,Yorkshire and The Humber,All Routes,All Stages,70-74,All Years
2.75,0.56,0.49,0.63,All Persons,All IMD Quintiles,Yorkshire and The Humber,All Routes,All Stages,70-74,All Years
3,0.55,0.48,0.62,All Persons,All IMD Quintiles,Yorkshire and The Humber,All Routes,All Stages,70-74,All Years
3.25,0.55,0.48,0.62,All Persons,All IMD Quintiles,Yorkshire and The Humber,All Routes,All Stages,70-74,All Years
3.5,0.53,0.46,0.60,All Persons,All IMD Quintiles,Yorkshire and The Humber,All Routes,All Stages,70-74,All Years
3.75,0.51,0.44,0.59,All Persons,All IMD Quintiles,Yorkshire and The Humber,All Routes,All Stages,70-74,All Years
4,0.49,0.42,0.57,All Persons,All IMD Quintiles,Yorkshire and The Humber,All Routes,All Stages,70-74,All Years
4.25,0.47,0.39,0.55,All Persons,All IMD Quintiles,Yorkshire and The Humber,All Routes,All Stages,70-74,All Years
4.5,0.47,0.39,0.55,All Persons,All IMD Quintiles,Yorkshire and The Humber,All Routes,All Stages,70-74,All Years
4.75,0.45,0.37,0.54,All Persons,All IMD Quintiles,Yorkshire and The Humber,All Routes,All Stages,70-74,All Years
5,0.41,0.32,0.50,All Persons,All IMD Quintiles,Yorkshire and The Humber,All Routes,All Stages,70-74,All Years
0,0.99,0.98,1.01,All Persons,All IMD Quintiles,Yorkshire and The Humber,All Routes,All Stages,75-79,All Years
0.25,0.84,0.78,0.90,All Persons,All IMD Quintiles,Yorkshire and The Humber,All Routes,All Stages,75-79,All Years
0.5,0.74,0.67,0.82,All Persons,All IMD Quintiles,Yorkshire and The Humber,All Routes,All Stages,75-79,All Years
0.75,0.68,0.60,0.76,All Persons,All IMD Quintiles,Yorkshire and The Humber,All Routes,All Stages,75-79,All Years
1,0.64,0.56,0.72,All Persons,All IMD Quintiles,Yorkshire and The Humber,All Routes,All Stages,75-79,All Years
1.25,0.59,0.51,0.67,All Persons,All IMD Quintiles,Yorkshire and The Humber,All Routes,All Stages,75-79,All Years
1.5,0.53,0.44,0.61,All Persons,All IMD Quintiles,Yorkshire and The Humber,All Routes,All Stages,75-79,All Years
1.75,0.48,0.39,0.56,All Persons,All IMD Quintiles,Yorkshire and The Humber,All Routes,All Stages,75-79,All Years
2,0.47,0.38,0.55,All Persons,All IMD Quintiles,Yorkshire and The Humber,All Routes,All Stages,75-79,All Years
2.25,0.43,0.34,0.52,All Persons,All IMD Quintiles,Yorkshire and The Humber,All Routes,All Stages,75-79,All Years
2.5,0.41,0.32,0.50,All Persons,All IMD Quintiles,Yorkshire and The Humber,All Routes,All Stages,75-79,All Years
2.75,0.41,0.32,0.50,All Persons,All IMD Quintiles,Yorkshire and The Humber,All Routes,All Stages,75-79,All Years
3,0.37,0.29,0.46,All Persons,All IMD Quintiles,Yorkshire and The Humber,All Routes,All Stages,75-79,All Years
3.25,0.37,0.29,0.46,All Persons,All IMD Quintiles,Yorkshire and The Humber,All Routes,All Stages,75-79,All Years
3.5,0.37,0.29,0.46,All Persons,All IMD Quintiles,Yorkshire and The Humber,All Routes,All Stages,75-79,All Years
3.75,0.36,0.27,0.45,All Persons,All IMD Quintiles,Yorkshire and The Humber,All Routes,All Stages,75-79,All Years
4,0.33,0.24,0.42,All Persons,All IMD Quintiles,Yorkshire and The Humber,All Routes,All Stages,75-79,All Years
4.25,0.33,0.24,0.42,All Persons,All IMD Quintiles,Yorkshire and The Humber,All Routes,All Stages,75-79,All Years
4.5,0.31,0.22,0.40,All Persons,All IMD Quintiles,Yorkshire and The Humber,All Routes,All Stages,75-79,All Years
0,0.98,0.95,1.02,All Persons,All IMD Quintiles,Yorkshire and The Humber,All Routes,All Stages,80-84,All Years
0.25,0.71,0.60,0.83,All Persons,All IMD Quintiles,Yorkshire and The Humber,All Routes,All Stages,80-84,All Years
0.5,0.59,0.46,0.72,All Persons,All IMD Quintiles,Yorkshire and The Humber,All Routes,All Stages,80-84,All Years
1,0.52,0.39,0.65,All Persons,All IMD Quintiles,Yorkshire and The Humber,All Routes,All Stages,80-84,All Years
1.25,0.46,0.33,0.59,All Persons,All IMD Quintiles,Yorkshire and The Humber,All Routes,All Stages,80-84,All Years
1.75,0.40,0.28,0.53,All Persons,All IMD Quintiles,Yorkshire and The Humber,All Routes,All Stages,80-84,All Years
2,0.36,0.23,0.49,All Persons,All IMD Quintiles,Yorkshire and The Humber,All Routes,All Stages,80-84,All Years
2.25,0.34,0.21,0.46,All Persons,All IMD Quintiles,Yorkshire and The Humber,All Routes,All Stages,80-84,All Years
2.5,0.31,0.19,0.44,All Persons,All IMD Quintiles,Yorkshire and The Humber,All Routes,All Stages,80-84,All Years
2.75,0.27,0.14,0.39,All Persons,All IMD Quintiles,Yorkshire and The Humber,All Routes,All Stages,80-84,All Years
3.25,0.27,0.14,0.39,All Persons,All IMD Quintiles,Yorkshire and The Humber,All Routes,All Stages,80-84,All Years
3.5,0.24,0.12,0.35,All Persons,All IMD Quintiles,Yorkshire and The Humber,All Routes,All Stages,80-84,All Years
3.75,0.24,0.12,0.35,All Persons,All IMD Quintiles,Yorkshire and The Humber,All Routes,All Stages,80-84,All Years
4.25,0.24,0.12,0.35,All Persons,All IMD Quintiles,Yorkshire and The Humber,All Routes,All Stages,80-84,All Years
4.5,0.24,0.12,0.35,All Persons,All IMD Quintiles,Yorkshire and The Humber,All Routes,All Stages,80-84,All Years
4.75,0.24,0.12,0.35,All Persons,All IMD Quintiles,Yorkshire and The Humber,All Routes,All Stages,80-84,All Years
0,0.96,0.88,1.04,All Persons,All IMD Quintiles,Yorkshire and The Humber,All Routes,All Stages,85-89,All Years
0.25,0.74,0.57,0.91,All Persons,All IMD Quintiles,Yorkshire and The Humber,All Routes,All Stages,85-89,All Years
0.5,0.57,0.37,0.76,All Persons,All IMD Quintiles,Yorkshire and The Humber,All Routes,All Stages,85-89,All Years
0.75,0.52,0.32,0.72,All Persons,All IMD Quintiles,Yorkshire and The Humber,All Routes,All Stages,85-89,All Years
1,0.48,0.28,0.68,All Persons,All IMD Quintiles,Yorkshire and The Humber,All Routes,All Stages,85-89,All Years
1.25,0.39,0.20,0.58,All Persons,All IMD Quintiles,Yorkshire and The Humber,All Routes,All Stages,85-89,All Years
1.5,0.34,0.15,0.52,All Persons,All IMD Quintiles,Yorkshire and The Humber,All Routes,All Stages,85-89,All Years
2,0.27,0.08,0.45,All Persons,All IMD Quintiles,Yorkshire and The Humber,All Routes,All Stages,85-89,All Years
2.25,0.20,0.03,0.37,All Persons,All IMD Quintiles,Yorkshire and The Humber,All Routes,All Stages,85-89,All Years
2.5,0.20,0.03,0.37,All Persons,All IMD Quintiles,Yorkshire and The Humber,All Routes,All Stages,85-89,All Years
0,0.91,0.75,1.07,All Persons,All IMD Quintiles,Yorkshire and The Humber,All Routes,All Stages,90+,All Years
0.25,0.64,0.37,0.90,All Persons,All IMD Quintiles,Yorkshire and The Humber,All Routes,All Stages,90+,All Years
0.5,0.45,0.18,0.73,All Persons,All IMD Quintiles,Yorkshire and The Humber,All Routes,All Stages,90+,All Years
0.75,0.27,0.04,0.51,All Persons,All IMD Quintiles,Yorkshire and The Humber,All Routes,All Stages,90+,All Years
1,0.18,-0.02,0.38,All Persons,All IMD Quintiles,Yorkshire and The Humber,All Routes,All Stages,90+,All Years
3.75,0.09,-0.04,0.22,All Persons,All IMD Quintiles,Yorkshire and The Humber,All Routes,All Stages,90+,All Years
0,1.00,0.99,1.00,All Persons,All IMD Quintiles,Yorkshire and The Humber,All Routes,All Stages,All Ages,2016
0.25,0.93,0.90,0.96,All Persons,All IMD Quintiles,Yorkshire and The Humber,All Routes,All Stages,All Ages,2016
0.5,0.88,0.84,0.91,All Persons,All IMD Quintiles,Yorkshire and The Humber,All Routes,All Stages,All Ages,2016
0.75,0.82,0.77,0.86,All Persons,All IMD Quintiles,Yorkshire and The Humber,All Routes,All Stages,All Ages,2016
1,0.76,0.72,0.81,All Persons,All IMD Quintiles,Yorkshire and The Humber,All Routes,All Stages,All Ages,2016
1.25,0.72,0.67,0.77,All Persons,All IMD Quintiles,Yorkshire and The Humber,All Routes,All Stages,All Ages,2016
1.5,0.70,0.65,0.75,All Persons,All IMD Quintiles,Yorkshire and The Humber,All Routes,All Stages,All Ages,2016
1.75,0.70,0.64,0.75,All Persons,All IMD Quintiles,Yorkshire and The Humber,All Routes,All Stages,All Ages,2016
2,0.68,0.62,0.73,All Persons,All IMD Quintiles,Yorkshire and The Humber,All Routes,All Stages,All Ages,2016
2.25,0.66,0.61,0.72,All Persons,All IMD Quintiles,Yorkshire and The Humber,All Routes,All Stages,All Ages,2016
2.5,0.64,0.59,0.70,All Persons,All IMD Quintiles,Yorkshire and The Humber,All Routes,All Stages,All Ages,2016
2.75,0.63,0.58,0.69,All Persons,All IMD Quintiles,Yorkshire and The Humber,All Routes,All Stages,All Ages,2016
3,0.62,0.56,0.68,All Persons,All IMD Quintiles,Yorkshire and The Humber,All Routes,All Stages,All Ages,2016
3.25,0.61,0.55,0.66,All Persons,All IMD Quintiles,Yorkshire and The Humber,All Routes,All Stages,All Ages,2016
3.5,0.60,0.54,0.65,All Persons,All IMD Quintiles,Yorkshire and The Humber,All Routes,All Stages,All Ages,2016
3.75,0.59,0.53,0.64,All Persons,All IMD Quintiles,Yorkshire and The Humber,All Routes,All Stages,All Ages,2016
4,0.58,0.52,0.64,All Persons,All IMD Quintiles,Yorkshire and The Humber,All Routes,All Stages,All Ages,2016
4.25,0.57,0.52,0.63,All Persons,All IMD Quintiles,Yorkshire and The Humber,All Routes,All Stages,All Ages,2016
4.75,0.56,0.50,0.62,All Persons,All IMD Quintiles,Yorkshire and The Humber,All Routes,All Stages,All Ages,2016
5,0.55,0.49,0.61,All Persons,All IMD Quintiles,Yorkshire and The Humber,All Routes,All Stages,All Ages,2016
0,1.00,0.99,1.00,All Persons,All IMD Quintiles,Yorkshire and The Humber,All Routes,All Stages,All Ages,2017
0.25,0.94,0.92,0.97,All Persons,All IMD Quintiles,Yorkshire and The Humber,All Routes,All Stages,All Ages,2017
0.5,0.89,0.85,0.92,All Persons,All IMD Quintiles,Yorkshire and The Humber,All Routes,All Stages,All Ages,2017
0.75,0.84,0.81,0.88,All Persons,All IMD Quintiles,Yorkshire and The Humber,All Routes,All Stages,All Ages,2017
1,0.80,0.76,0.84,All Persons,All IMD Quintiles,Yorkshire and The Humber,All Routes,All Stages,All Ages,2017
1.25,0.77,0.72,0.81,All Persons,All IMD Quintiles,Yorkshire and The Humber,All Routes,All Stages,All Ages,2017
1.5,0.74,0.70,0.79,All Persons,All IMD Quintiles,Yorkshire and The Humber,All Routes,All Stages,All Ages,2017
1.75,0.73,0.69,0.78,All Persons,All IMD Quintiles,Yorkshire and The Humber,All Routes,All Stages,All Ages,2017
2,0.72,0.67,0.77,All Persons,All IMD Quintiles,Yorkshire and The Humber,All Routes,All Stages,All Ages,2017
2.25,0.71,0.66,0.76,All Persons,All IMD Quintiles,Yorkshire and The Humber,All Routes,All Stages,All Ages,2017
2.5,0.70,0.65,0.75,All Persons,All IMD Quintiles,Yorkshire and The Humber,All Routes,All Stages,All Ages,2017
2.75,0.68,0.63,0.73,All Persons,All IMD Quintiles,Yorkshire and The Humber,All Routes,All Stages,All Ages,2017
3.25,0.68,0.63,0.73,All Persons,All IMD Quintiles,Yorkshire and The Humber,All Routes,All Stages,All Ages,2017
3.5,0.67,0.62,0.72,All Persons,All IMD Quintiles,Yorkshire and The Humber,All Routes,All Stages,All Ages,2017
3.75,0.66,0.61,0.71,All Persons,All IMD Quintiles,Yorkshire and The Humber,All Routes,All Stages,All Ages,2017
4,0.64,0.59,0.69,All Persons,All IMD Quintiles,Yorkshire and The Humber,All Routes,All Stages,All Ages,2017
4.25,0.63,0.58,0.68,All Persons,All IMD Quintiles,Yorkshire and The Humber,All Routes,All Stages,All Ages,2017
4.5,0.63,0.58,0.68,All Persons,All IMD Quintiles,Yorkshire and The Humber,All Routes,All Stages,All Ages,2017
4.75,0.62,0.57,0.67,All Persons,All IMD Quintiles,Yorkshire and The Humber,All Routes,All Stages,All Ages,2017
5,0.61,0.56,0.66,All Persons,All IMD Quintiles,Yorkshire and The Humber,All Routes,All Stages,All Ages,2017
0,1.00,0.99,1.00,All Persons,All IMD Quintiles,Yorkshire and The Humber,All Routes,All Stages,All Ages,2018
0.25,0.94,0.91,0.96,All Persons,All IMD Quintiles,Yorkshire and The Humber,All Routes,All Stages,All Ages,2018
0.5,0.92,0.89,0.95,All Persons,All IMD Quintiles,Yorkshire and The Humber,All Routes,All Stages,All Ages,2018
0.75,0.87,0.84,0.91,All Persons,All IMD Quintiles,Yorkshire and The Humber,All Routes,All Stages,All Ages,2018
1,0.85,0.81,0.88,All Persons,All IMD Quintiles,Yorkshire and The Humber,All Routes,All Stages,All Ages,2018
1.25,0.83,0.79,0.87,All Persons,All IMD Quintiles,Yorkshire and The Humber,All Routes,All Stages,All Ages,2018
1.5,0.80,0.75,0.84,All Persons,All IMD Quintiles,Yorkshire and The Humber,All Routes,All Stages,All Ages,2018
1.75,0.77,0.72,0.81,All Persons,All IMD Quintiles,Yorkshire and The Humber,All Routes,All Stages,All Ages,2018
2,0.74,0.70,0.79,All Persons,All IMD Quintiles,Yorkshire and The Humber,All Routes,All Stages,All Ages,2018
2.25,0.72,0.68,0.77,All Persons,All IMD Quintiles,Yorkshire and The Humber,All Routes,All Stages,All Ages,2018
2.5,0.71,0.66,0.76,All Persons,All IMD Quintiles,Yorkshire and The Humber,All Routes,All Stages,All Ages,2018
2.75,0.70,0.65,0.75,All Persons,All IMD Quintiles,Yorkshire and The Humber,All Routes,All Stages,All Ages,2018
3,0.69,0.64,0.74,All Persons,All IMD Quintiles,Yorkshire and The Humber,All Routes,All Stages,All Ages,2018
3.25,0.68,0.63,0.73,All Persons,All IMD Quintiles,Yorkshire and The Humber,All Routes,All Stages,All Ages,2018
3.5,0.67,0.62,0.73,All Persons,All IMD Quintiles,Yorkshire and The Humber,All Routes,All Stages,All Ages,2018
3.75,0.67,0.61,0.72,All Persons,All IMD Quintiles,Yorkshire and The Humber,All Routes,All Stages,All Ages,2018
4,0.66,0.61,0.71,All Persons,All IMD Quintiles,Yorkshire and The Humber,All Routes,All Stages,All Ages,2018
4.25,0.65,0.60,0.70,All Persons,All IMD Quintiles,Yorkshire and The Humber,All Routes,All Stages,All Ages,2018
4.5,0.65,0.60,0.70,All Persons,All IMD Quintiles,Yorkshire and The Humber,All Routes,All Stages,All Ages,2018
4.75,0.63,0.58,0.69,All Persons,All IMD Quintiles,Yorkshire and The Humber,All Routes,All Stages,All Ages,2018
5,0.61,0.54,0.68,All Persons,All IMD Quintiles,Yorkshire and The Humber,All Routes,All Stages,All Ages,2018
0,1.00,0.99,1.00,All Persons,All IMD Quintiles,Yorkshire and The Humber,All Routes,All Stages,All Ages,2019
0.25,0.93,0.91,0.96,All Persons,All IMD Quintiles,Yorkshire and The Humber,All Routes,All Stages,All Ages,2019
0.5,0.89,0.86,0.92,All Persons,All IMD Quintiles,Yorkshire and The Humber,All Routes,All Stages,All Ages,2019
0.75,0.86,0.82,0.89,All Persons,All IMD Quintiles,Yorkshire and The Humber,All Routes,All Stages,All Ages,2019
1,0.84,0.80,0.88,All Persons,All IMD Quintiles,Yorkshire and The Humber,All Routes,All Stages,All Ages,2019
1.25,0.81,0.77,0.85,All Persons,All IMD Quintiles,Yorkshire and The Humber,All Routes,All Stages,All Ages,2019
1.5,0.78,0.74,0.83,All Persons,All IMD Quintiles,Yorkshire and The Humber,All Routes,All Stages,All Ages,2019
1.75,0.77,0.73,0.81,All Persons,All IMD Quintiles,Yorkshire and The Humber,All Routes,All Stages,All Ages,2019
2,0.76,0.71,0.80,All Persons,All IMD Quintiles,Yorkshire and The Humber,All Routes,All Stages,All Ages,2019
2.25,0.75,0.70,0.79,All Persons,All IMD Quintiles,Yorkshire and The Humber,All Routes,All Stages,All Ages,2019
2.5,0.74,0.69,0.78,All Persons,All IMD Quintiles,Yorkshire and The Humber,All Routes,All Stages,All Ages,2019
2.75,0.72,0.67,0.77,All Persons,All IMD Quintiles,Yorkshire and The Humber,All Routes,All Stages,All Ages,2019
3,0.71,0.67,0.76,All Persons,All IMD Quintiles,Yorkshire and The Humber,All Routes,All Stages,All Ages,2019
3.25,0.70,0.66,0.75,All Persons,All IMD Quintiles,Yorkshire and The Humber,All Routes,All Stages,All Ages,2019
3.5,0.69,0.64,0.74,All Persons,All IMD Quintiles,Yorkshire and The Humber,All Routes,All Stages,All Ages,2019
3.75,0.68,0.63,0.73,All Persons,All IMD Quintiles,Yorkshire and The Humber,All Routes,All Stages,All Ages,2019
4,0.65,0.57,0.73,All Persons,All IMD Quintiles,Yorkshire and The Humber,All Routes,All Stages,All Ages,2019
4.75,0.65,0.57,0.73,All Persons,All IMD Quintiles,Yorkshire and The Humber,All Routes,All Stages,All Ages,2019
0,0.99,0.99,1.00,All Persons,All IMD Quintiles,Yorkshire and The Humber,All Routes,All Stages,All Ages,2020
0.25,0.92,0.90,0.95,All Persons,All IMD Quintiles,Yorkshire and The Humber,All Routes,All Stages,All Ages,2020
0.5,0.87,0.84,0.91,All Persons,All IMD Quintiles,Yorkshire and The Humber,All Routes,All Stages,All Ages,2020
0.75,0.83,0.79,0.87,All Persons,All IMD Quintiles,Yorkshire and The Humber,All Routes,All Stages,All Ages,2020
1,0.81,0.77,0.85,All Persons,All IMD Quintiles,Yorkshire and The Humber,All Routes,All Stages,All Ages,2020
1.25,0.78,0.74,0.83,All Persons,All IMD Quintiles,Yorkshire and The Humber,All Routes,All Stages,All Ages,2020
1.5,0.76,0.72,0.81,All Persons,All IMD Quintiles,Yorkshire and The Humber,All Routes,All Stages,All Ages,2020
1.75,0.75,0.71,0.80,All Persons,All IMD Quintiles,Yorkshire and The Humber,All Routes,All Stages,All Ages,2020
2,0.72,0.68,0.77,All Persons,All IMD Quintiles,Yorkshire and The Humber,All Routes,All Stages,All Ages,2020
2.25,0.71,0.66,0.76,All Persons,All IMD Quintiles,Yorkshire and The Humber,All Routes,All Stages,All Ages,2020
2.5,0.70,0.65,0.75,All Persons,All IMD Quintiles,Yorkshire and The Humber,All Routes,All Stages,All Ages,2020
2.75,0.68,0.63,0.73,All Persons,All IMD Quintiles,Yorkshire and The Humber,All Routes,All Stages,All Ages,2020
3,0.68,0.63,0.73,All Persons,All IMD Quintiles,Yorkshire and The Humber,All Routes,All Stages,All Ages,2020
3.25,0.68,0.63,0.73,All Persons,All IMD Quintiles,Yorkshire and The Humber,All Routes,All Stages,All Ages,2020
0,1.00,0.99,1.00,All Persons,All IMD Quintiles,Yorkshire and The Humber,All Routes,All Stages,All Ages,2021
0.25,0.94,0.91,0.96,All Persons,All IMD Quintiles,Yorkshire and The Humber,All Routes,All Stages,All Ages,2021
0.5,0.89,0.86,0.92,All Persons,All IMD Quintiles,Yorkshire and The Humber,All Routes,All Stages,All Ages,2021
0.75,0.84,0.80,0.88,All Persons,All IMD Quintiles,Yorkshire and The Humber,All Routes,All Stages,All Ages,2021
1,0.82,0.78,0.85,All Persons,All IMD Quintiles,Yorkshire and The Humber,All Routes,All Stages,All Ages,2021
1.25,0.78,0.73,0.82,All Persons,All IMD Quintiles,Yorkshire and The Humber,All Routes,All Stages,All Ages,2021
1.5,0.77,0.73,0.81,All Persons,All IMD Quintiles,Yorkshire and The Humber,All Routes,All Stages,All Ages,2021
1.75,0.73,0.68,0.78,All Persons,All IMD Quintiles,Yorkshire and The Humber,All Routes,All Stages,All Ages,2021
2,0.71,0.64,0.77,All Persons,All IMD Quintiles,Yorkshire and The Humber,All Routes,All Stages,All Ages,2021
3,0.71,0.64,0.77,All Persons,All IMD Quintiles,Yorkshire and The Humber,All Routes,All Stages,All Ages,2021
