quarter_year,survival,ci_lb,ci_ub,sex,dep,region,route,stage_cat,agegrp,diagnosisyear
0,1,1,1,All Persons,All IMD Quintiles,All Regions,All Routes,All Stages,All Ages,All Years
.25,.93000001,.93000001,.93000001,All Persons,All IMD Quintiles,All Regions,All Routes,All Stages,All Ages,All Years
.5,.87,.87,.87,All Persons,All IMD Quintiles,All Regions,All Routes,All Stages,All Ages,All Years
.75,.81999999,.81999999,.82999998,All Persons,All IMD Quintiles,All Regions,All Routes,All Stages,All Ages,All Years
1,.77999997,.77999997,.79000002,All Persons,All IMD Quintiles,All Regions,All Routes,All Stages,All Ages,All Years
1.25,.75,.75,.75999999,All Persons,All IMD Quintiles,All Regions,All Routes,All Stages,All Ages,All Years
1.5,.73000002,.72000003,.73000002,All Persons,All IMD Quintiles,All Regions,All Routes,All Stages,All Ages,All Years
1.75,.69999999,.69999999,.70999998,All Persons,All IMD Quintiles,All Regions,All Routes,All Stages,All Ages,All Years
2,.68000001,.68000001,.69,All Persons,All IMD Quintiles,All Regions,All Routes,All Stages,All Ages,All Years
2.25,.67000002,.66000003,.67000002,All Persons,All IMD Quintiles,All Regions,All Routes,All Stages,All Ages,All Years
2.5,.64999998,.64999998,.66000003,All Persons,All IMD Quintiles,All Regions,All Routes,All Stages,All Ages,All Years
2.75,.63999999,.63,.63999999,All Persons,All IMD Quintiles,All Regions,All Routes,All Stages,All Ages,All Years
3,.62,.62,.63,All Persons,All IMD Quintiles,All Regions,All Routes,All Stages,All Ages,All Years
3.25,.61000001,.61000001,.62,All Persons,All IMD Quintiles,All Regions,All Routes,All Stages,All Ages,All Years
3.5,.60000002,.60000002,.61000001,All Persons,All IMD Quintiles,All Regions,All Routes,All Stages,All Ages,All Years
3.75,.58999997,.58999997,.60000002,All Persons,All IMD Quintiles,All Regions,All Routes,All Stages,All Ages,All Years
4,.57999998,.57999998,.58999997,All Persons,All IMD Quintiles,All Regions,All Routes,All Stages,All Ages,All Years
4.25,.56999999,.56999999,.57999998,All Persons,All IMD Quintiles,All Regions,All Routes,All Stages,All Ages,All Years
4.5,.56,.56,.56999999,All Persons,All IMD Quintiles,All Regions,All Routes,All Stages,All Ages,All Years
4.75,.55000001,.55000001,.56,All Persons,All IMD Quintiles,All Regions,All Routes,All Stages,All Ages,All Years
5,.54000002,.54000002,.55000001,All Persons,All IMD Quintiles,All Regions,All Routes,All Stages,All Ages,All Years
0,1,1,1,Male,All IMD Quintiles,All Regions,All Routes,All Stages,All Ages,All Years
.25,.93000001,.93000001,.93000001,Male,All IMD Quintiles,All Regions,All Routes,All Stages,All Ages,All Years
.5,.87,.87,.88,Male,All IMD Quintiles,All Regions,All Routes,All Stages,All Ages,All Years
.75,.82999998,.81999999,.82999998,Male,All IMD Quintiles,All Regions,All Routes,All Stages,All Ages,All Years
1,.77999997,.77999997,.79000002,Male,All IMD Quintiles,All Regions,All Routes,All Stages,All Ages,All Years
1.25,.75,.75,.75999999,Male,All IMD Quintiles,All Regions,All Routes,All Stages,All Ages,All Years
1.5,.73000002,.72000003,.73000002,Male,All IMD Quintiles,All Regions,All Routes,All Stages,All Ages,All Years
1.75,.69999999,.69999999,.70999998,Male,All IMD Quintiles,All Regions,All Routes,All Stages,All Ages,All Years
2,.68000001,.68000001,.69,Male,All IMD Quintiles,All Regions,All Routes,All Stages,All Ages,All Years
2.25,.66000003,.66000003,.67000002,Male,All IMD Quintiles,All Regions,All Routes,All Stages,All Ages,All Years
2.5,.64999998,.63999999,.64999998,Male,All IMD Quintiles,All Regions,All Routes,All Stages,All Ages,All Years
2.75,.63,.63,.63999999,Male,All IMD Quintiles,All Regions,All Routes,All Stages,All Ages,All Years
3,.62,.61000001,.62,Male,All IMD Quintiles,All Regions,All Routes,All Stages,All Ages,All Years
3.25,.61000001,.60000002,.61000001,Male,All IMD Quintiles,All Regions,All Routes,All Stages,All Ages,All Years
3.5,.60000002,.58999997,.60000002,Male,All IMD Quintiles,All Regions,All Routes,All Stages,All Ages,All Years
3.75,.58999997,.57999998,.58999997,Male,All IMD Quintiles,All Regions,All Routes,All Stages,All Ages,All Years
4,.57999998,.56999999,.57999998,Male,All IMD Quintiles,All Regions,All Routes,All Stages,All Ages,All Years
4.25,.56999999,.56,.56999999,Male,All IMD Quintiles,All Regions,All Routes,All Stages,All Ages,All Years
4.5,.56,.55000001,.56,Male,All IMD Quintiles,All Regions,All Routes,All Stages,All Ages,All Years
4.75,.55000001,.54000002,.55000001,Male,All IMD Quintiles,All Regions,All Routes,All Stages,All Ages,All Years
5,.54000002,.52999997,.54000002,Male,All IMD Quintiles,All Regions,All Routes,All Stages,All Ages,All Years
0,1,1,1,Female,All IMD Quintiles,All Regions,All Routes,All Stages,All Ages,All Years
.25,.93000001,.93000001,.94,Female,All IMD Quintiles,All Regions,All Routes,All Stages,All Ages,All Years
.5,.87,.87,.88,Female,All IMD Quintiles,All Regions,All Routes,All Stages,All Ages,All Years
.75,.81999999,.81999999,.82999998,Female,All IMD Quintiles,All Regions,All Routes,All Stages,All Ages,All Years
1,.77999997,.77999997,.79000002,Female,All IMD Quintiles,All Regions,All Routes,All Stages,All Ages,All Years
1.25,.75,.75,.75999999,Female,All IMD Quintiles,All Regions,All Routes,All Stages,All Ages,All Years
1.5,.73000002,.72000003,.73000002,Female,All IMD Quintiles,All Regions,All Routes,All Stages,All Ages,All Years
1.75,.70999998,.69999999,.70999998,Female,All IMD Quintiles,All Regions,All Routes,All Stages,All Ages,All Years
2,.69,.68000001,.69,Female,All IMD Quintiles,All Regions,All Routes,All Stages,All Ages,All Years
2.25,.67000002,.67000002,.68000001,Female,All IMD Quintiles,All Regions,All Routes,All Stages,All Ages,All Years
2.5,.66000003,.64999998,.67000002,Female,All IMD Quintiles,All Regions,All Routes,All Stages,All Ages,All Years
2.75,.64999998,.63999999,.64999998,Female,All IMD Quintiles,All Regions,All Routes,All Stages,All Ages,All Years
3,.63999999,.63,.63999999,Female,All IMD Quintiles,All Regions,All Routes,All Stages,All Ages,All Years
3.25,.62,.62,.63,Female,All IMD Quintiles,All Regions,All Routes,All Stages,All Ages,All Years
3.5,.61000001,.60000002,.62,Female,All IMD Quintiles,All Regions,All Routes,All Stages,All Ages,All Years
3.75,.60000002,.58999997,.61000001,Female,All IMD Quintiles,All Regions,All Routes,All Stages,All Ages,All Years
4,.58999997,.57999998,.60000002,Female,All IMD Quintiles,All Regions,All Routes,All Stages,All Ages,All Years
4.25,.57999998,.57999998,.58999997,Female,All IMD Quintiles,All Regions,All Routes,All Stages,All Ages,All Years
4.5,.56999999,.56999999,.57999998,Female,All IMD Quintiles,All Regions,All Routes,All Stages,All Ages,All Years
4.75,.56999999,.56,.57999998,Female,All IMD Quintiles,All Regions,All Routes,All Stages,All Ages,All Years
5,.56,.55000001,.56999999,Female,All IMD Quintiles,All Regions,All Routes,All Stages,All Ages,All Years
0,1,1,1,All Persons,IMD 1 - most deprived,All Regions,All Routes,All Stages,All Ages,All Years
.25,.91000003,.91000003,.92000002,All Persons,IMD 1 - most deprived,All Regions,All Routes,All Stages,All Ages,All Years
.5,.83999997,.83999997,.85000002,All Persons,IMD 1 - most deprived,All Regions,All Routes,All Stages,All Ages,All Years
.75,.77999997,.77999997,.79000002,All Persons,IMD 1 - most deprived,All Regions,All Routes,All Stages,All Ages,All Years
1,.74000001,.73000002,.74000001,All Persons,IMD 1 - most deprived,All Regions,All Routes,All Stages,All Ages,All Years
1.25,.69999999,.69,.70999998,All Persons,IMD 1 - most deprived,All Regions,All Routes,All Stages,All Ages,All Years
1.5,.67000002,.67000002,.68000001,All Persons,IMD 1 - most deprived,All Regions,All Routes,All Stages,All Ages,All Years
1.75,.64999998,.63999999,.66000003,All Persons,IMD 1 - most deprived,All Regions,All Routes,All Stages,All Ages,All Years
2,.63,.62,.63999999,All Persons,IMD 1 - most deprived,All Regions,All Routes,All Stages,All Ages,All Years
2.25,.61000001,.60000002,.62,All Persons,IMD 1 - most deprived,All Regions,All Routes,All Stages,All Ages,All Years
2.5,.58999997,.57999998,.60000002,All Persons,IMD 1 - most deprived,All Regions,All Routes,All Stages,All Ages,All Years
2.75,.57999998,.56999999,.58999997,All Persons,IMD 1 - most deprived,All Regions,All Routes,All Stages,All Ages,All Years
3,.56,.55000001,.56999999,All Persons,IMD 1 - most deprived,All Regions,All Routes,All Stages,All Ages,All Years
3.25,.55000001,.54000002,.56,All Persons,IMD 1 - most deprived,All Regions,All Routes,All Stages,All Ages,All Years
3.5,.54000002,.52999997,.55000001,All Persons,IMD 1 - most deprived,All Regions,All Routes,All Stages,All Ages,All Years
3.75,.52999997,.51999998,.54000002,All Persons,IMD 1 - most deprived,All Regions,All Routes,All Stages,All Ages,All Years
4,.51999998,.50999999,.52999997,All Persons,IMD 1 - most deprived,All Regions,All Routes,All Stages,All Ages,All Years
4.25,.50999999,.5,.51999998,All Persons,IMD 1 - most deprived,All Regions,All Routes,All Stages,All Ages,All Years
4.5,.5,.49000001,.50999999,All Persons,IMD 1 - most deprived,All Regions,All Routes,All Stages,All Ages,All Years
4.75,.49000001,.47999999,.5,All Persons,IMD 1 - most deprived,All Regions,All Routes,All Stages,All Ages,All Years
5,.47999999,.47,.49000001,All Persons,IMD 1 - most deprived,All Regions,All Routes,All Stages,All Ages,All Years
0,1,1,1,All Persons,IMD 2,All Regions,All Routes,All Stages,All Ages,All Years
.25,.93000001,.92000002,.93000001,All Persons,IMD 2,All Regions,All Routes,All Stages,All Ages,All Years
.5,.87,.86000001,.87,All Persons,IMD 2,All Regions,All Routes,All Stages,All Ages,All Years
.75,.81999999,.81,.82999998,All Persons,IMD 2,All Regions,All Routes,All Stages,All Ages,All Years
1,.77999997,.76999998,.77999997,All Persons,IMD 2,All Regions,All Routes,All Stages,All Ages,All Years
1.25,.74000001,.74000001,.75,All Persons,IMD 2,All Regions,All Routes,All Stages,All Ages,All Years
1.5,.72000003,.70999998,.72000003,All Persons,IMD 2,All Regions,All Routes,All Stages,All Ages,All Years
1.75,.69,.68000001,.69999999,All Persons,IMD 2,All Regions,All Routes,All Stages,All Ages,All Years
2,.67000002,.66000003,.68000001,All Persons,IMD 2,All Regions,All Routes,All Stages,All Ages,All Years
2.25,.64999998,.64999998,.66000003,All Persons,IMD 2,All Regions,All Routes,All Stages,All Ages,All Years
2.5,.63999999,.63,.64999998,All Persons,IMD 2,All Regions,All Routes,All Stages,All Ages,All Years
2.75,.62,.61000001,.63,All Persons,IMD 2,All Regions,All Routes,All Stages,All Ages,All Years
3,.61000001,.60000002,.62,All Persons,IMD 2,All Regions,All Routes,All Stages,All Ages,All Years
3.25,.60000002,.58999997,.61000001,All Persons,IMD 2,All Regions,All Routes,All Stages,All Ages,All Years
3.5,.58999997,.57999998,.60000002,All Persons,IMD 2,All Regions,All Routes,All Stages,All Ages,All Years
3.75,.56999999,.56,.57999998,All Persons,IMD 2,All Regions,All Routes,All Stages,All Ages,All Years
4,.56,.55000001,.56999999,All Persons,IMD 2,All Regions,All Routes,All Stages,All Ages,All Years
4.25,.55000001,.54000002,.56,All Persons,IMD 2,All Regions,All Routes,All Stages,All Ages,All Years
4.5,.54000002,.52999997,.55000001,All Persons,IMD 2,All Regions,All Routes,All Stages,All Ages,All Years
4.75,.52999997,.51999998,.54000002,All Persons,IMD 2,All Regions,All Routes,All Stages,All Ages,All Years
5,.51999998,.50999999,.52999997,All Persons,IMD 2,All Regions,All Routes,All Stages,All Ages,All Years
0,1,1,1,All Persons,IMD 3,All Regions,All Routes,All Stages,All Ages,All Years
.25,.94,.93000001,.94,All Persons,IMD 3,All Regions,All Routes,All Stages,All Ages,All Years
.5,.88,.87,.88,All Persons,IMD 3,All Regions,All Routes,All Stages,All Ages,All Years
.75,.82999998,.82999998,.83999997,All Persons,IMD 3,All Regions,All Routes,All Stages,All Ages,All Years
1,.80000001,.79000002,.80000001,All Persons,IMD 3,All Regions,All Routes,All Stages,All Ages,All Years
1.25,.75999999,.75999999,.76999998,All Persons,IMD 3,All Regions,All Routes,All Stages,All Ages,All Years
1.5,.74000001,.73000002,.75,All Persons,IMD 3,All Regions,All Routes,All Stages,All Ages,All Years
1.75,.72000003,.70999998,.73000002,All Persons,IMD 3,All Regions,All Routes,All Stages,All Ages,All Years
2,.69999999,.69,.70999998,All Persons,IMD 3,All Regions,All Routes,All Stages,All Ages,All Years
2.25,.68000001,.67000002,.69,All Persons,IMD 3,All Regions,All Routes,All Stages,All Ages,All Years
2.5,.67000002,.66000003,.68000001,All Persons,IMD 3,All Regions,All Routes,All Stages,All Ages,All Years
2.75,.66000003,.64999998,.66000003,All Persons,IMD 3,All Regions,All Routes,All Stages,All Ages,All Years
3,.63999999,.63,.64999998,All Persons,IMD 3,All Regions,All Routes,All Stages,All Ages,All Years
3.25,.63,.62,.63999999,All Persons,IMD 3,All Regions,All Routes,All Stages,All Ages,All Years
3.5,.62,.61000001,.63,All Persons,IMD 3,All Regions,All Routes,All Stages,All Ages,All Years
3.75,.61000001,.60000002,.62,All Persons,IMD 3,All Regions,All Routes,All Stages,All Ages,All Years
4,.60000002,.58999997,.61000001,All Persons,IMD 3,All Regions,All Routes,All Stages,All Ages,All Years
4.25,.58999997,.57999998,.60000002,All Persons,IMD 3,All Regions,All Routes,All Stages,All Ages,All Years
4.5,.57999998,.56999999,.58999997,All Persons,IMD 3,All Regions,All Routes,All Stages,All Ages,All Years
4.75,.56999999,.56,.57999998,All Persons,IMD 3,All Regions,All Routes,All Stages,All Ages,All Years
5,.56,.55000001,.56999999,All Persons,IMD 3,All Regions,All Routes,All Stages,All Ages,All Years
0,1,1,1,All Persons,IMD 4,All Regions,All Routes,All Stages,All Ages,All Years
.25,.94,.93000001,.94,All Persons,IMD 4,All Regions,All Routes,All Stages,All Ages,All Years
.5,.88,.88,.88999999,All Persons,IMD 4,All Regions,All Routes,All Stages,All Ages,All Years
.75,.83999997,.82999998,.85000002,All Persons,IMD 4,All Regions,All Routes,All Stages,All Ages,All Years
1,.80000001,.79000002,.81,All Persons,IMD 4,All Regions,All Routes,All Stages,All Ages,All Years
1.25,.76999998,.75999999,.77999997,All Persons,IMD 4,All Regions,All Routes,All Stages,All Ages,All Years
1.5,.75,.74000001,.75999999,All Persons,IMD 4,All Regions,All Routes,All Stages,All Ages,All Years
1.75,.73000002,.72000003,.73000002,All Persons,IMD 4,All Regions,All Routes,All Stages,All Ages,All Years
2,.70999998,.69999999,.72000003,All Persons,IMD 4,All Regions,All Routes,All Stages,All Ages,All Years
2.25,.69,.68000001,.69999999,All Persons,IMD 4,All Regions,All Routes,All Stages,All Ages,All Years
2.5,.68000001,.67000002,.69,All Persons,IMD 4,All Regions,All Routes,All Stages,All Ages,All Years
2.75,.66000003,.66000003,.67000002,All Persons,IMD 4,All Regions,All Routes,All Stages,All Ages,All Years
3,.64999998,.63999999,.66000003,All Persons,IMD 4,All Regions,All Routes,All Stages,All Ages,All Years
3.25,.63999999,.63,.64999998,All Persons,IMD 4,All Regions,All Routes,All Stages,All Ages,All Years
3.5,.63,.62,.63999999,All Persons,IMD 4,All Regions,All Routes,All Stages,All Ages,All Years
3.75,.62,.61000001,.63,All Persons,IMD 4,All Regions,All Routes,All Stages,All Ages,All Years
4,.61000001,.60000002,.62,All Persons,IMD 4,All Regions,All Routes,All Stages,All Ages,All Years
4.25,.61000001,.60000002,.62,All Persons,IMD 4,All Regions,All Routes,All Stages,All Ages,All Years
4.5,.60000002,.58999997,.61000001,All Persons,IMD 4,All Regions,All Routes,All Stages,All Ages,All Years
4.75,.58999997,.57999998,.60000002,All Persons,IMD 4,All Regions,All Routes,All Stages,All Ages,All Years
5,.57999998,.56999999,.58999997,All Persons,IMD 4,All Regions,All Routes,All Stages,All Ages,All Years
0,1,1,1,All Persons,IMD 5 - least deprived,All Regions,All Routes,All Stages,All Ages,All Years
.25,.94,.94,.94999999,All Persons,IMD 5 - least deprived,All Regions,All Routes,All Stages,All Ages,All Years
.5,.89999998,.88999999,.89999998,All Persons,IMD 5 - least deprived,All Regions,All Routes,All Stages,All Ages,All Years
.75,.86000001,.85000002,.86000001,All Persons,IMD 5 - least deprived,All Regions,All Routes,All Stages,All Ages,All Years
1,.81999999,.81999999,.82999998,All Persons,IMD 5 - least deprived,All Regions,All Routes,All Stages,All Ages,All Years
1.25,.80000001,.79000002,.80000001,All Persons,IMD 5 - least deprived,All Regions,All Routes,All Stages,All Ages,All Years
1.5,.76999998,.75999999,.77999997,All Persons,IMD 5 - least deprived,All Regions,All Routes,All Stages,All Ages,All Years
1.75,.75,.74000001,.75999999,All Persons,IMD 5 - least deprived,All Regions,All Routes,All Stages,All Ages,All Years
2,.73000002,.72000003,.74000001,All Persons,IMD 5 - least deprived,All Regions,All Routes,All Stages,All Ages,All Years
2.25,.70999998,.69999999,.72000003,All Persons,IMD 5 - least deprived,All Regions,All Routes,All Stages,All Ages,All Years
2.5,.69999999,.69,.70999998,All Persons,IMD 5 - least deprived,All Regions,All Routes,All Stages,All Ages,All Years
2.75,.69,.68000001,.69999999,All Persons,IMD 5 - least deprived,All Regions,All Routes,All Stages,All Ages,All Years
3,.67000002,.66000003,.68000001,All Persons,IMD 5 - least deprived,All Regions,All Routes,All Stages,All Ages,All Years
3.25,.66000003,.64999998,.67000002,All Persons,IMD 5 - least deprived,All Regions,All Routes,All Stages,All Ages,All Years
3.5,.64999998,.63999999,.66000003,All Persons,IMD 5 - least deprived,All Regions,All Routes,All Stages,All Ages,All Years
3.75,.63999999,.63,.64999998,All Persons,IMD 5 - least deprived,All Regions,All Routes,All Stages,All Ages,All Years
4,.63,.62,.63999999,All Persons,IMD 5 - least deprived,All Regions,All Routes,All Stages,All Ages,All Years
4.25,.62,.61000001,.63,All Persons,IMD 5 - least deprived,All Regions,All Routes,All Stages,All Ages,All Years
4.5,.61000001,.60000002,.62,All Persons,IMD 5 - least deprived,All Regions,All Routes,All Stages,All Ages,All Years
4.75,.61000001,.60000002,.62,All Persons,IMD 5 - least deprived,All Regions,All Routes,All Stages,All Ages,All Years
5,.60000002,.58999997,.61000001,All Persons,IMD 5 - least deprived,All Regions,All Routes,All Stages,All Ages,All Years
0,1,1,1,All Persons,All IMD Quintiles,East Midlands,All Routes,All Stages,All Ages,All Years
.25,.93000001,.92000002,.93000001,All Persons,All IMD Quintiles,East Midlands,All Routes,All Stages,All Ages,All Years
.5,.87,.86000001,.88,All Persons,All IMD Quintiles,East Midlands,All Routes,All Stages,All Ages,All Years
.75,.81999999,.81,.82999998,All Persons,All IMD Quintiles,East Midlands,All Routes,All Stages,All Ages,All Years
1,.77999997,.76999998,.79000002,All Persons,All IMD Quintiles,East Midlands,All Routes,All Stages,All Ages,All Years
1.25,.75,.74000001,.75999999,All Persons,All IMD Quintiles,East Midlands,All Routes,All Stages,All Ages,All Years
1.5,.73000002,.72000003,.74000001,All Persons,All IMD Quintiles,East Midlands,All Routes,All Stages,All Ages,All Years
1.75,.69999999,.69,.72000003,All Persons,All IMD Quintiles,East Midlands,All Routes,All Stages,All Ages,All Years
2,.68000001,.67000002,.69999999,All Persons,All IMD Quintiles,East Midlands,All Routes,All Stages,All Ages,All Years
2.25,.66000003,.64999998,.68000001,All Persons,All IMD Quintiles,East Midlands,All Routes,All Stages,All Ages,All Years
2.5,.64999998,.63999999,.66000003,All Persons,All IMD Quintiles,East Midlands,All Routes,All Stages,All Ages,All Years
2.75,.63,.62,.64999998,All Persons,All IMD Quintiles,East Midlands,All Routes,All Stages,All Ages,All Years
3,.62,.61000001,.63999999,All Persons,All IMD Quintiles,East Midlands,All Routes,All Stages,All Ages,All Years
3.25,.61000001,.60000002,.62,All Persons,All IMD Quintiles,East Midlands,All Routes,All Stages,All Ages,All Years
3.5,.60000002,.58999997,.62,All Persons,All IMD Quintiles,East Midlands,All Routes,All Stages,All Ages,All Years
3.75,.58999997,.57999998,.60000002,All Persons,All IMD Quintiles,East Midlands,All Routes,All Stages,All Ages,All Years
4,.57999998,.56,.58999997,All Persons,All IMD Quintiles,East Midlands,All Routes,All Stages,All Ages,All Years
4.25,.56999999,.55000001,.57999998,All Persons,All IMD Quintiles,East Midlands,All Routes,All Stages,All Ages,All Years
4.5,.56,.54000002,.56999999,All Persons,All IMD Quintiles,East Midlands,All Routes,All Stages,All Ages,All Years
4.75,.55000001,.54000002,.56999999,All Persons,All IMD Quintiles,East Midlands,All Routes,All Stages,All Ages,All Years
5,.54000002,.52999997,.56,All Persons,All IMD Quintiles,East Midlands,All Routes,All Stages,All Ages,All Years
0,1,1,1,All Persons,All IMD Quintiles,East of England,All Routes,All Stages,All Ages,All Years
.25,.93000001,.93000001,.94,All Persons,All IMD Quintiles,East of England,All Routes,All Stages,All Ages,All Years
.5,.88,.87,.88999999,All Persons,All IMD Quintiles,East of England,All Routes,All Stages,All Ages,All Years
.75,.82999998,.81999999,.83999997,All Persons,All IMD Quintiles,East of England,All Routes,All Stages,All Ages,All Years
1,.79000002,.77999997,.80000001,All Persons,All IMD Quintiles,East of England,All Routes,All Stages,All Ages,All Years
1.25,.75,.74000001,.75999999,All Persons,All IMD Quintiles,East of England,All Routes,All Stages,All Ages,All Years
1.5,.73000002,.72000003,.74000001,All Persons,All IMD Quintiles,East of England,All Routes,All Stages,All Ages,All Years
1.75,.70999998,.69,.72000003,All Persons,All IMD Quintiles,East of England,All Routes,All Stages,All Ages,All Years
2,.69,.67000002,.69999999,All Persons,All IMD Quintiles,East of England,All Routes,All Stages,All Ages,All Years
2.25,.67000002,.66000003,.68000001,All Persons,All IMD Quintiles,East of England,All Routes,All Stages,All Ages,All Years
2.5,.64999998,.63999999,.66000003,All Persons,All IMD Quintiles,East of England,All Routes,All Stages,All Ages,All Years
2.75,.63999999,.63,.64999998,All Persons,All IMD Quintiles,East of England,All Routes,All Stages,All Ages,All Years
3,.62,.61000001,.63999999,All Persons,All IMD Quintiles,East of England,All Routes,All Stages,All Ages,All Years
3.25,.61000001,.60000002,.63,All Persons,All IMD Quintiles,East of England,All Routes,All Stages,All Ages,All Years
3.5,.60000002,.58999997,.62,All Persons,All IMD Quintiles,East of England,All Routes,All Stages,All Ages,All Years
3.75,.58999997,.57999998,.61000001,All Persons,All IMD Quintiles,East of England,All Routes,All Stages,All Ages,All Years
4,.58999997,.56999999,.60000002,All Persons,All IMD Quintiles,East of England,All Routes,All Stages,All Ages,All Years
4.25,.56999999,.56,.58999997,All Persons,All IMD Quintiles,East of England,All Routes,All Stages,All Ages,All Years
4.5,.56,.55000001,.57999998,All Persons,All IMD Quintiles,East of England,All Routes,All Stages,All Ages,All Years
4.75,.56,.54000002,.56999999,All Persons,All IMD Quintiles,East of England,All Routes,All Stages,All Ages,All Years
5,.55000001,.54000002,.56,All Persons,All IMD Quintiles,East of England,All Routes,All Stages,All Ages,All Years
0,1,1,1,All Persons,All IMD Quintiles,London,All Routes,All Stages,All Ages,All Years
.25,.93000001,.93000001,.94,All Persons,All IMD Quintiles,London,All Routes,All Stages,All Ages,All Years
.5,.87,.87,.88,All Persons,All IMD Quintiles,London,All Routes,All Stages,All Ages,All Years
.75,.81999999,.81,.82999998,All Persons,All IMD Quintiles,London,All Routes,All Stages,All Ages,All Years
1,.77999997,.76999998,.79000002,All Persons,All IMD Quintiles,London,All Routes,All Stages,All Ages,All Years
1.25,.74000001,.73000002,.75,All Persons,All IMD Quintiles,London,All Routes,All Stages,All Ages,All Years
1.5,.72000003,.70999998,.73000002,All Persons,All IMD Quintiles,London,All Routes,All Stages,All Ages,All Years
1.75,.69999999,.68000001,.70999998,All Persons,All IMD Quintiles,London,All Routes,All Stages,All Ages,All Years
2,.67000002,.66000003,.69,All Persons,All IMD Quintiles,London,All Routes,All Stages,All Ages,All Years
2.25,.66000003,.64999998,.67000002,All Persons,All IMD Quintiles,London,All Routes,All Stages,All Ages,All Years
2.5,.63999999,.63,.66000003,All Persons,All IMD Quintiles,London,All Routes,All Stages,All Ages,All Years
2.75,.63,.62,.63999999,All Persons,All IMD Quintiles,London,All Routes,All Stages,All Ages,All Years
3,.62,.60000002,.63,All Persons,All IMD Quintiles,London,All Routes,All Stages,All Ages,All Years
3.25,.61000001,.58999997,.62,All Persons,All IMD Quintiles,London,All Routes,All Stages,All Ages,All Years
3.5,.60000002,.57999998,.61000001,All Persons,All IMD Quintiles,London,All Routes,All Stages,All Ages,All Years
3.75,.58999997,.56999999,.60000002,All Persons,All IMD Quintiles,London,All Routes,All Stages,All Ages,All Years
4,.57999998,.56999999,.58999997,All Persons,All IMD Quintiles,London,All Routes,All Stages,All Ages,All Years
4.25,.56999999,.56,.58999997,All Persons,All IMD Quintiles,London,All Routes,All Stages,All Ages,All Years
4.5,.56,.55000001,.56999999,All Persons,All IMD Quintiles,London,All Routes,All Stages,All Ages,All Years
4.75,.55000001,.54000002,.56999999,All Persons,All IMD Quintiles,London,All Routes,All Stages,All Ages,All Years
5,.54000002,.52999997,.56,All Persons,All IMD Quintiles,London,All Routes,All Stages,All Ages,All Years
0,1,1,1,All Persons,All IMD Quintiles,North East,All Routes,All Stages,All Ages,All Years
.25,.93000001,.92000002,.93000001,All Persons,All IMD Quintiles,North East,All Routes,All Stages,All Ages,All Years
.5,.86000001,.85000002,.87,All Persons,All IMD Quintiles,North East,All Routes,All Stages,All Ages,All Years
.75,.81,.80000001,.82999998,All Persons,All IMD Quintiles,North East,All Routes,All Stages,All Ages,All Years
1,.76999998,.75999999,.79000002,All Persons,All IMD Quintiles,North East,All Routes,All Stages,All Ages,All Years
1.25,.74000001,.73000002,.75,All Persons,All IMD Quintiles,North East,All Routes,All Stages,All Ages,All Years
1.5,.70999998,.69999999,.73000002,All Persons,All IMD Quintiles,North East,All Routes,All Stages,All Ages,All Years
1.75,.69,.67000002,.69999999,All Persons,All IMD Quintiles,North East,All Routes,All Stages,All Ages,All Years
2,.67000002,.64999998,.68000001,All Persons,All IMD Quintiles,North East,All Routes,All Stages,All Ages,All Years
2.25,.64999998,.63,.67000002,All Persons,All IMD Quintiles,North East,All Routes,All Stages,All Ages,All Years
2.5,.63,.62,.64999998,All Persons,All IMD Quintiles,North East,All Routes,All Stages,All Ages,All Years
2.75,.62,.61000001,.63999999,All Persons,All IMD Quintiles,North East,All Routes,All Stages,All Ages,All Years
3,.61000001,.60000002,.63,All Persons,All IMD Quintiles,North East,All Routes,All Stages,All Ages,All Years
3.25,.60000002,.57999998,.62,All Persons,All IMD Quintiles,North East,All Routes,All Stages,All Ages,All Years
3.5,.58999997,.56999999,.61000001,All Persons,All IMD Quintiles,North East,All Routes,All Stages,All Ages,All Years
3.75,.57999998,.56,.60000002,All Persons,All IMD Quintiles,North East,All Routes,All Stages,All Ages,All Years
4,.56999999,.56,.58999997,All Persons,All IMD Quintiles,North East,All Routes,All Stages,All Ages,All Years
4.25,.56999999,.55000001,.57999998,All Persons,All IMD Quintiles,North East,All Routes,All Stages,All Ages,All Years
4.5,.55000001,.54000002,.56999999,All Persons,All IMD Quintiles,North East,All Routes,All Stages,All Ages,All Years
4.75,.55000001,.52999997,.56999999,All Persons,All IMD Quintiles,North East,All Routes,All Stages,All Ages,All Years
5,.54000002,.51999998,.56,All Persons,All IMD Quintiles,North East,All Routes,All Stages,All Ages,All Years
0,1,1,1,All Persons,All IMD Quintiles,North West,All Routes,All Stages,All Ages,All Years
.25,.93000001,.92000002,.93000001,All Persons,All IMD Quintiles,North West,All Routes,All Stages,All Ages,All Years
.5,.87,.86000001,.88,All Persons,All IMD Quintiles,North West,All Routes,All Stages,All Ages,All Years
.75,.81999999,.81999999,.82999998,All Persons,All IMD Quintiles,North West,All Routes,All Stages,All Ages,All Years
1,.77999997,.76999998,.79000002,All Persons,All IMD Quintiles,North West,All Routes,All Stages,All Ages,All Years
1.25,.75,.74000001,.75999999,All Persons,All IMD Quintiles,North West,All Routes,All Stages,All Ages,All Years
1.5,.72000003,.70999998,.73000002,All Persons,All IMD Quintiles,North West,All Routes,All Stages,All Ages,All Years
1.75,.69999999,.69,.70999998,All Persons,All IMD Quintiles,North West,All Routes,All Stages,All Ages,All Years
2,.68000001,.67000002,.69,All Persons,All IMD Quintiles,North West,All Routes,All Stages,All Ages,All Years
2.25,.66000003,.64999998,.67000002,All Persons,All IMD Quintiles,North West,All Routes,All Stages,All Ages,All Years
2.5,.63999999,.63,.64999998,All Persons,All IMD Quintiles,North West,All Routes,All Stages,All Ages,All Years
2.75,.63,.62,.63999999,All Persons,All IMD Quintiles,North West,All Routes,All Stages,All Ages,All Years
3,.62,.61000001,.63,All Persons,All IMD Quintiles,North West,All Routes,All Stages,All Ages,All Years
3.25,.61000001,.58999997,.62,All Persons,All IMD Quintiles,North West,All Routes,All Stages,All Ages,All Years
3.5,.58999997,.57999998,.60000002,All Persons,All IMD Quintiles,North West,All Routes,All Stages,All Ages,All Years
3.75,.57999998,.56999999,.58999997,All Persons,All IMD Quintiles,North West,All Routes,All Stages,All Ages,All Years
4,.56999999,.56,.57999998,All Persons,All IMD Quintiles,North West,All Routes,All Stages,All Ages,All Years
4.25,.56,.55000001,.56999999,All Persons,All IMD Quintiles,North West,All Routes,All Stages,All Ages,All Years
4.5,.55000001,.54000002,.56,All Persons,All IMD Quintiles,North West,All Routes,All Stages,All Ages,All Years
4.75,.54000002,.52999997,.56,All Persons,All IMD Quintiles,North West,All Routes,All Stages,All Ages,All Years
5,.52999997,.51999998,.55000001,All Persons,All IMD Quintiles,North West,All Routes,All Stages,All Ages,All Years
0,1,1,1,All Persons,All IMD Quintiles,South East,All Routes,All Stages,All Ages,All Years
.25,.94,.93000001,.94,All Persons,All IMD Quintiles,South East,All Routes,All Stages,All Ages,All Years
.5,.88,.87,.88999999,All Persons,All IMD Quintiles,South East,All Routes,All Stages,All Ages,All Years
.75,.83999997,.82999998,.83999997,All Persons,All IMD Quintiles,South East,All Routes,All Stages,All Ages,All Years
1,.80000001,.79000002,.81,All Persons,All IMD Quintiles,South East,All Routes,All Stages,All Ages,All Years
1.25,.76999998,.75999999,.77999997,All Persons,All IMD Quintiles,South East,All Routes,All Stages,All Ages,All Years
1.5,.74000001,.73000002,.75,All Persons,All IMD Quintiles,South East,All Routes,All Stages,All Ages,All Years
1.75,.72000003,.70999998,.73000002,All Persons,All IMD Quintiles,South East,All Routes,All Stages,All Ages,All Years
2,.69999999,.69,.70999998,All Persons,All IMD Quintiles,South East,All Routes,All Stages,All Ages,All Years
2.25,.68000001,.67000002,.69,All Persons,All IMD Quintiles,South East,All Routes,All Stages,All Ages,All Years
2.5,.67000002,.66000003,.68000001,All Persons,All IMD Quintiles,South East,All Routes,All Stages,All Ages,All Years
2.75,.66000003,.64999998,.67000002,All Persons,All IMD Quintiles,South East,All Routes,All Stages,All Ages,All Years
3,.63999999,.63,.64999998,All Persons,All IMD Quintiles,South East,All Routes,All Stages,All Ages,All Years
3.25,.63,.62,.63999999,All Persons,All IMD Quintiles,South East,All Routes,All Stages,All Ages,All Years
3.5,.62,.61000001,.63,All Persons,All IMD Quintiles,South East,All Routes,All Stages,All Ages,All Years
3.75,.61000001,.60000002,.62,All Persons,All IMD Quintiles,South East,All Routes,All Stages,All Ages,All Years
4,.60000002,.58999997,.61000001,All Persons,All IMD Quintiles,South East,All Routes,All Stages,All Ages,All Years
4.25,.58999997,.57999998,.60000002,All Persons,All IMD Quintiles,South East,All Routes,All Stages,All Ages,All Years
4.5,.57999998,.56999999,.58999997,All Persons,All IMD Quintiles,South East,All Routes,All Stages,All Ages,All Years
4.75,.56999999,.56,.57999998,All Persons,All IMD Quintiles,South East,All Routes,All Stages,All Ages,All Years
5,.56,.55000001,.56999999,All Persons,All IMD Quintiles,South East,All Routes,All Stages,All Ages,All Years
0,1,1,1,All Persons,All IMD Quintiles,South West,All Routes,All Stages,All Ages,All Years
.25,.94,.94,.94999999,All Persons,All IMD Quintiles,South West,All Routes,All Stages,All Ages,All Years
.5,.88999999,.88,.88999999,All Persons,All IMD Quintiles,South West,All Routes,All Stages,All Ages,All Years
.75,.85000002,.83999997,.86000001,All Persons,All IMD Quintiles,South West,All Routes,All Stages,All Ages,All Years
1,.81,.80000001,.81999999,All Persons,All IMD Quintiles,South West,All Routes,All Stages,All Ages,All Years
1.25,.77999997,.76999998,.79000002,All Persons,All IMD Quintiles,South West,All Routes,All Stages,All Ages,All Years
1.5,.75999999,.75,.76999998,All Persons,All IMD Quintiles,South West,All Routes,All Stages,All Ages,All Years
1.75,.73000002,.72000003,.75,All Persons,All IMD Quintiles,South West,All Routes,All Stages,All Ages,All Years
2,.70999998,.69999999,.73000002,All Persons,All IMD Quintiles,South West,All Routes,All Stages,All Ages,All Years
2.25,.69999999,.69,.70999998,All Persons,All IMD Quintiles,South West,All Routes,All Stages,All Ages,All Years
2.5,.68000001,.67000002,.69,All Persons,All IMD Quintiles,South West,All Routes,All Stages,All Ages,All Years
2.75,.67000002,.64999998,.68000001,All Persons,All IMD Quintiles,South West,All Routes,All Stages,All Ages,All Years
3,.66000003,.63999999,.67000002,All Persons,All IMD Quintiles,South West,All Routes,All Stages,All Ages,All Years
3.25,.63999999,.63,.66000003,All Persons,All IMD Quintiles,South West,All Routes,All Stages,All Ages,All Years
3.5,.63,.62,.64999998,All Persons,All IMD Quintiles,South West,All Routes,All Stages,All Ages,All Years
3.75,.62,.61000001,.63,All Persons,All IMD Quintiles,South West,All Routes,All Stages,All Ages,All Years
4,.61000001,.60000002,.62,All Persons,All IMD Quintiles,South West,All Routes,All Stages,All Ages,All Years
4.25,.60000002,.58999997,.62,All Persons,All IMD Quintiles,South West,All Routes,All Stages,All Ages,All Years
4.5,.58999997,.57999998,.61000001,All Persons,All IMD Quintiles,South West,All Routes,All Stages,All Ages,All Years
4.75,.57999998,.56999999,.60000002,All Persons,All IMD Quintiles,South West,All Routes,All Stages,All Ages,All Years
5,.56999999,.56,.58999997,All Persons,All IMD Quintiles,South West,All Routes,All Stages,All Ages,All Years
0,1,1,1,All Persons,All IMD Quintiles,West Midlands,All Routes,All Stages,All Ages,All Years
.25,.92000002,.91000003,.92000002,All Persons,All IMD Quintiles,West Midlands,All Routes,All Stages,All Ages,All Years
.5,.85000002,.83999997,.86000001,All Persons,All IMD Quintiles,West Midlands,All Routes,All Stages,All Ages,All Years
.75,.80000001,.79000002,.81,All Persons,All IMD Quintiles,West Midlands,All Routes,All Stages,All Ages,All Years
1,.75999999,.75,.76999998,All Persons,All IMD Quintiles,West Midlands,All Routes,All Stages,All Ages,All Years
1.25,.73000002,.70999998,.74000001,All Persons,All IMD Quintiles,West Midlands,All Routes,All Stages,All Ages,All Years
1.5,.69999999,.69,.70999998,All Persons,All IMD Quintiles,West Midlands,All Routes,All Stages,All Ages,All Years
1.75,.68000001,.67000002,.69,All Persons,All IMD Quintiles,West Midlands,All Routes,All Stages,All Ages,All Years
2,.66000003,.64999998,.68000001,All Persons,All IMD Quintiles,West Midlands,All Routes,All Stages,All Ages,All Years
2.25,.64999998,.63,.66000003,All Persons,All IMD Quintiles,West Midlands,All Routes,All Stages,All Ages,All Years
2.5,.63,.62,.63999999,All Persons,All IMD Quintiles,West Midlands,All Routes,All Stages,All Ages,All Years
2.75,.61000001,.60000002,.63,All Persons,All IMD Quintiles,West Midlands,All Routes,All Stages,All Ages,All Years
3,.60000002,.58999997,.61000001,All Persons,All IMD Quintiles,West Midlands,All Routes,All Stages,All Ages,All Years
3.25,.58999997,.56999999,.60000002,All Persons,All IMD Quintiles,West Midlands,All Routes,All Stages,All Ages,All Years
3.5,.57999998,.56,.58999997,All Persons,All IMD Quintiles,West Midlands,All Routes,All Stages,All Ages,All Years
3.75,.56,.55000001,.57999998,All Persons,All IMD Quintiles,West Midlands,All Routes,All Stages,All Ages,All Years
4,.55000001,.54000002,.56,All Persons,All IMD Quintiles,West Midlands,All Routes,All Stages,All Ages,All Years
4.25,.54000002,.51999998,.55000001,All Persons,All IMD Quintiles,West Midlands,All Routes,All Stages,All Ages,All Years
4.5,.52999997,.50999999,.54000002,All Persons,All IMD Quintiles,West Midlands,All Routes,All Stages,All Ages,All Years
4.75,.51999998,.5,.52999997,All Persons,All IMD Quintiles,West Midlands,All Routes,All Stages,All Ages,All Years
5,.50999999,.49000001,.52999997,All Persons,All IMD Quintiles,West Midlands,All Routes,All Stages,All Ages,All Years
0,1,1,1,All Persons,All IMD Quintiles,Yorkshire and The Humber,All Routes,All Stages,All Ages,All Years
.25,.93000001,.92000002,.93000001,All Persons,All IMD Quintiles,Yorkshire and The Humber,All Routes,All Stages,All Ages,All Years
.5,.87,.86000001,.88,All Persons,All IMD Quintiles,Yorkshire and The Humber,All Routes,All Stages,All Ages,All Years
.75,.81999999,.81,.82999998,All Persons,All IMD Quintiles,Yorkshire and The Humber,All Routes,All Stages,All Ages,All Years
1,.76999998,.75999999,.79000002,All Persons,All IMD Quintiles,Yorkshire and The Humber,All Routes,All Stages,All Ages,All Years
1.25,.75,.74000001,.75999999,All Persons,All IMD Quintiles,Yorkshire and The Humber,All Routes,All Stages,All Ages,All Years
1.5,.72000003,.70999998,.73000002,All Persons,All IMD Quintiles,Yorkshire and The Humber,All Routes,All Stages,All Ages,All Years
1.75,.69999999,.69,.70999998,All Persons,All IMD Quintiles,Yorkshire and The Humber,All Routes,All Stages,All Ages,All Years
2,.68000001,.67000002,.69,All Persons,All IMD Quintiles,Yorkshire and The Humber,All Routes,All Stages,All Ages,All Years
2.25,.66000003,.64999998,.67000002,All Persons,All IMD Quintiles,Yorkshire and The Humber,All Routes,All Stages,All Ages,All Years
2.5,.64999998,.63,.66000003,All Persons,All IMD Quintiles,Yorkshire and The Humber,All Routes,All Stages,All Ages,All Years
2.75,.63,.62,.63999999,All Persons,All IMD Quintiles,Yorkshire and The Humber,All Routes,All Stages,All Ages,All Years
3,.62,.60000002,.63,All Persons,All IMD Quintiles,Yorkshire and The Humber,All Routes,All Stages,All Ages,All Years
3.25,.61000001,.58999997,.62,All Persons,All IMD Quintiles,Yorkshire and The Humber,All Routes,All Stages,All Ages,All Years
3.5,.60000002,.57999998,.61000001,All Persons,All IMD Quintiles,Yorkshire and The Humber,All Routes,All Stages,All Ages,All Years
3.75,.57999998,.56999999,.60000002,All Persons,All IMD Quintiles,Yorkshire and The Humber,All Routes,All Stages,All Ages,All Years
4,.56999999,.56,.58999997,All Persons,All IMD Quintiles,Yorkshire and The Humber,All Routes,All Stages,All Ages,All Years
4.25,.56,.55000001,.56999999,All Persons,All IMD Quintiles,Yorkshire and The Humber,All Routes,All Stages,All Ages,All Years
4.5,.55000001,.54000002,.56999999,All Persons,All IMD Quintiles,Yorkshire and The Humber,All Routes,All Stages,All Ages,All Years
4.75,.55000001,.52999997,.56,All Persons,All IMD Quintiles,Yorkshire and The Humber,All Routes,All Stages,All Ages,All Years
5,.54000002,.51999998,.55000001,All Persons,All IMD Quintiles,Yorkshire and The Humber,All Routes,All Stages,All Ages,All Years
0,1,1,1,All Persons,All IMD Quintiles,All Regions,Emergency,All Stages,All Ages,All Years
.25,.69999999,.68000001,.72000003,All Persons,All IMD Quintiles,All Regions,Emergency,All Stages,All Ages,All Years
.5,.57999998,.55000001,.60000002,All Persons,All IMD Quintiles,All Regions,Emergency,All Stages,All Ages,All Years
.75,.5,.47999999,.51999998,All Persons,All IMD Quintiles,All Regions,Emergency,All Stages,All Ages,All Years
1,.44,.41999999,.46000001,All Persons,All IMD Quintiles,All Regions,Emergency,All Stages,All Ages,All Years
1.25,.41,.38999999,.43000001,All Persons,All IMD Quintiles,All Regions,Emergency,All Stages,All Ages,All Years
1.5,.38,.36000001,.40000001,All Persons,All IMD Quintiles,All Regions,Emergency,All Stages,All Ages,All Years
1.75,.36000001,.33000001,.38,All Persons,All IMD Quintiles,All Regions,Emergency,All Stages,All Ages,All Years
2,.34,.31999999,.36000001,All Persons,All IMD Quintiles,All Regions,Emergency,All Stages,All Ages,All Years
2.25,.31999999,.30000001,.34,All Persons,All IMD Quintiles,All Regions,Emergency,All Stages,All Ages,All Years
2.5,.31,.28999999,.33000001,All Persons,All IMD Quintiles,All Regions,Emergency,All Stages,All Ages,All Years
2.75,.30000001,.28,.31999999,All Persons,All IMD Quintiles,All Regions,Emergency,All Stages,All Ages,All Years
3,.28999999,.27000001,.31,All Persons,All IMD Quintiles,All Regions,Emergency,All Stages,All Ages,All Years
3.25,.28,.25999999,.30000001,All Persons,All IMD Quintiles,All Regions,Emergency,All Stages,All Ages,All Years
3.5,.27000001,.25,.28999999,All Persons,All IMD Quintiles,All Regions,Emergency,All Stages,All Ages,All Years
3.75,.27000001,.25,.28999999,All Persons,All IMD Quintiles,All Regions,Emergency,All Stages,All Ages,All Years
4,.25999999,.25,.28,All Persons,All IMD Quintiles,All Regions,Emergency,All Stages,All Ages,All Years
4.25,.25999999,.23999999,.28,All Persons,All IMD Quintiles,All Regions,Emergency,All Stages,All Ages,All Years
4.5,.25,.23,.27000001,All Persons,All IMD Quintiles,All Regions,Emergency,All Stages,All Ages,All Years
4.75,.25,.23,.27000001,All Persons,All IMD Quintiles,All Regions,Emergency,All Stages,All Ages,All Years
5,.23999999,.22,.25999999,All Persons,All IMD Quintiles,All Regions,Emergency,All Stages,All Ages,All Years
0,1,1,1,All Persons,All IMD Quintiles,All Regions,Non-emergency,All Stages,All Ages,All Years
.25,.94999999,.94999999,.94999999,All Persons,All IMD Quintiles,All Regions,Non-emergency,All Stages,All Ages,All Years
.5,.89999998,.88999999,.89999998,All Persons,All IMD Quintiles,All Regions,Non-emergency,All Stages,All Ages,All Years
.75,.85000002,.85000002,.86000001,All Persons,All IMD Quintiles,All Regions,Non-emergency,All Stages,All Ages,All Years
1,.81,.81,.81999999,All Persons,All IMD Quintiles,All Regions,Non-emergency,All Stages,All Ages,All Years
1.25,.77999997,.77999997,.79000002,All Persons,All IMD Quintiles,All Regions,Non-emergency,All Stages,All Ages,All Years
1.5,.75999999,.75,.75999999,All Persons,All IMD Quintiles,All Regions,Non-emergency,All Stages,All Ages,All Years
1.75,.73000002,.73000002,.74000001,All Persons,All IMD Quintiles,All Regions,Non-emergency,All Stages,All Ages,All Years
2,.70999998,.70999998,.72000003,All Persons,All IMD Quintiles,All Regions,Non-emergency,All Stages,All Ages,All Years
2.25,.69,.69,.69999999,All Persons,All IMD Quintiles,All Regions,Non-emergency,All Stages,All Ages,All Years
2.5,.68000001,.67000002,.68000001,All Persons,All IMD Quintiles,All Regions,Non-emergency,All Stages,All Ages,All Years
2.75,.66000003,.66000003,.67000002,All Persons,All IMD Quintiles,All Regions,Non-emergency,All Stages,All Ages,All Years
3,.64999998,.63999999,.64999998,All Persons,All IMD Quintiles,All Regions,Non-emergency,All Stages,All Ages,All Years
3.25,.63999999,.63,.63999999,All Persons,All IMD Quintiles,All Regions,Non-emergency,All Stages,All Ages,All Years
3.5,.63,.62,.63,All Persons,All IMD Quintiles,All Regions,Non-emergency,All Stages,All Ages,All Years
3.75,.62,.61000001,.62,All Persons,All IMD Quintiles,All Regions,Non-emergency,All Stages,All Ages,All Years
4,.60000002,.60000002,.61000001,All Persons,All IMD Quintiles,All Regions,Non-emergency,All Stages,All Ages,All Years
4.25,.58999997,.58999997,.60000002,All Persons,All IMD Quintiles,All Regions,Non-emergency,All Stages,All Ages,All Years
4.5,.57999998,.57999998,.58999997,All Persons,All IMD Quintiles,All Regions,Non-emergency,All Stages,All Ages,All Years
4.75,.57999998,.56999999,.57999998,All Persons,All IMD Quintiles,All Regions,Non-emergency,All Stages,All Ages,All Years
5,.56999999,.56,.56999999,All Persons,All IMD Quintiles,All Regions,Non-emergency,All Stages,All Ages,All Years
0,1,1,1,All Persons,All IMD Quintiles,All Regions,All Routes,Early,All Ages,All Years
.25,.99000001,.99000001,.99000001,All Persons,All IMD Quintiles,All Regions,All Routes,Early,All Ages,All Years
.5,.97000003,.97000003,.98000002,All Persons,All IMD Quintiles,All Regions,All Routes,Early,All Ages,All Years
.75,.95999998,.94999999,.95999998,All Persons,All IMD Quintiles,All Regions,All Routes,Early,All Ages,All Years
1,.94,.94,.94,All Persons,All IMD Quintiles,All Regions,All Routes,Early,All Ages,All Years
1.25,.92000002,.92000002,.93000001,All Persons,All IMD Quintiles,All Regions,All Routes,Early,All Ages,All Years
1.5,.91000003,.89999998,.91000003,All Persons,All IMD Quintiles,All Regions,All Routes,Early,All Ages,All Years
1.75,.88999999,.88,.88999999,All Persons,All IMD Quintiles,All Regions,All Routes,Early,All Ages,All Years
2,.87,.87,.88,All Persons,All IMD Quintiles,All Regions,All Routes,Early,All Ages,All Years
2.25,.86000001,.85000002,.86000001,All Persons,All IMD Quintiles,All Regions,All Routes,Early,All Ages,All Years
2.5,.85000002,.83999997,.85000002,All Persons,All IMD Quintiles,All Regions,All Routes,Early,All Ages,All Years
2.75,.82999998,.82999998,.83999997,All Persons,All IMD Quintiles,All Regions,All Routes,Early,All Ages,All Years
3,.81999999,.81,.81999999,All Persons,All IMD Quintiles,All Regions,All Routes,Early,All Ages,All Years
3.25,.81,.80000001,.81,All Persons,All IMD Quintiles,All Regions,All Routes,Early,All Ages,All Years
3.5,.80000001,.79000002,.80000001,All Persons,All IMD Quintiles,All Regions,All Routes,Early,All Ages,All Years
3.75,.77999997,.77999997,.79000002,All Persons,All IMD Quintiles,All Regions,All Routes,Early,All Ages,All Years
4,.76999998,.75999999,.77999997,All Persons,All IMD Quintiles,All Regions,All Routes,Early,All Ages,All Years
4.25,.75999999,.75,.76999998,All Persons,All IMD Quintiles,All Regions,All Routes,Early,All Ages,All Years
4.5,.75,.74000001,.75,All Persons,All IMD Quintiles,All Regions,All Routes,Early,All Ages,All Years
4.75,.74000001,.73000002,.74000001,All Persons,All IMD Quintiles,All Regions,All Routes,Early,All Ages,All Years
5,.73000002,.72000003,.73000002,All Persons,All IMD Quintiles,All Regions,All Routes,Early,All Ages,All Years
0,1,1,1,All Persons,All IMD Quintiles,All Regions,All Routes,Advanced,All Ages,All Years
.25,.91000003,.91000003,.91000003,All Persons,All IMD Quintiles,All Regions,All Routes,Advanced,All Ages,All Years
.5,.82999998,.81999999,.82999998,All Persons,All IMD Quintiles,All Regions,All Routes,Advanced,All Ages,All Years
.75,.75999999,.75,.75999999,All Persons,All IMD Quintiles,All Regions,All Routes,Advanced,All Ages,All Years
1,.69999999,.69999999,.70999998,All Persons,All IMD Quintiles,All Regions,All Routes,Advanced,All Ages,All Years
1.25,.66000003,.66000003,.67000002,All Persons,All IMD Quintiles,All Regions,All Routes,Advanced,All Ages,All Years
1.5,.63,.62,.63,All Persons,All IMD Quintiles,All Regions,All Routes,Advanced,All Ages,All Years
1.75,.60000002,.60000002,.61000001,All Persons,All IMD Quintiles,All Regions,All Routes,Advanced,All Ages,All Years
2,.57999998,.56999999,.57999998,All Persons,All IMD Quintiles,All Regions,All Routes,Advanced,All Ages,All Years
2.25,.56,.55000001,.56,All Persons,All IMD Quintiles,All Regions,All Routes,Advanced,All Ages,All Years
2.5,.54000002,.52999997,.55000001,All Persons,All IMD Quintiles,All Regions,All Routes,Advanced,All Ages,All Years
2.75,.52999997,.51999998,.52999997,All Persons,All IMD Quintiles,All Regions,All Routes,Advanced,All Ages,All Years
3,.50999999,.50999999,.51999998,All Persons,All IMD Quintiles,All Regions,All Routes,Advanced,All Ages,All Years
3.25,.5,.5,.50999999,All Persons,All IMD Quintiles,All Regions,All Routes,Advanced,All Ages,All Years
3.5,.49000001,.49000001,.5,All Persons,All IMD Quintiles,All Regions,All Routes,Advanced,All Ages,All Years
3.75,.47999999,.47999999,.49000001,All Persons,All IMD Quintiles,All Regions,All Routes,Advanced,All Ages,All Years
4,.47,.47,.47999999,All Persons,All IMD Quintiles,All Regions,All Routes,Advanced,All Ages,All Years
4.25,.46000001,.46000001,.47,All Persons,All IMD Quintiles,All Regions,All Routes,Advanced,All Ages,All Years
4.5,.46000001,.44999999,.46000001,All Persons,All IMD Quintiles,All Regions,All Routes,Advanced,All Ages,All Years
4.75,.44999999,.44,.46000001,All Persons,All IMD Quintiles,All Regions,All Routes,Advanced,All Ages,All Years
5,.44,.44,.44999999,All Persons,All IMD Quintiles,All Regions,All Routes,Advanced,All Ages,All Years
0,1,1,1,All Persons,All IMD Quintiles,All Regions,All Routes,All Stages,0-49,All Years
.25,.98000002,.98000002,.98000002,All Persons,All IMD Quintiles,All Regions,All Routes,All Stages,0-49,All Years
.5,.94999999,.94999999,.95999998,All Persons,All IMD Quintiles,All Regions,All Routes,All Stages,0-49,All Years
.75,.93000001,.92000002,.93000001,All Persons,All IMD Quintiles,All Regions,All Routes,All Stages,0-49,All Years
1,.89999998,.88999999,.91000003,All Persons,All IMD Quintiles,All Regions,All Routes,All Stages,0-49,All Years
1.25,.88,.87,.88999999,All Persons,All IMD Quintiles,All Regions,All Routes,All Stages,0-49,All Years
1.5,.86000001,.86000001,.87,All Persons,All IMD Quintiles,All Regions,All Routes,All Stages,0-49,All Years
1.75,.85000002,.83999997,.86000001,All Persons,All IMD Quintiles,All Regions,All Routes,All Stages,0-49,All Years
2,.83999997,.82999998,.83999997,All Persons,All IMD Quintiles,All Regions,All Routes,All Stages,0-49,All Years
2.25,.81999999,.81,.82999998,All Persons,All IMD Quintiles,All Regions,All Routes,All Stages,0-49,All Years
2.5,.81,.80000001,.81999999,All Persons,All IMD Quintiles,All Regions,All Routes,All Stages,0-49,All Years
2.75,.80000001,.79000002,.81,All Persons,All IMD Quintiles,All Regions,All Routes,All Stages,0-49,All Years
3,.80000001,.79000002,.81,All Persons,All IMD Quintiles,All Regions,All Routes,All Stages,0-49,All Years
3.25,.79000002,.77999997,.80000001,All Persons,All IMD Quintiles,All Regions,All Routes,All Stages,0-49,All Years
3.5,.77999997,.76999998,.80000001,All Persons,All IMD Quintiles,All Regions,All Routes,All Stages,0-49,All Years
3.75,.77999997,.76999998,.79000002,All Persons,All IMD Quintiles,All Regions,All Routes,All Stages,0-49,All Years
4,.77999997,.75999999,.79000002,All Persons,All IMD Quintiles,All Regions,All Routes,All Stages,0-49,All Years
4.25,.76999998,.75999999,.77999997,All Persons,All IMD Quintiles,All Regions,All Routes,All Stages,0-49,All Years
4.5,.76999998,.75999999,.77999997,All Persons,All IMD Quintiles,All Regions,All Routes,All Stages,0-49,All Years
4.75,.75999999,.75,.76999998,All Persons,All IMD Quintiles,All Regions,All Routes,All Stages,0-49,All Years
5,.75999999,.75,.76999998,All Persons,All IMD Quintiles,All Regions,All Routes,All Stages,0-49,All Years
0,1,1,1,All Persons,All IMD Quintiles,All Regions,All Routes,All Stages,50-54,All Years
.25,.97000003,.97000003,.97000003,All Persons,All IMD Quintiles,All Regions,All Routes,All Stages,50-54,All Years
.5,.94,.93000001,.94,All Persons,All IMD Quintiles,All Regions,All Routes,All Stages,50-54,All Years
.75,.89999998,.88999999,.91000003,All Persons,All IMD Quintiles,All Regions,All Routes,All Stages,50-54,All Years
1,.87,.86000001,.88,All Persons,All IMD Quintiles,All Regions,All Routes,All Stages,50-54,All Years
1.25,.85000002,.83999997,.86000001,All Persons,All IMD Quintiles,All Regions,All Routes,All Stages,50-54,All Years
1.5,.82999998,.81999999,.83999997,All Persons,All IMD Quintiles,All Regions,All Routes,All Stages,50-54,All Years
1.75,.81,.80000001,.81999999,All Persons,All IMD Quintiles,All Regions,All Routes,All Stages,50-54,All Years
2,.80000001,.79000002,.81,All Persons,All IMD Quintiles,All Regions,All Routes,All Stages,50-54,All Years
2.25,.77999997,.76999998,.79000002,All Persons,All IMD Quintiles,All Regions,All Routes,All Stages,50-54,All Years
2.5,.76999998,.75999999,.77999997,All Persons,All IMD Quintiles,All Regions,All Routes,All Stages,50-54,All Years
2.75,.75999999,.75,.77999997,All Persons,All IMD Quintiles,All Regions,All Routes,All Stages,50-54,All Years
3,.75,.74000001,.76999998,All Persons,All IMD Quintiles,All Regions,All Routes,All Stages,50-54,All Years
3.25,.75,.74000001,.75999999,All Persons,All IMD Quintiles,All Regions,All Routes,All Stages,50-54,All Years
3.5,.74000001,.73000002,.75,All Persons,All IMD Quintiles,All Regions,All Routes,All Stages,50-54,All Years
3.75,.73000002,.72000003,.75,All Persons,All IMD Quintiles,All Regions,All Routes,All Stages,50-54,All Years
4,.73000002,.72000003,.74000001,All Persons,All IMD Quintiles,All Regions,All Routes,All Stages,50-54,All Years
4.25,.72000003,.70999998,.73000002,All Persons,All IMD Quintiles,All Regions,All Routes,All Stages,50-54,All Years
4.5,.70999998,.69,.72000003,All Persons,All IMD Quintiles,All Regions,All Routes,All Stages,50-54,All Years
4.75,.69999999,.69,.70999998,All Persons,All IMD Quintiles,All Regions,All Routes,All Stages,50-54,All Years
5,.69999999,.68000001,.70999998,All Persons,All IMD Quintiles,All Regions,All Routes,All Stages,50-54,All Years
0,1,1,1,All Persons,All IMD Quintiles,All Regions,All Routes,All Stages,55-59,All Years
.25,.95999998,.95999998,.97000003,All Persons,All IMD Quintiles,All Regions,All Routes,All Stages,55-59,All Years
.5,.92000002,.92000002,.93000001,All Persons,All IMD Quintiles,All Regions,All Routes,All Stages,55-59,All Years
.75,.88999999,.88,.89999998,All Persons,All IMD Quintiles,All Regions,All Routes,All Stages,55-59,All Years
1,.86000001,.85000002,.86000001,All Persons,All IMD Quintiles,All Regions,All Routes,All Stages,55-59,All Years
1.25,.82999998,.81999999,.83999997,All Persons,All IMD Quintiles,All Regions,All Routes,All Stages,55-59,All Years
1.5,.81,.80000001,.81999999,All Persons,All IMD Quintiles,All Regions,All Routes,All Stages,55-59,All Years
1.75,.79000002,.77999997,.80000001,All Persons,All IMD Quintiles,All Regions,All Routes,All Stages,55-59,All Years
2,.76999998,.75999999,.77999997,All Persons,All IMD Quintiles,All Regions,All Routes,All Stages,55-59,All Years
2.25,.75999999,.75,.76999998,All Persons,All IMD Quintiles,All Regions,All Routes,All Stages,55-59,All Years
2.5,.74000001,.73000002,.75,All Persons,All IMD Quintiles,All Regions,All Routes,All Stages,55-59,All Years
2.75,.73000002,.72000003,.74000001,All Persons,All IMD Quintiles,All Regions,All Routes,All Stages,55-59,All Years
3,.72000003,.70999998,.73000002,All Persons,All IMD Quintiles,All Regions,All Routes,All Stages,55-59,All Years
3.25,.70999998,.69999999,.72000003,All Persons,All IMD Quintiles,All Regions,All Routes,All Stages,55-59,All Years
3.5,.69999999,.69,.70999998,All Persons,All IMD Quintiles,All Regions,All Routes,All Stages,55-59,All Years
3.75,.69,.68000001,.69999999,All Persons,All IMD Quintiles,All Regions,All Routes,All Stages,55-59,All Years
4,.68000001,.67000002,.69,All Persons,All IMD Quintiles,All Regions,All Routes,All Stages,55-59,All Years
4.25,.67000002,.66000003,.69,All Persons,All IMD Quintiles,All Regions,All Routes,All Stages,55-59,All Years
4.5,.67000002,.64999998,.68000001,All Persons,All IMD Quintiles,All Regions,All Routes,All Stages,55-59,All Years
4.75,.64999998,.63999999,.67000002,All Persons,All IMD Quintiles,All Regions,All Routes,All Stages,55-59,All Years
5,.64999998,.63999999,.66000003,All Persons,All IMD Quintiles,All Regions,All Routes,All Stages,55-59,All Years
0,1,1,1,All Persons,All IMD Quintiles,All Regions,All Routes,All Stages,60-64,All Years
.25,.94999999,.94,.94999999,All Persons,All IMD Quintiles,All Regions,All Routes,All Stages,60-64,All Years
.5,.91000003,.89999998,.91000003,All Persons,All IMD Quintiles,All Regions,All Routes,All Stages,60-64,All Years
.75,.86000001,.85000002,.87,All Persons,All IMD Quintiles,All Regions,All Routes,All Stages,60-64,All Years
1,.82999998,.81999999,.83999997,All Persons,All IMD Quintiles,All Regions,All Routes,All Stages,60-64,All Years
1.25,.80000001,.79000002,.81,All Persons,All IMD Quintiles,All Regions,All Routes,All Stages,60-64,All Years
1.5,.76999998,.76999998,.77999997,All Persons,All IMD Quintiles,All Regions,All Routes,All Stages,60-64,All Years
1.75,.75,.74000001,.75999999,All Persons,All IMD Quintiles,All Regions,All Routes,All Stages,60-64,All Years
2,.73000002,.72000003,.74000001,All Persons,All IMD Quintiles,All Regions,All Routes,All Stages,60-64,All Years
2.25,.72000003,.70999998,.73000002,All Persons,All IMD Quintiles,All Regions,All Routes,All Stages,60-64,All Years
2.5,.69999999,.69,.70999998,All Persons,All IMD Quintiles,All Regions,All Routes,All Stages,60-64,All Years
2.75,.69,.68000001,.69999999,All Persons,All IMD Quintiles,All Regions,All Routes,All Stages,60-64,All Years
3,.67000002,.66000003,.68000001,All Persons,All IMD Quintiles,All Regions,All Routes,All Stages,60-64,All Years
3.25,.66000003,.64999998,.67000002,All Persons,All IMD Quintiles,All Regions,All Routes,All Stages,60-64,All Years
3.5,.64999998,.63999999,.66000003,All Persons,All IMD Quintiles,All Regions,All Routes,All Stages,60-64,All Years
3.75,.63999999,.63,.64999998,All Persons,All IMD Quintiles,All Regions,All Routes,All Stages,60-64,All Years
4,.63,.62,.63999999,All Persons,All IMD Quintiles,All Regions,All Routes,All Stages,60-64,All Years
4.25,.62,.61000001,.63999999,All Persons,All IMD Quintiles,All Regions,All Routes,All Stages,60-64,All Years
4.5,.62,.60000002,.63,All Persons,All IMD Quintiles,All Regions,All Routes,All Stages,60-64,All Years
4.75,.61000001,.60000002,.62,All Persons,All IMD Quintiles,All Regions,All Routes,All Stages,60-64,All Years
5,.60000002,.58999997,.61000001,All Persons,All IMD Quintiles,All Regions,All Routes,All Stages,60-64,All Years
0,1,1,1,All Persons,All IMD Quintiles,All Regions,All Routes,All Stages,65-69,All Years
.25,.94,.93000001,.94,All Persons,All IMD Quintiles,All Regions,All Routes,All Stages,65-69,All Years
.5,.88,.88,.88999999,All Persons,All IMD Quintiles,All Regions,All Routes,All Stages,65-69,All Years
.75,.83999997,.82999998,.83999997,All Persons,All IMD Quintiles,All Regions,All Routes,All Stages,65-69,All Years
1,.79000002,.77999997,.80000001,All Persons,All IMD Quintiles,All Regions,All Routes,All Stages,65-69,All Years
1.25,.75999999,.75,.76999998,All Persons,All IMD Quintiles,All Regions,All Routes,All Stages,65-69,All Years
1.5,.73000002,.72000003,.74000001,All Persons,All IMD Quintiles,All Regions,All Routes,All Stages,65-69,All Years
1.75,.69999999,.69999999,.70999998,All Persons,All IMD Quintiles,All Regions,All Routes,All Stages,65-69,All Years
2,.68000001,.67000002,.69,All Persons,All IMD Quintiles,All Regions,All Routes,All Stages,65-69,All Years
2.25,.67000002,.66000003,.68000001,All Persons,All IMD Quintiles,All Regions,All Routes,All Stages,65-69,All Years
2.5,.64999998,.63999999,.66000003,All Persons,All IMD Quintiles,All Regions,All Routes,All Stages,65-69,All Years
2.75,.63999999,.63,.64999998,All Persons,All IMD Quintiles,All Regions,All Routes,All Stages,65-69,All Years
3,.62,.61000001,.63,All Persons,All IMD Quintiles,All Regions,All Routes,All Stages,65-69,All Years
3.25,.61000001,.60000002,.62,All Persons,All IMD Quintiles,All Regions,All Routes,All Stages,65-69,All Years
3.5,.60000002,.58999997,.61000001,All Persons,All IMD Quintiles,All Regions,All Routes,All Stages,65-69,All Years
3.75,.58999997,.57999998,.60000002,All Persons,All IMD Quintiles,All Regions,All Routes,All Stages,65-69,All Years
4,.57999998,.56999999,.58999997,All Persons,All IMD Quintiles,All Regions,All Routes,All Stages,65-69,All Years
4.25,.56999999,.56,.57999998,All Persons,All IMD Quintiles,All Regions,All Routes,All Stages,65-69,All Years
4.5,.56,.55000001,.56999999,All Persons,All IMD Quintiles,All Regions,All Routes,All Stages,65-69,All Years
4.75,.55000001,.54000002,.56999999,All Persons,All IMD Quintiles,All Regions,All Routes,All Stages,65-69,All Years
5,.54000002,.52999997,.56,All Persons,All IMD Quintiles,All Regions,All Routes,All Stages,65-69,All Years
0,1,1,1,All Persons,All IMD Quintiles,All Regions,All Routes,All Stages,70-74,All Years
.25,.92000002,.92000002,.93000001,All Persons,All IMD Quintiles,All Regions,All Routes,All Stages,70-74,All Years
.5,.86000001,.85000002,.86000001,All Persons,All IMD Quintiles,All Regions,All Routes,All Stages,70-74,All Years
.75,.80000001,.79000002,.81,All Persons,All IMD Quintiles,All Regions,All Routes,All Stages,70-74,All Years
1,.75999999,.75,.76999998,All Persons,All IMD Quintiles,All Regions,All Routes,All Stages,70-74,All Years
1.25,.72000003,.70999998,.73000002,All Persons,All IMD Quintiles,All Regions,All Routes,All Stages,70-74,All Years
1.5,.69,.68000001,.69999999,All Persons,All IMD Quintiles,All Regions,All Routes,All Stages,70-74,All Years
1.75,.67000002,.66000003,.68000001,All Persons,All IMD Quintiles,All Regions,All Routes,All Stages,70-74,All Years
2,.64999998,.63999999,.66000003,All Persons,All IMD Quintiles,All Regions,All Routes,All Stages,70-74,All Years
2.25,.63,.62,.63999999,All Persons,All IMD Quintiles,All Regions,All Routes,All Stages,70-74,All Years
2.5,.61000001,.60000002,.62,All Persons,All IMD Quintiles,All Regions,All Routes,All Stages,70-74,All Years
2.75,.58999997,.57999998,.60000002,All Persons,All IMD Quintiles,All Regions,All Routes,All Stages,70-74,All Years
3,.56999999,.56,.58999997,All Persons,All IMD Quintiles,All Regions,All Routes,All Stages,70-74,All Years
3.25,.56,.55000001,.56999999,All Persons,All IMD Quintiles,All Regions,All Routes,All Stages,70-74,All Years
3.5,.55000001,.54000002,.56,All Persons,All IMD Quintiles,All Regions,All Routes,All Stages,70-74,All Years
3.75,.52999997,.51999998,.54000002,All Persons,All IMD Quintiles,All Regions,All Routes,All Stages,70-74,All Years
4,.51999998,.50999999,.52999997,All Persons,All IMD Quintiles,All Regions,All Routes,All Stages,70-74,All Years
4.25,.50999999,.49000001,.51999998,All Persons,All IMD Quintiles,All Regions,All Routes,All Stages,70-74,All Years
4.5,.49000001,.47999999,.50999999,All Persons,All IMD Quintiles,All Regions,All Routes,All Stages,70-74,All Years
4.75,.49000001,.47,.5,All Persons,All IMD Quintiles,All Regions,All Routes,All Stages,70-74,All Years
5,.47,.46000001,.49000001,All Persons,All IMD Quintiles,All Regions,All Routes,All Stages,70-74,All Years
0,1,1,1,All Persons,All IMD Quintiles,All Regions,All Routes,All Stages,75-79,All Years
.25,.89999998,.88999999,.89999998,All Persons,All IMD Quintiles,All Regions,All Routes,All Stages,75-79,All Years
.5,.81999999,.81,.82999998,All Persons,All IMD Quintiles,All Regions,All Routes,All Stages,75-79,All Years
.75,.75999999,.75,.76999998,All Persons,All IMD Quintiles,All Regions,All Routes,All Stages,75-79,All Years
1,.70999998,.69999999,.72000003,All Persons,All IMD Quintiles,All Regions,All Routes,All Stages,75-79,All Years
1.25,.67000002,.66000003,.69,All Persons,All IMD Quintiles,All Regions,All Routes,All Stages,75-79,All Years
1.5,.63999999,.63,.64999998,All Persons,All IMD Quintiles,All Regions,All Routes,All Stages,75-79,All Years
1.75,.61000001,.60000002,.62,All Persons,All IMD Quintiles,All Regions,All Routes,All Stages,75-79,All Years
2,.58999997,.56999999,.60000002,All Persons,All IMD Quintiles,All Regions,All Routes,All Stages,75-79,All Years
2.25,.56999999,.55000001,.57999998,All Persons,All IMD Quintiles,All Regions,All Routes,All Stages,75-79,All Years
2.5,.55000001,.52999997,.56,All Persons,All IMD Quintiles,All Regions,All Routes,All Stages,75-79,All Years
2.75,.52999997,.51999998,.54000002,All Persons,All IMD Quintiles,All Regions,All Routes,All Stages,75-79,All Years
3,.51999998,.5,.52999997,All Persons,All IMD Quintiles,All Regions,All Routes,All Stages,75-79,All Years
3.25,.5,.47999999,.50999999,All Persons,All IMD Quintiles,All Regions,All Routes,All Stages,75-79,All Years
3.5,.49000001,.47,.5,All Persons,All IMD Quintiles,All Regions,All Routes,All Stages,75-79,All Years
3.75,.47,.46000001,.49000001,All Persons,All IMD Quintiles,All Regions,All Routes,All Stages,75-79,All Years
4,.46000001,.44,.47,All Persons,All IMD Quintiles,All Regions,All Routes,All Stages,75-79,All Years
4.25,.44,.41999999,.44999999,All Persons,All IMD Quintiles,All Regions,All Routes,All Stages,75-79,All Years
4.5,.41999999,.41,.44,All Persons,All IMD Quintiles,All Regions,All Routes,All Stages,75-79,All Years
4.75,.41,.40000001,.43000001,All Persons,All IMD Quintiles,All Regions,All Routes,All Stages,75-79,All Years
5,.40000001,.38,.41999999,All Persons,All IMD Quintiles,All Regions,All Routes,All Stages,75-79,All Years
0,1,1,1,All Persons,All IMD Quintiles,All Regions,All Routes,All Stages,80-84,All Years
.25,.87,.86000001,.88,All Persons,All IMD Quintiles,All Regions,All Routes,All Stages,80-84,All Years
.5,.76999998,.75,.77999997,All Persons,All IMD Quintiles,All Regions,All Routes,All Stages,80-84,All Years
.75,.69,.68000001,.69999999,All Persons,All IMD Quintiles,All Regions,All Routes,All Stages,80-84,All Years
1,.63999999,.62,.64999998,All Persons,All IMD Quintiles,All Regions,All Routes,All Stages,80-84,All Years
1.25,.58999997,.57999998,.61000001,All Persons,All IMD Quintiles,All Regions,All Routes,All Stages,80-84,All Years
1.5,.55000001,.54000002,.56999999,All Persons,All IMD Quintiles,All Regions,All Routes,All Stages,80-84,All Years
1.75,.52999997,.50999999,.55000001,All Persons,All IMD Quintiles,All Regions,All Routes,All Stages,80-84,All Years
2,.5,.49000001,.51999998,All Persons,All IMD Quintiles,All Regions,All Routes,All Stages,80-84,All Years
2.25,.47999999,.47,.5,All Persons,All IMD Quintiles,All Regions,All Routes,All Stages,80-84,All Years
2.5,.46000001,.44999999,.47999999,All Persons,All IMD Quintiles,All Regions,All Routes,All Stages,80-84,All Years
2.75,.44,.43000001,.46000001,All Persons,All IMD Quintiles,All Regions,All Routes,All Stages,80-84,All Years
3,.43000001,.41,.44,All Persons,All IMD Quintiles,All Regions,All Routes,All Stages,80-84,All Years
3.25,.41,.40000001,.43000001,All Persons,All IMD Quintiles,All Regions,All Routes,All Stages,80-84,All Years
3.5,.40000001,.38,.41999999,All Persons,All IMD Quintiles,All Regions,All Routes,All Stages,80-84,All Years
3.75,.38,.37,.40000001,All Persons,All IMD Quintiles,All Regions,All Routes,All Stages,80-84,All Years
4,.37,.34999999,.38999999,All Persons,All IMD Quintiles,All Regions,All Routes,All Stages,80-84,All Years
4.25,.34999999,.34,.37,All Persons,All IMD Quintiles,All Regions,All Routes,All Stages,80-84,All Years
4.5,.34,.31999999,.36000001,All Persons,All IMD Quintiles,All Regions,All Routes,All Stages,80-84,All Years
4.75,.33000001,.31,.34999999,All Persons,All IMD Quintiles,All Regions,All Routes,All Stages,80-84,All Years
5,.31999999,.30000001,.34,All Persons,All IMD Quintiles,All Regions,All Routes,All Stages,80-84,All Years
0,1,1,1,All Persons,All IMD Quintiles,All Regions,All Routes,All Stages,85-89,All Years
.25,.81,.79000002,.82999998,All Persons,All IMD Quintiles,All Regions,All Routes,All Stages,85-89,All Years
.5,.67000002,.64999998,.69,All Persons,All IMD Quintiles,All Regions,All Routes,All Stages,85-89,All Years
.75,.58999997,.56999999,.61000001,All Persons,All IMD Quintiles,All Regions,All Routes,All Stages,85-89,All Years
1,.52999997,.50999999,.55000001,All Persons,All IMD Quintiles,All Regions,All Routes,All Stages,85-89,All Years
1.25,.49000001,.47,.50999999,All Persons,All IMD Quintiles,All Regions,All Routes,All Stages,85-89,All Years
1.5,.44999999,.43000001,.47,All Persons,All IMD Quintiles,All Regions,All Routes,All Stages,85-89,All Years
1.75,.41999999,.40000001,.44,All Persons,All IMD Quintiles,All Regions,All Routes,All Stages,85-89,All Years
2,.38999999,.37,.41,All Persons,All IMD Quintiles,All Regions,All Routes,All Stages,85-89,All Years
2.25,.37,.34999999,.38999999,All Persons,All IMD Quintiles,All Regions,All Routes,All Stages,85-89,All Years
2.5,.34999999,.33000001,.37,All Persons,All IMD Quintiles,All Regions,All Routes,All Stages,85-89,All Years
2.75,.33000001,.31,.34999999,All Persons,All IMD Quintiles,All Regions,All Routes,All Stages,85-89,All Years
3,.31,.28999999,.33000001,All Persons,All IMD Quintiles,All Regions,All Routes,All Stages,85-89,All Years
3.25,.30000001,.28,.31999999,All Persons,All IMD Quintiles,All Regions,All Routes,All Stages,85-89,All Years
3.5,.28,.25999999,.30000001,All Persons,All IMD Quintiles,All Regions,All Routes,All Stages,85-89,All Years
3.75,.27000001,.25,.28999999,All Persons,All IMD Quintiles,All Regions,All Routes,All Stages,85-89,All Years
4,.25,.23,.27000001,All Persons,All IMD Quintiles,All Regions,All Routes,All Stages,85-89,All Years
4.25,.23,.20999999,.25,All Persons,All IMD Quintiles,All Regions,All Routes,All Stages,85-89,All Years
4.5,.22,.2,.23999999,All Persons,All IMD Quintiles,All Regions,All Routes,All Stages,85-89,All Years
4.75,.22,.2,.23999999,All Persons,All IMD Quintiles,All Regions,All Routes,All Stages,85-89,All Years
5,.2,.18000001,.23,All Persons,All IMD Quintiles,All Regions,All Routes,All Stages,85-89,All Years
0,1,1,1,All Persons,All IMD Quintiles,All Regions,All Routes,All Stages,90+,All Years
.25,.72000003,.69,.74000001,All Persons,All IMD Quintiles,All Regions,All Routes,All Stages,90+,All Years
.5,.55000001,.51999998,.56999999,All Persons,All IMD Quintiles,All Regions,All Routes,All Stages,90+,All Years
.75,.44999999,.43000001,.47999999,All Persons,All IMD Quintiles,All Regions,All Routes,All Stages,90+,All Years
1,.38,.34999999,.41,All Persons,All IMD Quintiles,All Regions,All Routes,All Stages,90+,All Years
1.25,.34,.31,.36000001,All Persons,All IMD Quintiles,All Regions,All Routes,All Stages,90+,All Years
1.5,.30000001,.28,.33000001,All Persons,All IMD Quintiles,All Regions,All Routes,All Stages,90+,All Years
1.75,.28,.25,.31,All Persons,All IMD Quintiles,All Regions,All Routes,All Stages,90+,All Years
2,.25,.22,.27000001,All Persons,All IMD Quintiles,All Regions,All Routes,All Stages,90+,All Years
2.25,.23,.2,.25,All Persons,All IMD Quintiles,All Regions,All Routes,All Stages,90+,All Years
2.5,.20999999,.19,.23,All Persons,All IMD Quintiles,All Regions,All Routes,All Stages,90+,All Years
2.75,.2,.17,.22,All Persons,All IMD Quintiles,All Regions,All Routes,All Stages,90+,All Years
3,.18000001,.15000001,.2,All Persons,All IMD Quintiles,All Regions,All Routes,All Stages,90+,All Years
3.25,.17,.14,.19,All Persons,All IMD Quintiles,All Regions,All Routes,All Stages,90+,All Years
3.5,.15000001,.13,.18000001,All Persons,All IMD Quintiles,All Regions,All Routes,All Stages,90+,All Years
3.75,.15000001,.12,.17,All Persons,All IMD Quintiles,All Regions,All Routes,All Stages,90+,All Years
4,.13,.11,.15000001,All Persons,All IMD Quintiles,All Regions,All Routes,All Stages,90+,All Years
4.25,.12,.1,.14,All Persons,All IMD Quintiles,All Regions,All Routes,All Stages,90+,All Years
4.5,.11,.090000004,.14,All Persons,All IMD Quintiles,All Regions,All Routes,All Stages,90+,All Years
4.75,.11,.090000004,.13,All Persons,All IMD Quintiles,All Regions,All Routes,All Stages,90+,All Years
5,.1,.079999998,.12,All Persons,All IMD Quintiles,All Regions,All Routes,All Stages,90+,All Years
0,1,1,1,All Persons,All IMD Quintiles,All Regions,All Routes,All Stages,All Ages,2016
.25,.93000001,.93000001,.94,All Persons,All IMD Quintiles,All Regions,All Routes,All Stages,All Ages,2016
.5,.88,.87,.88,All Persons,All IMD Quintiles,All Regions,All Routes,All Stages,All Ages,2016
.75,.82999998,.81999999,.82999998,All Persons,All IMD Quintiles,All Regions,All Routes,All Stages,All Ages,2016
1,.77999997,.77999997,.79000002,All Persons,All IMD Quintiles,All Regions,All Routes,All Stages,All Ages,2016
1.25,.75,.74000001,.75999999,All Persons,All IMD Quintiles,All Regions,All Routes,All Stages,All Ages,2016
1.5,.72000003,.70999998,.73000002,All Persons,All IMD Quintiles,All Regions,All Routes,All Stages,All Ages,2016
1.75,.69999999,.69,.70999998,All Persons,All IMD Quintiles,All Regions,All Routes,All Stages,All Ages,2016
2,.67000002,.67000002,.68000001,All Persons,All IMD Quintiles,All Regions,All Routes,All Stages,All Ages,2016
2.25,.66000003,.64999998,.67000002,All Persons,All IMD Quintiles,All Regions,All Routes,All Stages,All Ages,2016
2.5,.63999999,.63,.64999998,All Persons,All IMD Quintiles,All Regions,All Routes,All Stages,All Ages,2016
2.75,.63,.62,.63,All Persons,All IMD Quintiles,All Regions,All Routes,All Stages,All Ages,2016
3,.61000001,.60000002,.62,All Persons,All IMD Quintiles,All Regions,All Routes,All Stages,All Ages,2016
3.25,.60000002,.58999997,.61000001,All Persons,All IMD Quintiles,All Regions,All Routes,All Stages,All Ages,2016
3.5,.58999997,.57999998,.60000002,All Persons,All IMD Quintiles,All Regions,All Routes,All Stages,All Ages,2016
3.75,.57999998,.56999999,.58999997,All Persons,All IMD Quintiles,All Regions,All Routes,All Stages,All Ages,2016
4,.56999999,.56,.57999998,All Persons,All IMD Quintiles,All Regions,All Routes,All Stages,All Ages,2016
4.25,.56,.55000001,.56999999,All Persons,All IMD Quintiles,All Regions,All Routes,All Stages,All Ages,2016
4.5,.55000001,.54000002,.56,All Persons,All IMD Quintiles,All Regions,All Routes,All Stages,All Ages,2016
4.75,.54000002,.52999997,.55000001,All Persons,All IMD Quintiles,All Regions,All Routes,All Stages,All Ages,2016
5,.54000002,.52999997,.55000001,All Persons,All IMD Quintiles,All Regions,All Routes,All Stages,All Ages,2016
0,1,1,1,All Persons,All IMD Quintiles,All Regions,All Routes,All Stages,All Ages,2017
.25,.94,.93000001,.94,All Persons,All IMD Quintiles,All Regions,All Routes,All Stages,All Ages,2017
.5,.88,.87,.88,All Persons,All IMD Quintiles,All Regions,All Routes,All Stages,All Ages,2017
.75,.82999998,.81999999,.83999997,All Persons,All IMD Quintiles,All Regions,All Routes,All Stages,All Ages,2017
1,.79000002,.77999997,.80000001,All Persons,All IMD Quintiles,All Regions,All Routes,All Stages,All Ages,2017
1.25,.75999999,.75,.76999998,All Persons,All IMD Quintiles,All Regions,All Routes,All Stages,All Ages,2017
1.5,.73000002,.72000003,.74000001,All Persons,All IMD Quintiles,All Regions,All Routes,All Stages,All Ages,2017
1.75,.70999998,.69999999,.72000003,All Persons,All IMD Quintiles,All Regions,All Routes,All Stages,All Ages,2017
2,.69,.68000001,.69999999,All Persons,All IMD Quintiles,All Regions,All Routes,All Stages,All Ages,2017
2.25,.67000002,.66000003,.68000001,All Persons,All IMD Quintiles,All Regions,All Routes,All Stages,All Ages,2017
2.5,.66000003,.64999998,.67000002,All Persons,All IMD Quintiles,All Regions,All Routes,All Stages,All Ages,2017
2.75,.63999999,.63999999,.64999998,All Persons,All IMD Quintiles,All Regions,All Routes,All Stages,All Ages,2017
3,.63,.62,.63999999,All Persons,All IMD Quintiles,All Regions,All Routes,All Stages,All Ages,2017
3.25,.62,.61000001,.63,All Persons,All IMD Quintiles,All Regions,All Routes,All Stages,All Ages,2017
3.5,.61000001,.60000002,.62,All Persons,All IMD Quintiles,All Regions,All Routes,All Stages,All Ages,2017
3.75,.60000002,.58999997,.61000001,All Persons,All IMD Quintiles,All Regions,All Routes,All Stages,All Ages,2017
4,.58999997,.57999998,.60000002,All Persons,All IMD Quintiles,All Regions,All Routes,All Stages,All Ages,2017
4.25,.57999998,.56999999,.58999997,All Persons,All IMD Quintiles,All Regions,All Routes,All Stages,All Ages,2017
4.5,.56999999,.56,.57999998,All Persons,All IMD Quintiles,All Regions,All Routes,All Stages,All Ages,2017
4.75,.56,.55000001,.56999999,All Persons,All IMD Quintiles,All Regions,All Routes,All Stages,All Ages,2017
5,.55000001,.54000002,.56,All Persons,All IMD Quintiles,All Regions,All Routes,All Stages,All Ages,2017
0,1,1,1,All Persons,All IMD Quintiles,All Regions,All Routes,All Stages,All Ages,2018
.25,.93000001,.92000002,.93000001,All Persons,All IMD Quintiles,All Regions,All Routes,All Stages,All Ages,2018
.5,.87,.87,.88,All Persons,All IMD Quintiles,All Regions,All Routes,All Stages,All Ages,2018
.75,.82999998,.81999999,.82999998,All Persons,All IMD Quintiles,All Regions,All Routes,All Stages,All Ages,2018
1,.79000002,.77999997,.80000001,All Persons,All IMD Quintiles,All Regions,All Routes,All Stages,All Ages,2018
1.25,.75999999,.75,.76999998,All Persons,All IMD Quintiles,All Regions,All Routes,All Stages,All Ages,2018
1.5,.74000001,.73000002,.74000001,All Persons,All IMD Quintiles,All Regions,All Routes,All Stages,All Ages,2018
1.75,.70999998,.69999999,.72000003,All Persons,All IMD Quintiles,All Regions,All Routes,All Stages,All Ages,2018
2,.69,.68000001,.69999999,All Persons,All IMD Quintiles,All Regions,All Routes,All Stages,All Ages,2018
2.25,.67000002,.66000003,.68000001,All Persons,All IMD Quintiles,All Regions,All Routes,All Stages,All Ages,2018
2.5,.66000003,.64999998,.67000002,All Persons,All IMD Quintiles,All Regions,All Routes,All Stages,All Ages,2018
2.75,.63999999,.63,.64999998,All Persons,All IMD Quintiles,All Regions,All Routes,All Stages,All Ages,2018
3,.63,.62,.63999999,All Persons,All IMD Quintiles,All Regions,All Routes,All Stages,All Ages,2018
3.25,.62,.61000001,.63,All Persons,All IMD Quintiles,All Regions,All Routes,All Stages,All Ages,2018
3.5,.61000001,.60000002,.62,All Persons,All IMD Quintiles,All Regions,All Routes,All Stages,All Ages,2018
3.75,.60000002,.58999997,.61000001,All Persons,All IMD Quintiles,All Regions,All Routes,All Stages,All Ages,2018
4,.58999997,.57999998,.60000002,All Persons,All IMD Quintiles,All Regions,All Routes,All Stages,All Ages,2018
4.25,.57999998,.56999999,.58999997,All Persons,All IMD Quintiles,All Regions,All Routes,All Stages,All Ages,2018
4.5,.56999999,.56,.57999998,All Persons,All IMD Quintiles,All Regions,All Routes,All Stages,All Ages,2018
4.75,.56,.55000001,.56999999,All Persons,All IMD Quintiles,All Regions,All Routes,All Stages,All Ages,2018
5,.55000001,.54000002,.56,All Persons,All IMD Quintiles,All Regions,All Routes,All Stages,All Ages,2018
0,1,1,1,All Persons,All IMD Quintiles,All Regions,All Routes,All Stages,All Ages,2019
.25,.93000001,.93000001,.94,All Persons,All IMD Quintiles,All Regions,All Routes,All Stages,All Ages,2019
.5,.88,.87,.88999999,All Persons,All IMD Quintiles,All Regions,All Routes,All Stages,All Ages,2019
.75,.82999998,.81999999,.83999997,All Persons,All IMD Quintiles,All Regions,All Routes,All Stages,All Ages,2019
1,.79000002,.77999997,.79000002,All Persons,All IMD Quintiles,All Regions,All Routes,All Stages,All Ages,2019
1.25,.75999999,.75,.75999999,All Persons,All IMD Quintiles,All Regions,All Routes,All Stages,All Ages,2019
1.5,.73000002,.72000003,.74000001,All Persons,All IMD Quintiles,All Regions,All Routes,All Stages,All Ages,2019
1.75,.70999998,.69999999,.72000003,All Persons,All IMD Quintiles,All Regions,All Routes,All Stages,All Ages,2019
2,.69,.69,.69999999,All Persons,All IMD Quintiles,All Regions,All Routes,All Stages,All Ages,2019
2.25,.68000001,.67000002,.69,All Persons,All IMD Quintiles,All Regions,All Routes,All Stages,All Ages,2019
2.5,.66000003,.64999998,.67000002,All Persons,All IMD Quintiles,All Regions,All Routes,All Stages,All Ages,2019
2.75,.64999998,.63999999,.66000003,All Persons,All IMD Quintiles,All Regions,All Routes,All Stages,All Ages,2019
3,.63999999,.63,.64999998,All Persons,All IMD Quintiles,All Regions,All Routes,All Stages,All Ages,2019
3.25,.62,.61000001,.63,All Persons,All IMD Quintiles,All Regions,All Routes,All Stages,All Ages,2019
3.5,.61000001,.60000002,.62,All Persons,All IMD Quintiles,All Regions,All Routes,All Stages,All Ages,2019
3.75,.60000002,.58999997,.61000001,All Persons,All IMD Quintiles,All Regions,All Routes,All Stages,All Ages,2019
4,.56999999,.55000001,.60000002,All Persons,All IMD Quintiles,All Regions,All Routes,All Stages,All Ages,2019
4.25,.56,.52999997,.58999997,All Persons,All IMD Quintiles,All Regions,All Routes,All Stages,All Ages,2019
4.5,.50999999,.44999999,.56999999,All Persons,All IMD Quintiles,All Regions,All Routes,All Stages,All Ages,2019
4.75,.49000001,.43000001,.56,All Persons,All IMD Quintiles,All Regions,All Routes,All Stages,All Ages,2019
5,.43000001,.34,.51999998,All Persons,All IMD Quintiles,All Regions,All Routes,All Stages,All Ages,2019
0,1,1,1,All Persons,All IMD Quintiles,All Regions,All Routes,All Stages,All Ages,2020
.25,.92000002,.92000002,.93000001,All Persons,All IMD Quintiles,All Regions,All Routes,All Stages,All Ages,2020
.5,.86000001,.85000002,.87,All Persons,All IMD Quintiles,All Regions,All Routes,All Stages,All Ages,2020
.75,.81,.81,.81999999,All Persons,All IMD Quintiles,All Regions,All Routes,All Stages,All Ages,2020
1,.76999998,.76999998,.77999997,All Persons,All IMD Quintiles,All Regions,All Routes,All Stages,All Ages,2020
1.25,.74000001,.73000002,.75,All Persons,All IMD Quintiles,All Regions,All Routes,All Stages,All Ages,2020
1.5,.72000003,.70999998,.73000002,All Persons,All IMD Quintiles,All Regions,All Routes,All Stages,All Ages,2020
1.75,.69,.69,.69999999,All Persons,All IMD Quintiles,All Regions,All Routes,All Stages,All Ages,2020
2,.68000001,.67000002,.69,All Persons,All IMD Quintiles,All Regions,All Routes,All Stages,All Ages,2020
2.25,.66000003,.64999998,.67000002,All Persons,All IMD Quintiles,All Regions,All Routes,All Stages,All Ages,2020
2.5,.63999999,.63,.64999998,All Persons,All IMD Quintiles,All Regions,All Routes,All Stages,All Ages,2020
2.75,.63,.62,.63999999,All Persons,All IMD Quintiles,All Regions,All Routes,All Stages,All Ages,2020
3,.62,.61000001,.63,All Persons,All IMD Quintiles,All Regions,All Routes,All Stages,All Ages,2020
3.25,.60000002,.57999998,.63,All Persons,All IMD Quintiles,All Regions,All Routes,All Stages,All Ages,2020
3.5,.55000001,.5,.60000002,All Persons,All IMD Quintiles,All Regions,All Routes,All Stages,All Ages,2020
3.75,.54000002,.49000001,.58999997,All Persons,All IMD Quintiles,All Regions,All Routes,All Stages,All Ages,2020
4,.50999999,.44,.56999999,All Persons,All IMD Quintiles,All Regions,All Routes,All Stages,All Ages,2020
4.25,.49000001,.43000001,.56,All Persons,All IMD Quintiles,All Regions,All Routes,All Stages,All Ages,2020
4.5,.46000001,.38999999,.52999997,All Persons,All IMD Quintiles,All Regions,All Routes,All Stages,All Ages,2020
4.75,.44,.37,.51999998,All Persons,All IMD Quintiles,All Regions,All Routes,All Stages,All Ages,2020
5,.41999999,.34,.5,All Persons,All IMD Quintiles,All Regions,All Routes,All Stages,All Ages,2020
0,1,1,1,All Persons,All IMD Quintiles,All Regions,All Routes,All Stages,All Ages,2021
.25,.93000001,.92000002,.93000001,All Persons,All IMD Quintiles,All Regions,All Routes,All Stages,All Ages,2021
.5,.87,.86000001,.87,All Persons,All IMD Quintiles,All Regions,All Routes,All Stages,All Ages,2021
.75,.81999999,.81,.82999998,All Persons,All IMD Quintiles,All Regions,All Routes,All Stages,All Ages,2021
1,.77999997,.77999997,.79000002,All Persons,All IMD Quintiles,All Regions,All Routes,All Stages,All Ages,2021
1.25,.75,.74000001,.75999999,All Persons,All IMD Quintiles,All Regions,All Routes,All Stages,All Ages,2021
1.5,.72000003,.70999998,.73000002,All Persons,All IMD Quintiles,All Regions,All Routes,All Stages,All Ages,2021
1.75,.69999999,.69,.70999998,All Persons,All IMD Quintiles,All Regions,All Routes,All Stages,All Ages,2021
2,.68000001,.67000002,.69,All Persons,All IMD Quintiles,All Regions,All Routes,All Stages,All Ages,2021
2.25,.68000001,.66000003,.69,All Persons,All IMD Quintiles,All Regions,All Routes,All Stages,All Ages,2021
2.5,.66000003,.63999999,.69,All Persons,All IMD Quintiles,All Regions,All Routes,All Stages,All Ages,2021
2.75,.64999998,.62,.68000001,All Persons,All IMD Quintiles,All Regions,All Routes,All Stages,All Ages,2021
3,.63,.58999997,.67000002,All Persons,All IMD Quintiles,All Regions,All Routes,All Stages,All Ages,2021
3.25,.62,.57999998,.66000003,All Persons,All IMD Quintiles,All Regions,All Routes,All Stages,All Ages,2021
3.5,.58999997,.54000002,.63999999,All Persons,All IMD Quintiles,All Regions,All Routes,All Stages,All Ages,2021
3.75,.56999999,.51999998,.62,All Persons,All IMD Quintiles,All Regions,All Routes,All Stages,All Ages,2021
4,.55000001,.5,.61000001,All Persons,All IMD Quintiles,All Regions,All Routes,All Stages,All Ages,2021
4.25,.54000002,.47999999,.60000002,All Persons,All IMD Quintiles,All Regions,All Routes,All Stages,All Ages,2021
4.5,.51999998,.46000001,.58999997,All Persons,All IMD Quintiles,All Regions,All Routes,All Stages,All Ages,2021
4.75,.5,.43000001,.56999999,All Persons,All IMD Quintiles,All Regions,All Routes,All Stages,All Ages,2021
5,.5,.43000001,.56999999,All Persons,All IMD Quintiles,All Regions,All Routes,All Stages,All Ages,2021
0,1,1,1,Male,IMD 1 - most deprived,All Regions,All Routes,All Stages,All Ages,All Years
.25,.91000003,.89999998,.91000003,Male,IMD 1 - most deprived,All Regions,All Routes,All Stages,All Ages,All Years
.5,.83999997,.82999998,.85000002,Male,IMD 1 - most deprived,All Regions,All Routes,All Stages,All Ages,All Years
.75,.77999997,.76999998,.79000002,Male,IMD 1 - most deprived,All Regions,All Routes,All Stages,All Ages,All Years
1,.73000002,.72000003,.74000001,Male,IMD 1 - most deprived,All Regions,All Routes,All Stages,All Ages,All Years
1.25,.69,.69,.69999999,Male,IMD 1 - most deprived,All Regions,All Routes,All Stages,All Ages,All Years
1.5,.67000002,.66000003,.68000001,Male,IMD 1 - most deprived,All Regions,All Routes,All Stages,All Ages,All Years
1.75,.63999999,.63,.64999998,Male,IMD 1 - most deprived,All Regions,All Routes,All Stages,All Ages,All Years
2,.62,.61000001,.63,Male,IMD 1 - most deprived,All Regions,All Routes,All Stages,All Ages,All Years
2.25,.60000002,.58999997,.61000001,Male,IMD 1 - most deprived,All Regions,All Routes,All Stages,All Ages,All Years
2.5,.57999998,.56999999,.58999997,Male,IMD 1 - most deprived,All Regions,All Routes,All Stages,All Ages,All Years
2.75,.56999999,.56,.57999998,Male,IMD 1 - most deprived,All Regions,All Routes,All Stages,All Ages,All Years
3,.55000001,.54000002,.56,Male,IMD 1 - most deprived,All Regions,All Routes,All Stages,All Ages,All Years
3.25,.54000002,.52999997,.55000001,Male,IMD 1 - most deprived,All Regions,All Routes,All Stages,All Ages,All Years
3.5,.52999997,.51999998,.54000002,Male,IMD 1 - most deprived,All Regions,All Routes,All Stages,All Ages,All Years
3.75,.51999998,.5,.52999997,Male,IMD 1 - most deprived,All Regions,All Routes,All Stages,All Ages,All Years
4,.50999999,.5,.51999998,Male,IMD 1 - most deprived,All Regions,All Routes,All Stages,All Ages,All Years
4.25,.5,.49000001,.50999999,Male,IMD 1 - most deprived,All Regions,All Routes,All Stages,All Ages,All Years
4.5,.47999999,.47,.5,Male,IMD 1 - most deprived,All Regions,All Routes,All Stages,All Ages,All Years
4.75,.47999999,.47,.49000001,Male,IMD 1 - most deprived,All Regions,All Routes,All Stages,All Ages,All Years
5,.47,.46000001,.47999999,Male,IMD 1 - most deprived,All Regions,All Routes,All Stages,All Ages,All Years
0,1,1,1,Male,IMD 2,All Regions,All Routes,All Stages,All Ages,All Years
.25,.93000001,.92000002,.93000001,Male,IMD 2,All Regions,All Routes,All Stages,All Ages,All Years
.5,.87,.86000001,.88,Male,IMD 2,All Regions,All Routes,All Stages,All Ages,All Years
.75,.81999999,.81,.82999998,Male,IMD 2,All Regions,All Routes,All Stages,All Ages,All Years
1,.77999997,.76999998,.77999997,Male,IMD 2,All Regions,All Routes,All Stages,All Ages,All Years
1.25,.74000001,.73000002,.75,Male,IMD 2,All Regions,All Routes,All Stages,All Ages,All Years
1.5,.72000003,.70999998,.73000002,Male,IMD 2,All Regions,All Routes,All Stages,All Ages,All Years
1.75,.69,.68000001,.69999999,Male,IMD 2,All Regions,All Routes,All Stages,All Ages,All Years
2,.67000002,.66000003,.68000001,Male,IMD 2,All Regions,All Routes,All Stages,All Ages,All Years
2.25,.64999998,.63999999,.66000003,Male,IMD 2,All Regions,All Routes,All Stages,All Ages,All Years
2.5,.63,.62,.63999999,Male,IMD 2,All Regions,All Routes,All Stages,All Ages,All Years
2.75,.61000001,.60000002,.63,Male,IMD 2,All Regions,All Routes,All Stages,All Ages,All Years
3,.60000002,.58999997,.61000001,Male,IMD 2,All Regions,All Routes,All Stages,All Ages,All Years
3.25,.58999997,.57999998,.60000002,Male,IMD 2,All Regions,All Routes,All Stages,All Ages,All Years
3.5,.57999998,.56999999,.58999997,Male,IMD 2,All Regions,All Routes,All Stages,All Ages,All Years
3.75,.56999999,.55000001,.57999998,Male,IMD 2,All Regions,All Routes,All Stages,All Ages,All Years
4,.56,.54000002,.56999999,Male,IMD 2,All Regions,All Routes,All Stages,All Ages,All Years
4.25,.54000002,.52999997,.55000001,Male,IMD 2,All Regions,All Routes,All Stages,All Ages,All Years
4.5,.52999997,.51999998,.54000002,Male,IMD 2,All Regions,All Routes,All Stages,All Ages,All Years
4.75,.51999998,.50999999,.54000002,Male,IMD 2,All Regions,All Routes,All Stages,All Ages,All Years
5,.50999999,.5,.52999997,Male,IMD 2,All Regions,All Routes,All Stages,All Ages,All Years
0,1,1,1,Male,IMD 3,All Regions,All Routes,All Stages,All Ages,All Years
.25,.94,.93000001,.94,Male,IMD 3,All Regions,All Routes,All Stages,All Ages,All Years
.5,.88,.87,.88999999,Male,IMD 3,All Regions,All Routes,All Stages,All Ages,All Years
.75,.83999997,.82999998,.85000002,Male,IMD 3,All Regions,All Routes,All Stages,All Ages,All Years
1,.80000001,.79000002,.81,Male,IMD 3,All Regions,All Routes,All Stages,All Ages,All Years
1.25,.76999998,.75999999,.77999997,Male,IMD 3,All Regions,All Routes,All Stages,All Ages,All Years
1.5,.74000001,.73000002,.75,Male,IMD 3,All Regions,All Routes,All Stages,All Ages,All Years
1.75,.72000003,.70999998,.73000002,Male,IMD 3,All Regions,All Routes,All Stages,All Ages,All Years
2,.69999999,.69,.70999998,Male,IMD 3,All Regions,All Routes,All Stages,All Ages,All Years
2.25,.68000001,.67000002,.69,Male,IMD 3,All Regions,All Routes,All Stages,All Ages,All Years
2.5,.66000003,.64999998,.67000002,Male,IMD 3,All Regions,All Routes,All Stages,All Ages,All Years
2.75,.64999998,.63999999,.66000003,Male,IMD 3,All Regions,All Routes,All Stages,All Ages,All Years
3,.63999999,.62,.64999998,Male,IMD 3,All Regions,All Routes,All Stages,All Ages,All Years
3.25,.62,.61000001,.63999999,Male,IMD 3,All Regions,All Routes,All Stages,All Ages,All Years
3.5,.62,.60000002,.63,Male,IMD 3,All Regions,All Routes,All Stages,All Ages,All Years
3.75,.60000002,.58999997,.62,Male,IMD 3,All Regions,All Routes,All Stages,All Ages,All Years
4,.58999997,.57999998,.61000001,Male,IMD 3,All Regions,All Routes,All Stages,All Ages,All Years
4.25,.57999998,.56999999,.60000002,Male,IMD 3,All Regions,All Routes,All Stages,All Ages,All Years
4.5,.56999999,.56,.57999998,Male,IMD 3,All Regions,All Routes,All Stages,All Ages,All Years
4.75,.56,.55000001,.56999999,Male,IMD 3,All Regions,All Routes,All Stages,All Ages,All Years
5,.55000001,.54000002,.56999999,Male,IMD 3,All Regions,All Routes,All Stages,All Ages,All Years
0,1,1,1,Male,IMD 4,All Regions,All Routes,All Stages,All Ages,All Years
.25,.94,.93000001,.94,Male,IMD 4,All Regions,All Routes,All Stages,All Ages,All Years
.5,.88,.88,.88999999,Male,IMD 4,All Regions,All Routes,All Stages,All Ages,All Years
.75,.83999997,.82999998,.85000002,Male,IMD 4,All Regions,All Routes,All Stages,All Ages,All Years
1,.80000001,.80000001,.81,Male,IMD 4,All Regions,All Routes,All Stages,All Ages,All Years
1.25,.76999998,.75999999,.77999997,Male,IMD 4,All Regions,All Routes,All Stages,All Ages,All Years
1.5,.75,.74000001,.75999999,Male,IMD 4,All Regions,All Routes,All Stages,All Ages,All Years
1.75,.73000002,.72000003,.74000001,Male,IMD 4,All Regions,All Routes,All Stages,All Ages,All Years
2,.70999998,.69999999,.72000003,Male,IMD 4,All Regions,All Routes,All Stages,All Ages,All Years
2.25,.69,.68000001,.69999999,Male,IMD 4,All Regions,All Routes,All Stages,All Ages,All Years
2.5,.68000001,.67000002,.69,Male,IMD 4,All Regions,All Routes,All Stages,All Ages,All Years
2.75,.67000002,.66000003,.68000001,Male,IMD 4,All Regions,All Routes,All Stages,All Ages,All Years
3,.64999998,.63999999,.67000002,Male,IMD 4,All Regions,All Routes,All Stages,All Ages,All Years
3.25,.63999999,.63,.66000003,Male,IMD 4,All Regions,All Routes,All Stages,All Ages,All Years
3.5,.63,.62,.63999999,Male,IMD 4,All Regions,All Routes,All Stages,All Ages,All Years
3.75,.63,.61000001,.63999999,Male,IMD 4,All Regions,All Routes,All Stages,All Ages,All Years
4,.61000001,.60000002,.63,Male,IMD 4,All Regions,All Routes,All Stages,All Ages,All Years
4.25,.61000001,.58999997,.62,Male,IMD 4,All Regions,All Routes,All Stages,All Ages,All Years
4.5,.60000002,.58999997,.61000001,Male,IMD 4,All Regions,All Routes,All Stages,All Ages,All Years
4.75,.58999997,.57999998,.60000002,Male,IMD 4,All Regions,All Routes,All Stages,All Ages,All Years
5,.56999999,.56,.58999997,Male,IMD 4,All Regions,All Routes,All Stages,All Ages,All Years
0,1,1,1,Male,IMD 5 - least deprived,All Regions,All Routes,All Stages,All Ages,All Years
.25,.94999999,.94,.94999999,Male,IMD 5 - least deprived,All Regions,All Routes,All Stages,All Ages,All Years
.5,.91000003,.89999998,.91000003,Male,IMD 5 - least deprived,All Regions,All Routes,All Stages,All Ages,All Years
.75,.87,.86000001,.88,Male,IMD 5 - least deprived,All Regions,All Routes,All Stages,All Ages,All Years
1,.82999998,.81999999,.83999997,Male,IMD 5 - least deprived,All Regions,All Routes,All Stages,All Ages,All Years
1.25,.81,.80000001,.81999999,Male,IMD 5 - least deprived,All Regions,All Routes,All Stages,All Ages,All Years
1.5,.77999997,.76999998,.79000002,Male,IMD 5 - least deprived,All Regions,All Routes,All Stages,All Ages,All Years
1.75,.75999999,.75,.76999998,Male,IMD 5 - least deprived,All Regions,All Routes,All Stages,All Ages,All Years
2,.74000001,.73000002,.75,Male,IMD 5 - least deprived,All Regions,All Routes,All Stages,All Ages,All Years
2.25,.72000003,.70999998,.73000002,Male,IMD 5 - least deprived,All Regions,All Routes,All Stages,All Ages,All Years
2.5,.70999998,.69999999,.72000003,Male,IMD 5 - least deprived,All Regions,All Routes,All Stages,All Ages,All Years
2.75,.69999999,.68000001,.70999998,Male,IMD 5 - least deprived,All Regions,All Routes,All Stages,All Ages,All Years
3,.68000001,.67000002,.69,Male,IMD 5 - least deprived,All Regions,All Routes,All Stages,All Ages,All Years
3.25,.67000002,.66000003,.68000001,Male,IMD 5 - least deprived,All Regions,All Routes,All Stages,All Ages,All Years
3.5,.66000003,.64999998,.67000002,Male,IMD 5 - least deprived,All Regions,All Routes,All Stages,All Ages,All Years
3.75,.64999998,.63999999,.66000003,Male,IMD 5 - least deprived,All Regions,All Routes,All Stages,All Ages,All Years
4,.63999999,.62,.64999998,Male,IMD 5 - least deprived,All Regions,All Routes,All Stages,All Ages,All Years
4.25,.63,.61000001,.63999999,Male,IMD 5 - least deprived,All Regions,All Routes,All Stages,All Ages,All Years
4.5,.62,.60000002,.63,Male,IMD 5 - least deprived,All Regions,All Routes,All Stages,All Ages,All Years
4.75,.61000001,.60000002,.63,Male,IMD 5 - least deprived,All Regions,All Routes,All Stages,All Ages,All Years
5,.60000002,.58999997,.62,Male,IMD 5 - least deprived,All Regions,All Routes,All Stages,All Ages,All Years
0,1,1,1,Male,All IMD Quintiles,East Midlands,All Routes,All Stages,All Ages,All Years
.25,.92000002,.92000002,.93000001,Male,All IMD Quintiles,East Midlands,All Routes,All Stages,All Ages,All Years
.5,.87,.86000001,.88,Male,All IMD Quintiles,East Midlands,All Routes,All Stages,All Ages,All Years
.75,.81999999,.81,.82999998,Male,All IMD Quintiles,East Midlands,All Routes,All Stages,All Ages,All Years
1,.76999998,.75999999,.79000002,Male,All IMD Quintiles,East Midlands,All Routes,All Stages,All Ages,All Years
1.25,.75,.73000002,.75999999,Male,All IMD Quintiles,East Midlands,All Routes,All Stages,All Ages,All Years
1.5,.72000003,.70999998,.74000001,Male,All IMD Quintiles,East Midlands,All Routes,All Stages,All Ages,All Years
1.75,.69999999,.68000001,.70999998,Male,All IMD Quintiles,East Midlands,All Routes,All Stages,All Ages,All Years
2,.67000002,.66000003,.69,Male,All IMD Quintiles,East Midlands,All Routes,All Stages,All Ages,All Years
2.25,.64999998,.63999999,.67000002,Male,All IMD Quintiles,East Midlands,All Routes,All Stages,All Ages,All Years
2.5,.63999999,.63,.66000003,Male,All IMD Quintiles,East Midlands,All Routes,All Stages,All Ages,All Years
2.75,.63,.61000001,.63999999,Male,All IMD Quintiles,East Midlands,All Routes,All Stages,All Ages,All Years
3,.61000001,.60000002,.63,Male,All IMD Quintiles,East Midlands,All Routes,All Stages,All Ages,All Years
3.25,.60000002,.57999998,.62,Male,All IMD Quintiles,East Midlands,All Routes,All Stages,All Ages,All Years
3.5,.58999997,.57999998,.61000001,Male,All IMD Quintiles,East Midlands,All Routes,All Stages,All Ages,All Years
3.75,.57999998,.56,.60000002,Male,All IMD Quintiles,East Midlands,All Routes,All Stages,All Ages,All Years
4,.56999999,.55000001,.58999997,Male,All IMD Quintiles,East Midlands,All Routes,All Stages,All Ages,All Years
4.25,.55000001,.54000002,.56999999,Male,All IMD Quintiles,East Midlands,All Routes,All Stages,All Ages,All Years
4.5,.54000002,.51999998,.56,Male,All IMD Quintiles,East Midlands,All Routes,All Stages,All Ages,All Years
4.75,.54000002,.51999998,.56,Male,All IMD Quintiles,East Midlands,All Routes,All Stages,All Ages,All Years
5,.52999997,.50999999,.55000001,Male,All IMD Quintiles,East Midlands,All Routes,All Stages,All Ages,All Years
0,1,1,1,Male,All IMD Quintiles,East of England,All Routes,All Stages,All Ages,All Years
.25,.93000001,.93000001,.94,Male,All IMD Quintiles,East of England,All Routes,All Stages,All Ages,All Years
.5,.88,.87,.88999999,Male,All IMD Quintiles,East of England,All Routes,All Stages,All Ages,All Years
.75,.83999997,.81999999,.85000002,Male,All IMD Quintiles,East of England,All Routes,All Stages,All Ages,All Years
1,.79000002,.77999997,.80000001,Male,All IMD Quintiles,East of England,All Routes,All Stages,All Ages,All Years
1.25,.75999999,.74000001,.76999998,Male,All IMD Quintiles,East of England,All Routes,All Stages,All Ages,All Years
1.5,.73000002,.72000003,.75,Male,All IMD Quintiles,East of England,All Routes,All Stages,All Ages,All Years
1.75,.70999998,.69,.72000003,Male,All IMD Quintiles,East of England,All Routes,All Stages,All Ages,All Years
2,.69,.67000002,.69999999,Male,All IMD Quintiles,East of England,All Routes,All Stages,All Ages,All Years
2.25,.67000002,.64999998,.68000001,Male,All IMD Quintiles,East of England,All Routes,All Stages,All Ages,All Years
2.5,.64999998,.63999999,.67000002,Male,All IMD Quintiles,East of England,All Routes,All Stages,All Ages,All Years
2.75,.63999999,.62,.64999998,Male,All IMD Quintiles,East of England,All Routes,All Stages,All Ages,All Years
3,.62,.60000002,.63,Male,All IMD Quintiles,East of England,All Routes,All Stages,All Ages,All Years
3.25,.61000001,.58999997,.62,Male,All IMD Quintiles,East of England,All Routes,All Stages,All Ages,All Years
3.5,.60000002,.57999998,.61000001,Male,All IMD Quintiles,East of England,All Routes,All Stages,All Ages,All Years
3.75,.58999997,.56999999,.60000002,Male,All IMD Quintiles,East of England,All Routes,All Stages,All Ages,All Years
4,.57999998,.56,.60000002,Male,All IMD Quintiles,East of England,All Routes,All Stages,All Ages,All Years
4.25,.56999999,.55000001,.57999998,Male,All IMD Quintiles,East of England,All Routes,All Stages,All Ages,All Years
4.5,.55000001,.54000002,.56999999,Male,All IMD Quintiles,East of England,All Routes,All Stages,All Ages,All Years
4.75,.55000001,.52999997,.56999999,Male,All IMD Quintiles,East of England,All Routes,All Stages,All Ages,All Years
5,.54000002,.51999998,.56,Male,All IMD Quintiles,East of England,All Routes,All Stages,All Ages,All Years
0,1,1,1,Male,All IMD Quintiles,London,All Routes,All Stages,All Ages,All Years
.25,.93000001,.92000002,.94,Male,All IMD Quintiles,London,All Routes,All Stages,All Ages,All Years
.5,.87,.86000001,.88,Male,All IMD Quintiles,London,All Routes,All Stages,All Ages,All Years
.75,.81999999,.81,.82999998,Male,All IMD Quintiles,London,All Routes,All Stages,All Ages,All Years
1,.76999998,.75999999,.79000002,Male,All IMD Quintiles,London,All Routes,All Stages,All Ages,All Years
1.25,.74000001,.73000002,.75,Male,All IMD Quintiles,London,All Routes,All Stages,All Ages,All Years
1.5,.70999998,.69999999,.73000002,Male,All IMD Quintiles,London,All Routes,All Stages,All Ages,All Years
1.75,.69,.68000001,.70999998,Male,All IMD Quintiles,London,All Routes,All Stages,All Ages,All Years
2,.67000002,.66000003,.68000001,Male,All IMD Quintiles,London,All Routes,All Stages,All Ages,All Years
2.25,.64999998,.63999999,.67000002,Male,All IMD Quintiles,London,All Routes,All Stages,All Ages,All Years
2.5,.63999999,.62,.64999998,Male,All IMD Quintiles,London,All Routes,All Stages,All Ages,All Years
2.75,.63,.61000001,.63999999,Male,All IMD Quintiles,London,All Routes,All Stages,All Ages,All Years
3,.61000001,.58999997,.62,Male,All IMD Quintiles,London,All Routes,All Stages,All Ages,All Years
3.25,.60000002,.57999998,.61000001,Male,All IMD Quintiles,London,All Routes,All Stages,All Ages,All Years
3.5,.58999997,.56999999,.61000001,Male,All IMD Quintiles,London,All Routes,All Stages,All Ages,All Years
3.75,.57999998,.56,.60000002,Male,All IMD Quintiles,London,All Routes,All Stages,All Ages,All Years
4,.56999999,.56,.58999997,Male,All IMD Quintiles,London,All Routes,All Stages,All Ages,All Years
4.25,.56,.55000001,.57999998,Male,All IMD Quintiles,London,All Routes,All Stages,All Ages,All Years
4.5,.55000001,.52999997,.56999999,Male,All IMD Quintiles,London,All Routes,All Stages,All Ages,All Years
4.75,.54000002,.51999998,.56,Male,All IMD Quintiles,London,All Routes,All Stages,All Ages,All Years
5,.52999997,.50999999,.55000001,Male,All IMD Quintiles,London,All Routes,All Stages,All Ages,All Years
0,1,1,1,Male,All IMD Quintiles,North East,All Routes,All Stages,All Ages,All Years
.25,.92000002,.91000003,.93000001,Male,All IMD Quintiles,North East,All Routes,All Stages,All Ages,All Years
.5,.85000002,.83999997,.87,Male,All IMD Quintiles,North East,All Routes,All Stages,All Ages,All Years
.75,.81,.79000002,.81999999,Male,All IMD Quintiles,North East,All Routes,All Stages,All Ages,All Years
1,.76999998,.75,.77999997,Male,All IMD Quintiles,North East,All Routes,All Stages,All Ages,All Years
1.25,.73000002,.72000003,.75,Male,All IMD Quintiles,North East,All Routes,All Stages,All Ages,All Years
1.5,.70999998,.69,.73000002,Male,All IMD Quintiles,North East,All Routes,All Stages,All Ages,All Years
1.75,.68000001,.66000003,.69999999,Male,All IMD Quintiles,North East,All Routes,All Stages,All Ages,All Years
2,.66000003,.63999999,.68000001,Male,All IMD Quintiles,North East,All Routes,All Stages,All Ages,All Years
2.25,.63999999,.62,.66000003,Male,All IMD Quintiles,North East,All Routes,All Stages,All Ages,All Years
2.5,.62,.61000001,.63999999,Male,All IMD Quintiles,North East,All Routes,All Stages,All Ages,All Years
2.75,.61000001,.58999997,.63,Male,All IMD Quintiles,North East,All Routes,All Stages,All Ages,All Years
3,.60000002,.57999998,.62,Male,All IMD Quintiles,North East,All Routes,All Stages,All Ages,All Years
3.25,.58999997,.56999999,.61000001,Male,All IMD Quintiles,North East,All Routes,All Stages,All Ages,All Years
3.5,.57999998,.56,.60000002,Male,All IMD Quintiles,North East,All Routes,All Stages,All Ages,All Years
3.75,.56999999,.55000001,.58999997,Male,All IMD Quintiles,North East,All Routes,All Stages,All Ages,All Years
4,.56,.54000002,.57999998,Male,All IMD Quintiles,North East,All Routes,All Stages,All Ages,All Years
4.25,.56,.52999997,.57999998,Male,All IMD Quintiles,North East,All Routes,All Stages,All Ages,All Years
4.5,.54000002,.51999998,.56999999,Male,All IMD Quintiles,North East,All Routes,All Stages,All Ages,All Years
4.75,.54000002,.50999999,.56,Male,All IMD Quintiles,North East,All Routes,All Stages,All Ages,All Years
5,.52999997,.50999999,.55000001,Male,All IMD Quintiles,North East,All Routes,All Stages,All Ages,All Years
0,1,1,1,Male,All IMD Quintiles,North West,All Routes,All Stages,All Ages,All Years
.25,.93000001,.92000002,.94,Male,All IMD Quintiles,North West,All Routes,All Stages,All Ages,All Years
.5,.87,.86000001,.88,Male,All IMD Quintiles,North West,All Routes,All Stages,All Ages,All Years
.75,.81999999,.81999999,.82999998,Male,All IMD Quintiles,North West,All Routes,All Stages,All Ages,All Years
1,.77999997,.76999998,.79000002,Male,All IMD Quintiles,North West,All Routes,All Stages,All Ages,All Years
1.25,.75,.74000001,.75999999,Male,All IMD Quintiles,North West,All Routes,All Stages,All Ages,All Years
1.5,.72000003,.70999998,.73000002,Male,All IMD Quintiles,North West,All Routes,All Stages,All Ages,All Years
1.75,.69999999,.69,.70999998,Male,All IMD Quintiles,North West,All Routes,All Stages,All Ages,All Years
2,.68000001,.67000002,.69,Male,All IMD Quintiles,North West,All Routes,All Stages,All Ages,All Years
2.25,.66000003,.63999999,.67000002,Male,All IMD Quintiles,North West,All Routes,All Stages,All Ages,All Years
2.5,.63999999,.63,.64999998,Male,All IMD Quintiles,North West,All Routes,All Stages,All Ages,All Years
2.75,.63,.61000001,.63999999,Male,All IMD Quintiles,North West,All Routes,All Stages,All Ages,All Years
3,.61000001,.60000002,.63,Male,All IMD Quintiles,North West,All Routes,All Stages,All Ages,All Years
3.25,.60000002,.58999997,.61000001,Male,All IMD Quintiles,North West,All Routes,All Stages,All Ages,All Years
3.5,.58999997,.57999998,.60000002,Male,All IMD Quintiles,North West,All Routes,All Stages,All Ages,All Years
3.75,.57999998,.56999999,.58999997,Male,All IMD Quintiles,North West,All Routes,All Stages,All Ages,All Years
4,.56999999,.55000001,.57999998,Male,All IMD Quintiles,North West,All Routes,All Stages,All Ages,All Years
4.25,.56,.54000002,.56999999,Male,All IMD Quintiles,North West,All Routes,All Stages,All Ages,All Years
4.5,.55000001,.54000002,.56,Male,All IMD Quintiles,North West,All Routes,All Stages,All Ages,All Years
4.75,.54000002,.51999998,.55000001,Male,All IMD Quintiles,North West,All Routes,All Stages,All Ages,All Years
5,.52999997,.50999999,.54000002,Male,All IMD Quintiles,North West,All Routes,All Stages,All Ages,All Years
0,1,1,1,Male,All IMD Quintiles,South East,All Routes,All Stages,All Ages,All Years
.25,.94,.93000001,.94,Male,All IMD Quintiles,South East,All Routes,All Stages,All Ages,All Years
.5,.88,.88,.88999999,Male,All IMD Quintiles,South East,All Routes,All Stages,All Ages,All Years
.75,.83999997,.82999998,.85000002,Male,All IMD Quintiles,South East,All Routes,All Stages,All Ages,All Years
1,.80000001,.79000002,.81,Male,All IMD Quintiles,South East,All Routes,All Stages,All Ages,All Years
1.25,.76999998,.75999999,.77999997,Male,All IMD Quintiles,South East,All Routes,All Stages,All Ages,All Years
1.5,.74000001,.73000002,.75999999,Male,All IMD Quintiles,South East,All Routes,All Stages,All Ages,All Years
1.75,.72000003,.70999998,.73000002,Male,All IMD Quintiles,South East,All Routes,All Stages,All Ages,All Years
2,.69999999,.69,.70999998,Male,All IMD Quintiles,South East,All Routes,All Stages,All Ages,All Years
2.25,.68000001,.67000002,.69,Male,All IMD Quintiles,South East,All Routes,All Stages,All Ages,All Years
2.5,.67000002,.64999998,.68000001,Male,All IMD Quintiles,South East,All Routes,All Stages,All Ages,All Years
2.75,.64999998,.63999999,.67000002,Male,All IMD Quintiles,South East,All Routes,All Stages,All Ages,All Years
3,.63999999,.63,.64999998,Male,All IMD Quintiles,South East,All Routes,All Stages,All Ages,All Years
3.25,.63,.62,.63999999,Male,All IMD Quintiles,South East,All Routes,All Stages,All Ages,All Years
3.5,.62,.61000001,.63,Male,All IMD Quintiles,South East,All Routes,All Stages,All Ages,All Years
3.75,.61000001,.60000002,.62,Male,All IMD Quintiles,South East,All Routes,All Stages,All Ages,All Years
4,.60000002,.58999997,.61000001,Male,All IMD Quintiles,South East,All Routes,All Stages,All Ages,All Years
4.25,.58999997,.57999998,.60000002,Male,All IMD Quintiles,South East,All Routes,All Stages,All Ages,All Years
4.5,.57999998,.56999999,.60000002,Male,All IMD Quintiles,South East,All Routes,All Stages,All Ages,All Years
4.75,.56999999,.56,.58999997,Male,All IMD Quintiles,South East,All Routes,All Stages,All Ages,All Years
5,.56,.55000001,.57999998,Male,All IMD Quintiles,South East,All Routes,All Stages,All Ages,All Years
0,1,1,1,Male,All IMD Quintiles,South West,All Routes,All Stages,All Ages,All Years
.25,.94,.93000001,.94999999,Male,All IMD Quintiles,South West,All Routes,All Stages,All Ages,All Years
.5,.88999999,.88,.89999998,Male,All IMD Quintiles,South West,All Routes,All Stages,All Ages,All Years
.75,.85000002,.83999997,.86000001,Male,All IMD Quintiles,South West,All Routes,All Stages,All Ages,All Years
1,.81,.80000001,.82999998,Male,All IMD Quintiles,South West,All Routes,All Stages,All Ages,All Years
1.25,.77999997,.76999998,.80000001,Male,All IMD Quintiles,South West,All Routes,All Stages,All Ages,All Years
1.5,.75999999,.75,.76999998,Male,All IMD Quintiles,South West,All Routes,All Stages,All Ages,All Years
1.75,.74000001,.73000002,.75,Male,All IMD Quintiles,South West,All Routes,All Stages,All Ages,All Years
2,.72000003,.69999999,.73000002,Male,All IMD Quintiles,South West,All Routes,All Stages,All Ages,All Years
2.25,.69999999,.68000001,.70999998,Male,All IMD Quintiles,South West,All Routes,All Stages,All Ages,All Years
2.5,.68000001,.67000002,.69999999,Male,All IMD Quintiles,South West,All Routes,All Stages,All Ages,All Years
2.75,.66000003,.64999998,.68000001,Male,All IMD Quintiles,South West,All Routes,All Stages,All Ages,All Years
3,.64999998,.63999999,.67000002,Male,All IMD Quintiles,South West,All Routes,All Stages,All Ages,All Years
3.25,.63999999,.62,.64999998,Male,All IMD Quintiles,South West,All Routes,All Stages,All Ages,All Years
3.5,.63,.61000001,.63999999,Male,All IMD Quintiles,South West,All Routes,All Stages,All Ages,All Years
3.75,.62,.60000002,.63,Male,All IMD Quintiles,South West,All Routes,All Stages,All Ages,All Years
4,.61000001,.58999997,.62,Male,All IMD Quintiles,South West,All Routes,All Stages,All Ages,All Years
4.25,.60000002,.57999998,.61000001,Male,All IMD Quintiles,South West,All Routes,All Stages,All Ages,All Years
4.5,.58999997,.56999999,.60000002,Male,All IMD Quintiles,South West,All Routes,All Stages,All Ages,All Years
4.75,.57999998,.56,.60000002,Male,All IMD Quintiles,South West,All Routes,All Stages,All Ages,All Years
5,.56999999,.55000001,.57999998,Male,All IMD Quintiles,South West,All Routes,All Stages,All Ages,All Years
0,1,1,1,Male,All IMD Quintiles,West Midlands,All Routes,All Stages,All Ages,All Years
.25,.91000003,.91000003,.92000002,Male,All IMD Quintiles,West Midlands,All Routes,All Stages,All Ages,All Years
.5,.85000002,.83999997,.86000001,Male,All IMD Quintiles,West Midlands,All Routes,All Stages,All Ages,All Years
.75,.80000001,.79000002,.81,Male,All IMD Quintiles,West Midlands,All Routes,All Stages,All Ages,All Years
1,.76999998,.75,.77999997,Male,All IMD Quintiles,West Midlands,All Routes,All Stages,All Ages,All Years
1.25,.73000002,.72000003,.74000001,Male,All IMD Quintiles,West Midlands,All Routes,All Stages,All Ages,All Years
1.5,.69999999,.69,.72000003,Male,All IMD Quintiles,West Midlands,All Routes,All Stages,All Ages,All Years
1.75,.68000001,.67000002,.69999999,Male,All IMD Quintiles,West Midlands,All Routes,All Stages,All Ages,All Years
2,.67000002,.64999998,.68000001,Male,All IMD Quintiles,West Midlands,All Routes,All Stages,All Ages,All Years
2.25,.64999998,.63,.66000003,Male,All IMD Quintiles,West Midlands,All Routes,All Stages,All Ages,All Years
2.5,.63,.62,.64999998,Male,All IMD Quintiles,West Midlands,All Routes,All Stages,All Ages,All Years
2.75,.61000001,.60000002,.63,Male,All IMD Quintiles,West Midlands,All Routes,All Stages,All Ages,All Years
3,.60000002,.57999998,.61000001,Male,All IMD Quintiles,West Midlands,All Routes,All Stages,All Ages,All Years
3.25,.57999998,.56999999,.60000002,Male,All IMD Quintiles,West Midlands,All Routes,All Stages,All Ages,All Years
3.5,.56999999,.56,.58999997,Male,All IMD Quintiles,West Midlands,All Routes,All Stages,All Ages,All Years
3.75,.56,.54000002,.57999998,Male,All IMD Quintiles,West Midlands,All Routes,All Stages,All Ages,All Years
4,.55000001,.52999997,.56,Male,All IMD Quintiles,West Midlands,All Routes,All Stages,All Ages,All Years
4.25,.52999997,.51999998,.55000001,Male,All IMD Quintiles,West Midlands,All Routes,All Stages,All Ages,All Years
4.5,.51999998,.50999999,.54000002,Male,All IMD Quintiles,West Midlands,All Routes,All Stages,All Ages,All Years
4.75,.51999998,.5,.54000002,Male,All IMD Quintiles,West Midlands,All Routes,All Stages,All Ages,All Years
5,.50999999,.49000001,.52999997,Male,All IMD Quintiles,West Midlands,All Routes,All Stages,All Ages,All Years
0,1,1,1,Male,All IMD Quintiles,Yorkshire and The Humber,All Routes,All Stages,All Ages,All Years
.25,.92000002,.91000003,.93000001,Male,All IMD Quintiles,Yorkshire and The Humber,All Routes,All Stages,All Ages,All Years
.5,.86000001,.85000002,.87,Male,All IMD Quintiles,Yorkshire and The Humber,All Routes,All Stages,All Ages,All Years
.75,.81999999,.80000001,.82999998,Male,All IMD Quintiles,Yorkshire and The Humber,All Routes,All Stages,All Ages,All Years
1,.76999998,.75999999,.79000002,Male,All IMD Quintiles,Yorkshire and The Humber,All Routes,All Stages,All Ages,All Years
1.25,.75,.73000002,.75999999,Male,All IMD Quintiles,Yorkshire and The Humber,All Routes,All Stages,All Ages,All Years
1.5,.72000003,.70999998,.73000002,Male,All IMD Quintiles,Yorkshire and The Humber,All Routes,All Stages,All Ages,All Years
1.75,.69999999,.69,.70999998,Male,All IMD Quintiles,Yorkshire and The Humber,All Routes,All Stages,All Ages,All Years
2,.68000001,.67000002,.69,Male,All IMD Quintiles,Yorkshire and The Humber,All Routes,All Stages,All Ages,All Years
2.25,.66000003,.64999998,.68000001,Male,All IMD Quintiles,Yorkshire and The Humber,All Routes,All Stages,All Ages,All Years
2.5,.63999999,.63,.66000003,Male,All IMD Quintiles,Yorkshire and The Humber,All Routes,All Stages,All Ages,All Years
2.75,.63,.61000001,.63999999,Male,All IMD Quintiles,Yorkshire and The Humber,All Routes,All Stages,All Ages,All Years
3,.61000001,.60000002,.63,Male,All IMD Quintiles,Yorkshire and The Humber,All Routes,All Stages,All Ages,All Years
3.25,.60000002,.58999997,.62,Male,All IMD Quintiles,Yorkshire and The Humber,All Routes,All Stages,All Ages,All Years
3.5,.58999997,.57999998,.61000001,Male,All IMD Quintiles,Yorkshire and The Humber,All Routes,All Stages,All Ages,All Years
3.75,.57999998,.56999999,.60000002,Male,All IMD Quintiles,Yorkshire and The Humber,All Routes,All Stages,All Ages,All Years
4,.56999999,.55000001,.57999998,Male,All IMD Quintiles,Yorkshire and The Humber,All Routes,All Stages,All Ages,All Years
4.25,.56,.54000002,.56999999,Male,All IMD Quintiles,Yorkshire and The Humber,All Routes,All Stages,All Ages,All Years
4.5,.55000001,.52999997,.56,Male,All IMD Quintiles,Yorkshire and The Humber,All Routes,All Stages,All Ages,All Years
4.75,.54000002,.51999998,.56,Male,All IMD Quintiles,Yorkshire and The Humber,All Routes,All Stages,All Ages,All Years
5,.52999997,.50999999,.55000001,Male,All IMD Quintiles,Yorkshire and The Humber,All Routes,All Stages,All Ages,All Years
0,1,1,1,Male,All IMD Quintiles,All Regions,Emergency,All Stages,All Ages,All Years
.25,.69999999,.68000001,.73000002,Male,All IMD Quintiles,All Regions,Emergency,All Stages,All Ages,All Years
.5,.57999998,.56,.61000001,Male,All IMD Quintiles,All Regions,Emergency,All Stages,All Ages,All Years
.75,.5,.47,.52999997,Male,All IMD Quintiles,All Regions,Emergency,All Stages,All Ages,All Years
1,.44,.41999999,.47,Male,All IMD Quintiles,All Regions,Emergency,All Stages,All Ages,All Years
1.25,.41,.38,.43000001,Male,All IMD Quintiles,All Regions,Emergency,All Stages,All Ages,All Years
1.5,.37,.34999999,.40000001,Male,All IMD Quintiles,All Regions,Emergency,All Stages,All Ages,All Years
1.75,.34999999,.33000001,.38,Male,All IMD Quintiles,All Regions,Emergency,All Stages,All Ages,All Years
2,.34,.31,.36000001,Male,All IMD Quintiles,All Regions,Emergency,All Stages,All Ages,All Years
2.25,.31999999,.30000001,.34,Male,All IMD Quintiles,All Regions,Emergency,All Stages,All Ages,All Years
2.5,.31,.28,.33000001,Male,All IMD Quintiles,All Regions,Emergency,All Stages,All Ages,All Years
2.75,.30000001,.27000001,.31999999,Male,All IMD Quintiles,All Regions,Emergency,All Stages,All Ages,All Years
3,.28999999,.25999999,.31,Male,All IMD Quintiles,All Regions,Emergency,All Stages,All Ages,All Years
3.25,.28,.25999999,.30000001,Male,All IMD Quintiles,All Regions,Emergency,All Stages,All Ages,All Years
3.5,.27000001,.25,.28999999,Male,All IMD Quintiles,All Regions,Emergency,All Stages,All Ages,All Years
3.75,.27000001,.23999999,.28999999,Male,All IMD Quintiles,All Regions,Emergency,All Stages,All Ages,All Years
4,.25999999,.23999999,.28,Male,All IMD Quintiles,All Regions,Emergency,All Stages,All Ages,All Years
4.25,.25,.23,.28,Male,All IMD Quintiles,All Regions,Emergency,All Stages,All Ages,All Years
4.5,.25,.23,.27000001,Male,All IMD Quintiles,All Regions,Emergency,All Stages,All Ages,All Years
4.75,.25,.22,.27000001,Male,All IMD Quintiles,All Regions,Emergency,All Stages,All Ages,All Years
5,.23999999,.22,.27000001,Male,All IMD Quintiles,All Regions,Emergency,All Stages,All Ages,All Years
0,1,1,1,Male,All IMD Quintiles,All Regions,Non-emergency,All Stages,All Ages,All Years
.25,.94999999,.94999999,.95999998,Male,All IMD Quintiles,All Regions,Non-emergency,All Stages,All Ages,All Years
.5,.89999998,.89999998,.91000003,Male,All IMD Quintiles,All Regions,Non-emergency,All Stages,All Ages,All Years
.75,.86000001,.85000002,.86000001,Male,All IMD Quintiles,All Regions,Non-emergency,All Stages,All Ages,All Years
1,.81999999,.81,.81999999,Male,All IMD Quintiles,All Regions,Non-emergency,All Stages,All Ages,All Years
1.25,.77999997,.77999997,.79000002,Male,All IMD Quintiles,All Regions,Non-emergency,All Stages,All Ages,All Years
1.5,.75999999,.75,.75999999,Male,All IMD Quintiles,All Regions,Non-emergency,All Stages,All Ages,All Years
1.75,.73000002,.73000002,.74000001,Male,All IMD Quintiles,All Regions,Non-emergency,All Stages,All Ages,All Years
2,.70999998,.70999998,.72000003,Male,All IMD Quintiles,All Regions,Non-emergency,All Stages,All Ages,All Years
2.25,.69,.69,.69999999,Male,All IMD Quintiles,All Regions,Non-emergency,All Stages,All Ages,All Years
2.5,.67000002,.67000002,.68000001,Male,All IMD Quintiles,All Regions,Non-emergency,All Stages,All Ages,All Years
2.75,.66000003,.64999998,.67000002,Male,All IMD Quintiles,All Regions,Non-emergency,All Stages,All Ages,All Years
3,.63999999,.63999999,.64999998,Male,All IMD Quintiles,All Regions,Non-emergency,All Stages,All Ages,All Years
3.25,.63,.63,.63999999,Male,All IMD Quintiles,All Regions,Non-emergency,All Stages,All Ages,All Years
3.5,.62,.62,.63,Male,All IMD Quintiles,All Regions,Non-emergency,All Stages,All Ages,All Years
3.75,.61000001,.61000001,.62,Male,All IMD Quintiles,All Regions,Non-emergency,All Stages,All Ages,All Years
4,.60000002,.58999997,.61000001,Male,All IMD Quintiles,All Regions,Non-emergency,All Stages,All Ages,All Years
4.25,.58999997,.57999998,.60000002,Male,All IMD Quintiles,All Regions,Non-emergency,All Stages,All Ages,All Years
4.5,.57999998,.56999999,.58999997,Male,All IMD Quintiles,All Regions,Non-emergency,All Stages,All Ages,All Years
4.75,.56999999,.56,.57999998,Male,All IMD Quintiles,All Regions,Non-emergency,All Stages,All Ages,All Years
5,.56,.55000001,.56999999,Male,All IMD Quintiles,All Regions,Non-emergency,All Stages,All Ages,All Years
0,1,1,1,Male,All IMD Quintiles,All Regions,All Routes,Early,All Ages,All Years
.25,.99000001,.99000001,.99000001,Male,All IMD Quintiles,All Regions,All Routes,Early,All Ages,All Years
.5,.97000003,.97000003,.98000002,Male,All IMD Quintiles,All Regions,All Routes,Early,All Ages,All Years
.75,.95999998,.94999999,.95999998,Male,All IMD Quintiles,All Regions,All Routes,Early,All Ages,All Years
1,.94,.94,.94,Male,All IMD Quintiles,All Regions,All Routes,Early,All Ages,All Years
1.25,.92000002,.92000002,.93000001,Male,All IMD Quintiles,All Regions,All Routes,Early,All Ages,All Years
1.5,.91000003,.89999998,.91000003,Male,All IMD Quintiles,All Regions,All Routes,Early,All Ages,All Years
1.75,.88999999,.88,.89999998,Male,All IMD Quintiles,All Regions,All Routes,Early,All Ages,All Years
2,.87,.87,.88,Male,All IMD Quintiles,All Regions,All Routes,Early,All Ages,All Years
2.25,.86000001,.85000002,.86000001,Male,All IMD Quintiles,All Regions,All Routes,Early,All Ages,All Years
2.5,.83999997,.83999997,.85000002,Male,All IMD Quintiles,All Regions,All Routes,Early,All Ages,All Years
2.75,.82999998,.81999999,.83999997,Male,All IMD Quintiles,All Regions,All Routes,Early,All Ages,All Years
3,.81999999,.81,.81999999,Male,All IMD Quintiles,All Regions,All Routes,Early,All Ages,All Years
3.25,.80000001,.80000001,.81,Male,All IMD Quintiles,All Regions,All Routes,Early,All Ages,All Years
3.5,.79000002,.79000002,.80000001,Male,All IMD Quintiles,All Regions,All Routes,Early,All Ages,All Years
3.75,.77999997,.76999998,.79000002,Male,All IMD Quintiles,All Regions,All Routes,Early,All Ages,All Years
4,.76999998,.75999999,.77999997,Male,All IMD Quintiles,All Regions,All Routes,Early,All Ages,All Years
4.25,.75999999,.75,.75999999,Male,All IMD Quintiles,All Regions,All Routes,Early,All Ages,All Years
4.5,.74000001,.73000002,.75,Male,All IMD Quintiles,All Regions,All Routes,Early,All Ages,All Years
4.75,.73000002,.72000003,.74000001,Male,All IMD Quintiles,All Regions,All Routes,Early,All Ages,All Years
5,.72000003,.70999998,.73000002,Male,All IMD Quintiles,All Regions,All Routes,Early,All Ages,All Years
0,1,1,1,Male,All IMD Quintiles,All Regions,All Routes,Advanced,All Ages,All Years
.25,.91000003,.91000003,.92000002,Male,All IMD Quintiles,All Regions,All Routes,Advanced,All Ages,All Years
.5,.82999998,.82999998,.83999997,Male,All IMD Quintiles,All Regions,All Routes,Advanced,All Ages,All Years
.75,.76999998,.75999999,.76999998,Male,All IMD Quintiles,All Regions,All Routes,Advanced,All Ages,All Years
1,.70999998,.69999999,.72000003,Male,All IMD Quintiles,All Regions,All Routes,Advanced,All Ages,All Years
1.25,.67000002,.66000003,.67000002,Male,All IMD Quintiles,All Regions,All Routes,Advanced,All Ages,All Years
1.5,.63999999,.63,.63999999,Male,All IMD Quintiles,All Regions,All Routes,Advanced,All Ages,All Years
1.75,.61000001,.60000002,.61000001,Male,All IMD Quintiles,All Regions,All Routes,Advanced,All Ages,All Years
2,.57999998,.57999998,.58999997,Male,All IMD Quintiles,All Regions,All Routes,Advanced,All Ages,All Years
2.25,.56,.56,.56999999,Male,All IMD Quintiles,All Regions,All Routes,Advanced,All Ages,All Years
2.5,.55000001,.54000002,.55000001,Male,All IMD Quintiles,All Regions,All Routes,Advanced,All Ages,All Years
2.75,.52999997,.51999998,.54000002,Male,All IMD Quintiles,All Regions,All Routes,Advanced,All Ages,All Years
3,.51999998,.50999999,.51999998,Male,All IMD Quintiles,All Regions,All Routes,Advanced,All Ages,All Years
3.25,.5,.5,.50999999,Male,All IMD Quintiles,All Regions,All Routes,Advanced,All Ages,All Years
3.5,.5,.49000001,.5,Male,All IMD Quintiles,All Regions,All Routes,Advanced,All Ages,All Years
3.75,.49000001,.47999999,.49000001,Male,All IMD Quintiles,All Regions,All Routes,Advanced,All Ages,All Years
4,.47999999,.47,.47999999,Male,All IMD Quintiles,All Regions,All Routes,Advanced,All Ages,All Years
4.25,.47,.46000001,.47,Male,All IMD Quintiles,All Regions,All Routes,Advanced,All Ages,All Years
4.5,.46000001,.44999999,.47,Male,All IMD Quintiles,All Regions,All Routes,Advanced,All Ages,All Years
4.75,.44999999,.44,.46000001,Male,All IMD Quintiles,All Regions,All Routes,Advanced,All Ages,All Years
5,.44,.44,.44999999,Male,All IMD Quintiles,All Regions,All Routes,Advanced,All Ages,All Years
0,1,1,1,Male,All IMD Quintiles,All Regions,All Routes,All Stages,0-49,All Years
.25,.98000002,.97000003,.98000002,Male,All IMD Quintiles,All Regions,All Routes,All Stages,0-49,All Years
.5,.94999999,.94,.94999999,Male,All IMD Quintiles,All Regions,All Routes,All Stages,0-49,All Years
.75,.92000002,.91000003,.93000001,Male,All IMD Quintiles,All Regions,All Routes,All Stages,0-49,All Years
1,.88999999,.88,.89999998,Male,All IMD Quintiles,All Regions,All Routes,All Stages,0-49,All Years
1.25,.87,.86000001,.88,Male,All IMD Quintiles,All Regions,All Routes,All Stages,0-49,All Years
1.5,.85000002,.83999997,.86000001,Male,All IMD Quintiles,All Regions,All Routes,All Stages,0-49,All Years
1.75,.82999998,.81999999,.85000002,Male,All IMD Quintiles,All Regions,All Routes,All Stages,0-49,All Years
2,.81999999,.81,.82999998,Male,All IMD Quintiles,All Regions,All Routes,All Stages,0-49,All Years
2.25,.81,.80000001,.81999999,Male,All IMD Quintiles,All Regions,All Routes,All Stages,0-49,All Years
2.5,.80000001,.77999997,.81,Male,All IMD Quintiles,All Regions,All Routes,All Stages,0-49,All Years
2.75,.79000002,.76999998,.80000001,Male,All IMD Quintiles,All Regions,All Routes,All Stages,0-49,All Years
3,.77999997,.75999999,.79000002,Male,All IMD Quintiles,All Regions,All Routes,All Stages,0-49,All Years
3.25,.76999998,.75999999,.77999997,Male,All IMD Quintiles,All Regions,All Routes,All Stages,0-49,All Years
3.5,.75999999,.75,.77999997,Male,All IMD Quintiles,All Regions,All Routes,All Stages,0-49,All Years
3.75,.75999999,.74000001,.76999998,Male,All IMD Quintiles,All Regions,All Routes,All Stages,0-49,All Years
4,.75,.74000001,.76999998,Male,All IMD Quintiles,All Regions,All Routes,All Stages,0-49,All Years
4.25,.75,.73000002,.75999999,Male,All IMD Quintiles,All Regions,All Routes,All Stages,0-49,All Years
4.5,.74000001,.73000002,.75999999,Male,All IMD Quintiles,All Regions,All Routes,All Stages,0-49,All Years
4.75,.74000001,.72000003,.75,Male,All IMD Quintiles,All Regions,All Routes,All Stages,0-49,All Years
5,.74000001,.72000003,.75,Male,All IMD Quintiles,All Regions,All Routes,All Stages,0-49,All Years
0,1,1,1,Male,All IMD Quintiles,All Regions,All Routes,All Stages,50-54,All Years
.25,.97000003,.95999998,.97000003,Male,All IMD Quintiles,All Regions,All Routes,All Stages,50-54,All Years
.5,.93000001,.92000002,.94,Male,All IMD Quintiles,All Regions,All Routes,All Stages,50-54,All Years
.75,.89999998,.88999999,.89999998,Male,All IMD Quintiles,All Regions,All Routes,All Stages,50-54,All Years
1,.86000001,.85000002,.87,Male,All IMD Quintiles,All Regions,All Routes,All Stages,50-54,All Years
1.25,.83999997,.82999998,.85000002,Male,All IMD Quintiles,All Regions,All Routes,All Stages,50-54,All Years
1.5,.81999999,.81,.82999998,Male,All IMD Quintiles,All Regions,All Routes,All Stages,50-54,All Years
1.75,.80000001,.79000002,.81,Male,All IMD Quintiles,All Regions,All Routes,All Stages,50-54,All Years
2,.79000002,.76999998,.80000001,Male,All IMD Quintiles,All Regions,All Routes,All Stages,50-54,All Years
2.25,.76999998,.75999999,.77999997,Male,All IMD Quintiles,All Regions,All Routes,All Stages,50-54,All Years
2.5,.75999999,.75,.77999997,Male,All IMD Quintiles,All Regions,All Routes,All Stages,50-54,All Years
2.75,.75,.74000001,.76999998,Male,All IMD Quintiles,All Regions,All Routes,All Stages,50-54,All Years
3,.74000001,.73000002,.75999999,Male,All IMD Quintiles,All Regions,All Routes,All Stages,50-54,All Years
3.25,.74000001,.72000003,.75,Male,All IMD Quintiles,All Regions,All Routes,All Stages,50-54,All Years
3.5,.73000002,.72000003,.74000001,Male,All IMD Quintiles,All Regions,All Routes,All Stages,50-54,All Years
3.75,.72000003,.70999998,.74000001,Male,All IMD Quintiles,All Regions,All Routes,All Stages,50-54,All Years
4,.70999998,.69999999,.73000002,Male,All IMD Quintiles,All Regions,All Routes,All Stages,50-54,All Years
4.25,.70999998,.69,.72000003,Male,All IMD Quintiles,All Regions,All Routes,All Stages,50-54,All Years
4.5,.69,.68000001,.70999998,Male,All IMD Quintiles,All Regions,All Routes,All Stages,50-54,All Years
4.75,.69,.67000002,.69999999,Male,All IMD Quintiles,All Regions,All Routes,All Stages,50-54,All Years
5,.68000001,.67000002,.69999999,Male,All IMD Quintiles,All Regions,All Routes,All Stages,50-54,All Years
0,1,1,1,Male,All IMD Quintiles,All Regions,All Routes,All Stages,55-59,All Years
.25,.95999998,.95999998,.97000003,Male,All IMD Quintiles,All Regions,All Routes,All Stages,55-59,All Years
.5,.92000002,.92000002,.93000001,Male,All IMD Quintiles,All Regions,All Routes,All Stages,55-59,All Years
.75,.88999999,.88,.88999999,Male,All IMD Quintiles,All Regions,All Routes,All Stages,55-59,All Years
1,.85000002,.83999997,.86000001,Male,All IMD Quintiles,All Regions,All Routes,All Stages,55-59,All Years
1.25,.82999998,.81999999,.83999997,Male,All IMD Quintiles,All Regions,All Routes,All Stages,55-59,All Years
1.5,.81,.80000001,.81999999,Male,All IMD Quintiles,All Regions,All Routes,All Stages,55-59,All Years
1.75,.79000002,.77999997,.80000001,Male,All IMD Quintiles,All Regions,All Routes,All Stages,55-59,All Years
2,.76999998,.75999999,.77999997,Male,All IMD Quintiles,All Regions,All Routes,All Stages,55-59,All Years
2.25,.75,.74000001,.75999999,Male,All IMD Quintiles,All Regions,All Routes,All Stages,55-59,All Years
2.5,.73000002,.72000003,.75,Male,All IMD Quintiles,All Regions,All Routes,All Stages,55-59,All Years
2.75,.72000003,.70999998,.73000002,Male,All IMD Quintiles,All Regions,All Routes,All Stages,55-59,All Years
3,.70999998,.69999999,.72000003,Male,All IMD Quintiles,All Regions,All Routes,All Stages,55-59,All Years
3.25,.69999999,.69,.70999998,Male,All IMD Quintiles,All Regions,All Routes,All Stages,55-59,All Years
3.5,.69,.68000001,.69999999,Male,All IMD Quintiles,All Regions,All Routes,All Stages,55-59,All Years
3.75,.68000001,.67000002,.69,Male,All IMD Quintiles,All Regions,All Routes,All Stages,55-59,All Years
4,.67000002,.66000003,.69,Male,All IMD Quintiles,All Regions,All Routes,All Stages,55-59,All Years
4.25,.66000003,.64999998,.68000001,Male,All IMD Quintiles,All Regions,All Routes,All Stages,55-59,All Years
4.5,.66000003,.63999999,.67000002,Male,All IMD Quintiles,All Regions,All Routes,All Stages,55-59,All Years
4.75,.63999999,.63,.66000003,Male,All IMD Quintiles,All Regions,All Routes,All Stages,55-59,All Years
5,.63999999,.62,.64999998,Male,All IMD Quintiles,All Regions,All Routes,All Stages,55-59,All Years
0,1,1,1,Male,All IMD Quintiles,All Regions,All Routes,All Stages,60-64,All Years
.25,.94999999,.94,.95999998,Male,All IMD Quintiles,All Regions,All Routes,All Stages,60-64,All Years
.5,.89999998,.89999998,.91000003,Male,All IMD Quintiles,All Regions,All Routes,All Stages,60-64,All Years
.75,.86000001,.85000002,.87,Male,All IMD Quintiles,All Regions,All Routes,All Stages,60-64,All Years
1,.81999999,.81,.82999998,Male,All IMD Quintiles,All Regions,All Routes,All Stages,60-64,All Years
1.25,.79000002,.77999997,.80000001,Male,All IMD Quintiles,All Regions,All Routes,All Stages,60-64,All Years
1.5,.76999998,.75999999,.77999997,Male,All IMD Quintiles,All Regions,All Routes,All Stages,60-64,All Years
1.75,.75,.74000001,.75999999,Male,All IMD Quintiles,All Regions,All Routes,All Stages,60-64,All Years
2,.73000002,.72000003,.74000001,Male,All IMD Quintiles,All Regions,All Routes,All Stages,60-64,All Years
2.25,.70999998,.69999999,.72000003,Male,All IMD Quintiles,All Regions,All Routes,All Stages,60-64,All Years
2.5,.69,.68000001,.69999999,Male,All IMD Quintiles,All Regions,All Routes,All Stages,60-64,All Years
2.75,.68000001,.67000002,.69,Male,All IMD Quintiles,All Regions,All Routes,All Stages,60-64,All Years
3,.67000002,.64999998,.68000001,Male,All IMD Quintiles,All Regions,All Routes,All Stages,60-64,All Years
3.25,.64999998,.63999999,.67000002,Male,All IMD Quintiles,All Regions,All Routes,All Stages,60-64,All Years
3.5,.63999999,.63,.66000003,Male,All IMD Quintiles,All Regions,All Routes,All Stages,60-64,All Years
3.75,.63,.62,.64999998,Male,All IMD Quintiles,All Regions,All Routes,All Stages,60-64,All Years
4,.62,.61000001,.63999999,Male,All IMD Quintiles,All Regions,All Routes,All Stages,60-64,All Years
4.25,.62,.60000002,.63,Male,All IMD Quintiles,All Regions,All Routes,All Stages,60-64,All Years
4.5,.61000001,.58999997,.62,Male,All IMD Quintiles,All Regions,All Routes,All Stages,60-64,All Years
4.75,.60000002,.57999998,.61000001,Male,All IMD Quintiles,All Regions,All Routes,All Stages,60-64,All Years
5,.58999997,.56999999,.60000002,Male,All IMD Quintiles,All Regions,All Routes,All Stages,60-64,All Years
0,1,1,1,Male,All IMD Quintiles,All Regions,All Routes,All Stages,65-69,All Years
.25,.93000001,.93000001,.94,Male,All IMD Quintiles,All Regions,All Routes,All Stages,65-69,All Years
.5,.88,.87,.88999999,Male,All IMD Quintiles,All Regions,All Routes,All Stages,65-69,All Years
.75,.82999998,.81999999,.83999997,Male,All IMD Quintiles,All Regions,All Routes,All Stages,65-69,All Years
1,.79000002,.77999997,.80000001,Male,All IMD Quintiles,All Regions,All Routes,All Stages,65-69,All Years
1.25,.75,.74000001,.75999999,Male,All IMD Quintiles,All Regions,All Routes,All Stages,65-69,All Years
1.5,.73000002,.70999998,.74000001,Male,All IMD Quintiles,All Regions,All Routes,All Stages,65-69,All Years
1.75,.69999999,.69,.70999998,Male,All IMD Quintiles,All Regions,All Routes,All Stages,65-69,All Years
2,.68000001,.67000002,.69,Male,All IMD Quintiles,All Regions,All Routes,All Stages,65-69,All Years
2.25,.66000003,.64999998,.67000002,Male,All IMD Quintiles,All Regions,All Routes,All Stages,65-69,All Years
2.5,.63999999,.63,.66000003,Male,All IMD Quintiles,All Regions,All Routes,All Stages,65-69,All Years
2.75,.63,.62,.63999999,Male,All IMD Quintiles,All Regions,All Routes,All Stages,65-69,All Years
3,.62,.60000002,.63,Male,All IMD Quintiles,All Regions,All Routes,All Stages,65-69,All Years
3.25,.61000001,.58999997,.62,Male,All IMD Quintiles,All Regions,All Routes,All Stages,65-69,All Years
3.5,.58999997,.57999998,.61000001,Male,All IMD Quintiles,All Regions,All Routes,All Stages,65-69,All Years
3.75,.57999998,.56999999,.60000002,Male,All IMD Quintiles,All Regions,All Routes,All Stages,65-69,All Years
4,.56999999,.56,.58999997,Male,All IMD Quintiles,All Regions,All Routes,All Stages,65-69,All Years
4.25,.56,.55000001,.57999998,Male,All IMD Quintiles,All Regions,All Routes,All Stages,65-69,All Years
4.5,.55000001,.54000002,.56999999,Male,All IMD Quintiles,All Regions,All Routes,All Stages,65-69,All Years
4.75,.54000002,.52999997,.56,Male,All IMD Quintiles,All Regions,All Routes,All Stages,65-69,All Years
5,.52999997,.51999998,.55000001,Male,All IMD Quintiles,All Regions,All Routes,All Stages,65-69,All Years
0,1,1,1,Male,All IMD Quintiles,All Regions,All Routes,All Stages,70-74,All Years
.25,.91000003,.91000003,.92000002,Male,All IMD Quintiles,All Regions,All Routes,All Stages,70-74,All Years
.5,.85000002,.83999997,.85000002,Male,All IMD Quintiles,All Regions,All Routes,All Stages,70-74,All Years
.75,.79000002,.77999997,.80000001,Male,All IMD Quintiles,All Regions,All Routes,All Stages,70-74,All Years
1,.75,.74000001,.75999999,Male,All IMD Quintiles,All Regions,All Routes,All Stages,70-74,All Years
1.25,.70999998,.69999999,.72000003,Male,All IMD Quintiles,All Regions,All Routes,All Stages,70-74,All Years
1.5,.68000001,.67000002,.69,Male,All IMD Quintiles,All Regions,All Routes,All Stages,70-74,All Years
1.75,.66000003,.64999998,.67000002,Male,All IMD Quintiles,All Regions,All Routes,All Stages,70-74,All Years
2,.63999999,.62,.64999998,Male,All IMD Quintiles,All Regions,All Routes,All Stages,70-74,All Years
2.25,.61000001,.60000002,.63,Male,All IMD Quintiles,All Regions,All Routes,All Stages,70-74,All Years
2.5,.58999997,.57999998,.60000002,Male,All IMD Quintiles,All Regions,All Routes,All Stages,70-74,All Years
2.75,.56999999,.56,.58999997,Male,All IMD Quintiles,All Regions,All Routes,All Stages,70-74,All Years
3,.55000001,.54000002,.56999999,Male,All IMD Quintiles,All Regions,All Routes,All Stages,70-74,All Years
3.25,.54000002,.51999998,.55000001,Male,All IMD Quintiles,All Regions,All Routes,All Stages,70-74,All Years
3.5,.52999997,.51999998,.54000002,Male,All IMD Quintiles,All Regions,All Routes,All Stages,70-74,All Years
3.75,.50999999,.5,.52999997,Male,All IMD Quintiles,All Regions,All Routes,All Stages,70-74,All Years
4,.5,.47999999,.50999999,Male,All IMD Quintiles,All Regions,All Routes,All Stages,70-74,All Years
4.25,.49000001,.47,.5,Male,All IMD Quintiles,All Regions,All Routes,All Stages,70-74,All Years
4.5,.47,.46000001,.49000001,Male,All IMD Quintiles,All Regions,All Routes,All Stages,70-74,All Years
4.75,.47,.44999999,.47999999,Male,All IMD Quintiles,All Regions,All Routes,All Stages,70-74,All Years
5,.44999999,.44,.47,Male,All IMD Quintiles,All Regions,All Routes,All Stages,70-74,All Years
0,1,1,1,Male,All IMD Quintiles,All Regions,All Routes,All Stages,75-79,All Years
.25,.88999999,.88,.89999998,Male,All IMD Quintiles,All Regions,All Routes,All Stages,75-79,All Years
.5,.81,.80000001,.81999999,Male,All IMD Quintiles,All Regions,All Routes,All Stages,75-79,All Years
.75,.75999999,.74000001,.76999998,Male,All IMD Quintiles,All Regions,All Routes,All Stages,75-79,All Years
1,.69999999,.69,.72000003,Male,All IMD Quintiles,All Regions,All Routes,All Stages,75-79,All Years
1.25,.66000003,.64999998,.68000001,Male,All IMD Quintiles,All Regions,All Routes,All Stages,75-79,All Years
1.5,.63,.61000001,.64999998,Male,All IMD Quintiles,All Regions,All Routes,All Stages,75-79,All Years
1.75,.60000002,.58999997,.62,Male,All IMD Quintiles,All Regions,All Routes,All Stages,75-79,All Years
2,.57999998,.56,.58999997,Male,All IMD Quintiles,All Regions,All Routes,All Stages,75-79,All Years
2.25,.56,.54000002,.56999999,Male,All IMD Quintiles,All Regions,All Routes,All Stages,75-79,All Years
2.5,.54000002,.51999998,.55000001,Male,All IMD Quintiles,All Regions,All Routes,All Stages,75-79,All Years
2.75,.51999998,.5,.52999997,Male,All IMD Quintiles,All Regions,All Routes,All Stages,75-79,All Years
3,.5,.49000001,.51999998,Male,All IMD Quintiles,All Regions,All Routes,All Stages,75-79,All Years
3.25,.49000001,.47,.5,Male,All IMD Quintiles,All Regions,All Routes,All Stages,75-79,All Years
3.5,.47,.46000001,.49000001,Male,All IMD Quintiles,All Regions,All Routes,All Stages,75-79,All Years
3.75,.46000001,.44,.47999999,Male,All IMD Quintiles,All Regions,All Routes,All Stages,75-79,All Years
4,.44,.41999999,.46000001,Male,All IMD Quintiles,All Regions,All Routes,All Stages,75-79,All Years
4.25,.41999999,.40000001,.44,Male,All IMD Quintiles,All Regions,All Routes,All Stages,75-79,All Years
4.5,.41,.38999999,.43000001,Male,All IMD Quintiles,All Regions,All Routes,All Stages,75-79,All Years
4.75,.38999999,.37,.41,Male,All IMD Quintiles,All Regions,All Routes,All Stages,75-79,All Years
5,.38,.36000001,.40000001,Male,All IMD Quintiles,All Regions,All Routes,All Stages,75-79,All Years
0,1,1,1,Male,All IMD Quintiles,All Regions,All Routes,All Stages,80-84,All Years
.25,.86000001,.85000002,.88,Male,All IMD Quintiles,All Regions,All Routes,All Stages,80-84,All Years
.5,.75999999,.75,.77999997,Male,All IMD Quintiles,All Regions,All Routes,All Stages,80-84,All Years
.75,.69,.67000002,.70999998,Male,All IMD Quintiles,All Regions,All Routes,All Stages,80-84,All Years
1,.63999999,.62,.66000003,Male,All IMD Quintiles,All Regions,All Routes,All Stages,80-84,All Years
1.25,.60000002,.57999998,.62,Male,All IMD Quintiles,All Regions,All Routes,All Stages,80-84,All Years
1.5,.55000001,.52999997,.56999999,Male,All IMD Quintiles,All Regions,All Routes,All Stages,80-84,All Years
1.75,.52999997,.50999999,.55000001,Male,All IMD Quintiles,All Regions,All Routes,All Stages,80-84,All Years
2,.49000001,.47,.50999999,Male,All IMD Quintiles,All Regions,All Routes,All Stages,80-84,All Years
2.25,.47,.44999999,.49000001,Male,All IMD Quintiles,All Regions,All Routes,All Stages,80-84,All Years
2.5,.44999999,.43000001,.47,Male,All IMD Quintiles,All Regions,All Routes,All Stages,80-84,All Years
2.75,.43000001,.41,.44999999,Male,All IMD Quintiles,All Regions,All Routes,All Stages,80-84,All Years
3,.41,.38999999,.43000001,Male,All IMD Quintiles,All Regions,All Routes,All Stages,80-84,All Years
3.25,.40000001,.38,.41999999,Male,All IMD Quintiles,All Regions,All Routes,All Stages,80-84,All Years
3.5,.38999999,.36000001,.41,Male,All IMD Quintiles,All Regions,All Routes,All Stages,80-84,All Years
3.75,.37,.34999999,.38999999,Male,All IMD Quintiles,All Regions,All Routes,All Stages,80-84,All Years
4,.36000001,.33000001,.38,Male,All IMD Quintiles,All Regions,All Routes,All Stages,80-84,All Years
4.25,.34,.31999999,.36000001,Male,All IMD Quintiles,All Regions,All Routes,All Stages,80-84,All Years
4.5,.33000001,.30000001,.34999999,Male,All IMD Quintiles,All Regions,All Routes,All Stages,80-84,All Years
4.75,.31999999,.28999999,.34,Male,All IMD Quintiles,All Regions,All Routes,All Stages,80-84,All Years
5,.30000001,.28,.31999999,Male,All IMD Quintiles,All Regions,All Routes,All Stages,80-84,All Years
0,1,1,1,Male,All IMD Quintiles,All Regions,All Routes,All Stages,85-89,All Years
.25,.81,.77999997,.82999998,Male,All IMD Quintiles,All Regions,All Routes,All Stages,85-89,All Years
.5,.67000002,.64999998,.69999999,Male,All IMD Quintiles,All Regions,All Routes,All Stages,85-89,All Years
.75,.58999997,.56,.62,Male,All IMD Quintiles,All Regions,All Routes,All Stages,85-89,All Years
1,.54000002,.50999999,.56,Male,All IMD Quintiles,All Regions,All Routes,All Stages,85-89,All Years
1.25,.5,.47,.51999998,Male,All IMD Quintiles,All Regions,All Routes,All Stages,85-89,All Years
1.5,.46000001,.43000001,.49000001,Male,All IMD Quintiles,All Regions,All Routes,All Stages,85-89,All Years
1.75,.43000001,.40000001,.44999999,Male,All IMD Quintiles,All Regions,All Routes,All Stages,85-89,All Years
2,.40000001,.37,.43000001,Male,All IMD Quintiles,All Regions,All Routes,All Stages,85-89,All Years
2.25,.37,.34999999,.40000001,Male,All IMD Quintiles,All Regions,All Routes,All Stages,85-89,All Years
2.5,.34,.31999999,.37,Male,All IMD Quintiles,All Regions,All Routes,All Stages,85-89,All Years
2.75,.33000001,.30000001,.36000001,Male,All IMD Quintiles,All Regions,All Routes,All Stages,85-89,All Years
3,.31,.28,.34,Male,All IMD Quintiles,All Regions,All Routes,All Stages,85-89,All Years
3.25,.28999999,.25999999,.31999999,Male,All IMD Quintiles,All Regions,All Routes,All Stages,85-89,All Years
3.5,.27000001,.25,.30000001,Male,All IMD Quintiles,All Regions,All Routes,All Stages,85-89,All Years
3.75,.25999999,.23999999,.28999999,Male,All IMD Quintiles,All Regions,All Routes,All Stages,85-89,All Years
4,.25,.22,.28,Male,All IMD Quintiles,All Regions,All Routes,All Stages,85-89,All Years
4.25,.23,.20999999,.25999999,Male,All IMD Quintiles,All Regions,All Routes,All Stages,85-89,All Years
4.5,.22,.19,.25,Male,All IMD Quintiles,All Regions,All Routes,All Stages,85-89,All Years
4.75,.20999999,.19,.23999999,Male,All IMD Quintiles,All Regions,All Routes,All Stages,85-89,All Years
5,.2,.17,.23,Male,All IMD Quintiles,All Regions,All Routes,All Stages,85-89,All Years
0,1,.99000001,1,Male,All IMD Quintiles,All Regions,All Routes,All Stages,90+,All Years
.25,.69999999,.67000002,.74000001,Male,All IMD Quintiles,All Regions,All Routes,All Stages,90+,All Years
.5,.54000002,.5,.57999998,Male,All IMD Quintiles,All Regions,All Routes,All Stages,90+,All Years
.75,.44999999,.41,.5,Male,All IMD Quintiles,All Regions,All Routes,All Stages,90+,All Years
1,.38,.34,.41999999,Male,All IMD Quintiles,All Regions,All Routes,All Stages,90+,All Years
1.25,.33000001,.28999999,.37,Male,All IMD Quintiles,All Regions,All Routes,All Stages,90+,All Years
1.5,.31,.27000001,.34999999,Male,All IMD Quintiles,All Regions,All Routes,All Stages,90+,All Years
1.75,.28999999,.25,.33000001,Male,All IMD Quintiles,All Regions,All Routes,All Stages,90+,All Years
2,.25,.20999999,.28,Male,All IMD Quintiles,All Regions,All Routes,All Stages,90+,All Years
2.25,.22,.19,.25999999,Male,All IMD Quintiles,All Regions,All Routes,All Stages,90+,All Years
2.5,.2,.16,.23,Male,All IMD Quintiles,All Regions,All Routes,All Stages,90+,All Years
2.75,.19,.15000001,.22,Male,All IMD Quintiles,All Regions,All Routes,All Stages,90+,All Years
3,.17,.14,.2,Male,All IMD Quintiles,All Regions,All Routes,All Stages,90+,All Years
3.25,.16,.13,.19,Male,All IMD Quintiles,All Regions,All Routes,All Stages,90+,All Years
3.5,.15000001,.12,.18000001,Male,All IMD Quintiles,All Regions,All Routes,All Stages,90+,All Years
3.75,.14,.11,.17,Male,All IMD Quintiles,All Regions,All Routes,All Stages,90+,All Years
4,.12,.090000004,.15000001,Male,All IMD Quintiles,All Regions,All Routes,All Stages,90+,All Years
4.25,.11,.079999998,.14,Male,All IMD Quintiles,All Regions,All Routes,All Stages,90+,All Years
4.5,.11,.079999998,.14,Male,All IMD Quintiles,All Regions,All Routes,All Stages,90+,All Years
4.75,.11,.079999998,.14,Male,All IMD Quintiles,All Regions,All Routes,All Stages,90+,All Years
5,.1,.07,.13,Male,All IMD Quintiles,All Regions,All Routes,All Stages,90+,All Years
0,1,1,1,Male,All IMD Quintiles,All Regions,All Routes,All Stages,All Ages,2016
.25,.93000001,.93000001,.94,Male,All IMD Quintiles,All Regions,All Routes,All Stages,All Ages,2016
.5,.88,.87,.88999999,Male,All IMD Quintiles,All Regions,All Routes,All Stages,All Ages,2016
.75,.82999998,.81999999,.83999997,Male,All IMD Quintiles,All Regions,All Routes,All Stages,All Ages,2016
1,.79000002,.77999997,.80000001,Male,All IMD Quintiles,All Regions,All Routes,All Stages,All Ages,2016
1.25,.75,.74000001,.75999999,Male,All IMD Quintiles,All Regions,All Routes,All Stages,All Ages,2016
1.5,.73000002,.72000003,.74000001,Male,All IMD Quintiles,All Regions,All Routes,All Stages,All Ages,2016
1.75,.69999999,.69,.70999998,Male,All IMD Quintiles,All Regions,All Routes,All Stages,All Ages,2016
2,.68000001,.67000002,.69,Male,All IMD Quintiles,All Regions,All Routes,All Stages,All Ages,2016
2.25,.66000003,.64999998,.67000002,Male,All IMD Quintiles,All Regions,All Routes,All Stages,All Ages,2016
2.5,.63999999,.63,.64999998,Male,All IMD Quintiles,All Regions,All Routes,All Stages,All Ages,2016
2.75,.63,.61000001,.63999999,Male,All IMD Quintiles,All Regions,All Routes,All Stages,All Ages,2016
3,.61000001,.60000002,.62,Male,All IMD Quintiles,All Regions,All Routes,All Stages,All Ages,2016
3.25,.60000002,.58999997,.61000001,Male,All IMD Quintiles,All Regions,All Routes,All Stages,All Ages,2016
3.5,.58999997,.57999998,.60000002,Male,All IMD Quintiles,All Regions,All Routes,All Stages,All Ages,2016
3.75,.57999998,.56999999,.58999997,Male,All IMD Quintiles,All Regions,All Routes,All Stages,All Ages,2016
4,.56999999,.56,.57999998,Male,All IMD Quintiles,All Regions,All Routes,All Stages,All Ages,2016
4.25,.56,.55000001,.56999999,Male,All IMD Quintiles,All Regions,All Routes,All Stages,All Ages,2016
4.5,.55000001,.54000002,.56,Male,All IMD Quintiles,All Regions,All Routes,All Stages,All Ages,2016
4.75,.54000002,.52999997,.56,Male,All IMD Quintiles,All Regions,All Routes,All Stages,All Ages,2016
5,.54000002,.51999998,.55000001,Male,All IMD Quintiles,All Regions,All Routes,All Stages,All Ages,2016
0,1,1,1,Male,All IMD Quintiles,All Regions,All Routes,All Stages,All Ages,2017
.25,.94,.93000001,.94,Male,All IMD Quintiles,All Regions,All Routes,All Stages,All Ages,2017
.5,.88,.87,.88999999,Male,All IMD Quintiles,All Regions,All Routes,All Stages,All Ages,2017
.75,.82999998,.81999999,.83999997,Male,All IMD Quintiles,All Regions,All Routes,All Stages,All Ages,2017
1,.79000002,.77999997,.80000001,Male,All IMD Quintiles,All Regions,All Routes,All Stages,All Ages,2017
1.25,.75999999,.75,.76999998,Male,All IMD Quintiles,All Regions,All Routes,All Stages,All Ages,2017
1.5,.73000002,.72000003,.74000001,Male,All IMD Quintiles,All Regions,All Routes,All Stages,All Ages,2017
1.75,.70999998,.69999999,.72000003,Male,All IMD Quintiles,All Regions,All Routes,All Stages,All Ages,2017
2,.69,.68000001,.69999999,Male,All IMD Quintiles,All Regions,All Routes,All Stages,All Ages,2017
2.25,.67000002,.66000003,.68000001,Male,All IMD Quintiles,All Regions,All Routes,All Stages,All Ages,2017
2.5,.64999998,.63999999,.67000002,Male,All IMD Quintiles,All Regions,All Routes,All Stages,All Ages,2017
2.75,.63999999,.63,.64999998,Male,All IMD Quintiles,All Regions,All Routes,All Stages,All Ages,2017
3,.63,.61000001,.63999999,Male,All IMD Quintiles,All Regions,All Routes,All Stages,All Ages,2017
3.25,.61000001,.60000002,.63,Male,All IMD Quintiles,All Regions,All Routes,All Stages,All Ages,2017
3.5,.60000002,.58999997,.62,Male,All IMD Quintiles,All Regions,All Routes,All Stages,All Ages,2017
3.75,.58999997,.57999998,.60000002,Male,All IMD Quintiles,All Regions,All Routes,All Stages,All Ages,2017
4,.57999998,.56999999,.58999997,Male,All IMD Quintiles,All Regions,All Routes,All Stages,All Ages,2017
4.25,.56999999,.56,.57999998,Male,All IMD Quintiles,All Regions,All Routes,All Stages,All Ages,2017
4.5,.56,.55000001,.56999999,Male,All IMD Quintiles,All Regions,All Routes,All Stages,All Ages,2017
4.75,.55000001,.54000002,.56,Male,All IMD Quintiles,All Regions,All Routes,All Stages,All Ages,2017
5,.54000002,.52999997,.55000001,Male,All IMD Quintiles,All Regions,All Routes,All Stages,All Ages,2017
0,1,1,1,Male,All IMD Quintiles,All Regions,All Routes,All Stages,All Ages,2018
.25,.93000001,.92000002,.94,Male,All IMD Quintiles,All Regions,All Routes,All Stages,All Ages,2018
.5,.87,.87,.88,Male,All IMD Quintiles,All Regions,All Routes,All Stages,All Ages,2018
.75,.82999998,.81999999,.83999997,Male,All IMD Quintiles,All Regions,All Routes,All Stages,All Ages,2018
1,.79000002,.77999997,.80000001,Male,All IMD Quintiles,All Regions,All Routes,All Stages,All Ages,2018
1.25,.75999999,.75,.76999998,Male,All IMD Quintiles,All Regions,All Routes,All Stages,All Ages,2018
1.5,.73000002,.72000003,.74000001,Male,All IMD Quintiles,All Regions,All Routes,All Stages,All Ages,2018
1.75,.70999998,.69999999,.72000003,Male,All IMD Quintiles,All Regions,All Routes,All Stages,All Ages,2018
2,.69,.68000001,.69999999,Male,All IMD Quintiles,All Regions,All Routes,All Stages,All Ages,2018
2.25,.67000002,.66000003,.68000001,Male,All IMD Quintiles,All Regions,All Routes,All Stages,All Ages,2018
2.5,.64999998,.63999999,.66000003,Male,All IMD Quintiles,All Regions,All Routes,All Stages,All Ages,2018
2.75,.63999999,.63,.64999998,Male,All IMD Quintiles,All Regions,All Routes,All Stages,All Ages,2018
3,.62,.61000001,.63999999,Male,All IMD Quintiles,All Regions,All Routes,All Stages,All Ages,2018
3.25,.61000001,.60000002,.63,Male,All IMD Quintiles,All Regions,All Routes,All Stages,All Ages,2018
3.5,.60000002,.58999997,.62,Male,All IMD Quintiles,All Regions,All Routes,All Stages,All Ages,2018
3.75,.58999997,.57999998,.61000001,Male,All IMD Quintiles,All Regions,All Routes,All Stages,All Ages,2018
4,.57999998,.56999999,.60000002,Male,All IMD Quintiles,All Regions,All Routes,All Stages,All Ages,2018
4.25,.56999999,.56,.57999998,Male,All IMD Quintiles,All Regions,All Routes,All Stages,All Ages,2018
4.5,.56,.55000001,.57999998,Male,All IMD Quintiles,All Regions,All Routes,All Stages,All Ages,2018
4.75,.55000001,.54000002,.56,Male,All IMD Quintiles,All Regions,All Routes,All Stages,All Ages,2018
5,.54000002,.52999997,.56,Male,All IMD Quintiles,All Regions,All Routes,All Stages,All Ages,2018
0,1,1,1,Male,All IMD Quintiles,All Regions,All Routes,All Stages,All Ages,2019
.25,.93000001,.93000001,.94,Male,All IMD Quintiles,All Regions,All Routes,All Stages,All Ages,2019
.5,.88,.87,.88999999,Male,All IMD Quintiles,All Regions,All Routes,All Stages,All Ages,2019
.75,.82999998,.81999999,.83999997,Male,All IMD Quintiles,All Regions,All Routes,All Stages,All Ages,2019
1,.79000002,.77999997,.80000001,Male,All IMD Quintiles,All Regions,All Routes,All Stages,All Ages,2019
1.25,.75999999,.75,.76999998,Male,All IMD Quintiles,All Regions,All Routes,All Stages,All Ages,2019
1.5,.74000001,.73000002,.75,Male,All IMD Quintiles,All Regions,All Routes,All Stages,All Ages,2019
1.75,.72000003,.69999999,.73000002,Male,All IMD Quintiles,All Regions,All Routes,All Stages,All Ages,2019
2,.69,.68000001,.70999998,Male,All IMD Quintiles,All Regions,All Routes,All Stages,All Ages,2019
2.25,.68000001,.67000002,.69,Male,All IMD Quintiles,All Regions,All Routes,All Stages,All Ages,2019
2.5,.66000003,.64999998,.67000002,Male,All IMD Quintiles,All Regions,All Routes,All Stages,All Ages,2019
2.75,.64999998,.63999999,.66000003,Male,All IMD Quintiles,All Regions,All Routes,All Stages,All Ages,2019
3,.63,.62,.64999998,Male,All IMD Quintiles,All Regions,All Routes,All Stages,All Ages,2019
3.25,.62,.61000001,.63,Male,All IMD Quintiles,All Regions,All Routes,All Stages,All Ages,2019
3.5,.61000001,.60000002,.62,Male,All IMD Quintiles,All Regions,All Routes,All Stages,All Ages,2019
3.75,.60000002,.57999998,.61000001,Male,All IMD Quintiles,All Regions,All Routes,All Stages,All Ages,2019
4,.57999998,.56,.60000002,Male,All IMD Quintiles,All Regions,All Routes,All Stages,All Ages,2019
4.25,.52999997,.46000001,.60000002,Male,All IMD Quintiles,All Regions,All Routes,All Stages,All Ages,2019
4.5,.5,.41,.57999998,Male,All IMD Quintiles,All Regions,All Routes,All Stages,All Ages,2019
4.75,.43000001,.31,.54000002,Male,All IMD Quintiles,All Regions,All Routes,All Stages,All Ages,2019
0,1,1,1,Male,All IMD Quintiles,All Regions,All Routes,All Stages,All Ages,2020
.25,.92000002,.91000003,.93000001,Male,All IMD Quintiles,All Regions,All Routes,All Stages,All Ages,2020
.5,.86000001,.85000002,.87,Male,All IMD Quintiles,All Regions,All Routes,All Stages,All Ages,2020
.75,.81999999,.81,.81999999,Male,All IMD Quintiles,All Regions,All Routes,All Stages,All Ages,2020
1,.76999998,.75999999,.77999997,Male,All IMD Quintiles,All Regions,All Routes,All Stages,All Ages,2020
1.25,.74000001,.73000002,.75,Male,All IMD Quintiles,All Regions,All Routes,All Stages,All Ages,2020
1.5,.72000003,.69999999,.73000002,Male,All IMD Quintiles,All Regions,All Routes,All Stages,All Ages,2020
1.75,.69,.68000001,.70999998,Male,All IMD Quintiles,All Regions,All Routes,All Stages,All Ages,2020
2,.67000002,.66000003,.69,Male,All IMD Quintiles,All Regions,All Routes,All Stages,All Ages,2020
2.25,.64999998,.63999999,.67000002,Male,All IMD Quintiles,All Regions,All Routes,All Stages,All Ages,2020
2.5,.63999999,.63,.64999998,Male,All IMD Quintiles,All Regions,All Routes,All Stages,All Ages,2020
2.75,.62,.61000001,.63999999,Male,All IMD Quintiles,All Regions,All Routes,All Stages,All Ages,2020
3,.61000001,.58999997,.63,Male,All IMD Quintiles,All Regions,All Routes,All Stages,All Ages,2020
3.25,.58999997,.55000001,.63,Male,All IMD Quintiles,All Regions,All Routes,All Stages,All Ages,2020
3.5,.56999999,.50999999,.63,Male,All IMD Quintiles,All Regions,All Routes,All Stages,All Ages,2020
3.75,.55000001,.47999999,.62,Male,All IMD Quintiles,All Regions,All Routes,All Stages,All Ages,2020
4,.50999999,.41999999,.58999997,Male,All IMD Quintiles,All Regions,All Routes,All Stages,All Ages,2020
4.25,.50999999,.41999999,.58999997,Male,All IMD Quintiles,All Regions,All Routes,All Stages,All Ages,2020
4.5,.47999999,.38999999,.56999999,Male,All IMD Quintiles,All Regions,All Routes,All Stages,All Ages,2020
4.75,.46000001,.36000001,.56,Male,All IMD Quintiles,All Regions,All Routes,All Stages,All Ages,2020
5,.41,.30000001,.51999998,Male,All IMD Quintiles,All Regions,All Routes,All Stages,All Ages,2020
0,1,1,1,Male,All IMD Quintiles,All Regions,All Routes,All Stages,All Ages,2021
.25,.92000002,.92000002,.93000001,Male,All IMD Quintiles,All Regions,All Routes,All Stages,All Ages,2021
.5,.87,.86000001,.87,Male,All IMD Quintiles,All Regions,All Routes,All Stages,All Ages,2021
.75,.81999999,.81,.82999998,Male,All IMD Quintiles,All Regions,All Routes,All Stages,All Ages,2021
1,.77999997,.76999998,.79000002,Male,All IMD Quintiles,All Regions,All Routes,All Stages,All Ages,2021
1.25,.75,.74000001,.75999999,Male,All IMD Quintiles,All Regions,All Routes,All Stages,All Ages,2021
1.5,.72000003,.70999998,.73000002,Male,All IMD Quintiles,All Regions,All Routes,All Stages,All Ages,2021
1.75,.69,.68000001,.69999999,Male,All IMD Quintiles,All Regions,All Routes,All Stages,All Ages,2021
2,.67000002,.66000003,.69,Male,All IMD Quintiles,All Regions,All Routes,All Stages,All Ages,2021
2.25,.67000002,.63999999,.69,Male,All IMD Quintiles,All Regions,All Routes,All Stages,All Ages,2021
2.5,.66000003,.63,.68000001,Male,All IMD Quintiles,All Regions,All Routes,All Stages,All Ages,2021
2.75,.63999999,.60000002,.67000002,Male,All IMD Quintiles,All Regions,All Routes,All Stages,All Ages,2021
3,.62,.56999999,.66000003,Male,All IMD Quintiles,All Regions,All Routes,All Stages,All Ages,2021
3.25,.61000001,.56,.66000003,Male,All IMD Quintiles,All Regions,All Routes,All Stages,All Ages,2021
3.5,.56999999,.50999999,.63,Male,All IMD Quintiles,All Regions,All Routes,All Stages,All Ages,2021
3.75,.56,.49000001,.62,Male,All IMD Quintiles,All Regions,All Routes,All Stages,All Ages,2021
4,.54000002,.47999999,.61000001,Male,All IMD Quintiles,All Regions,All Routes,All Stages,All Ages,2021
4.25,.52999997,.46000001,.60000002,Male,All IMD Quintiles,All Regions,All Routes,All Stages,All Ages,2021
4.5,.5,.41999999,.57999998,Male,All IMD Quintiles,All Regions,All Routes,All Stages,All Ages,2021
4.75,.47999999,.40000001,.56999999,Male,All IMD Quintiles,All Regions,All Routes,All Stages,All Ages,2021
5,.47999999,.40000001,.56999999,Male,All IMD Quintiles,All Regions,All Routes,All Stages,All Ages,2021
0,1,1,1,Female,IMD 1 - most deprived,All Regions,All Routes,All Stages,All Ages,All Years
.25,.92000002,.91000003,.93000001,Female,IMD 1 - most deprived,All Regions,All Routes,All Stages,All Ages,All Years
.5,.86000001,.85000002,.87,Female,IMD 1 - most deprived,All Regions,All Routes,All Stages,All Ages,All Years
.75,.80000001,.79000002,.81,Female,IMD 1 - most deprived,All Regions,All Routes,All Stages,All Ages,All Years
1,.75,.74000001,.76999998,Female,IMD 1 - most deprived,All Regions,All Routes,All Stages,All Ages,All Years
1.25,.72000003,.70999998,.74000001,Female,IMD 1 - most deprived,All Regions,All Routes,All Stages,All Ages,All Years
1.5,.69999999,.68000001,.70999998,Female,IMD 1 - most deprived,All Regions,All Routes,All Stages,All Ages,All Years
1.75,.67000002,.66000003,.69,Female,IMD 1 - most deprived,All Regions,All Routes,All Stages,All Ages,All Years
2,.64999998,.63,.66000003,Female,IMD 1 - most deprived,All Regions,All Routes,All Stages,All Ages,All Years
2.25,.63,.62,.64999998,Female,IMD 1 - most deprived,All Regions,All Routes,All Stages,All Ages,All Years
2.5,.62,.61000001,.63999999,Female,IMD 1 - most deprived,All Regions,All Routes,All Stages,All Ages,All Years
2.75,.60000002,.58999997,.62,Female,IMD 1 - most deprived,All Regions,All Routes,All Stages,All Ages,All Years
3,.58999997,.56999999,.61000001,Female,IMD 1 - most deprived,All Regions,All Routes,All Stages,All Ages,All Years
3.25,.57999998,.56,.58999997,Female,IMD 1 - most deprived,All Regions,All Routes,All Stages,All Ages,All Years
3.5,.56999999,.55000001,.57999998,Female,IMD 1 - most deprived,All Regions,All Routes,All Stages,All Ages,All Years
3.75,.56,.54000002,.56999999,Female,IMD 1 - most deprived,All Regions,All Routes,All Stages,All Ages,All Years
4,.55000001,.52999997,.56,Female,IMD 1 - most deprived,All Regions,All Routes,All Stages,All Ages,All Years
4.25,.54000002,.51999998,.55000001,Female,IMD 1 - most deprived,All Regions,All Routes,All Stages,All Ages,All Years
4.5,.52999997,.50999999,.54000002,Female,IMD 1 - most deprived,All Regions,All Routes,All Stages,All Ages,All Years
4.75,.51999998,.5,.54000002,Female,IMD 1 - most deprived,All Regions,All Routes,All Stages,All Ages,All Years
5,.50999999,.49000001,.52999997,Female,IMD 1 - most deprived,All Regions,All Routes,All Stages,All Ages,All Years
0,1,1,1,Female,IMD 2,All Regions,All Routes,All Stages,All Ages,All Years
.25,.93000001,.92000002,.94,Female,IMD 2,All Regions,All Routes,All Stages,All Ages,All Years
.5,.87,.86000001,.88,Female,IMD 2,All Regions,All Routes,All Stages,All Ages,All Years
.75,.81999999,.81,.82999998,Female,IMD 2,All Regions,All Routes,All Stages,All Ages,All Years
1,.77999997,.76999998,.79000002,Female,IMD 2,All Regions,All Routes,All Stages,All Ages,All Years
1.25,.75,.73000002,.75999999,Female,IMD 2,All Regions,All Routes,All Stages,All Ages,All Years
1.5,.72000003,.69999999,.73000002,Female,IMD 2,All Regions,All Routes,All Stages,All Ages,All Years
1.75,.69999999,.68000001,.70999998,Female,IMD 2,All Regions,All Routes,All Stages,All Ages,All Years
2,.68000001,.66000003,.69,Female,IMD 2,All Regions,All Routes,All Stages,All Ages,All Years
2.25,.67000002,.64999998,.68000001,Female,IMD 2,All Regions,All Routes,All Stages,All Ages,All Years
2.5,.64999998,.63,.67000002,Female,IMD 2,All Regions,All Routes,All Stages,All Ages,All Years
2.75,.63999999,.62,.64999998,Female,IMD 2,All Regions,All Routes,All Stages,All Ages,All Years
3,.63,.61000001,.63999999,Female,IMD 2,All Regions,All Routes,All Stages,All Ages,All Years
3.25,.62,.60000002,.63,Female,IMD 2,All Regions,All Routes,All Stages,All Ages,All Years
3.5,.60000002,.58999997,.62,Female,IMD 2,All Regions,All Routes,All Stages,All Ages,All Years
3.75,.58999997,.56999999,.61000001,Female,IMD 2,All Regions,All Routes,All Stages,All Ages,All Years
4,.57999998,.56,.60000002,Female,IMD 2,All Regions,All Routes,All Stages,All Ages,All Years
4.25,.56999999,.55000001,.58999997,Female,IMD 2,All Regions,All Routes,All Stages,All Ages,All Years
4.5,.56,.54000002,.57999998,Female,IMD 2,All Regions,All Routes,All Stages,All Ages,All Years
4.75,.56,.54000002,.56999999,Female,IMD 2,All Regions,All Routes,All Stages,All Ages,All Years
5,.55000001,.52999997,.56999999,Female,IMD 2,All Regions,All Routes,All Stages,All Ages,All Years
0,1,1,1,Female,IMD 3,All Regions,All Routes,All Stages,All Ages,All Years
.25,.94,.93000001,.94999999,Female,IMD 3,All Regions,All Routes,All Stages,All Ages,All Years
.5,.87,.86000001,.88,Female,IMD 3,All Regions,All Routes,All Stages,All Ages,All Years
.75,.81999999,.81,.82999998,Female,IMD 3,All Regions,All Routes,All Stages,All Ages,All Years
1,.79000002,.76999998,.80000001,Female,IMD 3,All Regions,All Routes,All Stages,All Ages,All Years
1.25,.75,.74000001,.76999998,Female,IMD 3,All Regions,All Routes,All Stages,All Ages,All Years
1.5,.73000002,.72000003,.75,Female,IMD 3,All Regions,All Routes,All Stages,All Ages,All Years
1.75,.70999998,.69999999,.73000002,Female,IMD 3,All Regions,All Routes,All Stages,All Ages,All Years
2,.69999999,.68000001,.70999998,Female,IMD 3,All Regions,All Routes,All Stages,All Ages,All Years
2.25,.68000001,.67000002,.69999999,Female,IMD 3,All Regions,All Routes,All Stages,All Ages,All Years
2.5,.67000002,.66000003,.69,Female,IMD 3,All Regions,All Routes,All Stages,All Ages,All Years
2.75,.66000003,.64999998,.68000001,Female,IMD 3,All Regions,All Routes,All Stages,All Ages,All Years
3,.66000003,.63999999,.67000002,Female,IMD 3,All Regions,All Routes,All Stages,All Ages,All Years
3.25,.63999999,.63,.66000003,Female,IMD 3,All Regions,All Routes,All Stages,All Ages,All Years
3.5,.63,.61000001,.63999999,Female,IMD 3,All Regions,All Routes,All Stages,All Ages,All Years
3.75,.61000001,.60000002,.63,Female,IMD 3,All Regions,All Routes,All Stages,All Ages,All Years
4,.60000002,.58999997,.62,Female,IMD 3,All Regions,All Routes,All Stages,All Ages,All Years
4.25,.58999997,.57999998,.61000001,Female,IMD 3,All Regions,All Routes,All Stages,All Ages,All Years
4.5,.58999997,.56999999,.61000001,Female,IMD 3,All Regions,All Routes,All Stages,All Ages,All Years
4.75,.57999998,.56,.60000002,Female,IMD 3,All Regions,All Routes,All Stages,All Ages,All Years
5,.56999999,.55000001,.58999997,Female,IMD 3,All Regions,All Routes,All Stages,All Ages,All Years
0,1,1,1,Female,IMD 4,All Regions,All Routes,All Stages,All Ages,All Years
.25,.94,.93000001,.94,Female,IMD 4,All Regions,All Routes,All Stages,All Ages,All Years
.5,.88,.87,.88999999,Female,IMD 4,All Regions,All Routes,All Stages,All Ages,All Years
.75,.82999998,.81999999,.83999997,Female,IMD 4,All Regions,All Routes,All Stages,All Ages,All Years
1,.80000001,.77999997,.81,Female,IMD 4,All Regions,All Routes,All Stages,All Ages,All Years
1.25,.76999998,.75999999,.77999997,Female,IMD 4,All Regions,All Routes,All Stages,All Ages,All Years
1.5,.75,.73000002,.75999999,Female,IMD 4,All Regions,All Routes,All Stages,All Ages,All Years
1.75,.72000003,.70999998,.74000001,Female,IMD 4,All Regions,All Routes,All Stages,All Ages,All Years
2,.70999998,.69,.72000003,Female,IMD 4,All Regions,All Routes,All Stages,All Ages,All Years
2.25,.69,.67000002,.70999998,Female,IMD 4,All Regions,All Routes,All Stages,All Ages,All Years
2.5,.67000002,.66000003,.69,Female,IMD 4,All Regions,All Routes,All Stages,All Ages,All Years
2.75,.66000003,.63999999,.68000001,Female,IMD 4,All Regions,All Routes,All Stages,All Ages,All Years
3,.64999998,.63,.67000002,Female,IMD 4,All Regions,All Routes,All Stages,All Ages,All Years
3.25,.63999999,.62,.66000003,Female,IMD 4,All Regions,All Routes,All Stages,All Ages,All Years
3.5,.63,.61000001,.64999998,Female,IMD 4,All Regions,All Routes,All Stages,All Ages,All Years
3.75,.62,.60000002,.63999999,Female,IMD 4,All Regions,All Routes,All Stages,All Ages,All Years
4,.61000001,.58999997,.63,Female,IMD 4,All Regions,All Routes,All Stages,All Ages,All Years
4.25,.60000002,.58999997,.62,Female,IMD 4,All Regions,All Routes,All Stages,All Ages,All Years
4.5,.60000002,.57999998,.62,Female,IMD 4,All Regions,All Routes,All Stages,All Ages,All Years
4.75,.58999997,.56999999,.61000001,Female,IMD 4,All Regions,All Routes,All Stages,All Ages,All Years
5,.58999997,.56999999,.61000001,Female,IMD 4,All Regions,All Routes,All Stages,All Ages,All Years
0,1,1,1,Female,IMD 5 - least deprived,All Regions,All Routes,All Stages,All Ages,All Years
.25,.94,.93000001,.94999999,Female,IMD 5 - least deprived,All Regions,All Routes,All Stages,All Ages,All Years
.5,.88,.87,.88999999,Female,IMD 5 - least deprived,All Regions,All Routes,All Stages,All Ages,All Years
.75,.83999997,.81999999,.85000002,Female,IMD 5 - least deprived,All Regions,All Routes,All Stages,All Ages,All Years
1,.80000001,.79000002,.81999999,Female,IMD 5 - least deprived,All Regions,All Routes,All Stages,All Ages,All Years
1.25,.77999997,.75999999,.79000002,Female,IMD 5 - least deprived,All Regions,All Routes,All Stages,All Ages,All Years
1.5,.75,.74000001,.75999999,Female,IMD 5 - least deprived,All Regions,All Routes,All Stages,All Ages,All Years
1.75,.73000002,.70999998,.74000001,Female,IMD 5 - least deprived,All Regions,All Routes,All Stages,All Ages,All Years
2,.70999998,.69,.72000003,Female,IMD 5 - least deprived,All Regions,All Routes,All Stages,All Ages,All Years
2.25,.69999999,.68000001,.70999998,Female,IMD 5 - least deprived,All Regions,All Routes,All Stages,All Ages,All Years
2.5,.68000001,.67000002,.69999999,Female,IMD 5 - least deprived,All Regions,All Routes,All Stages,All Ages,All Years
2.75,.67000002,.66000003,.69,Female,IMD 5 - least deprived,All Regions,All Routes,All Stages,All Ages,All Years
3,.66000003,.63999999,.68000001,Female,IMD 5 - least deprived,All Regions,All Routes,All Stages,All Ages,All Years
3.25,.64999998,.63,.67000002,Female,IMD 5 - least deprived,All Regions,All Routes,All Stages,All Ages,All Years
3.5,.63999999,.62,.66000003,Female,IMD 5 - least deprived,All Regions,All Routes,All Stages,All Ages,All Years
3.75,.63999999,.62,.64999998,Female,IMD 5 - least deprived,All Regions,All Routes,All Stages,All Ages,All Years
4,.63,.61000001,.63999999,Female,IMD 5 - least deprived,All Regions,All Routes,All Stages,All Ages,All Years
4.25,.62,.60000002,.63999999,Female,IMD 5 - least deprived,All Regions,All Routes,All Stages,All Ages,All Years
4.5,.61000001,.58999997,.62,Female,IMD 5 - least deprived,All Regions,All Routes,All Stages,All Ages,All Years
4.75,.60000002,.57999998,.62,Female,IMD 5 - least deprived,All Regions,All Routes,All Stages,All Ages,All Years
5,.58999997,.56999999,.61000001,Female,IMD 5 - least deprived,All Regions,All Routes,All Stages,All Ages,All Years
0,1,1,1,Female,All IMD Quintiles,East Midlands,All Routes,All Stages,All Ages,All Years
.25,.93000001,.92000002,.94,Female,All IMD Quintiles,East Midlands,All Routes,All Stages,All Ages,All Years
.5,.87,.86000001,.88999999,Female,All IMD Quintiles,East Midlands,All Routes,All Stages,All Ages,All Years
.75,.82999998,.81,.83999997,Female,All IMD Quintiles,East Midlands,All Routes,All Stages,All Ages,All Years
1,.77999997,.75999999,.80000001,Female,All IMD Quintiles,East Midlands,All Routes,All Stages,All Ages,All Years
1.25,.75999999,.74000001,.77999997,Female,All IMD Quintiles,East Midlands,All Routes,All Stages,All Ages,All Years
1.5,.74000001,.70999998,.75999999,Female,All IMD Quintiles,East Midlands,All Routes,All Stages,All Ages,All Years
1.75,.72000003,.69999999,.74000001,Female,All IMD Quintiles,East Midlands,All Routes,All Stages,All Ages,All Years
2,.69999999,.68000001,.72000003,Female,All IMD Quintiles,East Midlands,All Routes,All Stages,All Ages,All Years
2.25,.69,.66000003,.70999998,Female,All IMD Quintiles,East Midlands,All Routes,All Stages,All Ages,All Years
2.5,.67000002,.63999999,.69,Female,All IMD Quintiles,East Midlands,All Routes,All Stages,All Ages,All Years
2.75,.64999998,.63,.68000001,Female,All IMD Quintiles,East Midlands,All Routes,All Stages,All Ages,All Years
3,.63999999,.62,.67000002,Female,All IMD Quintiles,East Midlands,All Routes,All Stages,All Ages,All Years
3.25,.63,.61000001,.66000003,Female,All IMD Quintiles,East Midlands,All Routes,All Stages,All Ages,All Years
3.5,.62,.60000002,.64999998,Female,All IMD Quintiles,East Midlands,All Routes,All Stages,All Ages,All Years
3.75,.62,.58999997,.63999999,Female,All IMD Quintiles,East Midlands,All Routes,All Stages,All Ages,All Years
4,.60000002,.56999999,.63,Female,All IMD Quintiles,East Midlands,All Routes,All Stages,All Ages,All Years
4.25,.58999997,.56999999,.62,Female,All IMD Quintiles,East Midlands,All Routes,All Stages,All Ages,All Years
4.5,.57999998,.56,.61000001,Female,All IMD Quintiles,East Midlands,All Routes,All Stages,All Ages,All Years
4.75,.57999998,.55000001,.61000001,Female,All IMD Quintiles,East Midlands,All Routes,All Stages,All Ages,All Years
5,.57999998,.55000001,.61000001,Female,All IMD Quintiles,East Midlands,All Routes,All Stages,All Ages,All Years
0,1,1,1,Female,All IMD Quintiles,East of England,All Routes,All Stages,All Ages,All Years
.25,.94,.93000001,.94999999,Female,All IMD Quintiles,East of England,All Routes,All Stages,All Ages,All Years
.5,.88,.86000001,.88999999,Female,All IMD Quintiles,East of England,All Routes,All Stages,All Ages,All Years
.75,.81,.80000001,.82999998,Female,All IMD Quintiles,East of England,All Routes,All Stages,All Ages,All Years
1,.77999997,.75999999,.80000001,Female,All IMD Quintiles,East of England,All Routes,All Stages,All Ages,All Years
1.25,.75,.73000002,.76999998,Female,All IMD Quintiles,East of England,All Routes,All Stages,All Ages,All Years
1.5,.72000003,.69999999,.74000001,Female,All IMD Quintiles,East of England,All Routes,All Stages,All Ages,All Years
1.75,.69999999,.68000001,.72000003,Female,All IMD Quintiles,East of England,All Routes,All Stages,All Ages,All Years
2,.68000001,.66000003,.69999999,Female,All IMD Quintiles,East of England,All Routes,All Stages,All Ages,All Years
2.25,.67000002,.64999998,.69,Female,All IMD Quintiles,East of England,All Routes,All Stages,All Ages,All Years
2.5,.64999998,.63,.67000002,Female,All IMD Quintiles,East of England,All Routes,All Stages,All Ages,All Years
2.75,.63999999,.62,.66000003,Female,All IMD Quintiles,East of England,All Routes,All Stages,All Ages,All Years
3,.63999999,.61000001,.66000003,Female,All IMD Quintiles,East of England,All Routes,All Stages,All Ages,All Years
3.25,.63,.60000002,.64999998,Female,All IMD Quintiles,East of England,All Routes,All Stages,All Ages,All Years
3.5,.62,.58999997,.63999999,Female,All IMD Quintiles,East of England,All Routes,All Stages,All Ages,All Years
3.75,.61000001,.58999997,.63,Female,All IMD Quintiles,East of England,All Routes,All Stages,All Ages,All Years
4,.60000002,.57999998,.63,Female,All IMD Quintiles,East of England,All Routes,All Stages,All Ages,All Years
4.25,.58999997,.56999999,.61000001,Female,All IMD Quintiles,East of England,All Routes,All Stages,All Ages,All Years
4.5,.57999998,.56,.61000001,Female,All IMD Quintiles,East of England,All Routes,All Stages,All Ages,All Years
4.75,.56999999,.55000001,.60000002,Female,All IMD Quintiles,East of England,All Routes,All Stages,All Ages,All Years
5,.56999999,.54000002,.58999997,Female,All IMD Quintiles,East of England,All Routes,All Stages,All Ages,All Years
0,1,1,1,Female,All IMD Quintiles,London,All Routes,All Stages,All Ages,All Years
.25,.94,.93000001,.94999999,Female,All IMD Quintiles,London,All Routes,All Stages,All Ages,All Years
.5,.88,.87,.88999999,Female,All IMD Quintiles,London,All Routes,All Stages,All Ages,All Years
.75,.81999999,.81,.83999997,Female,All IMD Quintiles,London,All Routes,All Stages,All Ages,All Years
1,.77999997,.76999998,.80000001,Female,All IMD Quintiles,London,All Routes,All Stages,All Ages,All Years
1.25,.75,.73000002,.76999998,Female,All IMD Quintiles,London,All Routes,All Stages,All Ages,All Years
1.5,.72000003,.69999999,.74000001,Female,All IMD Quintiles,London,All Routes,All Stages,All Ages,All Years
1.75,.69999999,.68000001,.72000003,Female,All IMD Quintiles,London,All Routes,All Stages,All Ages,All Years
2,.68000001,.66000003,.69999999,Female,All IMD Quintiles,London,All Routes,All Stages,All Ages,All Years
2.25,.67000002,.64999998,.69,Female,All IMD Quintiles,London,All Routes,All Stages,All Ages,All Years
2.5,.66000003,.63999999,.68000001,Female,All IMD Quintiles,London,All Routes,All Stages,All Ages,All Years
2.75,.63999999,.62,.66000003,Female,All IMD Quintiles,London,All Routes,All Stages,All Ages,All Years
3,.63,.61000001,.64999998,Female,All IMD Quintiles,London,All Routes,All Stages,All Ages,All Years
3.25,.62,.60000002,.63999999,Female,All IMD Quintiles,London,All Routes,All Stages,All Ages,All Years
3.5,.61000001,.58999997,.63,Female,All IMD Quintiles,London,All Routes,All Stages,All Ages,All Years
3.75,.60000002,.57999998,.62,Female,All IMD Quintiles,London,All Routes,All Stages,All Ages,All Years
4,.58999997,.56999999,.62,Female,All IMD Quintiles,London,All Routes,All Stages,All Ages,All Years
4.25,.58999997,.56,.61000001,Female,All IMD Quintiles,London,All Routes,All Stages,All Ages,All Years
4.5,.57999998,.56,.61000001,Female,All IMD Quintiles,London,All Routes,All Stages,All Ages,All Years
4.75,.57999998,.56,.61000001,Female,All IMD Quintiles,London,All Routes,All Stages,All Ages,All Years
5,.57999998,.55000001,.60000002,Female,All IMD Quintiles,London,All Routes,All Stages,All Ages,All Years
0,1,1,1,Female,All IMD Quintiles,North East,All Routes,All Stages,All Ages,All Years
.25,.94,.92000002,.94999999,Female,All IMD Quintiles,North East,All Routes,All Stages,All Ages,All Years
.5,.88,.87,.89999998,Female,All IMD Quintiles,North East,All Routes,All Stages,All Ages,All Years
.75,.82999998,.81,.85000002,Female,All IMD Quintiles,North East,All Routes,All Stages,All Ages,All Years
1,.79000002,.76999998,.81999999,Female,All IMD Quintiles,North East,All Routes,All Stages,All Ages,All Years
1.25,.75999999,.73000002,.77999997,Female,All IMD Quintiles,North East,All Routes,All Stages,All Ages,All Years
1.5,.73000002,.69999999,.75,Female,All IMD Quintiles,North East,All Routes,All Stages,All Ages,All Years
1.75,.69999999,.68000001,.73000002,Female,All IMD Quintiles,North East,All Routes,All Stages,All Ages,All Years
2,.69,.66000003,.72000003,Female,All IMD Quintiles,North East,All Routes,All Stages,All Ages,All Years
2.25,.67000002,.63999999,.69999999,Female,All IMD Quintiles,North East,All Routes,All Stages,All Ages,All Years
2.5,.66000003,.63,.69,Female,All IMD Quintiles,North East,All Routes,All Stages,All Ages,All Years
2.75,.64999998,.62,.68000001,Female,All IMD Quintiles,North East,All Routes,All Stages,All Ages,All Years
3,.63,.60000002,.66000003,Female,All IMD Quintiles,North East,All Routes,All Stages,All Ages,All Years
3.25,.62,.58999997,.64999998,Female,All IMD Quintiles,North East,All Routes,All Stages,All Ages,All Years
3.5,.61000001,.57999998,.63999999,Female,All IMD Quintiles,North East,All Routes,All Stages,All Ages,All Years
3.75,.61000001,.57999998,.63999999,Female,All IMD Quintiles,North East,All Routes,All Stages,All Ages,All Years
4,.60000002,.56999999,.63,Female,All IMD Quintiles,North East,All Routes,All Stages,All Ages,All Years
4.25,.58999997,.56,.62,Female,All IMD Quintiles,North East,All Routes,All Stages,All Ages,All Years
4.5,.57999998,.54000002,.61000001,Female,All IMD Quintiles,North East,All Routes,All Stages,All Ages,All Years
4.75,.56999999,.54000002,.61000001,Female,All IMD Quintiles,North East,All Routes,All Stages,All Ages,All Years
5,.56999999,.54000002,.61000001,Female,All IMD Quintiles,North East,All Routes,All Stages,All Ages,All Years
0,1,1,1,Female,All IMD Quintiles,North West,All Routes,All Stages,All Ages,All Years
.25,.92000002,.91000003,.93000001,Female,All IMD Quintiles,North West,All Routes,All Stages,All Ages,All Years
.5,.86000001,.85000002,.88,Female,All IMD Quintiles,North West,All Routes,All Stages,All Ages,All Years
.75,.81999999,.81,.82999998,Female,All IMD Quintiles,North West,All Routes,All Stages,All Ages,All Years
1,.77999997,.75999999,.80000001,Female,All IMD Quintiles,North West,All Routes,All Stages,All Ages,All Years
1.25,.75,.73000002,.75999999,Female,All IMD Quintiles,North West,All Routes,All Stages,All Ages,All Years
1.5,.72000003,.70999998,.74000001,Female,All IMD Quintiles,North West,All Routes,All Stages,All Ages,All Years
1.75,.69999999,.68000001,.72000003,Female,All IMD Quintiles,North West,All Routes,All Stages,All Ages,All Years
2,.68000001,.66000003,.69999999,Female,All IMD Quintiles,North West,All Routes,All Stages,All Ages,All Years
2.25,.66000003,.63999999,.68000001,Female,All IMD Quintiles,North West,All Routes,All Stages,All Ages,All Years
2.5,.64999998,.63,.67000002,Female,All IMD Quintiles,North West,All Routes,All Stages,All Ages,All Years
2.75,.63999999,.62,.66000003,Female,All IMD Quintiles,North West,All Routes,All Stages,All Ages,All Years
3,.63,.61000001,.63999999,Female,All IMD Quintiles,North West,All Routes,All Stages,All Ages,All Years
3.25,.61000001,.60000002,.63,Female,All IMD Quintiles,North West,All Routes,All Stages,All Ages,All Years
3.5,.60000002,.57999998,.62,Female,All IMD Quintiles,North West,All Routes,All Stages,All Ages,All Years
3.75,.58999997,.56999999,.61000001,Female,All IMD Quintiles,North West,All Routes,All Stages,All Ages,All Years
4,.57999998,.56,.60000002,Female,All IMD Quintiles,North West,All Routes,All Stages,All Ages,All Years
4.25,.56999999,.55000001,.58999997,Female,All IMD Quintiles,North West,All Routes,All Stages,All Ages,All Years
4.5,.56,.54000002,.57999998,Female,All IMD Quintiles,North West,All Routes,All Stages,All Ages,All Years
4.75,.56,.54000002,.57999998,Female,All IMD Quintiles,North West,All Routes,All Stages,All Ages,All Years
5,.54000002,.51999998,.56,Female,All IMD Quintiles,North West,All Routes,All Stages,All Ages,All Years
0,1,1,1,Female,All IMD Quintiles,South East,All Routes,All Stages,All Ages,All Years
.25,.93000001,.92000002,.94,Female,All IMD Quintiles,South East,All Routes,All Stages,All Ages,All Years
.5,.87,.86000001,.88,Female,All IMD Quintiles,South East,All Routes,All Stages,All Ages,All Years
.75,.82999998,.81999999,.83999997,Female,All IMD Quintiles,South East,All Routes,All Stages,All Ages,All Years
1,.79000002,.77999997,.81,Female,All IMD Quintiles,South East,All Routes,All Stages,All Ages,All Years
1.25,.76999998,.75,.77999997,Female,All IMD Quintiles,South East,All Routes,All Stages,All Ages,All Years
1.5,.74000001,.72000003,.75999999,Female,All IMD Quintiles,South East,All Routes,All Stages,All Ages,All Years
1.75,.72000003,.69999999,.73000002,Female,All IMD Quintiles,South East,All Routes,All Stages,All Ages,All Years
2,.69999999,.69,.72000003,Female,All IMD Quintiles,South East,All Routes,All Stages,All Ages,All Years
2.25,.69,.67000002,.69999999,Female,All IMD Quintiles,South East,All Routes,All Stages,All Ages,All Years
2.5,.68000001,.66000003,.69,Female,All IMD Quintiles,South East,All Routes,All Stages,All Ages,All Years
2.75,.66000003,.64999998,.68000001,Female,All IMD Quintiles,South East,All Routes,All Stages,All Ages,All Years
3,.64999998,.63999999,.67000002,Female,All IMD Quintiles,South East,All Routes,All Stages,All Ages,All Years
3.25,.63999999,.62,.66000003,Female,All IMD Quintiles,South East,All Routes,All Stages,All Ages,All Years
3.5,.63,.61000001,.63999999,Female,All IMD Quintiles,South East,All Routes,All Stages,All Ages,All Years
3.75,.61000001,.58999997,.63,Female,All IMD Quintiles,South East,All Routes,All Stages,All Ages,All Years
4,.60000002,.57999998,.62,Female,All IMD Quintiles,South East,All Routes,All Stages,All Ages,All Years
4.25,.58999997,.56999999,.61000001,Female,All IMD Quintiles,South East,All Routes,All Stages,All Ages,All Years
4.5,.57999998,.56,.60000002,Female,All IMD Quintiles,South East,All Routes,All Stages,All Ages,All Years
4.75,.56999999,.55000001,.58999997,Female,All IMD Quintiles,South East,All Routes,All Stages,All Ages,All Years
5,.56,.54000002,.57999998,Female,All IMD Quintiles,South East,All Routes,All Stages,All Ages,All Years
0,1,1,1,Female,All IMD Quintiles,South West,All Routes,All Stages,All Ages,All Years
.25,.94,.93000001,.94999999,Female,All IMD Quintiles,South West,All Routes,All Stages,All Ages,All Years
.5,.88,.87,.88999999,Female,All IMD Quintiles,South West,All Routes,All Stages,All Ages,All Years
.75,.83999997,.81999999,.85000002,Female,All IMD Quintiles,South West,All Routes,All Stages,All Ages,All Years
1,.80000001,.79000002,.81999999,Female,All IMD Quintiles,South West,All Routes,All Stages,All Ages,All Years
1.25,.76999998,.75,.79000002,Female,All IMD Quintiles,South West,All Routes,All Stages,All Ages,All Years
1.5,.75,.73000002,.75999999,Female,All IMD Quintiles,South West,All Routes,All Stages,All Ages,All Years
1.75,.72000003,.69999999,.74000001,Female,All IMD Quintiles,South West,All Routes,All Stages,All Ages,All Years
2,.70999998,.69,.73000002,Female,All IMD Quintiles,South West,All Routes,All Stages,All Ages,All Years
2.25,.69999999,.68000001,.72000003,Female,All IMD Quintiles,South West,All Routes,All Stages,All Ages,All Years
2.5,.68000001,.66000003,.69999999,Female,All IMD Quintiles,South West,All Routes,All Stages,All Ages,All Years
2.75,.67000002,.64999998,.69,Female,All IMD Quintiles,South West,All Routes,All Stages,All Ages,All Years
3,.66000003,.63999999,.69,Female,All IMD Quintiles,South West,All Routes,All Stages,All Ages,All Years
3.25,.64999998,.63,.68000001,Female,All IMD Quintiles,South West,All Routes,All Stages,All Ages,All Years
3.5,.63999999,.62,.67000002,Female,All IMD Quintiles,South West,All Routes,All Stages,All Ages,All Years
3.75,.63,.61000001,.64999998,Female,All IMD Quintiles,South West,All Routes,All Stages,All Ages,All Years
4,.62,.60000002,.64999998,Female,All IMD Quintiles,South West,All Routes,All Stages,All Ages,All Years
4.25,.62,.58999997,.63999999,Female,All IMD Quintiles,South West,All Routes,All Stages,All Ages,All Years
4.5,.60000002,.57999998,.63,Female,All IMD Quintiles,South West,All Routes,All Stages,All Ages,All Years
4.75,.58999997,.56999999,.62,Female,All IMD Quintiles,South West,All Routes,All Stages,All Ages,All Years
5,.58999997,.56999999,.62,Female,All IMD Quintiles,South West,All Routes,All Stages,All Ages,All Years
0,1,1,1,Female,All IMD Quintiles,West Midlands,All Routes,All Stages,All Ages,All Years
.25,.92000002,.91000003,.93000001,Female,All IMD Quintiles,West Midlands,All Routes,All Stages,All Ages,All Years
.5,.83999997,.81999999,.86000001,Female,All IMD Quintiles,West Midlands,All Routes,All Stages,All Ages,All Years
.75,.79000002,.76999998,.81,Female,All IMD Quintiles,West Midlands,All Routes,All Stages,All Ages,All Years
1,.75,.73000002,.76999998,Female,All IMD Quintiles,West Midlands,All Routes,All Stages,All Ages,All Years
1.25,.72000003,.69999999,.74000001,Female,All IMD Quintiles,West Midlands,All Routes,All Stages,All Ages,All Years
1.5,.69999999,.68000001,.72000003,Female,All IMD Quintiles,West Midlands,All Routes,All Stages,All Ages,All Years
1.75,.67000002,.64999998,.69999999,Female,All IMD Quintiles,West Midlands,All Routes,All Stages,All Ages,All Years
2,.66000003,.63999999,.68000001,Female,All IMD Quintiles,West Midlands,All Routes,All Stages,All Ages,All Years
2.25,.64999998,.62,.67000002,Female,All IMD Quintiles,West Midlands,All Routes,All Stages,All Ages,All Years
2.5,.63,.61000001,.64999998,Female,All IMD Quintiles,West Midlands,All Routes,All Stages,All Ages,All Years
2.75,.62,.60000002,.63999999,Female,All IMD Quintiles,West Midlands,All Routes,All Stages,All Ages,All Years
3,.61000001,.58999997,.63,Female,All IMD Quintiles,West Midlands,All Routes,All Stages,All Ages,All Years
3.25,.60000002,.56999999,.62,Female,All IMD Quintiles,West Midlands,All Routes,All Stages,All Ages,All Years
3.5,.57999998,.56,.61000001,Female,All IMD Quintiles,West Midlands,All Routes,All Stages,All Ages,All Years
3.75,.56999999,.54000002,.58999997,Female,All IMD Quintiles,West Midlands,All Routes,All Stages,All Ages,All Years
4,.55000001,.52999997,.57999998,Female,All IMD Quintiles,West Midlands,All Routes,All Stages,All Ages,All Years
4.25,.54000002,.51999998,.56999999,Female,All IMD Quintiles,West Midlands,All Routes,All Stages,All Ages,All Years
4.5,.52999997,.5,.55000001,Female,All IMD Quintiles,West Midlands,All Routes,All Stages,All Ages,All Years
4.75,.51999998,.49000001,.54000002,Female,All IMD Quintiles,West Midlands,All Routes,All Stages,All Ages,All Years
5,.50999999,.47999999,.54000002,Female,All IMD Quintiles,West Midlands,All Routes,All Stages,All Ages,All Years
0,1,1,1,Female,All IMD Quintiles,Yorkshire and The Humber,All Routes,All Stages,All Ages,All Years
.25,.94,.93000001,.94999999,Female,All IMD Quintiles,Yorkshire and The Humber,All Routes,All Stages,All Ages,All Years
.5,.88,.86000001,.88999999,Female,All IMD Quintiles,Yorkshire and The Humber,All Routes,All Stages,All Ages,All Years
.75,.81999999,.80000001,.83999997,Female,All IMD Quintiles,Yorkshire and The Humber,All Routes,All Stages,All Ages,All Years
1,.76999998,.75999999,.79000002,Female,All IMD Quintiles,Yorkshire and The Humber,All Routes,All Stages,All Ages,All Years
1.25,.75,.73000002,.76999998,Female,All IMD Quintiles,Yorkshire and The Humber,All Routes,All Stages,All Ages,All Years
1.5,.72000003,.69999999,.74000001,Female,All IMD Quintiles,Yorkshire and The Humber,All Routes,All Stages,All Ages,All Years
1.75,.69999999,.68000001,.72000003,Female,All IMD Quintiles,Yorkshire and The Humber,All Routes,All Stages,All Ages,All Years
2,.68000001,.66000003,.69999999,Female,All IMD Quintiles,Yorkshire and The Humber,All Routes,All Stages,All Ages,All Years
2.25,.66000003,.63999999,.68000001,Female,All IMD Quintiles,Yorkshire and The Humber,All Routes,All Stages,All Ages,All Years
2.5,.64999998,.63,.67000002,Female,All IMD Quintiles,Yorkshire and The Humber,All Routes,All Stages,All Ages,All Years
2.75,.63,.61000001,.64999998,Female,All IMD Quintiles,Yorkshire and The Humber,All Routes,All Stages,All Ages,All Years
3,.62,.60000002,.63999999,Female,All IMD Quintiles,Yorkshire and The Humber,All Routes,All Stages,All Ages,All Years
3.25,.61000001,.57999998,.63,Female,All IMD Quintiles,Yorkshire and The Humber,All Routes,All Stages,All Ages,All Years
3.5,.60000002,.56999999,.62,Female,All IMD Quintiles,Yorkshire and The Humber,All Routes,All Stages,All Ages,All Years
3.75,.58999997,.56999999,.61000001,Female,All IMD Quintiles,Yorkshire and The Humber,All Routes,All Stages,All Ages,All Years
4,.57999998,.56,.60000002,Female,All IMD Quintiles,Yorkshire and The Humber,All Routes,All Stages,All Ages,All Years
4.25,.56999999,.55000001,.58999997,Female,All IMD Quintiles,Yorkshire and The Humber,All Routes,All Stages,All Ages,All Years
4.5,.56999999,.54000002,.58999997,Female,All IMD Quintiles,Yorkshire and The Humber,All Routes,All Stages,All Ages,All Years
4.75,.56,.52999997,.57999998,Female,All IMD Quintiles,Yorkshire and The Humber,All Routes,All Stages,All Ages,All Years
5,.55000001,.52999997,.57999998,Female,All IMD Quintiles,Yorkshire and The Humber,All Routes,All Stages,All Ages,All Years
0,1,.99000001,1,Female,All IMD Quintiles,All Regions,Emergency,All Stages,All Ages,All Years
.25,.68000001,.63999999,.70999998,Female,All IMD Quintiles,All Regions,Emergency,All Stages,All Ages,All Years
.5,.56,.51999998,.60000002,Female,All IMD Quintiles,All Regions,Emergency,All Stages,All Ages,All Years
.75,.49000001,.44999999,.52999997,Female,All IMD Quintiles,All Regions,Emergency,All Stages,All Ages,All Years
1,.44,.40000001,.47999999,Female,All IMD Quintiles,All Regions,Emergency,All Stages,All Ages,All Years
1.25,.41,.37,.44999999,Female,All IMD Quintiles,All Regions,Emergency,All Stages,All Ages,All Years
1.5,.38,.34999999,.41999999,Female,All IMD Quintiles,All Regions,Emergency,All Stages,All Ages,All Years
1.75,.36000001,.31999999,.40000001,Female,All IMD Quintiles,All Regions,Emergency,All Stages,All Ages,All Years
2,.34,.30000001,.37,Female,All IMD Quintiles,All Regions,Emergency,All Stages,All Ages,All Years
2.25,.33000001,.28999999,.36000001,Female,All IMD Quintiles,All Regions,Emergency,All Stages,All Ages,All Years
2.5,.31,.27000001,.34,Female,All IMD Quintiles,All Regions,Emergency,All Stages,All Ages,All Years
2.75,.30000001,.25999999,.33000001,Female,All IMD Quintiles,All Regions,Emergency,All Stages,All Ages,All Years
3,.28999999,.25999999,.33000001,Female,All IMD Quintiles,All Regions,Emergency,All Stages,All Ages,All Years
3.25,.28,.25,.31999999,Female,All IMD Quintiles,All Regions,Emergency,All Stages,All Ages,All Years
3.5,.28,.23999999,.31,Female,All IMD Quintiles,All Regions,Emergency,All Stages,All Ages,All Years
3.75,.28,.23999999,.31,Female,All IMD Quintiles,All Regions,Emergency,All Stages,All Ages,All Years
4,.27000001,.23999999,.31,Female,All IMD Quintiles,All Regions,Emergency,All Stages,All Ages,All Years
4.25,.25999999,.23,.30000001,Female,All IMD Quintiles,All Regions,Emergency,All Stages,All Ages,All Years
4.5,.25,.22,.28999999,Female,All IMD Quintiles,All Regions,Emergency,All Stages,All Ages,All Years
4.75,.25,.20999999,.28,Female,All IMD Quintiles,All Regions,Emergency,All Stages,All Ages,All Years
5,.25,.20999999,.28,Female,All IMD Quintiles,All Regions,Emergency,All Stages,All Ages,All Years
0,1,1,1,Female,All IMD Quintiles,All Regions,Non-emergency,All Stages,All Ages,All Years
.25,.94999999,.94,.94999999,Female,All IMD Quintiles,All Regions,Non-emergency,All Stages,All Ages,All Years
.5,.88999999,.88999999,.89999998,Female,All IMD Quintiles,All Regions,Non-emergency,All Stages,All Ages,All Years
.75,.85000002,.83999997,.86000001,Female,All IMD Quintiles,All Regions,Non-emergency,All Stages,All Ages,All Years
1,.81,.80000001,.81999999,Female,All IMD Quintiles,All Regions,Non-emergency,All Stages,All Ages,All Years
1.25,.77999997,.76999998,.79000002,Female,All IMD Quintiles,All Regions,Non-emergency,All Stages,All Ages,All Years
1.5,.75,.74000001,.75999999,Female,All IMD Quintiles,All Regions,Non-emergency,All Stages,All Ages,All Years
1.75,.73000002,.72000003,.74000001,Female,All IMD Quintiles,All Regions,Non-emergency,All Stages,All Ages,All Years
2,.70999998,.69999999,.72000003,Female,All IMD Quintiles,All Regions,Non-emergency,All Stages,All Ages,All Years
2.25,.69,.68000001,.69999999,Female,All IMD Quintiles,All Regions,Non-emergency,All Stages,All Ages,All Years
2.5,.68000001,.67000002,.69,Female,All IMD Quintiles,All Regions,Non-emergency,All Stages,All Ages,All Years
2.75,.67000002,.66000003,.68000001,Female,All IMD Quintiles,All Regions,Non-emergency,All Stages,All Ages,All Years
3,.66000003,.64999998,.67000002,Female,All IMD Quintiles,All Regions,Non-emergency,All Stages,All Ages,All Years
3.25,.63999999,.63,.64999998,Female,All IMD Quintiles,All Regions,Non-emergency,All Stages,All Ages,All Years
3.5,.63,.62,.63999999,Female,All IMD Quintiles,All Regions,Non-emergency,All Stages,All Ages,All Years
3.75,.62,.61000001,.63,Female,All IMD Quintiles,All Regions,Non-emergency,All Stages,All Ages,All Years
4,.61000001,.60000002,.62,Female,All IMD Quintiles,All Regions,Non-emergency,All Stages,All Ages,All Years
4.25,.60000002,.58999997,.61000001,Female,All IMD Quintiles,All Regions,Non-emergency,All Stages,All Ages,All Years
4.5,.58999997,.57999998,.61000001,Female,All IMD Quintiles,All Regions,Non-emergency,All Stages,All Ages,All Years
4.75,.58999997,.57999998,.60000002,Female,All IMD Quintiles,All Regions,Non-emergency,All Stages,All Ages,All Years
5,.57999998,.56999999,.58999997,Female,All IMD Quintiles,All Regions,Non-emergency,All Stages,All Ages,All Years
0,1,1,1,Female,All IMD Quintiles,All Regions,All Routes,Early,All Ages,All Years
.25,.99000001,.99000001,.99000001,Female,All IMD Quintiles,All Regions,All Routes,Early,All Ages,All Years
.5,.97000003,.97000003,.98000002,Female,All IMD Quintiles,All Regions,All Routes,Early,All Ages,All Years
.75,.95999998,.94999999,.95999998,Female,All IMD Quintiles,All Regions,All Routes,Early,All Ages,All Years
1,.94,.93000001,.94999999,Female,All IMD Quintiles,All Regions,All Routes,Early,All Ages,All Years
1.25,.92000002,.91000003,.93000001,Female,All IMD Quintiles,All Regions,All Routes,Early,All Ages,All Years
1.5,.89999998,.89999998,.91000003,Female,All IMD Quintiles,All Regions,All Routes,Early,All Ages,All Years
1.75,.88999999,.88,.89999998,Female,All IMD Quintiles,All Regions,All Routes,Early,All Ages,All Years
2,.87,.87,.88,Female,All IMD Quintiles,All Regions,All Routes,Early,All Ages,All Years
2.25,.86000001,.85000002,.87,Female,All IMD Quintiles,All Regions,All Routes,Early,All Ages,All Years
2.5,.85000002,.83999997,.86000001,Female,All IMD Quintiles,All Regions,All Routes,Early,All Ages,All Years
2.75,.82999998,.82999998,.83999997,Female,All IMD Quintiles,All Regions,All Routes,Early,All Ages,All Years
3,.81999999,.81,.82999998,Female,All IMD Quintiles,All Regions,All Routes,Early,All Ages,All Years
3.25,.81,.80000001,.81999999,Female,All IMD Quintiles,All Regions,All Routes,Early,All Ages,All Years
3.5,.80000001,.79000002,.81,Female,All IMD Quintiles,All Regions,All Routes,Early,All Ages,All Years
3.75,.79000002,.77999997,.80000001,Female,All IMD Quintiles,All Regions,All Routes,Early,All Ages,All Years
4,.77999997,.75999999,.79000002,Female,All IMD Quintiles,All Regions,All Routes,Early,All Ages,All Years
4.25,.76999998,.75,.77999997,Female,All IMD Quintiles,All Regions,All Routes,Early,All Ages,All Years
4.5,.75999999,.75,.76999998,Female,All IMD Quintiles,All Regions,All Routes,Early,All Ages,All Years
4.75,.75,.74000001,.75999999,Female,All IMD Quintiles,All Regions,All Routes,Early,All Ages,All Years
5,.74000001,.73000002,.75999999,Female,All IMD Quintiles,All Regions,All Routes,Early,All Ages,All Years
0,1,1,1,Female,All IMD Quintiles,All Regions,All Routes,Advanced,All Ages,All Years
.25,.91000003,.89999998,.92000002,Female,All IMD Quintiles,All Regions,All Routes,Advanced,All Ages,All Years
.5,.81,.81,.81999999,Female,All IMD Quintiles,All Regions,All Routes,Advanced,All Ages,All Years
.75,.74000001,.73000002,.75,Female,All IMD Quintiles,All Regions,All Routes,Advanced,All Ages,All Years
1,.68000001,.67000002,.69,Female,All IMD Quintiles,All Regions,All Routes,Advanced,All Ages,All Years
1.25,.63999999,.63,.64999998,Female,All IMD Quintiles,All Regions,All Routes,Advanced,All Ages,All Years
1.5,.61000001,.60000002,.62,Female,All IMD Quintiles,All Regions,All Routes,Advanced,All Ages,All Years
1.75,.57999998,.56999999,.58999997,Female,All IMD Quintiles,All Regions,All Routes,Advanced,All Ages,All Years
2,.56,.55000001,.56999999,Female,All IMD Quintiles,All Regions,All Routes,Advanced,All Ages,All Years
2.25,.54000002,.52999997,.55000001,Female,All IMD Quintiles,All Regions,All Routes,Advanced,All Ages,All Years
2.5,.52999997,.51999998,.54000002,Female,All IMD Quintiles,All Regions,All Routes,Advanced,All Ages,All Years
2.75,.51999998,.5,.52999997,Female,All IMD Quintiles,All Regions,All Routes,Advanced,All Ages,All Years
3,.50999999,.5,.51999998,Female,All IMD Quintiles,All Regions,All Routes,Advanced,All Ages,All Years
3.25,.49000001,.47999999,.50999999,Female,All IMD Quintiles,All Regions,All Routes,Advanced,All Ages,All Years
3.5,.47999999,.47,.49000001,Female,All IMD Quintiles,All Regions,All Routes,Advanced,All Ages,All Years
3.75,.47,.46000001,.47999999,Female,All IMD Quintiles,All Regions,All Routes,Advanced,All Ages,All Years
4,.47,.44999999,.47999999,Female,All IMD Quintiles,All Regions,All Routes,Advanced,All Ages,All Years
4.25,.46000001,.44999999,.47,Female,All IMD Quintiles,All Regions,All Routes,Advanced,All Ages,All Years
4.5,.44999999,.44,.46000001,Female,All IMD Quintiles,All Regions,All Routes,Advanced,All Ages,All Years
4.75,.44,.43000001,.46000001,Female,All IMD Quintiles,All Regions,All Routes,Advanced,All Ages,All Years
5,.44,.43000001,.44999999,Female,All IMD Quintiles,All Regions,All Routes,Advanced,All Ages,All Years
0,1,1,1,Female,All IMD Quintiles,All Regions,All Routes,All Stages,0-49,All Years
.25,.99000001,.98000002,.99000001,Female,All IMD Quintiles,All Regions,All Routes,All Stages,0-49,All Years
.5,.97000003,.95999998,.97000003,Female,All IMD Quintiles,All Regions,All Routes,All Stages,0-49,All Years
.75,.94,.93000001,.94999999,Female,All IMD Quintiles,All Regions,All Routes,All Stages,0-49,All Years
1,.92000002,.91000003,.93000001,Female,All IMD Quintiles,All Regions,All Routes,All Stages,0-49,All Years
1.25,.89999998,.88999999,.92000002,Female,All IMD Quintiles,All Regions,All Routes,All Stages,0-49,All Years
1.5,.88999999,.87,.89999998,Female,All IMD Quintiles,All Regions,All Routes,All Stages,0-49,All Years
1.75,.87,.86000001,.88,Female,All IMD Quintiles,All Regions,All Routes,All Stages,0-49,All Years
2,.86000001,.83999997,.87,Female,All IMD Quintiles,All Regions,All Routes,All Stages,0-49,All Years
2.25,.85000002,.83999997,.87,Female,All IMD Quintiles,All Regions,All Routes,All Stages,0-49,All Years
2.5,.83999997,.81999999,.86000001,Female,All IMD Quintiles,All Regions,All Routes,All Stages,0-49,All Years
2.75,.82999998,.81999999,.85000002,Female,All IMD Quintiles,All Regions,All Routes,All Stages,0-49,All Years
3,.82999998,.81,.85000002,Female,All IMD Quintiles,All Regions,All Routes,All Stages,0-49,All Years
3.25,.82999998,.81,.83999997,Female,All IMD Quintiles,All Regions,All Routes,All Stages,0-49,All Years
3.5,.81999999,.81,.83999997,Female,All IMD Quintiles,All Regions,All Routes,All Stages,0-49,All Years
3.75,.81999999,.80000001,.83999997,Female,All IMD Quintiles,All Regions,All Routes,All Stages,0-49,All Years
4,.81999999,.80000001,.82999998,Female,All IMD Quintiles,All Regions,All Routes,All Stages,0-49,All Years
4.25,.81,.80000001,.82999998,Female,All IMD Quintiles,All Regions,All Routes,All Stages,0-49,All Years
4.5,.81,.79000002,.82999998,Female,All IMD Quintiles,All Regions,All Routes,All Stages,0-49,All Years
4.75,.81,.79000002,.81999999,Female,All IMD Quintiles,All Regions,All Routes,All Stages,0-49,All Years
5,.80000001,.79000002,.81999999,Female,All IMD Quintiles,All Regions,All Routes,All Stages,0-49,All Years
0,1,1,1,Female,All IMD Quintiles,All Regions,All Routes,All Stages,50-54,All Years
.25,.98000002,.97000003,.98000002,Female,All IMD Quintiles,All Regions,All Routes,All Stages,50-54,All Years
.5,.94999999,.94,.95999998,Female,All IMD Quintiles,All Regions,All Routes,All Stages,50-54,All Years
.75,.91000003,.89999998,.93000001,Female,All IMD Quintiles,All Regions,All Routes,All Stages,50-54,All Years
1,.88999999,.87,.89999998,Female,All IMD Quintiles,All Regions,All Routes,All Stages,50-54,All Years
1.25,.87,.86000001,.88999999,Female,All IMD Quintiles,All Regions,All Routes,All Stages,50-54,All Years
1.5,.85000002,.83999997,.87,Female,All IMD Quintiles,All Regions,All Routes,All Stages,50-54,All Years
1.75,.83999997,.81999999,.86000001,Female,All IMD Quintiles,All Regions,All Routes,All Stages,50-54,All Years
2,.82999998,.81,.85000002,Female,All IMD Quintiles,All Regions,All Routes,All Stages,50-54,All Years
2.25,.81999999,.80000001,.83999997,Female,All IMD Quintiles,All Regions,All Routes,All Stages,50-54,All Years
2.5,.80000001,.77999997,.81999999,Female,All IMD Quintiles,All Regions,All Routes,All Stages,50-54,All Years
2.75,.79000002,.76999998,.81,Female,All IMD Quintiles,All Regions,All Routes,All Stages,50-54,All Years
3,.79000002,.75999999,.81,Female,All IMD Quintiles,All Regions,All Routes,All Stages,50-54,All Years
3.25,.77999997,.75,.80000001,Female,All IMD Quintiles,All Regions,All Routes,All Stages,50-54,All Years
3.5,.76999998,.74000001,.79000002,Female,All IMD Quintiles,All Regions,All Routes,All Stages,50-54,All Years
3.75,.75999999,.74000001,.79000002,Female,All IMD Quintiles,All Regions,All Routes,All Stages,50-54,All Years
4,.75999999,.74000001,.79000002,Female,All IMD Quintiles,All Regions,All Routes,All Stages,50-54,All Years
4.25,.75999999,.73000002,.77999997,Female,All IMD Quintiles,All Regions,All Routes,All Stages,50-54,All Years
4.5,.74000001,.72000003,.76999998,Female,All IMD Quintiles,All Regions,All Routes,All Stages,50-54,All Years
4.75,.73000002,.70999998,.75999999,Female,All IMD Quintiles,All Regions,All Routes,All Stages,50-54,All Years
5,.73000002,.70999998,.75999999,Female,All IMD Quintiles,All Regions,All Routes,All Stages,50-54,All Years
0,1,1,1,Female,All IMD Quintiles,All Regions,All Routes,All Stages,55-59,All Years
.25,.95999998,.95999998,.97000003,Female,All IMD Quintiles,All Regions,All Routes,All Stages,55-59,All Years
.5,.93000001,.92000002,.94,Female,All IMD Quintiles,All Regions,All Routes,All Stages,55-59,All Years
.75,.89999998,.88,.91000003,Female,All IMD Quintiles,All Regions,All Routes,All Stages,55-59,All Years
1,.86000001,.83999997,.87,Female,All IMD Quintiles,All Regions,All Routes,All Stages,55-59,All Years
1.25,.83999997,.81999999,.86000001,Female,All IMD Quintiles,All Regions,All Routes,All Stages,55-59,All Years
1.5,.82999998,.81,.83999997,Female,All IMD Quintiles,All Regions,All Routes,All Stages,55-59,All Years
1.75,.81,.79000002,.81999999,Female,All IMD Quintiles,All Regions,All Routes,All Stages,55-59,All Years
2,.79000002,.76999998,.81,Female,All IMD Quintiles,All Regions,All Routes,All Stages,55-59,All Years
2.25,.77999997,.75999999,.80000001,Female,All IMD Quintiles,All Regions,All Routes,All Stages,55-59,All Years
2.5,.76999998,.75,.79000002,Female,All IMD Quintiles,All Regions,All Routes,All Stages,55-59,All Years
2.75,.75999999,.74000001,.77999997,Female,All IMD Quintiles,All Regions,All Routes,All Stages,55-59,All Years
3,.75,.73000002,.76999998,Female,All IMD Quintiles,All Regions,All Routes,All Stages,55-59,All Years
3.25,.74000001,.72000003,.75999999,Female,All IMD Quintiles,All Regions,All Routes,All Stages,55-59,All Years
3.5,.73000002,.70999998,.75,Female,All IMD Quintiles,All Regions,All Routes,All Stages,55-59,All Years
3.75,.72000003,.69999999,.74000001,Female,All IMD Quintiles,All Regions,All Routes,All Stages,55-59,All Years
4,.70999998,.69,.73000002,Female,All IMD Quintiles,All Regions,All Routes,All Stages,55-59,All Years
4.25,.69999999,.68000001,.72000003,Female,All IMD Quintiles,All Regions,All Routes,All Stages,55-59,All Years
4.5,.69,.67000002,.70999998,Female,All IMD Quintiles,All Regions,All Routes,All Stages,55-59,All Years
4.75,.68000001,.66000003,.69999999,Female,All IMD Quintiles,All Regions,All Routes,All Stages,55-59,All Years
5,.68000001,.64999998,.69999999,Female,All IMD Quintiles,All Regions,All Routes,All Stages,55-59,All Years
0,1,1,1,Female,All IMD Quintiles,All Regions,All Routes,All Stages,60-64,All Years
.25,.94999999,.94,.95999998,Female,All IMD Quintiles,All Regions,All Routes,All Stages,60-64,All Years
.5,.91000003,.89999998,.92000002,Female,All IMD Quintiles,All Regions,All Routes,All Stages,60-64,All Years
.75,.87,.86000001,.88,Female,All IMD Quintiles,All Regions,All Routes,All Stages,60-64,All Years
1,.83999997,.81999999,.85000002,Female,All IMD Quintiles,All Regions,All Routes,All Stages,60-64,All Years
1.25,.81,.79000002,.82999998,Female,All IMD Quintiles,All Regions,All Routes,All Stages,60-64,All Years
1.5,.79000002,.76999998,.80000001,Female,All IMD Quintiles,All Regions,All Routes,All Stages,60-64,All Years
1.75,.75999999,.75,.77999997,Female,All IMD Quintiles,All Regions,All Routes,All Stages,60-64,All Years
2,.75,.73000002,.75999999,Female,All IMD Quintiles,All Regions,All Routes,All Stages,60-64,All Years
2.25,.73000002,.70999998,.75,Female,All IMD Quintiles,All Regions,All Routes,All Stages,60-64,All Years
2.5,.72000003,.69999999,.74000001,Female,All IMD Quintiles,All Regions,All Routes,All Stages,60-64,All Years
2.75,.70999998,.69,.73000002,Female,All IMD Quintiles,All Regions,All Routes,All Stages,60-64,All Years
3,.69999999,.68000001,.72000003,Female,All IMD Quintiles,All Regions,All Routes,All Stages,60-64,All Years
3.25,.69,.67000002,.70999998,Female,All IMD Quintiles,All Regions,All Routes,All Stages,60-64,All Years
3.5,.67000002,.64999998,.69,Female,All IMD Quintiles,All Regions,All Routes,All Stages,60-64,All Years
3.75,.67000002,.63999999,.69,Female,All IMD Quintiles,All Regions,All Routes,All Stages,60-64,All Years
4,.66000003,.63,.68000001,Female,All IMD Quintiles,All Regions,All Routes,All Stages,60-64,All Years
4.25,.64999998,.63,.67000002,Female,All IMD Quintiles,All Regions,All Routes,All Stages,60-64,All Years
4.5,.63999999,.62,.67000002,Female,All IMD Quintiles,All Regions,All Routes,All Stages,60-64,All Years
4.75,.63999999,.62,.66000003,Female,All IMD Quintiles,All Regions,All Routes,All Stages,60-64,All Years
5,.63,.61000001,.64999998,Female,All IMD Quintiles,All Regions,All Routes,All Stages,60-64,All Years
0,1,1,1,Female,All IMD Quintiles,All Regions,All Routes,All Stages,65-69,All Years
.25,.94999999,.94,.94999999,Female,All IMD Quintiles,All Regions,All Routes,All Stages,65-69,All Years
.5,.88999999,.88,.89999998,Female,All IMD Quintiles,All Regions,All Routes,All Stages,65-69,All Years
.75,.85000002,.82999998,.86000001,Female,All IMD Quintiles,All Regions,All Routes,All Stages,65-69,All Years
1,.80000001,.79000002,.81999999,Female,All IMD Quintiles,All Regions,All Routes,All Stages,65-69,All Years
1.25,.76999998,.75,.77999997,Female,All IMD Quintiles,All Regions,All Routes,All Stages,65-69,All Years
1.5,.74000001,.73000002,.75999999,Female,All IMD Quintiles,All Regions,All Routes,All Stages,65-69,All Years
1.75,.72000003,.69999999,.73000002,Female,All IMD Quintiles,All Regions,All Routes,All Stages,65-69,All Years
2,.69999999,.68000001,.70999998,Female,All IMD Quintiles,All Regions,All Routes,All Stages,65-69,All Years
2.25,.68000001,.66000003,.69999999,Female,All IMD Quintiles,All Regions,All Routes,All Stages,65-69,All Years
2.5,.67000002,.64999998,.68000001,Female,All IMD Quintiles,All Regions,All Routes,All Stages,65-69,All Years
2.75,.64999998,.63,.67000002,Female,All IMD Quintiles,All Regions,All Routes,All Stages,65-69,All Years
3,.63999999,.62,.66000003,Female,All IMD Quintiles,All Regions,All Routes,All Stages,65-69,All Years
3.25,.63,.61000001,.64999998,Female,All IMD Quintiles,All Regions,All Routes,All Stages,65-69,All Years
3.5,.62,.60000002,.63999999,Female,All IMD Quintiles,All Regions,All Routes,All Stages,65-69,All Years
3.75,.61000001,.58999997,.63,Female,All IMD Quintiles,All Regions,All Routes,All Stages,65-69,All Years
4,.60000002,.57999998,.62,Female,All IMD Quintiles,All Regions,All Routes,All Stages,65-69,All Years
4.25,.58999997,.56999999,.61000001,Female,All IMD Quintiles,All Regions,All Routes,All Stages,65-69,All Years
4.5,.57999998,.56,.60000002,Female,All IMD Quintiles,All Regions,All Routes,All Stages,65-69,All Years
4.75,.57999998,.56,.60000002,Female,All IMD Quintiles,All Regions,All Routes,All Stages,65-69,All Years
5,.56999999,.55000001,.58999997,Female,All IMD Quintiles,All Regions,All Routes,All Stages,65-69,All Years
0,1,1,1,Female,All IMD Quintiles,All Regions,All Routes,All Stages,70-74,All Years
.25,.94,.93000001,.94999999,Female,All IMD Quintiles,All Regions,All Routes,All Stages,70-74,All Years
.5,.88,.87,.88999999,Female,All IMD Quintiles,All Regions,All Routes,All Stages,70-74,All Years
.75,.82999998,.81,.83999997,Female,All IMD Quintiles,All Regions,All Routes,All Stages,70-74,All Years
1,.79000002,.76999998,.80000001,Female,All IMD Quintiles,All Regions,All Routes,All Stages,70-74,All Years
1.25,.75,.73000002,.76999998,Female,All IMD Quintiles,All Regions,All Routes,All Stages,70-74,All Years
1.5,.72000003,.69999999,.74000001,Female,All IMD Quintiles,All Regions,All Routes,All Stages,70-74,All Years
1.75,.69999999,.68000001,.72000003,Female,All IMD Quintiles,All Regions,All Routes,All Stages,70-74,All Years
2,.68000001,.66000003,.69999999,Female,All IMD Quintiles,All Regions,All Routes,All Stages,70-74,All Years
2.25,.66000003,.63999999,.68000001,Female,All IMD Quintiles,All Regions,All Routes,All Stages,70-74,All Years
2.5,.64999998,.63,.67000002,Female,All IMD Quintiles,All Regions,All Routes,All Stages,70-74,All Years
2.75,.63,.61000001,.64999998,Female,All IMD Quintiles,All Regions,All Routes,All Stages,70-74,All Years
3,.62,.60000002,.63999999,Female,All IMD Quintiles,All Regions,All Routes,All Stages,70-74,All Years
3.25,.61000001,.58999997,.63,Female,All IMD Quintiles,All Regions,All Routes,All Stages,70-74,All Years
3.5,.58999997,.56999999,.61000001,Female,All IMD Quintiles,All Regions,All Routes,All Stages,70-74,All Years
3.75,.56999999,.55000001,.60000002,Female,All IMD Quintiles,All Regions,All Routes,All Stages,70-74,All Years
4,.56,.54000002,.58999997,Female,All IMD Quintiles,All Regions,All Routes,All Stages,70-74,All Years
4.25,.56,.52999997,.57999998,Female,All IMD Quintiles,All Regions,All Routes,All Stages,70-74,All Years
4.5,.54000002,.51999998,.56,Female,All IMD Quintiles,All Regions,All Routes,All Stages,70-74,All Years
4.75,.52999997,.50999999,.56,Female,All IMD Quintiles,All Regions,All Routes,All Stages,70-74,All Years
5,.52999997,.5,.55000001,Female,All IMD Quintiles,All Regions,All Routes,All Stages,70-74,All Years
0,1,1,1,Female,All IMD Quintiles,All Regions,All Routes,All Stages,75-79,All Years
.25,.92000002,.89999998,.93000001,Female,All IMD Quintiles,All Regions,All Routes,All Stages,75-79,All Years
.5,.82999998,.81,.85000002,Female,All IMD Quintiles,All Regions,All Routes,All Stages,75-79,All Years
.75,.76999998,.75,.79000002,Female,All IMD Quintiles,All Regions,All Routes,All Stages,75-79,All Years
1,.73000002,.70999998,.75,Female,All IMD Quintiles,All Regions,All Routes,All Stages,75-79,All Years
1.25,.69,.67000002,.70999998,Female,All IMD Quintiles,All Regions,All Routes,All Stages,75-79,All Years
1.5,.66000003,.63999999,.68000001,Female,All IMD Quintiles,All Regions,All Routes,All Stages,75-79,All Years
1.75,.63,.61000001,.64999998,Female,All IMD Quintiles,All Regions,All Routes,All Stages,75-79,All Years
2,.61000001,.58999997,.63,Female,All IMD Quintiles,All Regions,All Routes,All Stages,75-79,All Years
2.25,.57999998,.56,.61000001,Female,All IMD Quintiles,All Regions,All Routes,All Stages,75-79,All Years
2.5,.56999999,.55000001,.58999997,Female,All IMD Quintiles,All Regions,All Routes,All Stages,75-79,All Years
2.75,.55000001,.52999997,.57999998,Female,All IMD Quintiles,All Regions,All Routes,All Stages,75-79,All Years
3,.54000002,.51999998,.56999999,Female,All IMD Quintiles,All Regions,All Routes,All Stages,75-79,All Years
3.25,.51999998,.5,.55000001,Female,All IMD Quintiles,All Regions,All Routes,All Stages,75-79,All Years
3.5,.50999999,.49000001,.54000002,Female,All IMD Quintiles,All Regions,All Routes,All Stages,75-79,All Years
3.75,.5,.47,.51999998,Female,All IMD Quintiles,All Regions,All Routes,All Stages,75-79,All Years
4,.47999999,.44999999,.50999999,Female,All IMD Quintiles,All Regions,All Routes,All Stages,75-79,All Years
4.25,.47,.44,.49000001,Female,All IMD Quintiles,All Regions,All Routes,All Stages,75-79,All Years
4.5,.46000001,.43000001,.49000001,Female,All IMD Quintiles,All Regions,All Routes,All Stages,75-79,All Years
4.75,.44999999,.43000001,.47999999,Female,All IMD Quintiles,All Regions,All Routes,All Stages,75-79,All Years
5,.44,.41,.47,Female,All IMD Quintiles,All Regions,All Routes,All Stages,75-79,All Years
0,1,1,1,Female,All IMD Quintiles,All Regions,All Routes,All Stages,80-84,All Years
.25,.87,.86000001,.88999999,Female,All IMD Quintiles,All Regions,All Routes,All Stages,80-84,All Years
.5,.76999998,.75,.79000002,Female,All IMD Quintiles,All Regions,All Routes,All Stages,80-84,All Years
.75,.69,.66000003,.70999998,Female,All IMD Quintiles,All Regions,All Routes,All Stages,80-84,All Years
1,.63,.61000001,.66000003,Female,All IMD Quintiles,All Regions,All Routes,All Stages,80-84,All Years
1.25,.58999997,.56999999,.62,Female,All IMD Quintiles,All Regions,All Routes,All Stages,80-84,All Years
1.5,.56,.52999997,.57999998,Female,All IMD Quintiles,All Regions,All Routes,All Stages,80-84,All Years
1.75,.54000002,.50999999,.56,Female,All IMD Quintiles,All Regions,All Routes,All Stages,80-84,All Years
2,.51999998,.5,.55000001,Female,All IMD Quintiles,All Regions,All Routes,All Stages,80-84,All Years
2.25,.50999999,.47999999,.52999997,Female,All IMD Quintiles,All Regions,All Routes,All Stages,80-84,All Years
2.5,.49000001,.46000001,.51999998,Female,All IMD Quintiles,All Regions,All Routes,All Stages,80-84,All Years
2.75,.47,.44,.5,Female,All IMD Quintiles,All Regions,All Routes,All Stages,80-84,All Years
3,.44999999,.43000001,.47999999,Female,All IMD Quintiles,All Regions,All Routes,All Stages,80-84,All Years
3.25,.44,.41,.47,Female,All IMD Quintiles,All Regions,All Routes,All Stages,80-84,All Years
3.5,.41999999,.40000001,.44999999,Female,All IMD Quintiles,All Regions,All Routes,All Stages,80-84,All Years
3.75,.41,.38,.44,Female,All IMD Quintiles,All Regions,All Routes,All Stages,80-84,All Years
4,.38999999,.36000001,.41999999,Female,All IMD Quintiles,All Regions,All Routes,All Stages,80-84,All Years
4.25,.38,.34999999,.41,Female,All IMD Quintiles,All Regions,All Routes,All Stages,80-84,All Years
4.5,.37,.34,.40000001,Female,All IMD Quintiles,All Regions,All Routes,All Stages,80-84,All Years
4.75,.36000001,.33000001,.38999999,Female,All IMD Quintiles,All Regions,All Routes,All Stages,80-84,All Years
5,.34999999,.31,.38,Female,All IMD Quintiles,All Regions,All Routes,All Stages,80-84,All Years
0,1,1,1,Female,All IMD Quintiles,All Regions,All Routes,All Stages,85-89,All Years
.25,.81,.79000002,.83999997,Female,All IMD Quintiles,All Regions,All Routes,All Stages,85-89,All Years
.5,.67000002,.64999998,.69999999,Female,All IMD Quintiles,All Regions,All Routes,All Stages,85-89,All Years
.75,.57999998,.55000001,.61000001,Female,All IMD Quintiles,All Regions,All Routes,All Stages,85-89,All Years
1,.52999997,.5,.56,Female,All IMD Quintiles,All Regions,All Routes,All Stages,85-89,All Years
1.25,.47,.44,.5,Female,All IMD Quintiles,All Regions,All Routes,All Stages,85-89,All Years
1.5,.44,.41,.47,Female,All IMD Quintiles,All Regions,All Routes,All Stages,85-89,All Years
1.75,.41,.38,.44,Female,All IMD Quintiles,All Regions,All Routes,All Stages,85-89,All Years
2,.38999999,.36000001,.41999999,Female,All IMD Quintiles,All Regions,All Routes,All Stages,85-89,All Years
2.25,.37,.34,.40000001,Female,All IMD Quintiles,All Regions,All Routes,All Stages,85-89,All Years
2.5,.34999999,.31999999,.38,Female,All IMD Quintiles,All Regions,All Routes,All Stages,85-89,All Years
2.75,.33000001,.30000001,.36000001,Female,All IMD Quintiles,All Regions,All Routes,All Stages,85-89,All Years
3,.31999999,.28999999,.34999999,Female,All IMD Quintiles,All Regions,All Routes,All Stages,85-89,All Years
3.25,.30000001,.27000001,.33000001,Female,All IMD Quintiles,All Regions,All Routes,All Stages,85-89,All Years
3.5,.28,.25,.31,Female,All IMD Quintiles,All Regions,All Routes,All Stages,85-89,All Years
3.75,.27000001,.23999999,.30000001,Female,All IMD Quintiles,All Regions,All Routes,All Stages,85-89,All Years
4,.25,.22,.28,Female,All IMD Quintiles,All Regions,All Routes,All Stages,85-89,All Years
4.25,.23,.2,.25999999,Female,All IMD Quintiles,All Regions,All Routes,All Stages,85-89,All Years
4.5,.22,.19,.25,Female,All IMD Quintiles,All Regions,All Routes,All Stages,85-89,All Years
4.75,.22,.19,.25,Female,All IMD Quintiles,All Regions,All Routes,All Stages,85-89,All Years
5,.20999999,.18000001,.23999999,Female,All IMD Quintiles,All Regions,All Routes,All Stages,85-89,All Years
0,1,.99000001,1,Female,All IMD Quintiles,All Regions,All Routes,All Stages,90+,All Years
.25,.73000002,.69,.75999999,Female,All IMD Quintiles,All Regions,All Routes,All Stages,90+,All Years
.5,.55000001,.50999999,.58999997,Female,All IMD Quintiles,All Regions,All Routes,All Stages,90+,All Years
.75,.44999999,.41,.49000001,Female,All IMD Quintiles,All Regions,All Routes,All Stages,90+,All Years
1,.38999999,.34999999,.43000001,Female,All IMD Quintiles,All Regions,All Routes,All Stages,90+,All Years
1.25,.34,.30000001,.37,Female,All IMD Quintiles,All Regions,All Routes,All Stages,90+,All Years
1.5,.28999999,.25999999,.33000001,Female,All IMD Quintiles,All Regions,All Routes,All Stages,90+,All Years
1.75,.27000001,.23,.31,Female,All IMD Quintiles,All Regions,All Routes,All Stages,90+,All Years
2,.25,.22,.28999999,Female,All IMD Quintiles,All Regions,All Routes,All Stages,90+,All Years
2.25,.23999999,.2,.27000001,Female,All IMD Quintiles,All Regions,All Routes,All Stages,90+,All Years
2.5,.22,.18000001,.25,Female,All IMD Quintiles,All Regions,All Routes,All Stages,90+,All Years
2.75,.2,.17,.23,Female,All IMD Quintiles,All Regions,All Routes,All Stages,90+,All Years
3,.19,.15000001,.22,Female,All IMD Quintiles,All Regions,All Routes,All Stages,90+,All Years
3.25,.17,.14,.2,Female,All IMD Quintiles,All Regions,All Routes,All Stages,90+,All Years
3.5,.16,.13,.19,Female,All IMD Quintiles,All Regions,All Routes,All Stages,90+,All Years
3.75,.15000001,.12,.18000001,Female,All IMD Quintiles,All Regions,All Routes,All Stages,90+,All Years
4,.14,.11,.17,Female,All IMD Quintiles,All Regions,All Routes,All Stages,90+,All Years
4.25,.12,.090000004,.15000001,Female,All IMD Quintiles,All Regions,All Routes,All Stages,90+,All Years
4.5,.11,.079999998,.14,Female,All IMD Quintiles,All Regions,All Routes,All Stages,90+,All Years
4.75,.1,.07,.13,Female,All IMD Quintiles,All Regions,All Routes,All Stages,90+,All Years
5,.090000004,.059999999,.12,Female,All IMD Quintiles,All Regions,All Routes,All Stages,90+,All Years
0,1,1,1,Female,All IMD Quintiles,All Regions,All Routes,All Stages,All Ages,2016
.25,.93000001,.92000002,.94,Female,All IMD Quintiles,All Regions,All Routes,All Stages,All Ages,2016
.5,.87,.85000002,.88,Female,All IMD Quintiles,All Regions,All Routes,All Stages,All Ages,2016
.75,.81,.80000001,.82999998,Female,All IMD Quintiles,All Regions,All Routes,All Stages,All Ages,2016
1,.76999998,.75999999,.79000002,Female,All IMD Quintiles,All Regions,All Routes,All Stages,All Ages,2016
1.25,.73000002,.72000003,.75,Female,All IMD Quintiles,All Regions,All Routes,All Stages,All Ages,2016
1.5,.70999998,.69,.73000002,Female,All IMD Quintiles,All Regions,All Routes,All Stages,All Ages,2016
1.75,.69,.67000002,.69999999,Female,All IMD Quintiles,All Regions,All Routes,All Stages,All Ages,2016
2,.66000003,.64999998,.68000001,Female,All IMD Quintiles,All Regions,All Routes,All Stages,All Ages,2016
2.25,.64999998,.63,.67000002,Female,All IMD Quintiles,All Regions,All Routes,All Stages,All Ages,2016
2.5,.63999999,.62,.64999998,Female,All IMD Quintiles,All Regions,All Routes,All Stages,All Ages,2016
2.75,.62,.61000001,.63999999,Female,All IMD Quintiles,All Regions,All Routes,All Stages,All Ages,2016
3,.61000001,.60000002,.63,Female,All IMD Quintiles,All Regions,All Routes,All Stages,All Ages,2016
3.25,.60000002,.57999998,.62,Female,All IMD Quintiles,All Regions,All Routes,All Stages,All Ages,2016
3.5,.58999997,.56999999,.60000002,Female,All IMD Quintiles,All Regions,All Routes,All Stages,All Ages,2016
3.75,.57999998,.56,.58999997,Female,All IMD Quintiles,All Regions,All Routes,All Stages,All Ages,2016
4,.56999999,.55000001,.57999998,Female,All IMD Quintiles,All Regions,All Routes,All Stages,All Ages,2016
4.25,.56,.54000002,.57999998,Female,All IMD Quintiles,All Regions,All Routes,All Stages,All Ages,2016
4.5,.55000001,.52999997,.56999999,Female,All IMD Quintiles,All Regions,All Routes,All Stages,All Ages,2016
4.75,.54000002,.52999997,.56,Female,All IMD Quintiles,All Regions,All Routes,All Stages,All Ages,2016
5,.54000002,.51999998,.55000001,Female,All IMD Quintiles,All Regions,All Routes,All Stages,All Ages,2016
0,1,1,1,Female,All IMD Quintiles,All Regions,All Routes,All Stages,All Ages,2017
.25,.93000001,.93000001,.94,Female,All IMD Quintiles,All Regions,All Routes,All Stages,All Ages,2017
.5,.87,.86000001,.88,Female,All IMD Quintiles,All Regions,All Routes,All Stages,All Ages,2017
.75,.82999998,.81999999,.83999997,Female,All IMD Quintiles,All Regions,All Routes,All Stages,All Ages,2017
1,.79000002,.76999998,.80000001,Female,All IMD Quintiles,All Regions,All Routes,All Stages,All Ages,2017
1.25,.75999999,.75,.77999997,Female,All IMD Quintiles,All Regions,All Routes,All Stages,All Ages,2017
1.5,.74000001,.72000003,.75,Female,All IMD Quintiles,All Regions,All Routes,All Stages,All Ages,2017
1.75,.70999998,.69999999,.73000002,Female,All IMD Quintiles,All Regions,All Routes,All Stages,All Ages,2017
2,.69,.68000001,.70999998,Female,All IMD Quintiles,All Regions,All Routes,All Stages,All Ages,2017
2.25,.68000001,.66000003,.69999999,Female,All IMD Quintiles,All Regions,All Routes,All Stages,All Ages,2017
2.5,.67000002,.64999998,.69,Female,All IMD Quintiles,All Regions,All Routes,All Stages,All Ages,2017
2.75,.64999998,.63999999,.67000002,Female,All IMD Quintiles,All Regions,All Routes,All Stages,All Ages,2017
3,.63999999,.63,.66000003,Female,All IMD Quintiles,All Regions,All Routes,All Stages,All Ages,2017
3.25,.63999999,.62,.64999998,Female,All IMD Quintiles,All Regions,All Routes,All Stages,All Ages,2017
3.5,.62,.61000001,.63999999,Female,All IMD Quintiles,All Regions,All Routes,All Stages,All Ages,2017
3.75,.61000001,.58999997,.63,Female,All IMD Quintiles,All Regions,All Routes,All Stages,All Ages,2017
4,.60000002,.58999997,.62,Female,All IMD Quintiles,All Regions,All Routes,All Stages,All Ages,2017
4.25,.60000002,.57999998,.61000001,Female,All IMD Quintiles,All Regions,All Routes,All Stages,All Ages,2017
4.5,.58999997,.56999999,.61000001,Female,All IMD Quintiles,All Regions,All Routes,All Stages,All Ages,2017
4.75,.57999998,.56,.60000002,Female,All IMD Quintiles,All Regions,All Routes,All Stages,All Ages,2017
5,.56999999,.56,.58999997,Female,All IMD Quintiles,All Regions,All Routes,All Stages,All Ages,2017
0,1,1,1,Female,All IMD Quintiles,All Regions,All Routes,All Stages,All Ages,2018
.25,.93000001,.92000002,.94,Female,All IMD Quintiles,All Regions,All Routes,All Stages,All Ages,2018
.5,.87,.86000001,.88,Female,All IMD Quintiles,All Regions,All Routes,All Stages,All Ages,2018
.75,.81999999,.81,.83999997,Female,All IMD Quintiles,All Regions,All Routes,All Stages,All Ages,2018
1,.79000002,.76999998,.80000001,Female,All IMD Quintiles,All Regions,All Routes,All Stages,All Ages,2018
1.25,.75999999,.74000001,.76999998,Female,All IMD Quintiles,All Regions,All Routes,All Stages,All Ages,2018
1.5,.74000001,.72000003,.75,Female,All IMD Quintiles,All Regions,All Routes,All Stages,All Ages,2018
1.75,.72000003,.69999999,.73000002,Female,All IMD Quintiles,All Regions,All Routes,All Stages,All Ages,2018
2,.69999999,.68000001,.70999998,Female,All IMD Quintiles,All Regions,All Routes,All Stages,All Ages,2018
2.25,.68000001,.66000003,.69999999,Female,All IMD Quintiles,All Regions,All Routes,All Stages,All Ages,2018
2.5,.66000003,.64999998,.68000001,Female,All IMD Quintiles,All Regions,All Routes,All Stages,All Ages,2018
2.75,.64999998,.63,.67000002,Female,All IMD Quintiles,All Regions,All Routes,All Stages,All Ages,2018
3,.63999999,.62,.66000003,Female,All IMD Quintiles,All Regions,All Routes,All Stages,All Ages,2018
3.25,.63,.61000001,.64999998,Female,All IMD Quintiles,All Regions,All Routes,All Stages,All Ages,2018
3.5,.62,.60000002,.63999999,Female,All IMD Quintiles,All Regions,All Routes,All Stages,All Ages,2018
3.75,.61000001,.58999997,.63,Female,All IMD Quintiles,All Regions,All Routes,All Stages,All Ages,2018
4,.60000002,.57999998,.62,Female,All IMD Quintiles,All Regions,All Routes,All Stages,All Ages,2018
4.25,.58999997,.56999999,.61000001,Female,All IMD Quintiles,All Regions,All Routes,All Stages,All Ages,2018
4.5,.57999998,.56,.60000002,Female,All IMD Quintiles,All Regions,All Routes,All Stages,All Ages,2018
4.75,.56999999,.56,.58999997,Female,All IMD Quintiles,All Regions,All Routes,All Stages,All Ages,2018
5,.56999999,.55000001,.58999997,Female,All IMD Quintiles,All Regions,All Routes,All Stages,All Ages,2018
0,1,1,1,Female,All IMD Quintiles,All Regions,All Routes,All Stages,All Ages,2019
.25,.93000001,.93000001,.94,Female,All IMD Quintiles,All Regions,All Routes,All Stages,All Ages,2019
.5,.88,.87,.88999999,Female,All IMD Quintiles,All Regions,All Routes,All Stages,All Ages,2019
.75,.81999999,.81,.82999998,Female,All IMD Quintiles,All Regions,All Routes,All Stages,All Ages,2019
1,.77999997,.76999998,.80000001,Female,All IMD Quintiles,All Regions,All Routes,All Stages,All Ages,2019
1.25,.75,.73000002,.75999999,Female,All IMD Quintiles,All Regions,All Routes,All Stages,All Ages,2019
1.5,.73000002,.70999998,.74000001,Female,All IMD Quintiles,All Regions,All Routes,All Stages,All Ages,2019
1.75,.70999998,.69,.72000003,Female,All IMD Quintiles,All Regions,All Routes,All Stages,All Ages,2019
2,.69,.68000001,.70999998,Female,All IMD Quintiles,All Regions,All Routes,All Stages,All Ages,2019
2.25,.68000001,.66000003,.69999999,Female,All IMD Quintiles,All Regions,All Routes,All Stages,All Ages,2019
2.5,.67000002,.64999998,.68000001,Female,All IMD Quintiles,All Regions,All Routes,All Stages,All Ages,2019
2.75,.64999998,.63999999,.67000002,Female,All IMD Quintiles,All Regions,All Routes,All Stages,All Ages,2019
3,.63999999,.63,.66000003,Female,All IMD Quintiles,All Regions,All Routes,All Stages,All Ages,2019
3.25,.63,.62,.64999998,Female,All IMD Quintiles,All Regions,All Routes,All Stages,All Ages,2019
3.5,.62,.60000002,.63,Female,All IMD Quintiles,All Regions,All Routes,All Stages,All Ages,2019
3.75,.61000001,.58999997,.63,Female,All IMD Quintiles,All Regions,All Routes,All Stages,All Ages,2019
4,.56999999,.52999997,.62,Female,All IMD Quintiles,All Regions,All Routes,All Stages,All Ages,2019
4.25,.56999999,.52999997,.62,Female,All IMD Quintiles,All Regions,All Routes,All Stages,All Ages,2019
4.5,.54000002,.44999999,.62,Female,All IMD Quintiles,All Regions,All Routes,All Stages,All Ages,2019
4.75,.54000002,.44999999,.62,Female,All IMD Quintiles,All Regions,All Routes,All Stages,All Ages,2019
5,.49000001,.37,.60000002,Female,All IMD Quintiles,All Regions,All Routes,All Stages,All Ages,2019
0,1,1,1,Female,All IMD Quintiles,All Regions,All Routes,All Stages,All Ages,2020
.25,.93000001,.92000002,.94,Female,All IMD Quintiles,All Regions,All Routes,All Stages,All Ages,2020
.5,.86000001,.85000002,.87,Female,All IMD Quintiles,All Regions,All Routes,All Stages,All Ages,2020
.75,.81,.80000001,.81999999,Female,All IMD Quintiles,All Regions,All Routes,All Stages,All Ages,2020
1,.76999998,.75999999,.79000002,Female,All IMD Quintiles,All Regions,All Routes,All Stages,All Ages,2020
1.25,.75,.73000002,.75999999,Female,All IMD Quintiles,All Regions,All Routes,All Stages,All Ages,2020
1.5,.72000003,.69999999,.73000002,Female,All IMD Quintiles,All Regions,All Routes,All Stages,All Ages,2020
1.75,.69999999,.68000001,.70999998,Female,All IMD Quintiles,All Regions,All Routes,All Stages,All Ages,2020
2,.68000001,.66000003,.69999999,Female,All IMD Quintiles,All Regions,All Routes,All Stages,All Ages,2020
2.25,.66000003,.64999998,.68000001,Female,All IMD Quintiles,All Regions,All Routes,All Stages,All Ages,2020
2.5,.64999998,.63999999,.67000002,Female,All IMD Quintiles,All Regions,All Routes,All Stages,All Ages,2020
2.75,.63999999,.63,.66000003,Female,All IMD Quintiles,All Regions,All Routes,All Stages,All Ages,2020
3,.63999999,.62,.66000003,Female,All IMD Quintiles,All Regions,All Routes,All Stages,All Ages,2020
3.25,.60000002,.55000001,.66000003,Female,All IMD Quintiles,All Regions,All Routes,All Stages,All Ages,2020
3.5,.52999997,.44999999,.62,Female,All IMD Quintiles,All Regions,All Routes,All Stages,All Ages,2020
4,.49000001,.38999999,.58999997,Female,All IMD Quintiles,All Regions,All Routes,All Stages,All Ages,2020
4.25,.49000001,.38999999,.58999997,Female,All IMD Quintiles,All Regions,All Routes,All Stages,All Ages,2020
4.5,.43000001,.31999999,.54000002,Female,All IMD Quintiles,All Regions,All Routes,All Stages,All Ages,2020
5,.43000001,.31999999,.54000002,Female,All IMD Quintiles,All Regions,All Routes,All Stages,All Ages,2020
0,1,1,1,Female,All IMD Quintiles,All Regions,All Routes,All Stages,All Ages,2021
.25,.94,.93000001,.94999999,Female,All IMD Quintiles,All Regions,All Routes,All Stages,All Ages,2021
.5,.88,.87,.88999999,Female,All IMD Quintiles,All Regions,All Routes,All Stages,All Ages,2021
.75,.82999998,.81999999,.83999997,Female,All IMD Quintiles,All Regions,All Routes,All Stages,All Ages,2021
1,.79000002,.77999997,.80000001,Female,All IMD Quintiles,All Regions,All Routes,All Stages,All Ages,2021
1.25,.75999999,.74000001,.76999998,Female,All IMD Quintiles,All Regions,All Routes,All Stages,All Ages,2021
1.5,.73000002,.72000003,.75,Female,All IMD Quintiles,All Regions,All Routes,All Stages,All Ages,2021
1.75,.70999998,.69999999,.73000002,Female,All IMD Quintiles,All Regions,All Routes,All Stages,All Ages,2021
2,.69999999,.68000001,.72000003,Female,All IMD Quintiles,All Regions,All Routes,All Stages,All Ages,2021
2.25,.69999999,.68000001,.72000003,Female,All IMD Quintiles,All Regions,All Routes,All Stages,All Ages,2021
2.5,.68000001,.63999999,.73000002,Female,All IMD Quintiles,All Regions,All Routes,All Stages,All Ages,2021
2.75,.66000003,.60000002,.72000003,Female,All IMD Quintiles,All Regions,All Routes,All Stages,All Ages,2021
3,.66000003,.60000002,.72000003,Female,All IMD Quintiles,All Regions,All Routes,All Stages,All Ages,2021
3.5,.63,.55000001,.70999998,Female,All IMD Quintiles,All Regions,All Routes,All Stages,All Ages,2021
3.75,.60000002,.50999999,.69,Female,All IMD Quintiles,All Regions,All Routes,All Stages,All Ages,2021
4,.56999999,.47,.68000001,Female,All IMD Quintiles,All Regions,All Routes,All Stages,All Ages,2021
4.25,.56999999,.47,.68000001,Female,All IMD Quintiles,All Regions,All Routes,All Stages,All Ages,2021
4.5,.54000002,.43000001,.64999998,Female,All IMD Quintiles,All Regions,All Routes,All Stages,All Ages,2021
4.75,.54000002,.43000001,.64999998,Female,All IMD Quintiles,All Regions,All Routes,All Stages,All Ages,2021
5,.54000002,.43000001,.64999998,Female,All IMD Quintiles,All Regions,All Routes,All Stages,All Ages,2021
0,1,1,1,All Persons,IMD 1 - most deprived,East Midlands,All Routes,All Stages,All Ages,All Years
.25,.91000003,.88999999,.92000002,All Persons,IMD 1 - most deprived,East Midlands,All Routes,All Stages,All Ages,All Years
.5,.85000002,.82999998,.88,All Persons,IMD 1 - most deprived,East Midlands,All Routes,All Stages,All Ages,All Years
.75,.79000002,.76999998,.81999999,All Persons,IMD 1 - most deprived,East Midlands,All Routes,All Stages,All Ages,All Years
1,.75,.72000003,.76999998,All Persons,IMD 1 - most deprived,East Midlands,All Routes,All Stages,All Ages,All Years
1.25,.70999998,.69,.74000001,All Persons,IMD 1 - most deprived,East Midlands,All Routes,All Stages,All Ages,All Years
1.5,.69,.66000003,.72000003,All Persons,IMD 1 - most deprived,East Midlands,All Routes,All Stages,All Ages,All Years
1.75,.66000003,.63,.69,All Persons,IMD 1 - most deprived,East Midlands,All Routes,All Stages,All Ages,All Years
2,.63,.60000002,.66000003,All Persons,IMD 1 - most deprived,East Midlands,All Routes,All Stages,All Ages,All Years
2.25,.62,.58999997,.64999998,All Persons,IMD 1 - most deprived,East Midlands,All Routes,All Stages,All Ages,All Years
2.5,.61000001,.57999998,.63999999,All Persons,IMD 1 - most deprived,East Midlands,All Routes,All Stages,All Ages,All Years
2.75,.58999997,.56,.62,All Persons,IMD 1 - most deprived,East Midlands,All Routes,All Stages,All Ages,All Years
3,.57999998,.54000002,.61000001,All Persons,IMD 1 - most deprived,East Midlands,All Routes,All Stages,All Ages,All Years
3.25,.56999999,.54000002,.60000002,All Persons,IMD 1 - most deprived,East Midlands,All Routes,All Stages,All Ages,All Years
3.5,.56,.52999997,.58999997,All Persons,IMD 1 - most deprived,East Midlands,All Routes,All Stages,All Ages,All Years
3.75,.55000001,.51999998,.57999998,All Persons,IMD 1 - most deprived,East Midlands,All Routes,All Stages,All Ages,All Years
4,.54000002,.50999999,.56999999,All Persons,IMD 1 - most deprived,East Midlands,All Routes,All Stages,All Ages,All Years
4.25,.52999997,.5,.56,All Persons,IMD 1 - most deprived,East Midlands,All Routes,All Stages,All Ages,All Years
4.5,.50999999,.47999999,.55000001,All Persons,IMD 1 - most deprived,East Midlands,All Routes,All Stages,All Ages,All Years
4.75,.50999999,.47,.54000002,All Persons,IMD 1 - most deprived,East Midlands,All Routes,All Stages,All Ages,All Years
5,.5,.47,.54000002,All Persons,IMD 1 - most deprived,East Midlands,All Routes,All Stages,All Ages,All Years
0,1,1,1,All Persons,IMD 1 - most deprived,East of England,All Routes,All Stages,All Ages,All Years
.25,.91000003,.88999999,.93000001,All Persons,IMD 1 - most deprived,East of England,All Routes,All Stages,All Ages,All Years
.5,.85000002,.82999998,.88,All Persons,IMD 1 - most deprived,East of England,All Routes,All Stages,All Ages,All Years
.75,.77999997,.75,.81,All Persons,IMD 1 - most deprived,East of England,All Routes,All Stages,All Ages,All Years
1,.75,.72000003,.77999997,All Persons,IMD 1 - most deprived,East of England,All Routes,All Stages,All Ages,All Years
1.25,.70999998,.68000001,.75,All Persons,IMD 1 - most deprived,East of England,All Routes,All Stages,All Ages,All Years
1.5,.69,.66000003,.72000003,All Persons,IMD 1 - most deprived,East of England,All Routes,All Stages,All Ages,All Years
1.75,.66000003,.62,.69,All Persons,IMD 1 - most deprived,East of England,All Routes,All Stages,All Ages,All Years
2,.63,.58999997,.67000002,All Persons,IMD 1 - most deprived,East of England,All Routes,All Stages,All Ages,All Years
2.25,.60000002,.56999999,.63999999,All Persons,IMD 1 - most deprived,East of England,All Routes,All Stages,All Ages,All Years
2.5,.58999997,.55000001,.62,All Persons,IMD 1 - most deprived,East of England,All Routes,All Stages,All Ages,All Years
2.75,.56999999,.52999997,.61000001,All Persons,IMD 1 - most deprived,East of England,All Routes,All Stages,All Ages,All Years
3,.55000001,.51999998,.58999997,All Persons,IMD 1 - most deprived,East of England,All Routes,All Stages,All Ages,All Years
3.25,.54000002,.5,.57999998,All Persons,IMD 1 - most deprived,East of England,All Routes,All Stages,All Ages,All Years
3.5,.52999997,.49000001,.56999999,All Persons,IMD 1 - most deprived,East of England,All Routes,All Stages,All Ages,All Years
3.75,.50999999,.47,.55000001,All Persons,IMD 1 - most deprived,East of England,All Routes,All Stages,All Ages,All Years
4,.50999999,.47,.55000001,All Persons,IMD 1 - most deprived,East of England,All Routes,All Stages,All Ages,All Years
4.25,.5,.46000001,.54000002,All Persons,IMD 1 - most deprived,East of England,All Routes,All Stages,All Ages,All Years
4.5,.5,.46000001,.54000002,All Persons,IMD 1 - most deprived,East of England,All Routes,All Stages,All Ages,All Years
4.75,.49000001,.44999999,.52999997,All Persons,IMD 1 - most deprived,East of England,All Routes,All Stages,All Ages,All Years
5,.49000001,.44999999,.52999997,All Persons,IMD 1 - most deprived,East of England,All Routes,All Stages,All Ages,All Years
0,1,1,1,All Persons,IMD 1 - most deprived,London,All Routes,All Stages,All Ages,All Years
.25,.92000002,.89999998,.93000001,All Persons,IMD 1 - most deprived,London,All Routes,All Stages,All Ages,All Years
.5,.83999997,.81999999,.86000001,All Persons,IMD 1 - most deprived,London,All Routes,All Stages,All Ages,All Years
.75,.77999997,.75999999,.80000001,All Persons,IMD 1 - most deprived,London,All Routes,All Stages,All Ages,All Years
1,.72000003,.69999999,.75,All Persons,IMD 1 - most deprived,London,All Routes,All Stages,All Ages,All Years
1.25,.69,.66000003,.72000003,All Persons,IMD 1 - most deprived,London,All Routes,All Stages,All Ages,All Years
1.5,.66000003,.63999999,.69,All Persons,IMD 1 - most deprived,London,All Routes,All Stages,All Ages,All Years
1.75,.63999999,.62,.67000002,All Persons,IMD 1 - most deprived,London,All Routes,All Stages,All Ages,All Years
2,.62,.58999997,.64999998,All Persons,IMD 1 - most deprived,London,All Routes,All Stages,All Ages,All Years
2.25,.60000002,.57999998,.63,All Persons,IMD 1 - most deprived,London,All Routes,All Stages,All Ages,All Years
2.5,.58999997,.56,.61000001,All Persons,IMD 1 - most deprived,London,All Routes,All Stages,All Ages,All Years
2.75,.56999999,.54000002,.60000002,All Persons,IMD 1 - most deprived,London,All Routes,All Stages,All Ages,All Years
3,.56999999,.54000002,.60000002,All Persons,IMD 1 - most deprived,London,All Routes,All Stages,All Ages,All Years
3.25,.56,.51999998,.58999997,All Persons,IMD 1 - most deprived,London,All Routes,All Stages,All Ages,All Years
3.5,.55000001,.51999998,.57999998,All Persons,IMD 1 - most deprived,London,All Routes,All Stages,All Ages,All Years
3.75,.54000002,.50999999,.56999999,All Persons,IMD 1 - most deprived,London,All Routes,All Stages,All Ages,All Years
4,.52999997,.5,.56,All Persons,IMD 1 - most deprived,London,All Routes,All Stages,All Ages,All Years
4.25,.52999997,.5,.56,All Persons,IMD 1 - most deprived,London,All Routes,All Stages,All Ages,All Years
4.5,.50999999,.47999999,.54000002,All Persons,IMD 1 - most deprived,London,All Routes,All Stages,All Ages,All Years
4.75,.50999999,.47,.54000002,All Persons,IMD 1 - most deprived,London,All Routes,All Stages,All Ages,All Years
5,.50999999,.47,.54000002,All Persons,IMD 1 - most deprived,London,All Routes,All Stages,All Ages,All Years
0,1,1,1,All Persons,IMD 1 - most deprived,North East,All Routes,All Stages,All Ages,All Years
.25,.92000002,.89999998,.93000001,All Persons,IMD 1 - most deprived,North East,All Routes,All Stages,All Ages,All Years
.5,.83999997,.81999999,.86000001,All Persons,IMD 1 - most deprived,North East,All Routes,All Stages,All Ages,All Years
.75,.77999997,.75999999,.80000001,All Persons,IMD 1 - most deprived,North East,All Routes,All Stages,All Ages,All Years
1,.74000001,.72000003,.75999999,All Persons,IMD 1 - most deprived,North East,All Routes,All Stages,All Ages,All Years
1.25,.70999998,.68000001,.73000002,All Persons,IMD 1 - most deprived,North East,All Routes,All Stages,All Ages,All Years
1.5,.67000002,.64999998,.69999999,All Persons,IMD 1 - most deprived,North East,All Routes,All Stages,All Ages,All Years
1.75,.64999998,.62,.67000002,All Persons,IMD 1 - most deprived,North East,All Routes,All Stages,All Ages,All Years
2,.63,.60000002,.64999998,All Persons,IMD 1 - most deprived,North East,All Routes,All Stages,All Ages,All Years
2.25,.60000002,.57999998,.63,All Persons,IMD 1 - most deprived,North East,All Routes,All Stages,All Ages,All Years
2.5,.58999997,.56,.61000001,All Persons,IMD 1 - most deprived,North East,All Routes,All Stages,All Ages,All Years
2.75,.56999999,.54000002,.60000002,All Persons,IMD 1 - most deprived,North East,All Routes,All Stages,All Ages,All Years
3,.56,.52999997,.57999998,All Persons,IMD 1 - most deprived,North East,All Routes,All Stages,All Ages,All Years
3.25,.54000002,.50999999,.56999999,All Persons,IMD 1 - most deprived,North East,All Routes,All Stages,All Ages,All Years
3.5,.52999997,.5,.56,All Persons,IMD 1 - most deprived,North East,All Routes,All Stages,All Ages,All Years
3.75,.51999998,.49000001,.55000001,All Persons,IMD 1 - most deprived,North East,All Routes,All Stages,All Ages,All Years
4,.50999999,.49000001,.54000002,All Persons,IMD 1 - most deprived,North East,All Routes,All Stages,All Ages,All Years
4.25,.50999999,.47999999,.54000002,All Persons,IMD 1 - most deprived,North East,All Routes,All Stages,All Ages,All Years
4.5,.5,.47,.52999997,All Persons,IMD 1 - most deprived,North East,All Routes,All Stages,All Ages,All Years
4.75,.49000001,.46000001,.51999998,All Persons,IMD 1 - most deprived,North East,All Routes,All Stages,All Ages,All Years
5,.49000001,.46000001,.51999998,All Persons,IMD 1 - most deprived,North East,All Routes,All Stages,All Ages,All Years
0,1,1,1,All Persons,IMD 1 - most deprived,North West,All Routes,All Stages,All Ages,All Years
.25,.91000003,.89999998,.92000002,All Persons,IMD 1 - most deprived,North West,All Routes,All Stages,All Ages,All Years
.5,.85000002,.82999998,.86000001,All Persons,IMD 1 - most deprived,North West,All Routes,All Stages,All Ages,All Years
.75,.79000002,.76999998,.80000001,All Persons,IMD 1 - most deprived,North West,All Routes,All Stages,All Ages,All Years
1,.74000001,.72000003,.75,All Persons,IMD 1 - most deprived,North West,All Routes,All Stages,All Ages,All Years
1.25,.69999999,.69,.72000003,All Persons,IMD 1 - most deprived,North West,All Routes,All Stages,All Ages,All Years
1.5,.67000002,.66000003,.69,All Persons,IMD 1 - most deprived,North West,All Routes,All Stages,All Ages,All Years
1.75,.64999998,.63999999,.67000002,All Persons,IMD 1 - most deprived,North West,All Routes,All Stages,All Ages,All Years
2,.63,.62,.64999998,All Persons,IMD 1 - most deprived,North West,All Routes,All Stages,All Ages,All Years
2.25,.61000001,.60000002,.63,All Persons,IMD 1 - most deprived,North West,All Routes,All Stages,All Ages,All Years
2.5,.60000002,.57999998,.61000001,All Persons,IMD 1 - most deprived,North West,All Routes,All Stages,All Ages,All Years
2.75,.58999997,.56999999,.60000002,All Persons,IMD 1 - most deprived,North West,All Routes,All Stages,All Ages,All Years
3,.56999999,.55000001,.58999997,All Persons,IMD 1 - most deprived,North West,All Routes,All Stages,All Ages,All Years
3.25,.56,.54000002,.56999999,All Persons,IMD 1 - most deprived,North West,All Routes,All Stages,All Ages,All Years
3.5,.55000001,.52999997,.56,All Persons,IMD 1 - most deprived,North West,All Routes,All Stages,All Ages,All Years
3.75,.52999997,.50999999,.55000001,All Persons,IMD 1 - most deprived,North West,All Routes,All Stages,All Ages,All Years
4,.51999998,.5,.52999997,All Persons,IMD 1 - most deprived,North West,All Routes,All Stages,All Ages,All Years
4.25,.50999999,.49000001,.51999998,All Persons,IMD 1 - most deprived,North West,All Routes,All Stages,All Ages,All Years
4.5,.49000001,.47999999,.50999999,All Persons,IMD 1 - most deprived,North West,All Routes,All Stages,All Ages,All Years
4.75,.49000001,.47,.5,All Persons,IMD 1 - most deprived,North West,All Routes,All Stages,All Ages,All Years
5,.47999999,.46000001,.5,All Persons,IMD 1 - most deprived,North West,All Routes,All Stages,All Ages,All Years
0,1,1,1,All Persons,IMD 1 - most deprived,South East,All Routes,All Stages,All Ages,All Years
.25,.89999998,.88,.92000002,All Persons,IMD 1 - most deprived,South East,All Routes,All Stages,All Ages,All Years
.5,.83999997,.81999999,.86000001,All Persons,IMD 1 - most deprived,South East,All Routes,All Stages,All Ages,All Years
.75,.77999997,.75,.81,All Persons,IMD 1 - most deprived,South East,All Routes,All Stages,All Ages,All Years
1,.73000002,.69999999,.75999999,All Persons,IMD 1 - most deprived,South East,All Routes,All Stages,All Ages,All Years
1.25,.69999999,.67000002,.73000002,All Persons,IMD 1 - most deprived,South East,All Routes,All Stages,All Ages,All Years
1.5,.67000002,.63999999,.69999999,All Persons,IMD 1 - most deprived,South East,All Routes,All Stages,All Ages,All Years
1.75,.63999999,.61000001,.67000002,All Persons,IMD 1 - most deprived,South East,All Routes,All Stages,All Ages,All Years
2,.62,.58999997,.64999998,All Persons,IMD 1 - most deprived,South East,All Routes,All Stages,All Ages,All Years
2.25,.60000002,.56,.63,All Persons,IMD 1 - most deprived,South East,All Routes,All Stages,All Ages,All Years
2.5,.57999998,.55000001,.61000001,All Persons,IMD 1 - most deprived,South East,All Routes,All Stages,All Ages,All Years
2.75,.56,.52999997,.60000002,All Persons,IMD 1 - most deprived,South East,All Routes,All Stages,All Ages,All Years
3,.55000001,.51999998,.57999998,All Persons,IMD 1 - most deprived,South East,All Routes,All Stages,All Ages,All Years
3.25,.54000002,.5,.56999999,All Persons,IMD 1 - most deprived,South East,All Routes,All Stages,All Ages,All Years
3.5,.52999997,.49000001,.56,All Persons,IMD 1 - most deprived,South East,All Routes,All Stages,All Ages,All Years
3.75,.51999998,.47999999,.55000001,All Persons,IMD 1 - most deprived,South East,All Routes,All Stages,All Ages,All Years
4,.50999999,.47,.54000002,All Persons,IMD 1 - most deprived,South East,All Routes,All Stages,All Ages,All Years
4.25,.49000001,.46000001,.52999997,All Persons,IMD 1 - most deprived,South East,All Routes,All Stages,All Ages,All Years
4.5,.47999999,.44,.51999998,All Persons,IMD 1 - most deprived,South East,All Routes,All Stages,All Ages,All Years
4.75,.47,.43000001,.5,All Persons,IMD 1 - most deprived,South East,All Routes,All Stages,All Ages,All Years
5,.46000001,.41999999,.5,All Persons,IMD 1 - most deprived,South East,All Routes,All Stages,All Ages,All Years
0,1,1,1,All Persons,IMD 1 - most deprived,South West,All Routes,All Stages,All Ages,All Years
.25,.94,.92000002,.94999999,All Persons,IMD 1 - most deprived,South West,All Routes,All Stages,All Ages,All Years
.5,.87,.83999997,.88999999,All Persons,IMD 1 - most deprived,South West,All Routes,All Stages,All Ages,All Years
.75,.81,.79000002,.83999997,All Persons,IMD 1 - most deprived,South West,All Routes,All Stages,All Ages,All Years
1,.76999998,.74000001,.80000001,All Persons,IMD 1 - most deprived,South West,All Routes,All Stages,All Ages,All Years
1.25,.75,.72000003,.77999997,All Persons,IMD 1 - most deprived,South West,All Routes,All Stages,All Ages,All Years
1.5,.70999998,.68000001,.74000001,All Persons,IMD 1 - most deprived,South West,All Routes,All Stages,All Ages,All Years
1.75,.68000001,.64999998,.70999998,All Persons,IMD 1 - most deprived,South West,All Routes,All Stages,All Ages,All Years
2,.66000003,.63,.69,All Persons,IMD 1 - most deprived,South West,All Routes,All Stages,All Ages,All Years
2.25,.63999999,.61000001,.68000001,All Persons,IMD 1 - most deprived,South West,All Routes,All Stages,All Ages,All Years
2.5,.63,.58999997,.66000003,All Persons,IMD 1 - most deprived,South West,All Routes,All Stages,All Ages,All Years
2.75,.61000001,.57999998,.64999998,All Persons,IMD 1 - most deprived,South West,All Routes,All Stages,All Ages,All Years
3,.60000002,.56999999,.63999999,All Persons,IMD 1 - most deprived,South West,All Routes,All Stages,All Ages,All Years
3.25,.58999997,.55000001,.63,All Persons,IMD 1 - most deprived,South West,All Routes,All Stages,All Ages,All Years
3.5,.57999998,.54000002,.61000001,All Persons,IMD 1 - most deprived,South West,All Routes,All Stages,All Ages,All Years
3.75,.56999999,.54000002,.61000001,All Persons,IMD 1 - most deprived,South West,All Routes,All Stages,All Ages,All Years
4,.56999999,.52999997,.60000002,All Persons,IMD 1 - most deprived,South West,All Routes,All Stages,All Ages,All Years
4.25,.55000001,.51999998,.58999997,All Persons,IMD 1 - most deprived,South West,All Routes,All Stages,All Ages,All Years
4.5,.54000002,.5,.57999998,All Persons,IMD 1 - most deprived,South West,All Routes,All Stages,All Ages,All Years
4.75,.52999997,.49000001,.56999999,All Persons,IMD 1 - most deprived,South West,All Routes,All Stages,All Ages,All Years
5,.51999998,.47999999,.56999999,All Persons,IMD 1 - most deprived,South West,All Routes,All Stages,All Ages,All Years
0,1,1,1,All Persons,IMD 1 - most deprived,West Midlands,All Routes,All Stages,All Ages,All Years
.25,.89999998,.88999999,.91000003,All Persons,IMD 1 - most deprived,West Midlands,All Routes,All Stages,All Ages,All Years
.5,.81999999,.80000001,.83999997,All Persons,IMD 1 - most deprived,West Midlands,All Routes,All Stages,All Ages,All Years
.75,.75999999,.74000001,.77999997,All Persons,IMD 1 - most deprived,West Midlands,All Routes,All Stages,All Ages,All Years
1,.70999998,.69,.73000002,All Persons,IMD 1 - most deprived,West Midlands,All Routes,All Stages,All Ages,All Years
1.25,.67000002,.64999998,.69,All Persons,IMD 1 - most deprived,West Midlands,All Routes,All Stages,All Ages,All Years
1.5,.64999998,.63,.67000002,All Persons,IMD 1 - most deprived,West Midlands,All Routes,All Stages,All Ages,All Years
1.75,.62,.60000002,.63999999,All Persons,IMD 1 - most deprived,West Midlands,All Routes,All Stages,All Ages,All Years
2,.60000002,.57999998,.63,All Persons,IMD 1 - most deprived,West Midlands,All Routes,All Stages,All Ages,All Years
2.25,.58999997,.56999999,.61000001,All Persons,IMD 1 - most deprived,West Midlands,All Routes,All Stages,All Ages,All Years
2.5,.56999999,.55000001,.58999997,All Persons,IMD 1 - most deprived,West Midlands,All Routes,All Stages,All Ages,All Years
2.75,.55000001,.52999997,.57999998,All Persons,IMD 1 - most deprived,West Midlands,All Routes,All Stages,All Ages,All Years
3,.54000002,.51999998,.56999999,All Persons,IMD 1 - most deprived,West Midlands,All Routes,All Stages,All Ages,All Years
3.25,.52999997,.5,.55000001,All Persons,IMD 1 - most deprived,West Midlands,All Routes,All Stages,All Ages,All Years
3.5,.51999998,.49000001,.54000002,All Persons,IMD 1 - most deprived,West Midlands,All Routes,All Stages,All Ages,All Years
3.75,.5,.47999999,.52999997,All Persons,IMD 1 - most deprived,West Midlands,All Routes,All Stages,All Ages,All Years
4,.49000001,.47,.51999998,All Persons,IMD 1 - most deprived,West Midlands,All Routes,All Stages,All Ages,All Years
4.25,.47999999,.44999999,.5,All Persons,IMD 1 - most deprived,West Midlands,All Routes,All Stages,All Ages,All Years
4.5,.46000001,.44,.49000001,All Persons,IMD 1 - most deprived,West Midlands,All Routes,All Stages,All Ages,All Years
4.75,.46000001,.43000001,.47999999,All Persons,IMD 1 - most deprived,West Midlands,All Routes,All Stages,All Ages,All Years
5,.44999999,.41999999,.47999999,All Persons,IMD 1 - most deprived,West Midlands,All Routes,All Stages,All Ages,All Years
0,1,1,1,All Persons,IMD 1 - most deprived,Yorkshire and The Humber,All Routes,All Stages,All Ages,All Years
.25,.92000002,.89999998,.93000001,All Persons,IMD 1 - most deprived,Yorkshire and The Humber,All Routes,All Stages,All Ages,All Years
.5,.85000002,.82999998,.86000001,All Persons,IMD 1 - most deprived,Yorkshire and The Humber,All Routes,All Stages,All Ages,All Years
.75,.79000002,.76999998,.80000001,All Persons,IMD 1 - most deprived,Yorkshire and The Humber,All Routes,All Stages,All Ages,All Years
1,.74000001,.72000003,.75999999,All Persons,IMD 1 - most deprived,Yorkshire and The Humber,All Routes,All Stages,All Ages,All Years
1.25,.70999998,.69,.73000002,All Persons,IMD 1 - most deprived,Yorkshire and The Humber,All Routes,All Stages,All Ages,All Years
1.5,.68000001,.66000003,.69999999,All Persons,IMD 1 - most deprived,Yorkshire and The Humber,All Routes,All Stages,All Ages,All Years
1.75,.66000003,.63999999,.68000001,All Persons,IMD 1 - most deprived,Yorkshire and The Humber,All Routes,All Stages,All Ages,All Years
2,.63,.61000001,.64999998,All Persons,IMD 1 - most deprived,Yorkshire and The Humber,All Routes,All Stages,All Ages,All Years
2.25,.61000001,.58999997,.63,All Persons,IMD 1 - most deprived,Yorkshire and The Humber,All Routes,All Stages,All Ages,All Years
2.5,.60000002,.56999999,.62,All Persons,IMD 1 - most deprived,Yorkshire and The Humber,All Routes,All Stages,All Ages,All Years
2.75,.56999999,.55000001,.58999997,All Persons,IMD 1 - most deprived,Yorkshire and The Humber,All Routes,All Stages,All Ages,All Years
3,.56,.54000002,.57999998,All Persons,IMD 1 - most deprived,Yorkshire and The Humber,All Routes,All Stages,All Ages,All Years
3.25,.55000001,.51999998,.56999999,All Persons,IMD 1 - most deprived,Yorkshire and The Humber,All Routes,All Stages,All Ages,All Years
3.5,.52999997,.50999999,.56,All Persons,IMD 1 - most deprived,Yorkshire and The Humber,All Routes,All Stages,All Ages,All Years
3.75,.51999998,.5,.55000001,All Persons,IMD 1 - most deprived,Yorkshire and The Humber,All Routes,All Stages,All Ages,All Years
4,.50999999,.49000001,.54000002,All Persons,IMD 1 - most deprived,Yorkshire and The Humber,All Routes,All Stages,All Ages,All Years
4.25,.50999999,.47999999,.52999997,All Persons,IMD 1 - most deprived,Yorkshire and The Humber,All Routes,All Stages,All Ages,All Years
4.5,.5,.47999999,.52999997,All Persons,IMD 1 - most deprived,Yorkshire and The Humber,All Routes,All Stages,All Ages,All Years
4.75,.49000001,.47,.51999998,All Persons,IMD 1 - most deprived,Yorkshire and The Humber,All Routes,All Stages,All Ages,All Years
5,.49000001,.46000001,.50999999,All Persons,IMD 1 - most deprived,Yorkshire and The Humber,All Routes,All Stages,All Ages,All Years
0,1,1,1,All Persons,IMD 1 - most deprived,All Regions,Emergency,All Stages,All Ages,All Years
.25,.68000001,.63999999,.70999998,All Persons,IMD 1 - most deprived,All Regions,Emergency,All Stages,All Ages,All Years
.5,.56,.51999998,.60000002,All Persons,IMD 1 - most deprived,All Regions,Emergency,All Stages,All Ages,All Years
.75,.46000001,.41999999,.5,All Persons,IMD 1 - most deprived,All Regions,Emergency,All Stages,All Ages,All Years
1,.38999999,.34999999,.43000001,All Persons,IMD 1 - most deprived,All Regions,Emergency,All Stages,All Ages,All Years
1.25,.36000001,.31999999,.38999999,All Persons,IMD 1 - most deprived,All Regions,Emergency,All Stages,All Ages,All Years
1.5,.31999999,.28,.36000001,All Persons,IMD 1 - most deprived,All Regions,Emergency,All Stages,All Ages,All Years
1.75,.28999999,.25999999,.33000001,All Persons,IMD 1 - most deprived,All Regions,Emergency,All Stages,All Ages,All Years
2,.27000001,.23999999,.31,All Persons,IMD 1 - most deprived,All Regions,Emergency,All Stages,All Ages,All Years
2.25,.25999999,.23,.30000001,All Persons,IMD 1 - most deprived,All Regions,Emergency,All Stages,All Ages,All Years
2.5,.25,.22,.28999999,All Persons,IMD 1 - most deprived,All Regions,Emergency,All Stages,All Ages,All Years
2.75,.25,.20999999,.28,All Persons,IMD 1 - most deprived,All Regions,Emergency,All Stages,All Ages,All Years
3,.23999999,.20999999,.27000001,All Persons,IMD 1 - most deprived,All Regions,Emergency,All Stages,All Ages,All Years
3.25,.23999999,.2,.27000001,All Persons,IMD 1 - most deprived,All Regions,Emergency,All Stages,All Ages,All Years
3.5,.23,.2,.25999999,All Persons,IMD 1 - most deprived,All Regions,Emergency,All Stages,All Ages,All Years
3.75,.22,.19,.25999999,All Persons,IMD 1 - most deprived,All Regions,Emergency,All Stages,All Ages,All Years
4,.22,.19,.25999999,All Persons,IMD 1 - most deprived,All Regions,Emergency,All Stages,All Ages,All Years
4.25,.22,.18000001,.25,All Persons,IMD 1 - most deprived,All Regions,Emergency,All Stages,All Ages,All Years
4.5,.20999999,.18000001,.23999999,All Persons,IMD 1 - most deprived,All Regions,Emergency,All Stages,All Ages,All Years
4.75,.20999999,.17,.23999999,All Persons,IMD 1 - most deprived,All Regions,Emergency,All Stages,All Ages,All Years
5,.20999999,.17,.23999999,All Persons,IMD 1 - most deprived,All Regions,Emergency,All Stages,All Ages,All Years
0,1,1,1,All Persons,IMD 1 - most deprived,All Regions,Non-emergency,All Stages,All Ages,All Years
.25,.94,.93000001,.94,All Persons,IMD 1 - most deprived,All Regions,Non-emergency,All Stages,All Ages,All Years
.5,.88,.87,.88,All Persons,IMD 1 - most deprived,All Regions,Non-emergency,All Stages,All Ages,All Years
.75,.81999999,.81,.82999998,All Persons,IMD 1 - most deprived,All Regions,Non-emergency,All Stages,All Ages,All Years
1,.77999997,.76999998,.79000002,All Persons,IMD 1 - most deprived,All Regions,Non-emergency,All Stages,All Ages,All Years
1.25,.74000001,.73000002,.75,All Persons,IMD 1 - most deprived,All Regions,Non-emergency,All Stages,All Ages,All Years
1.5,.70999998,.69999999,.72000003,All Persons,IMD 1 - most deprived,All Regions,Non-emergency,All Stages,All Ages,All Years
1.75,.68000001,.67000002,.69,All Persons,IMD 1 - most deprived,All Regions,Non-emergency,All Stages,All Ages,All Years
2,.66000003,.64999998,.67000002,All Persons,IMD 1 - most deprived,All Regions,Non-emergency,All Stages,All Ages,All Years
2.25,.63999999,.63,.64999998,All Persons,IMD 1 - most deprived,All Regions,Non-emergency,All Stages,All Ages,All Years
2.5,.62,.61000001,.63,All Persons,IMD 1 - most deprived,All Regions,Non-emergency,All Stages,All Ages,All Years
2.75,.60000002,.58999997,.62,All Persons,IMD 1 - most deprived,All Regions,Non-emergency,All Stages,All Ages,All Years
3,.58999997,.57999998,.60000002,All Persons,IMD 1 - most deprived,All Regions,Non-emergency,All Stages,All Ages,All Years
3.25,.57999998,.56,.58999997,All Persons,IMD 1 - most deprived,All Regions,Non-emergency,All Stages,All Ages,All Years
3.5,.56999999,.55000001,.57999998,All Persons,IMD 1 - most deprived,All Regions,Non-emergency,All Stages,All Ages,All Years
3.75,.55000001,.54000002,.56999999,All Persons,IMD 1 - most deprived,All Regions,Non-emergency,All Stages,All Ages,All Years
4,.54000002,.52999997,.56,All Persons,IMD 1 - most deprived,All Regions,Non-emergency,All Stages,All Ages,All Years
4.25,.52999997,.51999998,.55000001,All Persons,IMD 1 - most deprived,All Regions,Non-emergency,All Stages,All Ages,All Years
4.5,.51999998,.50999999,.52999997,All Persons,IMD 1 - most deprived,All Regions,Non-emergency,All Stages,All Ages,All Years
4.75,.50999999,.5,.52999997,All Persons,IMD 1 - most deprived,All Regions,Non-emergency,All Stages,All Ages,All Years
5,.50999999,.49000001,.51999998,All Persons,IMD 1 - most deprived,All Regions,Non-emergency,All Stages,All Ages,All Years
0,1,1,1,All Persons,IMD 1 - most deprived,All Regions,All Routes,Early,All Ages,All Years
.25,.99000001,.98000002,.99000001,All Persons,IMD 1 - most deprived,All Regions,All Routes,Early,All Ages,All Years
.5,.97000003,.95999998,.97000003,All Persons,IMD 1 - most deprived,All Regions,All Routes,Early,All Ages,All Years
.75,.94999999,.94,.95999998,All Persons,IMD 1 - most deprived,All Regions,All Routes,Early,All Ages,All Years
1,.93000001,.92000002,.94,All Persons,IMD 1 - most deprived,All Regions,All Routes,Early,All Ages,All Years
1.25,.91000003,.89999998,.92000002,All Persons,IMD 1 - most deprived,All Regions,All Routes,Early,All Ages,All Years
1.5,.88999999,.88,.89999998,All Persons,IMD 1 - most deprived,All Regions,All Routes,Early,All Ages,All Years
1.75,.87,.86000001,.88,All Persons,IMD 1 - most deprived,All Regions,All Routes,Early,All Ages,All Years
2,.85000002,.83999997,.86000001,All Persons,IMD 1 - most deprived,All Regions,All Routes,Early,All Ages,All Years
2.25,.83999997,.82999998,.85000002,All Persons,IMD 1 - most deprived,All Regions,All Routes,Early,All Ages,All Years
2.5,.81999999,.81,.82999998,All Persons,IMD 1 - most deprived,All Regions,All Routes,Early,All Ages,All Years
2.75,.80000001,.79000002,.81,All Persons,IMD 1 - most deprived,All Regions,All Routes,Early,All Ages,All Years
3,.79000002,.77999997,.80000001,All Persons,IMD 1 - most deprived,All Regions,All Routes,Early,All Ages,All Years
3.25,.77999997,.75999999,.79000002,All Persons,IMD 1 - most deprived,All Regions,All Routes,Early,All Ages,All Years
3.5,.76999998,.75999999,.79000002,All Persons,IMD 1 - most deprived,All Regions,All Routes,Early,All Ages,All Years
3.75,.75999999,.74000001,.76999998,All Persons,IMD 1 - most deprived,All Regions,All Routes,Early,All Ages,All Years
4,.74000001,.72000003,.75999999,All Persons,IMD 1 - most deprived,All Regions,All Routes,Early,All Ages,All Years
4.25,.73000002,.70999998,.75,All Persons,IMD 1 - most deprived,All Regions,All Routes,Early,All Ages,All Years
4.5,.70999998,.69999999,.73000002,All Persons,IMD 1 - most deprived,All Regions,All Routes,Early,All Ages,All Years
4.75,.69999999,.68000001,.72000003,All Persons,IMD 1 - most deprived,All Regions,All Routes,Early,All Ages,All Years
5,.69,.68000001,.70999998,All Persons,IMD 1 - most deprived,All Regions,All Routes,Early,All Ages,All Years
0,1,1,1,All Persons,IMD 1 - most deprived,All Regions,All Routes,Advanced,All Ages,All Years
.25,.88999999,.88,.89999998,All Persons,IMD 1 - most deprived,All Regions,All Routes,Advanced,All Ages,All Years
.5,.80000001,.79000002,.80000001,All Persons,IMD 1 - most deprived,All Regions,All Routes,Advanced,All Ages,All Years
.75,.72000003,.70999998,.73000002,All Persons,IMD 1 - most deprived,All Regions,All Routes,Advanced,All Ages,All Years
1,.64999998,.63999999,.66000003,All Persons,IMD 1 - most deprived,All Regions,All Routes,Advanced,All Ages,All Years
1.25,.61000001,.60000002,.62,All Persons,IMD 1 - most deprived,All Regions,All Routes,Advanced,All Ages,All Years
1.5,.57999998,.56999999,.58999997,All Persons,IMD 1 - most deprived,All Regions,All Routes,Advanced,All Ages,All Years
1.75,.55000001,.54000002,.56,All Persons,IMD 1 - most deprived,All Regions,All Routes,Advanced,All Ages,All Years
2,.51999998,.50999999,.52999997,All Persons,IMD 1 - most deprived,All Regions,All Routes,Advanced,All Ages,All Years
2.25,.5,.49000001,.50999999,All Persons,IMD 1 - most deprived,All Regions,All Routes,Advanced,All Ages,All Years
2.5,.47999999,.47,.5,All Persons,IMD 1 - most deprived,All Regions,All Routes,Advanced,All Ages,All Years
2.75,.47,.46000001,.47999999,All Persons,IMD 1 - most deprived,All Regions,All Routes,Advanced,All Ages,All Years
3,.46000001,.44,.47,All Persons,IMD 1 - most deprived,All Regions,All Routes,Advanced,All Ages,All Years
3.25,.44,.43000001,.44999999,All Persons,IMD 1 - most deprived,All Regions,All Routes,Advanced,All Ages,All Years
3.5,.43000001,.41999999,.44,All Persons,IMD 1 - most deprived,All Regions,All Routes,Advanced,All Ages,All Years
3.75,.41999999,.41,.43000001,All Persons,IMD 1 - most deprived,All Regions,All Routes,Advanced,All Ages,All Years
4,.41,.40000001,.43000001,All Persons,IMD 1 - most deprived,All Regions,All Routes,Advanced,All Ages,All Years
4.25,.40000001,.38999999,.41999999,All Persons,IMD 1 - most deprived,All Regions,All Routes,Advanced,All Ages,All Years
4.5,.40000001,.38,.41,All Persons,IMD 1 - most deprived,All Regions,All Routes,Advanced,All Ages,All Years
4.75,.38999999,.38,.40000001,All Persons,IMD 1 - most deprived,All Regions,All Routes,Advanced,All Ages,All Years
5,.38,.37,.40000001,All Persons,IMD 1 - most deprived,All Regions,All Routes,Advanced,All Ages,All Years
0,1,1,1,All Persons,IMD 1 - most deprived,All Regions,All Routes,All Stages,0-49,All Years
.25,.95999998,.95999998,.97000003,All Persons,IMD 1 - most deprived,All Regions,All Routes,All Stages,0-49,All Years
.5,.93000001,.92000002,.94,All Persons,IMD 1 - most deprived,All Regions,All Routes,All Stages,0-49,All Years
.75,.88999999,.88,.91000003,All Persons,IMD 1 - most deprived,All Regions,All Routes,All Stages,0-49,All Years
1,.86000001,.83999997,.88,All Persons,IMD 1 - most deprived,All Regions,All Routes,All Stages,0-49,All Years
1.25,.82999998,.81,.85000002,All Persons,IMD 1 - most deprived,All Regions,All Routes,All Stages,0-49,All Years
1.5,.81,.79000002,.82999998,All Persons,IMD 1 - most deprived,All Regions,All Routes,All Stages,0-49,All Years
1.75,.80000001,.77999997,.81999999,All Persons,IMD 1 - most deprived,All Regions,All Routes,All Stages,0-49,All Years
2,.77999997,.75999999,.80000001,All Persons,IMD 1 - most deprived,All Regions,All Routes,All Stages,0-49,All Years
2.25,.76999998,.75,.79000002,All Persons,IMD 1 - most deprived,All Regions,All Routes,All Stages,0-49,All Years
2.5,.75999999,.74000001,.77999997,All Persons,IMD 1 - most deprived,All Regions,All Routes,All Stages,0-49,All Years
2.75,.75,.72000003,.76999998,All Persons,IMD 1 - most deprived,All Regions,All Routes,All Stages,0-49,All Years
3,.74000001,.70999998,.75999999,All Persons,IMD 1 - most deprived,All Regions,All Routes,All Stages,0-49,All Years
3.25,.73000002,.70999998,.75,All Persons,IMD 1 - most deprived,All Regions,All Routes,All Stages,0-49,All Years
3.5,.72000003,.69999999,.74000001,All Persons,IMD 1 - most deprived,All Regions,All Routes,All Stages,0-49,All Years
3.75,.70999998,.69,.74000001,All Persons,IMD 1 - most deprived,All Regions,All Routes,All Stages,0-49,All Years
4,.70999998,.68000001,.73000002,All Persons,IMD 1 - most deprived,All Regions,All Routes,All Stages,0-49,All Years
4.25,.69999999,.67000002,.72000003,All Persons,IMD 1 - most deprived,All Regions,All Routes,All Stages,0-49,All Years
4.5,.69999999,.67000002,.72000003,All Persons,IMD 1 - most deprived,All Regions,All Routes,All Stages,0-49,All Years
4.75,.69,.67000002,.72000003,All Persons,IMD 1 - most deprived,All Regions,All Routes,All Stages,0-49,All Years
5,.69,.67000002,.72000003,All Persons,IMD 1 - most deprived,All Regions,All Routes,All Stages,0-49,All Years
0,1,1,1,All Persons,IMD 1 - most deprived,All Regions,All Routes,All Stages,50-54,All Years
.25,.94999999,.94,.97000003,All Persons,IMD 1 - most deprived,All Regions,All Routes,All Stages,50-54,All Years
.5,.91000003,.88999999,.92000002,All Persons,IMD 1 - most deprived,All Regions,All Routes,All Stages,50-54,All Years
.75,.86000001,.83999997,.88,All Persons,IMD 1 - most deprived,All Regions,All Routes,All Stages,50-54,All Years
1,.81,.79000002,.82999998,All Persons,IMD 1 - most deprived,All Regions,All Routes,All Stages,50-54,All Years
1.25,.77999997,.75,.80000001,All Persons,IMD 1 - most deprived,All Regions,All Routes,All Stages,50-54,All Years
1.5,.75999999,.73000002,.77999997,All Persons,IMD 1 - most deprived,All Regions,All Routes,All Stages,50-54,All Years
1.75,.74000001,.72000003,.75999999,All Persons,IMD 1 - most deprived,All Regions,All Routes,All Stages,50-54,All Years
2,.72000003,.69,.74000001,All Persons,IMD 1 - most deprived,All Regions,All Routes,All Stages,50-54,All Years
2.25,.69999999,.67000002,.72000003,All Persons,IMD 1 - most deprived,All Regions,All Routes,All Stages,50-54,All Years
2.5,.68000001,.66000003,.70999998,All Persons,IMD 1 - most deprived,All Regions,All Routes,All Stages,50-54,All Years
2.75,.67000002,.64999998,.69,All Persons,IMD 1 - most deprived,All Regions,All Routes,All Stages,50-54,All Years
3,.66000003,.63,.68000001,All Persons,IMD 1 - most deprived,All Regions,All Routes,All Stages,50-54,All Years
3.25,.64999998,.62,.67000002,All Persons,IMD 1 - most deprived,All Regions,All Routes,All Stages,50-54,All Years
3.5,.63999999,.61000001,.67000002,All Persons,IMD 1 - most deprived,All Regions,All Routes,All Stages,50-54,All Years
3.75,.63,.61000001,.66000003,All Persons,IMD 1 - most deprived,All Regions,All Routes,All Stages,50-54,All Years
4,.63,.60000002,.64999998,All Persons,IMD 1 - most deprived,All Regions,All Routes,All Stages,50-54,All Years
4.25,.62,.60000002,.64999998,All Persons,IMD 1 - most deprived,All Regions,All Routes,All Stages,50-54,All Years
4.5,.60000002,.57999998,.63,All Persons,IMD 1 - most deprived,All Regions,All Routes,All Stages,50-54,All Years
4.75,.60000002,.56999999,.63,All Persons,IMD 1 - most deprived,All Regions,All Routes,All Stages,50-54,All Years
5,.60000002,.56999999,.63,All Persons,IMD 1 - most deprived,All Regions,All Routes,All Stages,50-54,All Years
0,1,1,1,All Persons,IMD 1 - most deprived,All Regions,All Routes,All Stages,55-59,All Years
.25,.94,.93000001,.94999999,All Persons,IMD 1 - most deprived,All Regions,All Routes,All Stages,55-59,All Years
.5,.88999999,.87,.89999998,All Persons,IMD 1 - most deprived,All Regions,All Routes,All Stages,55-59,All Years
.75,.83999997,.81999999,.86000001,All Persons,IMD 1 - most deprived,All Regions,All Routes,All Stages,55-59,All Years
1,.80000001,.77999997,.81,All Persons,IMD 1 - most deprived,All Regions,All Routes,All Stages,55-59,All Years
1.25,.76999998,.75,.79000002,All Persons,IMD 1 - most deprived,All Regions,All Routes,All Stages,55-59,All Years
1.5,.75,.73000002,.75999999,All Persons,IMD 1 - most deprived,All Regions,All Routes,All Stages,55-59,All Years
1.75,.72000003,.69999999,.74000001,All Persons,IMD 1 - most deprived,All Regions,All Routes,All Stages,55-59,All Years
2,.69,.67000002,.70999998,All Persons,IMD 1 - most deprived,All Regions,All Routes,All Stages,55-59,All Years
2.25,.68000001,.66000003,.69999999,All Persons,IMD 1 - most deprived,All Regions,All Routes,All Stages,55-59,All Years
2.5,.66000003,.63999999,.68000001,All Persons,IMD 1 - most deprived,All Regions,All Routes,All Stages,55-59,All Years
2.75,.64999998,.63,.67000002,All Persons,IMD 1 - most deprived,All Regions,All Routes,All Stages,55-59,All Years
3,.63999999,.61000001,.66000003,All Persons,IMD 1 - most deprived,All Regions,All Routes,All Stages,55-59,All Years
3.25,.62,.60000002,.63999999,All Persons,IMD 1 - most deprived,All Regions,All Routes,All Stages,55-59,All Years
3.5,.61000001,.58999997,.63999999,All Persons,IMD 1 - most deprived,All Regions,All Routes,All Stages,55-59,All Years
3.75,.60000002,.57999998,.63,All Persons,IMD 1 - most deprived,All Regions,All Routes,All Stages,55-59,All Years
4,.60000002,.56999999,.62,All Persons,IMD 1 - most deprived,All Regions,All Routes,All Stages,55-59,All Years
4.25,.58999997,.56999999,.62,All Persons,IMD 1 - most deprived,All Regions,All Routes,All Stages,55-59,All Years
4.5,.56999999,.55000001,.60000002,All Persons,IMD 1 - most deprived,All Regions,All Routes,All Stages,55-59,All Years
4.75,.56,.54000002,.58999997,All Persons,IMD 1 - most deprived,All Regions,All Routes,All Stages,55-59,All Years
5,.56,.52999997,.57999998,All Persons,IMD 1 - most deprived,All Regions,All Routes,All Stages,55-59,All Years
0,1,1,1,All Persons,IMD 1 - most deprived,All Regions,All Routes,All Stages,60-64,All Years
.25,.94,.92000002,.94999999,All Persons,IMD 1 - most deprived,All Regions,All Routes,All Stages,60-64,All Years
.5,.88,.87,.88999999,All Persons,IMD 1 - most deprived,All Regions,All Routes,All Stages,60-64,All Years
.75,.81999999,.80000001,.83999997,All Persons,IMD 1 - most deprived,All Regions,All Routes,All Stages,60-64,All Years
1,.77999997,.75999999,.79000002,All Persons,IMD 1 - most deprived,All Regions,All Routes,All Stages,60-64,All Years
1.25,.74000001,.72000003,.75999999,All Persons,IMD 1 - most deprived,All Regions,All Routes,All Stages,60-64,All Years
1.5,.70999998,.69,.73000002,All Persons,IMD 1 - most deprived,All Regions,All Routes,All Stages,60-64,All Years
1.75,.68000001,.66000003,.69999999,All Persons,IMD 1 - most deprived,All Regions,All Routes,All Stages,60-64,All Years
2,.67000002,.64999998,.69,All Persons,IMD 1 - most deprived,All Regions,All Routes,All Stages,60-64,All Years
2.25,.63999999,.62,.66000003,All Persons,IMD 1 - most deprived,All Regions,All Routes,All Stages,60-64,All Years
2.5,.63,.61000001,.64999998,All Persons,IMD 1 - most deprived,All Regions,All Routes,All Stages,60-64,All Years
2.75,.62,.58999997,.63999999,All Persons,IMD 1 - most deprived,All Regions,All Routes,All Stages,60-64,All Years
3,.60000002,.57999998,.63,All Persons,IMD 1 - most deprived,All Regions,All Routes,All Stages,60-64,All Years
3.25,.58999997,.56999999,.61000001,All Persons,IMD 1 - most deprived,All Regions,All Routes,All Stages,60-64,All Years
3.5,.56999999,.55000001,.60000002,All Persons,IMD 1 - most deprived,All Regions,All Routes,All Stages,60-64,All Years
3.75,.56,.54000002,.57999998,All Persons,IMD 1 - most deprived,All Regions,All Routes,All Stages,60-64,All Years
4,.55000001,.52999997,.56999999,All Persons,IMD 1 - most deprived,All Regions,All Routes,All Stages,60-64,All Years
4.25,.54000002,.51999998,.56999999,All Persons,IMD 1 - most deprived,All Regions,All Routes,All Stages,60-64,All Years
4.5,.52999997,.50999999,.56,All Persons,IMD 1 - most deprived,All Regions,All Routes,All Stages,60-64,All Years
4.75,.51999998,.5,.55000001,All Persons,IMD 1 - most deprived,All Regions,All Routes,All Stages,60-64,All Years
5,.51999998,.49000001,.54000002,All Persons,IMD 1 - most deprived,All Regions,All Routes,All Stages,60-64,All Years
0,1,1,1,All Persons,IMD 1 - most deprived,All Regions,All Routes,All Stages,65-69,All Years
.25,.91000003,.89999998,.92000002,All Persons,IMD 1 - most deprived,All Regions,All Routes,All Stages,65-69,All Years
.5,.83999997,.81999999,.85000002,All Persons,IMD 1 - most deprived,All Regions,All Routes,All Stages,65-69,All Years
.75,.76999998,.75,.79000002,All Persons,IMD 1 - most deprived,All Regions,All Routes,All Stages,65-69,All Years
1,.72000003,.69999999,.74000001,All Persons,IMD 1 - most deprived,All Regions,All Routes,All Stages,65-69,All Years
1.25,.68000001,.66000003,.69999999,All Persons,IMD 1 - most deprived,All Regions,All Routes,All Stages,65-69,All Years
1.5,.66000003,.63999999,.68000001,All Persons,IMD 1 - most deprived,All Regions,All Routes,All Stages,65-69,All Years
1.75,.63,.61000001,.64999998,All Persons,IMD 1 - most deprived,All Regions,All Routes,All Stages,65-69,All Years
2,.60000002,.57999998,.62,All Persons,IMD 1 - most deprived,All Regions,All Routes,All Stages,65-69,All Years
2.25,.57999998,.56,.60000002,All Persons,IMD 1 - most deprived,All Regions,All Routes,All Stages,65-69,All Years
2.5,.56,.54000002,.57999998,All Persons,IMD 1 - most deprived,All Regions,All Routes,All Stages,65-69,All Years
2.75,.54000002,.51999998,.56999999,All Persons,IMD 1 - most deprived,All Regions,All Routes,All Stages,65-69,All Years
3,.52999997,.50999999,.55000001,All Persons,IMD 1 - most deprived,All Regions,All Routes,All Stages,65-69,All Years
3.25,.51999998,.5,.54000002,All Persons,IMD 1 - most deprived,All Regions,All Routes,All Stages,65-69,All Years
3.5,.50999999,.47999999,.52999997,All Persons,IMD 1 - most deprived,All Regions,All Routes,All Stages,65-69,All Years
3.75,.49000001,.47,.50999999,All Persons,IMD 1 - most deprived,All Regions,All Routes,All Stages,65-69,All Years
4,.47999999,.46000001,.5,All Persons,IMD 1 - most deprived,All Regions,All Routes,All Stages,65-69,All Years
4.25,.47,.44,.49000001,All Persons,IMD 1 - most deprived,All Regions,All Routes,All Stages,65-69,All Years
4.5,.46000001,.44,.49000001,All Persons,IMD 1 - most deprived,All Regions,All Routes,All Stages,65-69,All Years
4.75,.44999999,.43000001,.47999999,All Persons,IMD 1 - most deprived,All Regions,All Routes,All Stages,65-69,All Years
5,.44,.41999999,.47,All Persons,IMD 1 - most deprived,All Regions,All Routes,All Stages,65-69,All Years
0,1,1,1,All Persons,IMD 1 - most deprived,All Regions,All Routes,All Stages,70-74,All Years
.25,.88999999,.88,.91000003,All Persons,IMD 1 - most deprived,All Regions,All Routes,All Stages,70-74,All Years
.5,.81,.79000002,.82999998,All Persons,IMD 1 - most deprived,All Regions,All Routes,All Stages,70-74,All Years
.75,.75,.73000002,.76999998,All Persons,IMD 1 - most deprived,All Regions,All Routes,All Stages,70-74,All Years
1,.69,.67000002,.70999998,All Persons,IMD 1 - most deprived,All Regions,All Routes,All Stages,70-74,All Years
1.25,.66000003,.63,.68000001,All Persons,IMD 1 - most deprived,All Regions,All Routes,All Stages,70-74,All Years
1.5,.62,.60000002,.64999998,All Persons,IMD 1 - most deprived,All Regions,All Routes,All Stages,70-74,All Years
1.75,.60000002,.57999998,.62,All Persons,IMD 1 - most deprived,All Regions,All Routes,All Stages,70-74,All Years
2,.57999998,.56,.60000002,All Persons,IMD 1 - most deprived,All Regions,All Routes,All Stages,70-74,All Years
2.25,.55000001,.52999997,.57999998,All Persons,IMD 1 - most deprived,All Regions,All Routes,All Stages,70-74,All Years
2.5,.52999997,.50999999,.56,All Persons,IMD 1 - most deprived,All Regions,All Routes,All Stages,70-74,All Years
2.75,.50999999,.49000001,.54000002,All Persons,IMD 1 - most deprived,All Regions,All Routes,All Stages,70-74,All Years
3,.49000001,.47,.51999998,All Persons,IMD 1 - most deprived,All Regions,All Routes,All Stages,70-74,All Years
3.25,.47,.44999999,.5,All Persons,IMD 1 - most deprived,All Regions,All Routes,All Stages,70-74,All Years
3.5,.47,.44,.49000001,All Persons,IMD 1 - most deprived,All Regions,All Routes,All Stages,70-74,All Years
3.75,.44999999,.41999999,.47,All Persons,IMD 1 - most deprived,All Regions,All Routes,All Stages,70-74,All Years
4,.43000001,.41,.46000001,All Persons,IMD 1 - most deprived,All Regions,All Routes,All Stages,70-74,All Years
4.25,.41999999,.40000001,.44999999,All Persons,IMD 1 - most deprived,All Regions,All Routes,All Stages,70-74,All Years
4.5,.41,.38,.43000001,All Persons,IMD 1 - most deprived,All Regions,All Routes,All Stages,70-74,All Years
4.75,.40000001,.37,.43000001,All Persons,IMD 1 - most deprived,All Regions,All Routes,All Stages,70-74,All Years
5,.38999999,.37,.41999999,All Persons,IMD 1 - most deprived,All Regions,All Routes,All Stages,70-74,All Years
0,1,1,1,All Persons,IMD 1 - most deprived,All Regions,All Routes,All Stages,75-79,All Years
.25,.83999997,.81999999,.86000001,All Persons,IMD 1 - most deprived,All Regions,All Routes,All Stages,75-79,All Years
.5,.75,.72000003,.76999998,All Persons,IMD 1 - most deprived,All Regions,All Routes,All Stages,75-79,All Years
.75,.68000001,.66000003,.70999998,All Persons,IMD 1 - most deprived,All Regions,All Routes,All Stages,75-79,All Years
1,.62,.58999997,.64999998,All Persons,IMD 1 - most deprived,All Regions,All Routes,All Stages,75-79,All Years
1.25,.57999998,.56,.61000001,All Persons,IMD 1 - most deprived,All Regions,All Routes,All Stages,75-79,All Years
1.5,.55000001,.51999998,.57999998,All Persons,IMD 1 - most deprived,All Regions,All Routes,All Stages,75-79,All Years
1.75,.51999998,.49000001,.55000001,All Persons,IMD 1 - most deprived,All Regions,All Routes,All Stages,75-79,All Years
2,.49000001,.46000001,.51999998,All Persons,IMD 1 - most deprived,All Regions,All Routes,All Stages,75-79,All Years
2.25,.47,.44,.5,All Persons,IMD 1 - most deprived,All Regions,All Routes,All Stages,75-79,All Years
2.5,.44999999,.41999999,.47999999,All Persons,IMD 1 - most deprived,All Regions,All Routes,All Stages,75-79,All Years
2.75,.43000001,.40000001,.46000001,All Persons,IMD 1 - most deprived,All Regions,All Routes,All Stages,75-79,All Years
3,.43000001,.38999999,.46000001,All Persons,IMD 1 - most deprived,All Regions,All Routes,All Stages,75-79,All Years
3.25,.41,.38,.44,All Persons,IMD 1 - most deprived,All Regions,All Routes,All Stages,75-79,All Years
3.5,.40000001,.37,.43000001,All Persons,IMD 1 - most deprived,All Regions,All Routes,All Stages,75-79,All Years
3.75,.38,.34999999,.41,All Persons,IMD 1 - most deprived,All Regions,All Routes,All Stages,75-79,All Years
4,.37,.34,.40000001,All Persons,IMD 1 - most deprived,All Regions,All Routes,All Stages,75-79,All Years
4.25,.36000001,.33000001,.38999999,All Persons,IMD 1 - most deprived,All Regions,All Routes,All Stages,75-79,All Years
4.5,.34,.31,.38,All Persons,IMD 1 - most deprived,All Regions,All Routes,All Stages,75-79,All Years
4.75,.33000001,.28999999,.36000001,All Persons,IMD 1 - most deprived,All Regions,All Routes,All Stages,75-79,All Years
5,.33000001,.28999999,.36000001,All Persons,IMD 1 - most deprived,All Regions,All Routes,All Stages,75-79,All Years
0,1,1,1,All Persons,IMD 1 - most deprived,All Regions,All Routes,All Stages,80-84,All Years
.25,.81999999,.79000002,.85000002,All Persons,IMD 1 - most deprived,All Regions,All Routes,All Stages,80-84,All Years
.5,.70999998,.67000002,.74000001,All Persons,IMD 1 - most deprived,All Regions,All Routes,All Stages,80-84,All Years
.75,.61000001,.57999998,.64999998,All Persons,IMD 1 - most deprived,All Regions,All Routes,All Stages,80-84,All Years
1,.56999999,.52999997,.61000001,All Persons,IMD 1 - most deprived,All Regions,All Routes,All Stages,80-84,All Years
1.25,.52999997,.49000001,.56,All Persons,IMD 1 - most deprived,All Regions,All Routes,All Stages,80-84,All Years
1.5,.47999999,.44,.51999998,All Persons,IMD 1 - most deprived,All Regions,All Routes,All Stages,80-84,All Years
1.75,.46000001,.41999999,.49000001,All Persons,IMD 1 - most deprived,All Regions,All Routes,All Stages,80-84,All Years
2,.44,.40000001,.47999999,All Persons,IMD 1 - most deprived,All Regions,All Routes,All Stages,80-84,All Years
2.25,.41999999,.38,.46000001,All Persons,IMD 1 - most deprived,All Regions,All Routes,All Stages,80-84,All Years
2.5,.40000001,.36000001,.44,All Persons,IMD 1 - most deprived,All Regions,All Routes,All Stages,80-84,All Years
2.75,.37,.33000001,.41,All Persons,IMD 1 - most deprived,All Regions,All Routes,All Stages,80-84,All Years
3,.34999999,.31,.38999999,All Persons,IMD 1 - most deprived,All Regions,All Routes,All Stages,80-84,All Years
3.25,.34,.30000001,.38,All Persons,IMD 1 - most deprived,All Regions,All Routes,All Stages,80-84,All Years
3.5,.33000001,.28999999,.37,All Persons,IMD 1 - most deprived,All Regions,All Routes,All Stages,80-84,All Years
3.75,.31,.28,.34999999,All Persons,IMD 1 - most deprived,All Regions,All Routes,All Stages,80-84,All Years
4,.30000001,.25999999,.34,All Persons,IMD 1 - most deprived,All Regions,All Routes,All Stages,80-84,All Years
4.25,.28,.23999999,.31999999,All Persons,IMD 1 - most deprived,All Regions,All Routes,All Stages,80-84,All Years
4.5,.27000001,.23,.31,All Persons,IMD 1 - most deprived,All Regions,All Routes,All Stages,80-84,All Years
4.75,.25999999,.22,.30000001,All Persons,IMD 1 - most deprived,All Regions,All Routes,All Stages,80-84,All Years
5,.25,.20999999,.28999999,All Persons,IMD 1 - most deprived,All Regions,All Routes,All Stages,80-84,All Years
0,1,.99000001,1,All Persons,IMD 1 - most deprived,All Regions,All Routes,All Stages,85-89,All Years
.25,.75,.69999999,.79000002,All Persons,IMD 1 - most deprived,All Regions,All Routes,All Stages,85-89,All Years
.5,.58999997,.54000002,.63999999,All Persons,IMD 1 - most deprived,All Regions,All Routes,All Stages,85-89,All Years
.75,.5,.44999999,.55000001,All Persons,IMD 1 - most deprived,All Regions,All Routes,All Stages,85-89,All Years
1,.44999999,.40000001,.5,All Persons,IMD 1 - most deprived,All Regions,All Routes,All Stages,85-89,All Years
1.25,.40000001,.34999999,.44999999,All Persons,IMD 1 - most deprived,All Regions,All Routes,All Stages,85-89,All Years
1.5,.37,.31999999,.41999999,All Persons,IMD 1 - most deprived,All Regions,All Routes,All Stages,85-89,All Years
1.75,.34999999,.31,.40000001,All Persons,IMD 1 - most deprived,All Regions,All Routes,All Stages,85-89,All Years
2,.33000001,.28999999,.38,All Persons,IMD 1 - most deprived,All Regions,All Routes,All Stages,85-89,All Years
2.25,.33000001,.28,.37,All Persons,IMD 1 - most deprived,All Regions,All Routes,All Stages,85-89,All Years
2.5,.31,.27000001,.36000001,All Persons,IMD 1 - most deprived,All Regions,All Routes,All Stages,85-89,All Years
2.75,.28999999,.23999999,.33000001,All Persons,IMD 1 - most deprived,All Regions,All Routes,All Stages,85-89,All Years
3,.27000001,.23,.31999999,All Persons,IMD 1 - most deprived,All Regions,All Routes,All Stages,85-89,All Years
3.25,.25999999,.20999999,.30000001,All Persons,IMD 1 - most deprived,All Regions,All Routes,All Stages,85-89,All Years
3.5,.25,.2,.28999999,All Persons,IMD 1 - most deprived,All Regions,All Routes,All Stages,85-89,All Years
3.75,.23999999,.2,.28999999,All Persons,IMD 1 - most deprived,All Regions,All Routes,All Stages,85-89,All Years
4,.23,.19,.28,All Persons,IMD 1 - most deprived,All Regions,All Routes,All Stages,85-89,All Years
4.25,.20999999,.16,.25,All Persons,IMD 1 - most deprived,All Regions,All Routes,All Stages,85-89,All Years
4.5,.19,.15000001,.23999999,All Persons,IMD 1 - most deprived,All Regions,All Routes,All Stages,85-89,All Years
4.75,.18000001,.13,.23,All Persons,IMD 1 - most deprived,All Regions,All Routes,All Stages,85-89,All Years
5,.17,.12,.20999999,All Persons,IMD 1 - most deprived,All Regions,All Routes,All Stages,85-89,All Years
0,.99000001,.98000002,1.01,All Persons,IMD 1 - most deprived,All Regions,All Routes,All Stages,90+,All Years
.25,.69,.61000001,.75999999,All Persons,IMD 1 - most deprived,All Regions,All Routes,All Stages,90+,All Years
.5,.47999999,.40000001,.56,All Persons,IMD 1 - most deprived,All Regions,All Routes,All Stages,90+,All Years
.75,.38,.30000001,.44999999,All Persons,IMD 1 - most deprived,All Regions,All Routes,All Stages,90+,All Years
1,.33000001,.25,.40000001,All Persons,IMD 1 - most deprived,All Regions,All Routes,All Stages,90+,All Years
1.25,.30000001,.23,.37,All Persons,IMD 1 - most deprived,All Regions,All Routes,All Stages,90+,All Years
1.5,.25999999,.19,.33000001,All Persons,IMD 1 - most deprived,All Regions,All Routes,All Stages,90+,All Years
1.75,.23,.16,.30000001,All Persons,IMD 1 - most deprived,All Regions,All Routes,All Stages,90+,All Years
2,.19,.13,.25999999,All Persons,IMD 1 - most deprived,All Regions,All Routes,All Stages,90+,All Years
2.25,.16,.1,.22,All Persons,IMD 1 - most deprived,All Regions,All Routes,All Stages,90+,All Years
2.5,.12,.07,.18000001,All Persons,IMD 1 - most deprived,All Regions,All Routes,All Stages,90+,All Years
3.25,.11,.050000001,.16,All Persons,IMD 1 - most deprived,All Regions,All Routes,All Stages,90+,All Years
3.5,.11,.050000001,.16,All Persons,IMD 1 - most deprived,All Regions,All Routes,All Stages,90+,All Years
3.75,.11,.050000001,.16,All Persons,IMD 1 - most deprived,All Regions,All Routes,All Stages,90+,All Years
4,.090000004,.039999999,.15000001,All Persons,IMD 1 - most deprived,All Regions,All Routes,All Stages,90+,All Years
4.25,.090000004,.039999999,.15000001,All Persons,IMD 1 - most deprived,All Regions,All Routes,All Stages,90+,All Years
4.5,.079999998,.029999999,.13,All Persons,IMD 1 - most deprived,All Regions,All Routes,All Stages,90+,All Years
4.75,.07,.02,.12,All Persons,IMD 1 - most deprived,All Regions,All Routes,All Stages,90+,All Years
0,1,1,1,All Persons,IMD 1 - most deprived,All Regions,All Routes,All Stages,All Ages,2016
.25,.91000003,.89999998,.92000002,All Persons,IMD 1 - most deprived,All Regions,All Routes,All Stages,All Ages,2016
.5,.83999997,.82999998,.86000001,All Persons,IMD 1 - most deprived,All Regions,All Routes,All Stages,All Ages,2016
.75,.77999997,.75999999,.80000001,All Persons,IMD 1 - most deprived,All Regions,All Routes,All Stages,All Ages,2016
1,.74000001,.72000003,.75999999,All Persons,IMD 1 - most deprived,All Regions,All Routes,All Stages,All Ages,2016
1.25,.69999999,.68000001,.70999998,All Persons,IMD 1 - most deprived,All Regions,All Routes,All Stages,All Ages,2016
1.5,.67000002,.64999998,.69,All Persons,IMD 1 - most deprived,All Regions,All Routes,All Stages,All Ages,2016
1.75,.63999999,.62,.66000003,All Persons,IMD 1 - most deprived,All Regions,All Routes,All Stages,All Ages,2016
2,.61000001,.58999997,.63999999,All Persons,IMD 1 - most deprived,All Regions,All Routes,All Stages,All Ages,2016
2.25,.58999997,.56999999,.61000001,All Persons,IMD 1 - most deprived,All Regions,All Routes,All Stages,All Ages,2016
2.5,.56999999,.55000001,.58999997,All Persons,IMD 1 - most deprived,All Regions,All Routes,All Stages,All Ages,2016
2.75,.56,.54000002,.57999998,All Persons,IMD 1 - most deprived,All Regions,All Routes,All Stages,All Ages,2016
3,.55000001,.52999997,.56999999,All Persons,IMD 1 - most deprived,All Regions,All Routes,All Stages,All Ages,2016
3.25,.52999997,.50999999,.55000001,All Persons,IMD 1 - most deprived,All Regions,All Routes,All Stages,All Ages,2016
3.5,.51999998,.5,.54000002,All Persons,IMD 1 - most deprived,All Regions,All Routes,All Stages,All Ages,2016
3.75,.50999999,.49000001,.52999997,All Persons,IMD 1 - most deprived,All Regions,All Routes,All Stages,All Ages,2016
4,.5,.47999999,.52999997,All Persons,IMD 1 - most deprived,All Regions,All Routes,All Stages,All Ages,2016
4.25,.5,.47,.51999998,All Persons,IMD 1 - most deprived,All Regions,All Routes,All Stages,All Ages,2016
4.5,.47999999,.46000001,.50999999,All Persons,IMD 1 - most deprived,All Regions,All Routes,All Stages,All Ages,2016
4.75,.47999999,.44999999,.5,All Persons,IMD 1 - most deprived,All Regions,All Routes,All Stages,All Ages,2016
5,.47,.44999999,.49000001,All Persons,IMD 1 - most deprived,All Regions,All Routes,All Stages,All Ages,2016
0,1,1,1,All Persons,IMD 1 - most deprived,All Regions,All Routes,All Stages,All Ages,2017
.25,.92000002,.91000003,.93000001,All Persons,IMD 1 - most deprived,All Regions,All Routes,All Stages,All Ages,2017
.5,.85000002,.82999998,.86000001,All Persons,IMD 1 - most deprived,All Regions,All Routes,All Stages,All Ages,2017
.75,.77999997,.75999999,.80000001,All Persons,IMD 1 - most deprived,All Regions,All Routes,All Stages,All Ages,2017
1,.73000002,.72000003,.75,All Persons,IMD 1 - most deprived,All Regions,All Routes,All Stages,All Ages,2017
1.25,.69999999,.68000001,.72000003,All Persons,IMD 1 - most deprived,All Regions,All Routes,All Stages,All Ages,2017
1.5,.67000002,.64999998,.69,All Persons,IMD 1 - most deprived,All Regions,All Routes,All Stages,All Ages,2017
1.75,.63999999,.62,.66000003,All Persons,IMD 1 - most deprived,All Regions,All Routes,All Stages,All Ages,2017
2,.62,.60000002,.63999999,All Persons,IMD 1 - most deprived,All Regions,All Routes,All Stages,All Ages,2017
2.25,.60000002,.57999998,.62,All Persons,IMD 1 - most deprived,All Regions,All Routes,All Stages,All Ages,2017
2.5,.57999998,.56,.60000002,All Persons,IMD 1 - most deprived,All Regions,All Routes,All Stages,All Ages,2017
2.75,.56999999,.54000002,.58999997,All Persons,IMD 1 - most deprived,All Regions,All Routes,All Stages,All Ages,2017
3,.55000001,.52999997,.56999999,All Persons,IMD 1 - most deprived,All Regions,All Routes,All Stages,All Ages,2017
3.25,.54000002,.51999998,.56,All Persons,IMD 1 - most deprived,All Regions,All Routes,All Stages,All Ages,2017
3.5,.52999997,.50999999,.55000001,All Persons,IMD 1 - most deprived,All Regions,All Routes,All Stages,All Ages,2017
3.75,.50999999,.49000001,.54000002,All Persons,IMD 1 - most deprived,All Regions,All Routes,All Stages,All Ages,2017
4,.50999999,.49000001,.52999997,All Persons,IMD 1 - most deprived,All Regions,All Routes,All Stages,All Ages,2017
4.25,.5,.47999999,.51999998,All Persons,IMD 1 - most deprived,All Regions,All Routes,All Stages,All Ages,2017
4.5,.49000001,.47,.50999999,All Persons,IMD 1 - most deprived,All Regions,All Routes,All Stages,All Ages,2017
4.75,.47999999,.46000001,.5,All Persons,IMD 1 - most deprived,All Regions,All Routes,All Stages,All Ages,2017
5,.47,.44999999,.5,All Persons,IMD 1 - most deprived,All Regions,All Routes,All Stages,All Ages,2017
0,1,1,1,All Persons,IMD 1 - most deprived,All Regions,All Routes,All Stages,All Ages,2018
.25,.91000003,.89999998,.92000002,All Persons,IMD 1 - most deprived,All Regions,All Routes,All Stages,All Ages,2018
.5,.85000002,.82999998,.86000001,All Persons,IMD 1 - most deprived,All Regions,All Routes,All Stages,All Ages,2018
.75,.79000002,.77999997,.81,All Persons,IMD 1 - most deprived,All Regions,All Routes,All Stages,All Ages,2018
1,.75,.73000002,.76999998,All Persons,IMD 1 - most deprived,All Regions,All Routes,All Stages,All Ages,2018
1.25,.70999998,.69999999,.73000002,All Persons,IMD 1 - most deprived,All Regions,All Routes,All Stages,All Ages,2018
1.5,.68000001,.66000003,.69999999,All Persons,IMD 1 - most deprived,All Regions,All Routes,All Stages,All Ages,2018
1.75,.66000003,.63999999,.68000001,All Persons,IMD 1 - most deprived,All Regions,All Routes,All Stages,All Ages,2018
2,.63999999,.62,.66000003,All Persons,IMD 1 - most deprived,All Regions,All Routes,All Stages,All Ages,2018
2.25,.62,.60000002,.63999999,All Persons,IMD 1 - most deprived,All Regions,All Routes,All Stages,All Ages,2018
2.5,.60000002,.57999998,.62,All Persons,IMD 1 - most deprived,All Regions,All Routes,All Stages,All Ages,2018
2.75,.58999997,.56999999,.61000001,All Persons,IMD 1 - most deprived,All Regions,All Routes,All Stages,All Ages,2018
3,.56999999,.55000001,.58999997,All Persons,IMD 1 - most deprived,All Regions,All Routes,All Stages,All Ages,2018
3.25,.56,.54000002,.57999998,All Persons,IMD 1 - most deprived,All Regions,All Routes,All Stages,All Ages,2018
3.5,.55000001,.52999997,.56999999,All Persons,IMD 1 - most deprived,All Regions,All Routes,All Stages,All Ages,2018
3.75,.54000002,.51999998,.56,All Persons,IMD 1 - most deprived,All Regions,All Routes,All Stages,All Ages,2018
4,.52999997,.50999999,.55000001,All Persons,IMD 1 - most deprived,All Regions,All Routes,All Stages,All Ages,2018
4.25,.51999998,.5,.54000002,All Persons,IMD 1 - most deprived,All Regions,All Routes,All Stages,All Ages,2018
4.5,.50999999,.47999999,.52999997,All Persons,IMD 1 - most deprived,All Regions,All Routes,All Stages,All Ages,2018
4.75,.5,.47,.51999998,All Persons,IMD 1 - most deprived,All Regions,All Routes,All Stages,All Ages,2018
5,.49000001,.47,.50999999,All Persons,IMD 1 - most deprived,All Regions,All Routes,All Stages,All Ages,2018
0,1,1,1,All Persons,IMD 1 - most deprived,All Regions,All Routes,All Stages,All Ages,2019
.25,.92000002,.89999998,.93000001,All Persons,IMD 1 - most deprived,All Regions,All Routes,All Stages,All Ages,2019
.5,.85000002,.82999998,.86000001,All Persons,IMD 1 - most deprived,All Regions,All Routes,All Stages,All Ages,2019
.75,.77999997,.76999998,.80000001,All Persons,IMD 1 - most deprived,All Regions,All Routes,All Stages,All Ages,2019
1,.73000002,.70999998,.75,All Persons,IMD 1 - most deprived,All Regions,All Routes,All Stages,All Ages,2019
1.25,.69999999,.68000001,.72000003,All Persons,IMD 1 - most deprived,All Regions,All Routes,All Stages,All Ages,2019
1.5,.68000001,.66000003,.69999999,All Persons,IMD 1 - most deprived,All Regions,All Routes,All Stages,All Ages,2019
1.75,.66000003,.63999999,.67000002,All Persons,IMD 1 - most deprived,All Regions,All Routes,All Stages,All Ages,2019
2,.63999999,.62,.66000003,All Persons,IMD 1 - most deprived,All Regions,All Routes,All Stages,All Ages,2019
2.25,.62,.60000002,.63999999,All Persons,IMD 1 - most deprived,All Regions,All Routes,All Stages,All Ages,2019
2.5,.61000001,.58999997,.63,All Persons,IMD 1 - most deprived,All Regions,All Routes,All Stages,All Ages,2019
2.75,.58999997,.56999999,.61000001,All Persons,IMD 1 - most deprived,All Regions,All Routes,All Stages,All Ages,2019
3,.56999999,.55000001,.58999997,All Persons,IMD 1 - most deprived,All Regions,All Routes,All Stages,All Ages,2019
3.25,.56,.54000002,.57999998,All Persons,IMD 1 - most deprived,All Regions,All Routes,All Stages,All Ages,2019
3.5,.55000001,.52999997,.56999999,All Persons,IMD 1 - most deprived,All Regions,All Routes,All Stages,All Ages,2019
3.75,.54000002,.51999998,.56,All Persons,IMD 1 - most deprived,All Regions,All Routes,All Stages,All Ages,2019
4,.47,.38999999,.55000001,All Persons,IMD 1 - most deprived,All Regions,All Routes,All Stages,All Ages,2019
4.25,.47,.38999999,.55000001,All Persons,IMD 1 - most deprived,All Regions,All Routes,All Stages,All Ages,2019
4.5,.41,.28999999,.54000002,All Persons,IMD 1 - most deprived,All Regions,All Routes,All Stages,All Ages,2019
4.75,.41,.28999999,.54000002,All Persons,IMD 1 - most deprived,All Regions,All Routes,All Stages,All Ages,2019
0,1,1,1,All Persons,IMD 1 - most deprived,All Regions,All Routes,All Stages,All Ages,2020
.25,.89999998,.88,.91000003,All Persons,IMD 1 - most deprived,All Regions,All Routes,All Stages,All Ages,2020
.5,.82999998,.81,.83999997,All Persons,IMD 1 - most deprived,All Regions,All Routes,All Stages,All Ages,2020
.75,.76999998,.75,.79000002,All Persons,IMD 1 - most deprived,All Regions,All Routes,All Stages,All Ages,2020
1,.72000003,.69999999,.74000001,All Persons,IMD 1 - most deprived,All Regions,All Routes,All Stages,All Ages,2020
1.25,.69,.67000002,.70999998,All Persons,IMD 1 - most deprived,All Regions,All Routes,All Stages,All Ages,2020
1.5,.66000003,.63999999,.68000001,All Persons,IMD 1 - most deprived,All Regions,All Routes,All Stages,All Ages,2020
1.75,.63999999,.62,.66000003,All Persons,IMD 1 - most deprived,All Regions,All Routes,All Stages,All Ages,2020
2,.62,.60000002,.63999999,All Persons,IMD 1 - most deprived,All Regions,All Routes,All Stages,All Ages,2020
2.25,.60000002,.57999998,.62,All Persons,IMD 1 - most deprived,All Regions,All Routes,All Stages,All Ages,2020
2.5,.58999997,.56999999,.61000001,All Persons,IMD 1 - most deprived,All Regions,All Routes,All Stages,All Ages,2020
2.75,.56999999,.54000002,.58999997,All Persons,IMD 1 - most deprived,All Regions,All Routes,All Stages,All Ages,2020
3,.56,.52999997,.57999998,All Persons,IMD 1 - most deprived,All Regions,All Routes,All Stages,All Ages,2020
3.25,.56,.52999997,.57999998,All Persons,IMD 1 - most deprived,All Regions,All Routes,All Stages,All Ages,2020
3.5,.5,.38999999,.61000001,All Persons,IMD 1 - most deprived,All Regions,All Routes,All Stages,All Ages,2020
3.75,.43000001,.27000001,.57999998,All Persons,IMD 1 - most deprived,All Regions,All Routes,All Stages,All Ages,2020
4.25,.34999999,.18000001,.52999997,All Persons,IMD 1 - most deprived,All Regions,All Routes,All Stages,All Ages,2020
4.5,.28,.11,.46000001,All Persons,IMD 1 - most deprived,All Regions,All Routes,All Stages,All Ages,2020
0,1,1,1,All Persons,IMD 1 - most deprived,All Regions,All Routes,All Stages,All Ages,2021
.25,.91000003,.89999998,.92000002,All Persons,IMD 1 - most deprived,All Regions,All Routes,All Stages,All Ages,2021
.5,.85000002,.82999998,.86000001,All Persons,IMD 1 - most deprived,All Regions,All Routes,All Stages,All Ages,2021
.75,.79000002,.77999997,.81,All Persons,IMD 1 - most deprived,All Regions,All Routes,All Stages,All Ages,2021
1,.75,.73000002,.75999999,All Persons,IMD 1 - most deprived,All Regions,All Routes,All Stages,All Ages,2021
1.25,.70999998,.69999999,.73000002,All Persons,IMD 1 - most deprived,All Regions,All Routes,All Stages,All Ages,2021
1.5,.69,.67000002,.70999998,All Persons,IMD 1 - most deprived,All Regions,All Routes,All Stages,All Ages,2021
1.75,.66000003,.63999999,.68000001,All Persons,IMD 1 - most deprived,All Regions,All Routes,All Stages,All Ages,2021
2,.63999999,.62,.66000003,All Persons,IMD 1 - most deprived,All Regions,All Routes,All Stages,All Ages,2021
2.25,.63999999,.62,.66000003,All Persons,IMD 1 - most deprived,All Regions,All Routes,All Stages,All Ages,2021
2.75,.61000001,.55000001,.67000002,All Persons,IMD 1 - most deprived,All Regions,All Routes,All Stages,All Ages,2021
3,.61000001,.55000001,.67000002,All Persons,IMD 1 - most deprived,All Regions,All Routes,All Stages,All Ages,2021
3.25,.61000001,.55000001,.67000002,All Persons,IMD 1 - most deprived,All Regions,All Routes,All Stages,All Ages,2021
3.5,.61000001,.55000001,.67000002,All Persons,IMD 1 - most deprived,All Regions,All Routes,All Stages,All Ages,2021
4.25,.61000001,.55000001,.67000002,All Persons,IMD 1 - most deprived,All Regions,All Routes,All Stages,All Ages,2021
4.75,.61000001,.55000001,.67000002,All Persons,IMD 1 - most deprived,All Regions,All Routes,All Stages,All Ages,2021
5,.61000001,.55000001,.67000002,All Persons,IMD 1 - most deprived,All Regions,All Routes,All Stages,All Ages,2021
0,1,1,1,All Persons,IMD 2,East Midlands,All Routes,All Stages,All Ages,All Years
.25,.93000001,.91000003,.94,All Persons,IMD 2,East Midlands,All Routes,All Stages,All Ages,All Years
.5,.86000001,.83999997,.88,All Persons,IMD 2,East Midlands,All Routes,All Stages,All Ages,All Years
.75,.81999999,.79000002,.83999997,All Persons,IMD 2,East Midlands,All Routes,All Stages,All Ages,All Years
1,.76999998,.75,.80000001,All Persons,IMD 2,East Midlands,All Routes,All Stages,All Ages,All Years
1.25,.74000001,.72000003,.76999998,All Persons,IMD 2,East Midlands,All Routes,All Stages,All Ages,All Years
1.5,.70999998,.68000001,.74000001,All Persons,IMD 2,East Midlands,All Routes,All Stages,All Ages,All Years
1.75,.68000001,.64999998,.70999998,All Persons,IMD 2,East Midlands,All Routes,All Stages,All Ages,All Years
2,.66000003,.63999999,.69,All Persons,IMD 2,East Midlands,All Routes,All Stages,All Ages,All Years
2.25,.63999999,.61000001,.67000002,All Persons,IMD 2,East Midlands,All Routes,All Stages,All Ages,All Years
2.5,.63,.60000002,.66000003,All Persons,IMD 2,East Midlands,All Routes,All Stages,All Ages,All Years
2.75,.60000002,.56999999,.63,All Persons,IMD 2,East Midlands,All Routes,All Stages,All Ages,All Years
3,.58999997,.56,.62,All Persons,IMD 2,East Midlands,All Routes,All Stages,All Ages,All Years
3.25,.57999998,.55000001,.62,All Persons,IMD 2,East Midlands,All Routes,All Stages,All Ages,All Years
3.5,.57999998,.54000002,.61000001,All Persons,IMD 2,East Midlands,All Routes,All Stages,All Ages,All Years
3.75,.56,.52999997,.58999997,All Persons,IMD 2,East Midlands,All Routes,All Stages,All Ages,All Years
4,.55000001,.51999998,.58999997,All Persons,IMD 2,East Midlands,All Routes,All Stages,All Ages,All Years
4.25,.54000002,.5,.56999999,All Persons,IMD 2,East Midlands,All Routes,All Stages,All Ages,All Years
4.5,.52999997,.5,.56,All Persons,IMD 2,East Midlands,All Routes,All Stages,All Ages,All Years
4.75,.52999997,.49000001,.56,All Persons,IMD 2,East Midlands,All Routes,All Stages,All Ages,All Years
5,.50999999,.47999999,.55000001,All Persons,IMD 2,East Midlands,All Routes,All Stages,All Ages,All Years
0,1,1,1,All Persons,IMD 2,East of England,All Routes,All Stages,All Ages,All Years
.25,.93000001,.92000002,.94,All Persons,IMD 2,East of England,All Routes,All Stages,All Ages,All Years
.5,.86000001,.83999997,.88,All Persons,IMD 2,East of England,All Routes,All Stages,All Ages,All Years
.75,.81,.79000002,.82999998,All Persons,IMD 2,East of England,All Routes,All Stages,All Ages,All Years
1,.75999999,.73000002,.77999997,All Persons,IMD 2,East of England,All Routes,All Stages,All Ages,All Years
1.25,.73000002,.69999999,.75,All Persons,IMD 2,East of England,All Routes,All Stages,All Ages,All Years
1.5,.69999999,.67000002,.72000003,All Persons,IMD 2,East of England,All Routes,All Stages,All Ages,All Years
1.75,.67000002,.63999999,.69999999,All Persons,IMD 2,East of England,All Routes,All Stages,All Ages,All Years
2,.64999998,.62,.68000001,All Persons,IMD 2,East of England,All Routes,All Stages,All Ages,All Years
2.25,.63,.60000002,.66000003,All Persons,IMD 2,East of England,All Routes,All Stages,All Ages,All Years
2.5,.61000001,.57999998,.63999999,All Persons,IMD 2,East of England,All Routes,All Stages,All Ages,All Years
2.75,.60000002,.56999999,.63,All Persons,IMD 2,East of England,All Routes,All Stages,All Ages,All Years
3,.57999998,.55000001,.61000001,All Persons,IMD 2,East of England,All Routes,All Stages,All Ages,All Years
3.25,.56999999,.54000002,.60000002,All Persons,IMD 2,East of England,All Routes,All Stages,All Ages,All Years
3.5,.56999999,.54000002,.60000002,All Persons,IMD 2,East of England,All Routes,All Stages,All Ages,All Years
3.75,.56,.52999997,.58999997,All Persons,IMD 2,East of England,All Routes,All Stages,All Ages,All Years
4,.55000001,.51999998,.57999998,All Persons,IMD 2,East of England,All Routes,All Stages,All Ages,All Years
4.25,.51999998,.49000001,.56,All Persons,IMD 2,East of England,All Routes,All Stages,All Ages,All Years
4.5,.51999998,.47999999,.55000001,All Persons,IMD 2,East of England,All Routes,All Stages,All Ages,All Years
4.75,.50999999,.47,.54000002,All Persons,IMD 2,East of England,All Routes,All Stages,All Ages,All Years
5,.5,.47,.54000002,All Persons,IMD 2,East of England,All Routes,All Stages,All Ages,All Years
0,1,1,1,All Persons,IMD 2,London,All Routes,All Stages,All Ages,All Years
.25,.93000001,.92000002,.94,All Persons,IMD 2,London,All Routes,All Stages,All Ages,All Years
.5,.88,.86000001,.88999999,All Persons,IMD 2,London,All Routes,All Stages,All Ages,All Years
.75,.82999998,.81,.83999997,All Persons,IMD 2,London,All Routes,All Stages,All Ages,All Years
1,.79000002,.76999998,.80000001,All Persons,IMD 2,London,All Routes,All Stages,All Ages,All Years
1.25,.75,.73000002,.76999998,All Persons,IMD 2,London,All Routes,All Stages,All Ages,All Years
1.5,.72000003,.69999999,.74000001,All Persons,IMD 2,London,All Routes,All Stages,All Ages,All Years
1.75,.69999999,.68000001,.72000003,All Persons,IMD 2,London,All Routes,All Stages,All Ages,All Years
2,.68000001,.66000003,.69999999,All Persons,IMD 2,London,All Routes,All Stages,All Ages,All Years
2.25,.67000002,.63999999,.69,All Persons,IMD 2,London,All Routes,All Stages,All Ages,All Years
2.5,.64999998,.63,.67000002,All Persons,IMD 2,London,All Routes,All Stages,All Ages,All Years
2.75,.63999999,.62,.66000003,All Persons,IMD 2,London,All Routes,All Stages,All Ages,All Years
3,.62,.60000002,.63999999,All Persons,IMD 2,London,All Routes,All Stages,All Ages,All Years
3.25,.61000001,.58999997,.63999999,All Persons,IMD 2,London,All Routes,All Stages,All Ages,All Years
3.5,.61000001,.57999998,.63,All Persons,IMD 2,London,All Routes,All Stages,All Ages,All Years
3.75,.58999997,.56999999,.61000001,All Persons,IMD 2,London,All Routes,All Stages,All Ages,All Years
4,.57999998,.56,.61000001,All Persons,IMD 2,London,All Routes,All Stages,All Ages,All Years
4.25,.57999998,.55000001,.60000002,All Persons,IMD 2,London,All Routes,All Stages,All Ages,All Years
4.5,.56999999,.54000002,.58999997,All Persons,IMD 2,London,All Routes,All Stages,All Ages,All Years
4.75,.55000001,.52999997,.57999998,All Persons,IMD 2,London,All Routes,All Stages,All Ages,All Years
5,.54000002,.51999998,.56999999,All Persons,IMD 2,London,All Routes,All Stages,All Ages,All Years
0,1,1,1,All Persons,IMD 2,North East,All Routes,All Stages,All Ages,All Years
.25,.92000002,.91000003,.94,All Persons,IMD 2,North East,All Routes,All Stages,All Ages,All Years
.5,.86000001,.83999997,.88,All Persons,IMD 2,North East,All Routes,All Stages,All Ages,All Years
.75,.80000001,.77999997,.82999998,All Persons,IMD 2,North East,All Routes,All Stages,All Ages,All Years
1,.75999999,.73000002,.79000002,All Persons,IMD 2,North East,All Routes,All Stages,All Ages,All Years
1.25,.73000002,.69999999,.75999999,All Persons,IMD 2,North East,All Routes,All Stages,All Ages,All Years
1.5,.69999999,.67000002,.73000002,All Persons,IMD 2,North East,All Routes,All Stages,All Ages,All Years
1.75,.68000001,.63999999,.70999998,All Persons,IMD 2,North East,All Routes,All Stages,All Ages,All Years
2,.64999998,.62,.69,All Persons,IMD 2,North East,All Routes,All Stages,All Ages,All Years
2.25,.63,.60000002,.67000002,All Persons,IMD 2,North East,All Routes,All Stages,All Ages,All Years
2.5,.61000001,.57999998,.64999998,All Persons,IMD 2,North East,All Routes,All Stages,All Ages,All Years
2.75,.61000001,.56999999,.63999999,All Persons,IMD 2,North East,All Routes,All Stages,All Ages,All Years
3,.60000002,.56,.63,All Persons,IMD 2,North East,All Routes,All Stages,All Ages,All Years
3.25,.57999998,.55000001,.62,All Persons,IMD 2,North East,All Routes,All Stages,All Ages,All Years
3.5,.56999999,.54000002,.61000001,All Persons,IMD 2,North East,All Routes,All Stages,All Ages,All Years
3.75,.56999999,.52999997,.60000002,All Persons,IMD 2,North East,All Routes,All Stages,All Ages,All Years
4,.56,.51999998,.58999997,All Persons,IMD 2,North East,All Routes,All Stages,All Ages,All Years
4.25,.54000002,.5,.57999998,All Persons,IMD 2,North East,All Routes,All Stages,All Ages,All Years
4.5,.54000002,.5,.57999998,All Persons,IMD 2,North East,All Routes,All Stages,All Ages,All Years
4.75,.52999997,.49000001,.56999999,All Persons,IMD 2,North East,All Routes,All Stages,All Ages,All Years
5,.52999997,.49000001,.56999999,All Persons,IMD 2,North East,All Routes,All Stages,All Ages,All Years
0,1,1,1,All Persons,IMD 2,North West,All Routes,All Stages,All Ages,All Years
.25,.93000001,.92000002,.94,All Persons,IMD 2,North West,All Routes,All Stages,All Ages,All Years
.5,.88,.86000001,.88999999,All Persons,IMD 2,North West,All Routes,All Stages,All Ages,All Years
.75,.82999998,.81,.85000002,All Persons,IMD 2,North West,All Routes,All Stages,All Ages,All Years
1,.79000002,.77999997,.81,All Persons,IMD 2,North West,All Routes,All Stages,All Ages,All Years
1.25,.75999999,.73000002,.77999997,All Persons,IMD 2,North West,All Routes,All Stages,All Ages,All Years
1.5,.72000003,.69999999,.74000001,All Persons,IMD 2,North West,All Routes,All Stages,All Ages,All Years
1.75,.69,.66000003,.70999998,All Persons,IMD 2,North West,All Routes,All Stages,All Ages,All Years
2,.66000003,.63999999,.69,All Persons,IMD 2,North West,All Routes,All Stages,All Ages,All Years
2.25,.64999998,.62,.67000002,All Persons,IMD 2,North West,All Routes,All Stages,All Ages,All Years
2.5,.63,.60000002,.64999998,All Persons,IMD 2,North West,All Routes,All Stages,All Ages,All Years
2.75,.61000001,.58999997,.63999999,All Persons,IMD 2,North West,All Routes,All Stages,All Ages,All Years
3,.60000002,.57999998,.63,All Persons,IMD 2,North West,All Routes,All Stages,All Ages,All Years
3.25,.58999997,.56,.61000001,All Persons,IMD 2,North West,All Routes,All Stages,All Ages,All Years
3.5,.57999998,.55000001,.60000002,All Persons,IMD 2,North West,All Routes,All Stages,All Ages,All Years
3.75,.56999999,.54000002,.60000002,All Persons,IMD 2,North West,All Routes,All Stages,All Ages,All Years
4,.56,.52999997,.57999998,All Persons,IMD 2,North West,All Routes,All Stages,All Ages,All Years
4.25,.55000001,.51999998,.56999999,All Persons,IMD 2,North West,All Routes,All Stages,All Ages,All Years
4.5,.54000002,.51999998,.56999999,All Persons,IMD 2,North West,All Routes,All Stages,All Ages,All Years
4.75,.54000002,.50999999,.56999999,All Persons,IMD 2,North West,All Routes,All Stages,All Ages,All Years
5,.52999997,.5,.56,All Persons,IMD 2,North West,All Routes,All Stages,All Ages,All Years
0,1,1,1,All Persons,IMD 2,South East,All Routes,All Stages,All Ages,All Years
.25,.93000001,.91000003,.94,All Persons,IMD 2,South East,All Routes,All Stages,All Ages,All Years
.5,.87,.85000002,.88,All Persons,IMD 2,South East,All Routes,All Stages,All Ages,All Years
.75,.81999999,.80000001,.83999997,All Persons,IMD 2,South East,All Routes,All Stages,All Ages,All Years
1,.77999997,.75999999,.80000001,All Persons,IMD 2,South East,All Routes,All Stages,All Ages,All Years
1.25,.75,.73000002,.76999998,All Persons,IMD 2,South East,All Routes,All Stages,All Ages,All Years
1.5,.73000002,.69999999,.75,All Persons,IMD 2,South East,All Routes,All Stages,All Ages,All Years
1.75,.69999999,.68000001,.72000003,All Persons,IMD 2,South East,All Routes,All Stages,All Ages,All Years
2,.68000001,.64999998,.69999999,All Persons,IMD 2,South East,All Routes,All Stages,All Ages,All Years
2.25,.67000002,.63999999,.69,All Persons,IMD 2,South East,All Routes,All Stages,All Ages,All Years
2.5,.64999998,.62,.67000002,All Persons,IMD 2,South East,All Routes,All Stages,All Ages,All Years
2.75,.63,.61000001,.66000003,All Persons,IMD 2,South East,All Routes,All Stages,All Ages,All Years
3,.62,.58999997,.63999999,All Persons,IMD 2,South East,All Routes,All Stages,All Ages,All Years
3.25,.61000001,.57999998,.63,All Persons,IMD 2,South East,All Routes,All Stages,All Ages,All Years
3.5,.58999997,.56999999,.62,All Persons,IMD 2,South East,All Routes,All Stages,All Ages,All Years
3.75,.57999998,.56,.61000001,All Persons,IMD 2,South East,All Routes,All Stages,All Ages,All Years
4,.56999999,.55000001,.60000002,All Persons,IMD 2,South East,All Routes,All Stages,All Ages,All Years
4.25,.56,.52999997,.58999997,All Persons,IMD 2,South East,All Routes,All Stages,All Ages,All Years
4.5,.55000001,.51999998,.57999998,All Persons,IMD 2,South East,All Routes,All Stages,All Ages,All Years
4.75,.54000002,.50999999,.56999999,All Persons,IMD 2,South East,All Routes,All Stages,All Ages,All Years
5,.52999997,.5,.56,All Persons,IMD 2,South East,All Routes,All Stages,All Ages,All Years
0,1,1,1,All Persons,IMD 2,South West,All Routes,All Stages,All Ages,All Years
.25,.93000001,.92000002,.94,All Persons,IMD 2,South West,All Routes,All Stages,All Ages,All Years
.5,.88,.86000001,.89999998,All Persons,IMD 2,South West,All Routes,All Stages,All Ages,All Years
.75,.83999997,.81999999,.86000001,All Persons,IMD 2,South West,All Routes,All Stages,All Ages,All Years
1,.80000001,.77999997,.81999999,All Persons,IMD 2,South West,All Routes,All Stages,All Ages,All Years
1.25,.76999998,.75,.79000002,All Persons,IMD 2,South West,All Routes,All Stages,All Ages,All Years
1.5,.75,.73000002,.76999998,All Persons,IMD 2,South West,All Routes,All Stages,All Ages,All Years
1.75,.73000002,.70999998,.75,All Persons,IMD 2,South West,All Routes,All Stages,All Ages,All Years
2,.70999998,.68000001,.73000002,All Persons,IMD 2,South West,All Routes,All Stages,All Ages,All Years
2.25,.69,.67000002,.72000003,All Persons,IMD 2,South West,All Routes,All Stages,All Ages,All Years
2.5,.68000001,.64999998,.69999999,All Persons,IMD 2,South West,All Routes,All Stages,All Ages,All Years
2.75,.64999998,.63,.68000001,All Persons,IMD 2,South West,All Routes,All Stages,All Ages,All Years
3,.63999999,.61000001,.67000002,All Persons,IMD 2,South West,All Routes,All Stages,All Ages,All Years
3.25,.63,.61000001,.66000003,All Persons,IMD 2,South West,All Routes,All Stages,All Ages,All Years
3.5,.62,.58999997,.64999998,All Persons,IMD 2,South West,All Routes,All Stages,All Ages,All Years
3.75,.61000001,.57999998,.63,All Persons,IMD 2,South West,All Routes,All Stages,All Ages,All Years
4,.60000002,.56999999,.62,All Persons,IMD 2,South West,All Routes,All Stages,All Ages,All Years
4.25,.58999997,.56,.62,All Persons,IMD 2,South West,All Routes,All Stages,All Ages,All Years
4.5,.57999998,.55000001,.61000001,All Persons,IMD 2,South West,All Routes,All Stages,All Ages,All Years
4.75,.56999999,.54000002,.60000002,All Persons,IMD 2,South West,All Routes,All Stages,All Ages,All Years
5,.55000001,.51999998,.58999997,All Persons,IMD 2,South West,All Routes,All Stages,All Ages,All Years
0,1,1,1,All Persons,IMD 2,West Midlands,All Routes,All Stages,All Ages,All Years
.25,.91000003,.88999999,.93000001,All Persons,IMD 2,West Midlands,All Routes,All Stages,All Ages,All Years
.5,.83999997,.81999999,.86000001,All Persons,IMD 2,West Midlands,All Routes,All Stages,All Ages,All Years
.75,.79000002,.76999998,.81,All Persons,IMD 2,West Midlands,All Routes,All Stages,All Ages,All Years
1,.75999999,.73000002,.77999997,All Persons,IMD 2,West Midlands,All Routes,All Stages,All Ages,All Years
1.25,.70999998,.69,.74000001,All Persons,IMD 2,West Midlands,All Routes,All Stages,All Ages,All Years
1.5,.69999999,.67000002,.73000002,All Persons,IMD 2,West Midlands,All Routes,All Stages,All Ages,All Years
1.75,.68000001,.64999998,.69999999,All Persons,IMD 2,West Midlands,All Routes,All Stages,All Ages,All Years
2,.67000002,.63999999,.69,All Persons,IMD 2,West Midlands,All Routes,All Stages,All Ages,All Years
2.25,.64999998,.62,.68000001,All Persons,IMD 2,West Midlands,All Routes,All Stages,All Ages,All Years
2.5,.63,.60000002,.66000003,All Persons,IMD 2,West Midlands,All Routes,All Stages,All Ages,All Years
2.75,.61000001,.57999998,.63999999,All Persons,IMD 2,West Midlands,All Routes,All Stages,All Ages,All Years
3,.58999997,.56,.62,All Persons,IMD 2,West Midlands,All Routes,All Stages,All Ages,All Years
3.25,.56999999,.54000002,.60000002,All Persons,IMD 2,West Midlands,All Routes,All Stages,All Ages,All Years
3.5,.55000001,.51999998,.58999997,All Persons,IMD 2,West Midlands,All Routes,All Stages,All Ages,All Years
3.75,.54000002,.50999999,.56999999,All Persons,IMD 2,West Midlands,All Routes,All Stages,All Ages,All Years
4,.52999997,.49000001,.56,All Persons,IMD 2,West Midlands,All Routes,All Stages,All Ages,All Years
4.25,.51999998,.47999999,.55000001,All Persons,IMD 2,West Midlands,All Routes,All Stages,All Ages,All Years
4.5,.5,.46000001,.52999997,All Persons,IMD 2,West Midlands,All Routes,All Stages,All Ages,All Years
4.75,.49000001,.44999999,.51999998,All Persons,IMD 2,West Midlands,All Routes,All Stages,All Ages,All Years
5,.47999999,.44,.50999999,All Persons,IMD 2,West Midlands,All Routes,All Stages,All Ages,All Years
0,1,1,1,All Persons,IMD 2,Yorkshire and The Humber,All Routes,All Stages,All Ages,All Years
.25,.93000001,.91000003,.94,All Persons,IMD 2,Yorkshire and The Humber,All Routes,All Stages,All Ages,All Years
.5,.87,.85000002,.88999999,All Persons,IMD 2,Yorkshire and The Humber,All Routes,All Stages,All Ages,All Years
.75,.81999999,.79000002,.83999997,All Persons,IMD 2,Yorkshire and The Humber,All Routes,All Stages,All Ages,All Years
1,.75999999,.74000001,.79000002,All Persons,IMD 2,Yorkshire and The Humber,All Routes,All Stages,All Ages,All Years
1.25,.74000001,.70999998,.75999999,All Persons,IMD 2,Yorkshire and The Humber,All Routes,All Stages,All Ages,All Years
1.5,.70999998,.68000001,.74000001,All Persons,IMD 2,Yorkshire and The Humber,All Routes,All Stages,All Ages,All Years
1.75,.69,.66000003,.70999998,All Persons,IMD 2,Yorkshire and The Humber,All Routes,All Stages,All Ages,All Years
2,.67000002,.63999999,.69,All Persons,IMD 2,Yorkshire and The Humber,All Routes,All Stages,All Ages,All Years
2.25,.64999998,.62,.68000001,All Persons,IMD 2,Yorkshire and The Humber,All Routes,All Stages,All Ages,All Years
2.5,.63,.60000002,.66000003,All Persons,IMD 2,Yorkshire and The Humber,All Routes,All Stages,All Ages,All Years
2.75,.61000001,.58999997,.63999999,All Persons,IMD 2,Yorkshire and The Humber,All Routes,All Stages,All Ages,All Years
3,.60000002,.56999999,.63,All Persons,IMD 2,Yorkshire and The Humber,All Routes,All Stages,All Ages,All Years
3.25,.58999997,.56,.62,All Persons,IMD 2,Yorkshire and The Humber,All Routes,All Stages,All Ages,All Years
3.5,.57999998,.55000001,.61000001,All Persons,IMD 2,Yorkshire and The Humber,All Routes,All Stages,All Ages,All Years
3.75,.56,.52999997,.58999997,All Persons,IMD 2,Yorkshire and The Humber,All Routes,All Stages,All Ages,All Years
4,.54000002,.50999999,.57999998,All Persons,IMD 2,Yorkshire and The Humber,All Routes,All Stages,All Ages,All Years
4.25,.52999997,.5,.56,All Persons,IMD 2,Yorkshire and The Humber,All Routes,All Stages,All Ages,All Years
4.5,.51999998,.49000001,.56,All Persons,IMD 2,Yorkshire and The Humber,All Routes,All Stages,All Ages,All Years
4.75,.51999998,.47999999,.55000001,All Persons,IMD 2,Yorkshire and The Humber,All Routes,All Stages,All Ages,All Years
5,.50999999,.47999999,.54000002,All Persons,IMD 2,Yorkshire and The Humber,All Routes,All Stages,All Ages,All Years
0,1,.99000001,1,All Persons,IMD 2,All Regions,Emergency,All Stages,All Ages,All Years
.25,.69999999,.66000003,.74000001,All Persons,IMD 2,All Regions,Emergency,All Stages,All Ages,All Years
.5,.58999997,.54000002,.63,All Persons,IMD 2,All Regions,Emergency,All Stages,All Ages,All Years
.75,.5,.46000001,.55000001,All Persons,IMD 2,All Regions,Emergency,All Stages,All Ages,All Years
1,.44999999,.41,.5,All Persons,IMD 2,All Regions,Emergency,All Stages,All Ages,All Years
1.25,.41999999,.37,.46000001,All Persons,IMD 2,All Regions,Emergency,All Stages,All Ages,All Years
1.5,.38999999,.34,.43000001,All Persons,IMD 2,All Regions,Emergency,All Stages,All Ages,All Years
1.75,.37,.33000001,.41,All Persons,IMD 2,All Regions,Emergency,All Stages,All Ages,All Years
2,.34999999,.31,.40000001,All Persons,IMD 2,All Regions,Emergency,All Stages,All Ages,All Years
2.25,.33000001,.28999999,.38,All Persons,IMD 2,All Regions,Emergency,All Stages,All Ages,All Years
2.5,.31,.27000001,.34999999,All Persons,IMD 2,All Regions,Emergency,All Stages,All Ages,All Years
2.75,.30000001,.25999999,.34,All Persons,IMD 2,All Regions,Emergency,All Stages,All Ages,All Years
3,.28,.23999999,.31999999,All Persons,IMD 2,All Regions,Emergency,All Stages,All Ages,All Years
3.25,.28,.23999999,.31999999,All Persons,IMD 2,All Regions,Emergency,All Stages,All Ages,All Years
3.5,.27000001,.23,.31,All Persons,IMD 2,All Regions,Emergency,All Stages,All Ages,All Years
3.75,.27000001,.23,.31,All Persons,IMD 2,All Regions,Emergency,All Stages,All Ages,All Years
4,.25999999,.22,.30000001,All Persons,IMD 2,All Regions,Emergency,All Stages,All Ages,All Years
4.25,.25,.20999999,.28999999,All Persons,IMD 2,All Regions,Emergency,All Stages,All Ages,All Years
4.5,.25,.20999999,.28999999,All Persons,IMD 2,All Regions,Emergency,All Stages,All Ages,All Years
4.75,.23999999,.2,.28,All Persons,IMD 2,All Regions,Emergency,All Stages,All Ages,All Years
5,.23,.19,.27000001,All Persons,IMD 2,All Regions,Emergency,All Stages,All Ages,All Years
0,1,1,1,All Persons,IMD 2,All Regions,Non-emergency,All Stages,All Ages,All Years
.25,.94999999,.94999999,.95999998,All Persons,IMD 2,All Regions,Non-emergency,All Stages,All Ages,All Years
.5,.88999999,.88999999,.89999998,All Persons,IMD 2,All Regions,Non-emergency,All Stages,All Ages,All Years
.75,.83999997,.83999997,.85000002,All Persons,IMD 2,All Regions,Non-emergency,All Stages,All Ages,All Years
1,.80000001,.79000002,.81,All Persons,IMD 2,All Regions,Non-emergency,All Stages,All Ages,All Years
1.25,.76999998,.75999999,.77999997,All Persons,IMD 2,All Regions,Non-emergency,All Stages,All Ages,All Years
1.5,.74000001,.73000002,.75999999,All Persons,IMD 2,All Regions,Non-emergency,All Stages,All Ages,All Years
1.75,.72000003,.70999998,.73000002,All Persons,IMD 2,All Regions,Non-emergency,All Stages,All Ages,All Years
2,.69999999,.68000001,.70999998,All Persons,IMD 2,All Regions,Non-emergency,All Stages,All Ages,All Years
2.25,.68000001,.67000002,.69,All Persons,IMD 2,All Regions,Non-emergency,All Stages,All Ages,All Years
2.5,.66000003,.64999998,.67000002,All Persons,IMD 2,All Regions,Non-emergency,All Stages,All Ages,All Years
2.75,.63999999,.63,.66000003,All Persons,IMD 2,All Regions,Non-emergency,All Stages,All Ages,All Years
3,.63,.62,.63999999,All Persons,IMD 2,All Regions,Non-emergency,All Stages,All Ages,All Years
3.25,.62,.61000001,.63,All Persons,IMD 2,All Regions,Non-emergency,All Stages,All Ages,All Years
3.5,.61000001,.60000002,.62,All Persons,IMD 2,All Regions,Non-emergency,All Stages,All Ages,All Years
3.75,.60000002,.57999998,.61000001,All Persons,IMD 2,All Regions,Non-emergency,All Stages,All Ages,All Years
4,.58999997,.56999999,.60000002,All Persons,IMD 2,All Regions,Non-emergency,All Stages,All Ages,All Years
4.25,.56999999,.56,.58999997,All Persons,IMD 2,All Regions,Non-emergency,All Stages,All Ages,All Years
4.5,.56,.55000001,.57999998,All Persons,IMD 2,All Regions,Non-emergency,All Stages,All Ages,All Years
4.75,.56,.54000002,.56999999,All Persons,IMD 2,All Regions,Non-emergency,All Stages,All Ages,All Years
5,.55000001,.52999997,.56,All Persons,IMD 2,All Regions,Non-emergency,All Stages,All Ages,All Years
0,1,1,1,All Persons,IMD 2,All Regions,All Routes,Early,All Ages,All Years
.25,.99000001,.98000002,.99000001,All Persons,IMD 2,All Regions,All Routes,Early,All Ages,All Years
.5,.97000003,.95999998,.98000002,All Persons,IMD 2,All Regions,All Routes,Early,All Ages,All Years
.75,.94999999,.94999999,.95999998,All Persons,IMD 2,All Regions,All Routes,Early,All Ages,All Years
1,.94,.93000001,.94,All Persons,IMD 2,All Regions,All Routes,Early,All Ages,All Years
1.25,.92000002,.91000003,.93000001,All Persons,IMD 2,All Regions,All Routes,Early,All Ages,All Years
1.5,.89999998,.88999999,.91000003,All Persons,IMD 2,All Regions,All Routes,Early,All Ages,All Years
1.75,.88,.87,.88999999,All Persons,IMD 2,All Regions,All Routes,Early,All Ages,All Years
2,.87,.86000001,.88,All Persons,IMD 2,All Regions,All Routes,Early,All Ages,All Years
2.25,.85000002,.83999997,.86000001,All Persons,IMD 2,All Regions,All Routes,Early,All Ages,All Years
2.5,.83999997,.82999998,.85000002,All Persons,IMD 2,All Regions,All Routes,Early,All Ages,All Years
2.75,.81999999,.81,.83999997,All Persons,IMD 2,All Regions,All Routes,Early,All Ages,All Years
3,.81,.80000001,.81999999,All Persons,IMD 2,All Regions,All Routes,Early,All Ages,All Years
3.25,.80000001,.77999997,.81,All Persons,IMD 2,All Regions,All Routes,Early,All Ages,All Years
3.5,.77999997,.76999998,.80000001,All Persons,IMD 2,All Regions,All Routes,Early,All Ages,All Years
3.75,.76999998,.75,.77999997,All Persons,IMD 2,All Regions,All Routes,Early,All Ages,All Years
4,.75,.74000001,.76999998,All Persons,IMD 2,All Regions,All Routes,Early,All Ages,All Years
4.25,.74000001,.72000003,.75,All Persons,IMD 2,All Regions,All Routes,Early,All Ages,All Years
4.5,.73000002,.70999998,.74000001,All Persons,IMD 2,All Regions,All Routes,Early,All Ages,All Years
4.75,.72000003,.69999999,.73000002,All Persons,IMD 2,All Regions,All Routes,Early,All Ages,All Years
5,.69999999,.69,.72000003,All Persons,IMD 2,All Regions,All Routes,Early,All Ages,All Years
0,1,1,1,All Persons,IMD 2,All Regions,All Routes,Advanced,All Ages,All Years
.25,.91000003,.91000003,.92000002,All Persons,IMD 2,All Regions,All Routes,Advanced,All Ages,All Years
.5,.82999998,.81999999,.83999997,All Persons,IMD 2,All Regions,All Routes,Advanced,All Ages,All Years
.75,.75999999,.75,.76999998,All Persons,IMD 2,All Regions,All Routes,Advanced,All Ages,All Years
1,.69999999,.69,.70999998,All Persons,IMD 2,All Regions,All Routes,Advanced,All Ages,All Years
1.25,.66000003,.64999998,.67000002,All Persons,IMD 2,All Regions,All Routes,Advanced,All Ages,All Years
1.5,.62,.61000001,.63999999,All Persons,IMD 2,All Regions,All Routes,Advanced,All Ages,All Years
1.75,.58999997,.57999998,.60000002,All Persons,IMD 2,All Regions,All Routes,Advanced,All Ages,All Years
2,.56999999,.56,.57999998,All Persons,IMD 2,All Regions,All Routes,Advanced,All Ages,All Years
2.25,.55000001,.54000002,.56,All Persons,IMD 2,All Regions,All Routes,Advanced,All Ages,All Years
2.5,.52999997,.51999998,.54000002,All Persons,IMD 2,All Regions,All Routes,Advanced,All Ages,All Years
2.75,.50999999,.5,.52999997,All Persons,IMD 2,All Regions,All Routes,Advanced,All Ages,All Years
3,.5,.49000001,.50999999,All Persons,IMD 2,All Regions,All Routes,Advanced,All Ages,All Years
3.25,.49000001,.47999999,.5,All Persons,IMD 2,All Regions,All Routes,Advanced,All Ages,All Years
3.5,.47999999,.47,.49000001,All Persons,IMD 2,All Regions,All Routes,Advanced,All Ages,All Years
3.75,.47,.46000001,.47999999,All Persons,IMD 2,All Regions,All Routes,Advanced,All Ages,All Years
4,.46000001,.44999999,.47,All Persons,IMD 2,All Regions,All Routes,Advanced,All Ages,All Years
4.25,.44999999,.44,.46000001,All Persons,IMD 2,All Regions,All Routes,Advanced,All Ages,All Years
4.5,.44,.43000001,.46000001,All Persons,IMD 2,All Regions,All Routes,Advanced,All Ages,All Years
4.75,.43000001,.41999999,.44999999,All Persons,IMD 2,All Regions,All Routes,Advanced,All Ages,All Years
5,.43000001,.41,.44,All Persons,IMD 2,All Regions,All Routes,Advanced,All Ages,All Years
0,1,1,1,All Persons,IMD 2,All Regions,All Routes,All Stages,0-49,All Years
.25,.98000002,.97000003,.99000001,All Persons,IMD 2,All Regions,All Routes,All Stages,0-49,All Years
.5,.95999998,.94999999,.97000003,All Persons,IMD 2,All Regions,All Routes,All Stages,0-49,All Years
.75,.93000001,.91000003,.94,All Persons,IMD 2,All Regions,All Routes,All Stages,0-49,All Years
1,.89999998,.88,.91000003,All Persons,IMD 2,All Regions,All Routes,All Stages,0-49,All Years
1.25,.87,.86000001,.88999999,All Persons,IMD 2,All Regions,All Routes,All Stages,0-49,All Years
1.5,.86000001,.83999997,.87,All Persons,IMD 2,All Regions,All Routes,All Stages,0-49,All Years
1.75,.82999998,.81,.85000002,All Persons,IMD 2,All Regions,All Routes,All Stages,0-49,All Years
2,.81999999,.80000001,.83999997,All Persons,IMD 2,All Regions,All Routes,All Stages,0-49,All Years
2.25,.81,.77999997,.82999998,All Persons,IMD 2,All Regions,All Routes,All Stages,0-49,All Years
2.5,.79000002,.76999998,.81999999,All Persons,IMD 2,All Regions,All Routes,All Stages,0-49,All Years
2.75,.79000002,.75999999,.81,All Persons,IMD 2,All Regions,All Routes,All Stages,0-49,All Years
3,.77999997,.75999999,.80000001,All Persons,IMD 2,All Regions,All Routes,All Stages,0-49,All Years
3.25,.76999998,.75,.80000001,All Persons,IMD 2,All Regions,All Routes,All Stages,0-49,All Years
3.5,.76999998,.75,.79000002,All Persons,IMD 2,All Regions,All Routes,All Stages,0-49,All Years
3.75,.75999999,.74000001,.79000002,All Persons,IMD 2,All Regions,All Routes,All Stages,0-49,All Years
4,.75999999,.74000001,.77999997,All Persons,IMD 2,All Regions,All Routes,All Stages,0-49,All Years
4.25,.75,.73000002,.77999997,All Persons,IMD 2,All Regions,All Routes,All Stages,0-49,All Years
4.5,.75,.73000002,.77999997,All Persons,IMD 2,All Regions,All Routes,All Stages,0-49,All Years
4.75,.75,.72000003,.76999998,All Persons,IMD 2,All Regions,All Routes,All Stages,0-49,All Years
5,.75,.72000003,.76999998,All Persons,IMD 2,All Regions,All Routes,All Stages,0-49,All Years
0,1,1,1,All Persons,IMD 2,All Regions,All Routes,All Stages,50-54,All Years
.25,.95999998,.94999999,.97000003,All Persons,IMD 2,All Regions,All Routes,All Stages,50-54,All Years
.5,.93000001,.91000003,.94,All Persons,IMD 2,All Regions,All Routes,All Stages,50-54,All Years
.75,.88999999,.88,.91000003,All Persons,IMD 2,All Regions,All Routes,All Stages,50-54,All Years
1,.86000001,.83999997,.88,All Persons,IMD 2,All Regions,All Routes,All Stages,50-54,All Years
1.25,.83999997,.81999999,.86000001,All Persons,IMD 2,All Regions,All Routes,All Stages,50-54,All Years
1.5,.81999999,.80000001,.83999997,All Persons,IMD 2,All Regions,All Routes,All Stages,50-54,All Years
1.75,.80000001,.77999997,.82999998,All Persons,IMD 2,All Regions,All Routes,All Stages,50-54,All Years
2,.79000002,.76999998,.81,All Persons,IMD 2,All Regions,All Routes,All Stages,50-54,All Years
2.25,.77999997,.75999999,.81,All Persons,IMD 2,All Regions,All Routes,All Stages,50-54,All Years
2.5,.76999998,.75,.79000002,All Persons,IMD 2,All Regions,All Routes,All Stages,50-54,All Years
2.75,.75999999,.74000001,.79000002,All Persons,IMD 2,All Regions,All Routes,All Stages,50-54,All Years
3,.75,.73000002,.77999997,All Persons,IMD 2,All Regions,All Routes,All Stages,50-54,All Years
3.25,.74000001,.72000003,.76999998,All Persons,IMD 2,All Regions,All Routes,All Stages,50-54,All Years
3.5,.73000002,.70999998,.75999999,All Persons,IMD 2,All Regions,All Routes,All Stages,50-54,All Years
3.75,.72000003,.69,.74000001,All Persons,IMD 2,All Regions,All Routes,All Stages,50-54,All Years
4,.70999998,.69,.74000001,All Persons,IMD 2,All Regions,All Routes,All Stages,50-54,All Years
4.25,.69999999,.67000002,.73000002,All Persons,IMD 2,All Regions,All Routes,All Stages,50-54,All Years
4.5,.69,.66000003,.72000003,All Persons,IMD 2,All Regions,All Routes,All Stages,50-54,All Years
4.75,.68000001,.64999998,.70999998,All Persons,IMD 2,All Regions,All Routes,All Stages,50-54,All Years
5,.68000001,.64999998,.70999998,All Persons,IMD 2,All Regions,All Routes,All Stages,50-54,All Years
0,1,1,1,All Persons,IMD 2,All Regions,All Routes,All Stages,55-59,All Years
.25,.95999998,.94999999,.97000003,All Persons,IMD 2,All Regions,All Routes,All Stages,55-59,All Years
.5,.91000003,.89999998,.93000001,All Persons,IMD 2,All Regions,All Routes,All Stages,55-59,All Years
.75,.87,.85000002,.88999999,All Persons,IMD 2,All Regions,All Routes,All Stages,55-59,All Years
1,.82999998,.81,.85000002,All Persons,IMD 2,All Regions,All Routes,All Stages,55-59,All Years
1.25,.81,.79000002,.82999998,All Persons,IMD 2,All Regions,All Routes,All Stages,55-59,All Years
1.5,.79000002,.76999998,.81,All Persons,IMD 2,All Regions,All Routes,All Stages,55-59,All Years
1.75,.75999999,.74000001,.77999997,All Persons,IMD 2,All Regions,All Routes,All Stages,55-59,All Years
2,.74000001,.72000003,.75999999,All Persons,IMD 2,All Regions,All Routes,All Stages,55-59,All Years
2.25,.72000003,.69999999,.74000001,All Persons,IMD 2,All Regions,All Routes,All Stages,55-59,All Years
2.5,.70999998,.68000001,.73000002,All Persons,IMD 2,All Regions,All Routes,All Stages,55-59,All Years
2.75,.69,.67000002,.72000003,All Persons,IMD 2,All Regions,All Routes,All Stages,55-59,All Years
3,.68000001,.64999998,.69999999,All Persons,IMD 2,All Regions,All Routes,All Stages,55-59,All Years
3.25,.67000002,.63999999,.69,All Persons,IMD 2,All Regions,All Routes,All Stages,55-59,All Years
3.5,.66000003,.63,.68000001,All Persons,IMD 2,All Regions,All Routes,All Stages,55-59,All Years
3.75,.64999998,.62,.67000002,All Persons,IMD 2,All Regions,All Routes,All Stages,55-59,All Years
4,.63999999,.61000001,.66000003,All Persons,IMD 2,All Regions,All Routes,All Stages,55-59,All Years
4.25,.63,.60000002,.66000003,All Persons,IMD 2,All Regions,All Routes,All Stages,55-59,All Years
4.5,.63,.60000002,.66000003,All Persons,IMD 2,All Regions,All Routes,All Stages,55-59,All Years
4.75,.61000001,.58999997,.63999999,All Persons,IMD 2,All Regions,All Routes,All Stages,55-59,All Years
5,.61000001,.57999998,.63999999,All Persons,IMD 2,All Regions,All Routes,All Stages,55-59,All Years
0,1,1,1,All Persons,IMD 2,All Regions,All Routes,All Stages,60-64,All Years
.25,.94999999,.93000001,.95999998,All Persons,IMD 2,All Regions,All Routes,All Stages,60-64,All Years
.5,.88999999,.88,.91000003,All Persons,IMD 2,All Regions,All Routes,All Stages,60-64,All Years
.75,.85000002,.82999998,.87,All Persons,IMD 2,All Regions,All Routes,All Stages,60-64,All Years
1,.81,.79000002,.82999998,All Persons,IMD 2,All Regions,All Routes,All Stages,60-64,All Years
1.25,.77999997,.75999999,.80000001,All Persons,IMD 2,All Regions,All Routes,All Stages,60-64,All Years
1.5,.75,.73000002,.76999998,All Persons,IMD 2,All Regions,All Routes,All Stages,60-64,All Years
1.75,.73000002,.70999998,.75,All Persons,IMD 2,All Regions,All Routes,All Stages,60-64,All Years
2,.70999998,.69,.73000002,All Persons,IMD 2,All Regions,All Routes,All Stages,60-64,All Years
2.25,.69,.67000002,.70999998,All Persons,IMD 2,All Regions,All Routes,All Stages,60-64,All Years
2.5,.67000002,.64999998,.69999999,All Persons,IMD 2,All Regions,All Routes,All Stages,60-64,All Years
2.75,.66000003,.63,.68000001,All Persons,IMD 2,All Regions,All Routes,All Stages,60-64,All Years
3,.63999999,.62,.66000003,All Persons,IMD 2,All Regions,All Routes,All Stages,60-64,All Years
3.25,.63,.60000002,.64999998,All Persons,IMD 2,All Regions,All Routes,All Stages,60-64,All Years
3.5,.62,.58999997,.63999999,All Persons,IMD 2,All Regions,All Routes,All Stages,60-64,All Years
3.75,.61000001,.57999998,.63,All Persons,IMD 2,All Regions,All Routes,All Stages,60-64,All Years
4,.58999997,.56999999,.62,All Persons,IMD 2,All Regions,All Routes,All Stages,60-64,All Years
4.25,.58999997,.56,.61000001,All Persons,IMD 2,All Regions,All Routes,All Stages,60-64,All Years
4.5,.57999998,.55000001,.60000002,All Persons,IMD 2,All Regions,All Routes,All Stages,60-64,All Years
4.75,.56,.52999997,.58999997,All Persons,IMD 2,All Regions,All Routes,All Stages,60-64,All Years
5,.55000001,.51999998,.57999998,All Persons,IMD 2,All Regions,All Routes,All Stages,60-64,All Years
0,1,1,1,All Persons,IMD 2,All Regions,All Routes,All Stages,65-69,All Years
.25,.94,.92000002,.94999999,All Persons,IMD 2,All Regions,All Routes,All Stages,65-69,All Years
.5,.88999999,.87,.89999998,All Persons,IMD 2,All Regions,All Routes,All Stages,65-69,All Years
.75,.83999997,.81999999,.86000001,All Persons,IMD 2,All Regions,All Routes,All Stages,65-69,All Years
1,.79000002,.76999998,.81,All Persons,IMD 2,All Regions,All Routes,All Stages,65-69,All Years
1.25,.75,.73000002,.76999998,All Persons,IMD 2,All Regions,All Routes,All Stages,65-69,All Years
1.5,.72000003,.69999999,.75,All Persons,IMD 2,All Regions,All Routes,All Stages,65-69,All Years
1.75,.69999999,.68000001,.72000003,All Persons,IMD 2,All Regions,All Routes,All Stages,65-69,All Years
2,.67000002,.64999998,.69,All Persons,IMD 2,All Regions,All Routes,All Stages,65-69,All Years
2.25,.64999998,.63,.68000001,All Persons,IMD 2,All Regions,All Routes,All Stages,65-69,All Years
2.5,.63,.61000001,.64999998,All Persons,IMD 2,All Regions,All Routes,All Stages,65-69,All Years
2.75,.61000001,.58999997,.63,All Persons,IMD 2,All Regions,All Routes,All Stages,65-69,All Years
3,.60000002,.56999999,.62,All Persons,IMD 2,All Regions,All Routes,All Stages,65-69,All Years
3.25,.57999998,.56,.61000001,All Persons,IMD 2,All Regions,All Routes,All Stages,65-69,All Years
3.5,.56999999,.55000001,.60000002,All Persons,IMD 2,All Regions,All Routes,All Stages,65-69,All Years
3.75,.56,.52999997,.57999998,All Persons,IMD 2,All Regions,All Routes,All Stages,65-69,All Years
4,.55000001,.52999997,.57999998,All Persons,IMD 2,All Regions,All Routes,All Stages,65-69,All Years
4.25,.54000002,.50999999,.56,All Persons,IMD 2,All Regions,All Routes,All Stages,65-69,All Years
4.5,.52999997,.5,.55000001,All Persons,IMD 2,All Regions,All Routes,All Stages,65-69,All Years
4.75,.51999998,.5,.55000001,All Persons,IMD 2,All Regions,All Routes,All Stages,65-69,All Years
5,.50999999,.47999999,.54000002,All Persons,IMD 2,All Regions,All Routes,All Stages,65-69,All Years
0,1,1,1,All Persons,IMD 2,All Regions,All Routes,All Stages,70-74,All Years
.25,.91000003,.89999998,.92000002,All Persons,IMD 2,All Regions,All Routes,All Stages,70-74,All Years
.5,.83999997,.81999999,.86000001,All Persons,IMD 2,All Regions,All Routes,All Stages,70-74,All Years
.75,.77999997,.75999999,.80000001,All Persons,IMD 2,All Regions,All Routes,All Stages,70-74,All Years
1,.74000001,.72000003,.75999999,All Persons,IMD 2,All Regions,All Routes,All Stages,70-74,All Years
1.25,.69999999,.67000002,.72000003,All Persons,IMD 2,All Regions,All Routes,All Stages,70-74,All Years
1.5,.67000002,.63999999,.69,All Persons,IMD 2,All Regions,All Routes,All Stages,70-74,All Years
1.75,.63999999,.62,.66000003,All Persons,IMD 2,All Regions,All Routes,All Stages,70-74,All Years
2,.62,.60000002,.63999999,All Persons,IMD 2,All Regions,All Routes,All Stages,70-74,All Years
2.25,.60000002,.56999999,.62,All Persons,IMD 2,All Regions,All Routes,All Stages,70-74,All Years
2.5,.57999998,.55000001,.60000002,All Persons,IMD 2,All Regions,All Routes,All Stages,70-74,All Years
2.75,.56,.52999997,.57999998,All Persons,IMD 2,All Regions,All Routes,All Stages,70-74,All Years
3,.54000002,.50999999,.56,All Persons,IMD 2,All Regions,All Routes,All Stages,70-74,All Years
3.25,.52999997,.50999999,.56,All Persons,IMD 2,All Regions,All Routes,All Stages,70-74,All Years
3.5,.51999998,.5,.55000001,All Persons,IMD 2,All Regions,All Routes,All Stages,70-74,All Years
3.75,.5,.47999999,.52999997,All Persons,IMD 2,All Regions,All Routes,All Stages,70-74,All Years
4,.49000001,.46000001,.51999998,All Persons,IMD 2,All Regions,All Routes,All Stages,70-74,All Years
4.25,.47,.44,.5,All Persons,IMD 2,All Regions,All Routes,All Stages,70-74,All Years
4.5,.46000001,.43000001,.47999999,All Persons,IMD 2,All Regions,All Routes,All Stages,70-74,All Years
4.75,.44999999,.41999999,.47999999,All Persons,IMD 2,All Regions,All Routes,All Stages,70-74,All Years
5,.44,.41,.47,All Persons,IMD 2,All Regions,All Routes,All Stages,70-74,All Years
0,1,1,1,All Persons,IMD 2,All Regions,All Routes,All Stages,75-79,All Years
.25,.88999999,.87,.89999998,All Persons,IMD 2,All Regions,All Routes,All Stages,75-79,All Years
.5,.80000001,.77999997,.82999998,All Persons,IMD 2,All Regions,All Routes,All Stages,75-79,All Years
.75,.75,.72000003,.76999998,All Persons,IMD 2,All Regions,All Routes,All Stages,75-79,All Years
1,.69999999,.67000002,.73000002,All Persons,IMD 2,All Regions,All Routes,All Stages,75-79,All Years
1.25,.66000003,.63999999,.69,All Persons,IMD 2,All Regions,All Routes,All Stages,75-79,All Years
1.5,.63,.60000002,.66000003,All Persons,IMD 2,All Regions,All Routes,All Stages,75-79,All Years
1.75,.60000002,.56999999,.63,All Persons,IMD 2,All Regions,All Routes,All Stages,75-79,All Years
2,.56999999,.54000002,.60000002,All Persons,IMD 2,All Regions,All Routes,All Stages,75-79,All Years
2.25,.56,.52999997,.58999997,All Persons,IMD 2,All Regions,All Routes,All Stages,75-79,All Years
2.5,.54000002,.50999999,.56999999,All Persons,IMD 2,All Regions,All Routes,All Stages,75-79,All Years
2.75,.51999998,.49000001,.55000001,All Persons,IMD 2,All Regions,All Routes,All Stages,75-79,All Years
3,.5,.47,.52999997,All Persons,IMD 2,All Regions,All Routes,All Stages,75-79,All Years
3.25,.47999999,.44999999,.50999999,All Persons,IMD 2,All Regions,All Routes,All Stages,75-79,All Years
3.5,.47,.44,.5,All Persons,IMD 2,All Regions,All Routes,All Stages,75-79,All Years
3.75,.46000001,.43000001,.49000001,All Persons,IMD 2,All Regions,All Routes,All Stages,75-79,All Years
4,.44,.41,.47999999,All Persons,IMD 2,All Regions,All Routes,All Stages,75-79,All Years
4.25,.41999999,.38,.44999999,All Persons,IMD 2,All Regions,All Routes,All Stages,75-79,All Years
4.5,.41,.37,.44,All Persons,IMD 2,All Regions,All Routes,All Stages,75-79,All Years
4.75,.40000001,.37,.44,All Persons,IMD 2,All Regions,All Routes,All Stages,75-79,All Years
5,.38,.34,.41999999,All Persons,IMD 2,All Regions,All Routes,All Stages,75-79,All Years
0,1,1,1,All Persons,IMD 2,All Regions,All Routes,All Stages,80-84,All Years
.25,.88,.85000002,.89999998,All Persons,IMD 2,All Regions,All Routes,All Stages,80-84,All Years
.5,.75999999,.73000002,.80000001,All Persons,IMD 2,All Regions,All Routes,All Stages,80-84,All Years
.75,.68000001,.64999998,.72000003,All Persons,IMD 2,All Regions,All Routes,All Stages,80-84,All Years
1,.63,.58999997,.66000003,All Persons,IMD 2,All Regions,All Routes,All Stages,80-84,All Years
1.25,.57999998,.54000002,.61000001,All Persons,IMD 2,All Regions,All Routes,All Stages,80-84,All Years
1.5,.54000002,.5,.57999998,All Persons,IMD 2,All Regions,All Routes,All Stages,80-84,All Years
1.75,.50999999,.47999999,.55000001,All Persons,IMD 2,All Regions,All Routes,All Stages,80-84,All Years
2,.49000001,.46000001,.52999997,All Persons,IMD 2,All Regions,All Routes,All Stages,80-84,All Years
2.25,.47,.44,.50999999,All Persons,IMD 2,All Regions,All Routes,All Stages,80-84,All Years
2.5,.44999999,.41,.47999999,All Persons,IMD 2,All Regions,All Routes,All Stages,80-84,All Years
2.75,.41999999,.38999999,.46000001,All Persons,IMD 2,All Regions,All Routes,All Stages,80-84,All Years
3,.41,.38,.44999999,All Persons,IMD 2,All Regions,All Routes,All Stages,80-84,All Years
3.25,.40000001,.36000001,.44,All Persons,IMD 2,All Regions,All Routes,All Stages,80-84,All Years
3.5,.38,.34,.41999999,All Persons,IMD 2,All Regions,All Routes,All Stages,80-84,All Years
3.75,.37,.33000001,.41,All Persons,IMD 2,All Regions,All Routes,All Stages,80-84,All Years
4,.34999999,.31,.38999999,All Persons,IMD 2,All Regions,All Routes,All Stages,80-84,All Years
4.25,.33000001,.28999999,.37,All Persons,IMD 2,All Regions,All Routes,All Stages,80-84,All Years
4.5,.31999999,.28,.36000001,All Persons,IMD 2,All Regions,All Routes,All Stages,80-84,All Years
4.75,.31,.25999999,.34999999,All Persons,IMD 2,All Regions,All Routes,All Stages,80-84,All Years
5,.30000001,.25,.34,All Persons,IMD 2,All Regions,All Routes,All Stages,80-84,All Years
0,1,.99000001,1,All Persons,IMD 2,All Regions,All Routes,All Stages,85-89,All Years
.25,.79000002,.75,.82999998,All Persons,IMD 2,All Regions,All Routes,All Stages,85-89,All Years
.5,.64999998,.60000002,.69,All Persons,IMD 2,All Regions,All Routes,All Stages,85-89,All Years
.75,.56,.50999999,.61000001,All Persons,IMD 2,All Regions,All Routes,All Stages,85-89,All Years
1,.49000001,.44999999,.54000002,All Persons,IMD 2,All Regions,All Routes,All Stages,85-89,All Years
1.25,.46000001,.41,.5,All Persons,IMD 2,All Regions,All Routes,All Stages,85-89,All Years
1.5,.41999999,.37,.47,All Persons,IMD 2,All Regions,All Routes,All Stages,85-89,All Years
1.75,.38999999,.34999999,.44,All Persons,IMD 2,All Regions,All Routes,All Stages,85-89,All Years
2,.36000001,.31999999,.41,All Persons,IMD 2,All Regions,All Routes,All Stages,85-89,All Years
2.25,.33000001,.28999999,.38,All Persons,IMD 2,All Regions,All Routes,All Stages,85-89,All Years
2.5,.31999999,.27000001,.36000001,All Persons,IMD 2,All Regions,All Routes,All Stages,85-89,All Years
2.75,.30000001,.25,.34,All Persons,IMD 2,All Regions,All Routes,All Stages,85-89,All Years
3,.28,.23,.31999999,All Persons,IMD 2,All Regions,All Routes,All Stages,85-89,All Years
3.25,.27000001,.22,.31,All Persons,IMD 2,All Regions,All Routes,All Stages,85-89,All Years
3.5,.25,.20999999,.30000001,All Persons,IMD 2,All Regions,All Routes,All Stages,85-89,All Years
3.75,.23999999,.19,.28,All Persons,IMD 2,All Regions,All Routes,All Stages,85-89,All Years
4,.22,.17,.25999999,All Persons,IMD 2,All Regions,All Routes,All Stages,85-89,All Years
4.25,.20999999,.16,.25,All Persons,IMD 2,All Regions,All Routes,All Stages,85-89,All Years
4.5,.2,.15000001,.23999999,All Persons,IMD 2,All Regions,All Routes,All Stages,85-89,All Years
4.75,.19,.14,.23,All Persons,IMD 2,All Regions,All Routes,All Stages,85-89,All Years
5,.18000001,.13,.22,All Persons,IMD 2,All Regions,All Routes,All Stages,85-89,All Years
0,1,.99000001,1,All Persons,IMD 2,All Regions,All Routes,All Stages,90+,All Years
.25,.68000001,.61000001,.74000001,All Persons,IMD 2,All Regions,All Routes,All Stages,90+,All Years
.5,.5,.43000001,.56999999,All Persons,IMD 2,All Regions,All Routes,All Stages,90+,All Years
.75,.41,.34999999,.47999999,All Persons,IMD 2,All Regions,All Routes,All Stages,90+,All Years
1,.34,.27000001,.40000001,All Persons,IMD 2,All Regions,All Routes,All Stages,90+,All Years
1.25,.28999999,.23,.34999999,All Persons,IMD 2,All Regions,All Routes,All Stages,90+,All Years
1.5,.27000001,.20999999,.33000001,All Persons,IMD 2,All Regions,All Routes,All Stages,90+,All Years
1.75,.25999999,.2,.31999999,All Persons,IMD 2,All Regions,All Routes,All Stages,90+,All Years
2,.20999999,.15000001,.25999999,All Persons,IMD 2,All Regions,All Routes,All Stages,90+,All Years
2.25,.20999999,.15000001,.25999999,All Persons,IMD 2,All Regions,All Routes,All Stages,90+,All Years
2.5,.19,.14,.25,All Persons,IMD 2,All Regions,All Routes,All Stages,90+,All Years
2.75,.18000001,.12,.23999999,All Persons,IMD 2,All Regions,All Routes,All Stages,90+,All Years
3,.17,.12,.23,All Persons,IMD 2,All Regions,All Routes,All Stages,90+,All Years
3.25,.16,.11,.22,All Persons,IMD 2,All Regions,All Routes,All Stages,90+,All Years
3.5,.15000001,.1,.20999999,All Persons,IMD 2,All Regions,All Routes,All Stages,90+,All Years
3.75,.14,.090000004,.2,All Persons,IMD 2,All Regions,All Routes,All Stages,90+,All Years
4,.11,.059999999,.16,All Persons,IMD 2,All Regions,All Routes,All Stages,90+,All Years
4.25,.1,.050000001,.15000001,All Persons,IMD 2,All Regions,All Routes,All Stages,90+,All Years
4.75,.079999998,.029999999,.13,All Persons,IMD 2,All Regions,All Routes,All Stages,90+,All Years
0,1,1,1,All Persons,IMD 2,All Regions,All Routes,All Stages,All Ages,2016
.25,.94,.93000001,.94999999,All Persons,IMD 2,All Regions,All Routes,All Stages,All Ages,2016
.5,.87,.86000001,.88999999,All Persons,IMD 2,All Regions,All Routes,All Stages,All Ages,2016
.75,.81999999,.80000001,.82999998,All Persons,IMD 2,All Regions,All Routes,All Stages,All Ages,2016
1,.76999998,.75,.79000002,All Persons,IMD 2,All Regions,All Routes,All Stages,All Ages,2016
1.25,.74000001,.72000003,.75,All Persons,IMD 2,All Regions,All Routes,All Stages,All Ages,2016
1.5,.70999998,.69,.73000002,All Persons,IMD 2,All Regions,All Routes,All Stages,All Ages,2016
1.75,.68000001,.66000003,.69999999,All Persons,IMD 2,All Regions,All Routes,All Stages,All Ages,2016
2,.66000003,.63,.68000001,All Persons,IMD 2,All Regions,All Routes,All Stages,All Ages,2016
2.25,.63999999,.62,.66000003,All Persons,IMD 2,All Regions,All Routes,All Stages,All Ages,2016
2.5,.62,.60000002,.63999999,All Persons,IMD 2,All Regions,All Routes,All Stages,All Ages,2016
2.75,.61000001,.57999998,.63,All Persons,IMD 2,All Regions,All Routes,All Stages,All Ages,2016
3,.58999997,.56999999,.61000001,All Persons,IMD 2,All Regions,All Routes,All Stages,All Ages,2016
3.25,.57999998,.56,.60000002,All Persons,IMD 2,All Regions,All Routes,All Stages,All Ages,2016
3.5,.56999999,.55000001,.58999997,All Persons,IMD 2,All Regions,All Routes,All Stages,All Ages,2016
3.75,.56,.54000002,.57999998,All Persons,IMD 2,All Regions,All Routes,All Stages,All Ages,2016
4,.55000001,.52999997,.56999999,All Persons,IMD 2,All Regions,All Routes,All Stages,All Ages,2016
4.25,.54000002,.51999998,.56,All Persons,IMD 2,All Regions,All Routes,All Stages,All Ages,2016
4.5,.52999997,.50999999,.55000001,All Persons,IMD 2,All Regions,All Routes,All Stages,All Ages,2016
4.75,.51999998,.5,.54000002,All Persons,IMD 2,All Regions,All Routes,All Stages,All Ages,2016
5,.50999999,.49000001,.52999997,All Persons,IMD 2,All Regions,All Routes,All Stages,All Ages,2016
0,1,1,1,All Persons,IMD 2,All Regions,All Routes,All Stages,All Ages,2017
.25,.93000001,.92000002,.94,All Persons,IMD 2,All Regions,All Routes,All Stages,All Ages,2017
.5,.87,.86000001,.88999999,All Persons,IMD 2,All Regions,All Routes,All Stages,All Ages,2017
.75,.81999999,.80000001,.83999997,All Persons,IMD 2,All Regions,All Routes,All Stages,All Ages,2017
1,.77999997,.75999999,.80000001,All Persons,IMD 2,All Regions,All Routes,All Stages,All Ages,2017
1.25,.75,.73000002,.76999998,All Persons,IMD 2,All Regions,All Routes,All Stages,All Ages,2017
1.5,.72000003,.69,.74000001,All Persons,IMD 2,All Regions,All Routes,All Stages,All Ages,2017
1.75,.69,.67000002,.72000003,All Persons,IMD 2,All Regions,All Routes,All Stages,All Ages,2017
2,.67000002,.64999998,.69999999,All Persons,IMD 2,All Regions,All Routes,All Stages,All Ages,2017
2.25,.66000003,.63999999,.68000001,All Persons,IMD 2,All Regions,All Routes,All Stages,All Ages,2017
2.5,.63999999,.62,.66000003,All Persons,IMD 2,All Regions,All Routes,All Stages,All Ages,2017
2.75,.63,.61000001,.64999998,All Persons,IMD 2,All Regions,All Routes,All Stages,All Ages,2017
3,.62,.58999997,.63999999,All Persons,IMD 2,All Regions,All Routes,All Stages,All Ages,2017
3.25,.61000001,.58999997,.63,All Persons,IMD 2,All Regions,All Routes,All Stages,All Ages,2017
3.5,.60000002,.56999999,.62,All Persons,IMD 2,All Regions,All Routes,All Stages,All Ages,2017
3.75,.57999998,.56,.61000001,All Persons,IMD 2,All Regions,All Routes,All Stages,All Ages,2017
4,.56999999,.55000001,.58999997,All Persons,IMD 2,All Regions,All Routes,All Stages,All Ages,2017
4.25,.56,.54000002,.57999998,All Persons,IMD 2,All Regions,All Routes,All Stages,All Ages,2017
4.5,.55000001,.52999997,.56999999,All Persons,IMD 2,All Regions,All Routes,All Stages,All Ages,2017
4.75,.54000002,.51999998,.56,All Persons,IMD 2,All Regions,All Routes,All Stages,All Ages,2017
5,.52999997,.50999999,.56,All Persons,IMD 2,All Regions,All Routes,All Stages,All Ages,2017
0,1,1,1,All Persons,IMD 2,All Regions,All Routes,All Stages,All Ages,2018
.25,.92000002,.91000003,.93000001,All Persons,IMD 2,All Regions,All Routes,All Stages,All Ages,2018
.5,.87,.85000002,.88,All Persons,IMD 2,All Regions,All Routes,All Stages,All Ages,2018
.75,.81999999,.80000001,.82999998,All Persons,IMD 2,All Regions,All Routes,All Stages,All Ages,2018
1,.77999997,.75999999,.80000001,All Persons,IMD 2,All Regions,All Routes,All Stages,All Ages,2018
1.25,.75,.73000002,.76999998,All Persons,IMD 2,All Regions,All Routes,All Stages,All Ages,2018
1.5,.72000003,.69999999,.74000001,All Persons,IMD 2,All Regions,All Routes,All Stages,All Ages,2018
1.75,.69999999,.68000001,.72000003,All Persons,IMD 2,All Regions,All Routes,All Stages,All Ages,2018
2,.68000001,.66000003,.69999999,All Persons,IMD 2,All Regions,All Routes,All Stages,All Ages,2018
2.25,.66000003,.63999999,.68000001,All Persons,IMD 2,All Regions,All Routes,All Stages,All Ages,2018
2.5,.63999999,.62,.66000003,All Persons,IMD 2,All Regions,All Routes,All Stages,All Ages,2018
2.75,.62,.60000002,.63999999,All Persons,IMD 2,All Regions,All Routes,All Stages,All Ages,2018
3,.60000002,.57999998,.62,All Persons,IMD 2,All Regions,All Routes,All Stages,All Ages,2018
3.25,.58999997,.56999999,.62,All Persons,IMD 2,All Regions,All Routes,All Stages,All Ages,2018
3.5,.58999997,.56,.61000001,All Persons,IMD 2,All Regions,All Routes,All Stages,All Ages,2018
3.75,.56999999,.55000001,.60000002,All Persons,IMD 2,All Regions,All Routes,All Stages,All Ages,2018
4,.56,.54000002,.58999997,All Persons,IMD 2,All Regions,All Routes,All Stages,All Ages,2018
4.25,.55000001,.52999997,.56999999,All Persons,IMD 2,All Regions,All Routes,All Stages,All Ages,2018
4.5,.54000002,.51999998,.56999999,All Persons,IMD 2,All Regions,All Routes,All Stages,All Ages,2018
4.75,.54000002,.50999999,.56,All Persons,IMD 2,All Regions,All Routes,All Stages,All Ages,2018
5,.52999997,.5,.55000001,All Persons,IMD 2,All Regions,All Routes,All Stages,All Ages,2018
0,1,1,1,All Persons,IMD 2,All Regions,All Routes,All Stages,All Ages,2019
.25,.94,.93000001,.94999999,All Persons,IMD 2,All Regions,All Routes,All Stages,All Ages,2019
.5,.88,.87,.88999999,All Persons,IMD 2,All Regions,All Routes,All Stages,All Ages,2019
.75,.83999997,.81999999,.86000001,All Persons,IMD 2,All Regions,All Routes,All Stages,All Ages,2019
1,.80000001,.77999997,.81,All Persons,IMD 2,All Regions,All Routes,All Stages,All Ages,2019
1.25,.76999998,.75,.79000002,All Persons,IMD 2,All Regions,All Routes,All Stages,All Ages,2019
1.5,.74000001,.72000003,.75999999,All Persons,IMD 2,All Regions,All Routes,All Stages,All Ages,2019
1.75,.72000003,.69999999,.74000001,All Persons,IMD 2,All Regions,All Routes,All Stages,All Ages,2019
2,.69999999,.68000001,.72000003,All Persons,IMD 2,All Regions,All Routes,All Stages,All Ages,2019
2.25,.69,.67000002,.70999998,All Persons,IMD 2,All Regions,All Routes,All Stages,All Ages,2019
2.5,.67000002,.64999998,.69,All Persons,IMD 2,All Regions,All Routes,All Stages,All Ages,2019
2.75,.64999998,.63,.67000002,All Persons,IMD 2,All Regions,All Routes,All Stages,All Ages,2019
3,.63999999,.62,.66000003,All Persons,IMD 2,All Regions,All Routes,All Stages,All Ages,2019
3.25,.62,.60000002,.63999999,All Persons,IMD 2,All Regions,All Routes,All Stages,All Ages,2019
3.5,.61000001,.58999997,.63,All Persons,IMD 2,All Regions,All Routes,All Stages,All Ages,2019
3.75,.60000002,.56999999,.62,All Persons,IMD 2,All Regions,All Routes,All Stages,All Ages,2019
4,.55000001,.47,.63,All Persons,IMD 2,All Regions,All Routes,All Stages,All Ages,2019
4.25,.49000001,.36000001,.62,All Persons,IMD 2,All Regions,All Routes,All Stages,All Ages,2019
4.5,.49000001,.36000001,.62,All Persons,IMD 2,All Regions,All Routes,All Stages,All Ages,2019
4.75,.49000001,.36000001,.62,All Persons,IMD 2,All Regions,All Routes,All Stages,All Ages,2019
5,.38999999,.20999999,.57999998,All Persons,IMD 2,All Regions,All Routes,All Stages,All Ages,2019
0,1,1,1,All Persons,IMD 2,All Regions,All Routes,All Stages,All Ages,2020
.25,.92000002,.91000003,.93000001,All Persons,IMD 2,All Regions,All Routes,All Stages,All Ages,2020
.5,.86000001,.85000002,.88,All Persons,IMD 2,All Regions,All Routes,All Stages,All Ages,2020
.75,.81999999,.80000001,.83999997,All Persons,IMD 2,All Regions,All Routes,All Stages,All Ages,2020
1,.76999998,.75999999,.79000002,All Persons,IMD 2,All Regions,All Routes,All Stages,All Ages,2020
1.25,.74000001,.72000003,.75999999,All Persons,IMD 2,All Regions,All Routes,All Stages,All Ages,2020
1.5,.72000003,.69999999,.74000001,All Persons,IMD 2,All Regions,All Routes,All Stages,All Ages,2020
1.75,.69,.67000002,.70999998,All Persons,IMD 2,All Regions,All Routes,All Stages,All Ages,2020
2,.67000002,.64999998,.69,All Persons,IMD 2,All Regions,All Routes,All Stages,All Ages,2020
2.25,.64999998,.63,.67000002,All Persons,IMD 2,All Regions,All Routes,All Stages,All Ages,2020
2.5,.63999999,.61000001,.66000003,All Persons,IMD 2,All Regions,All Routes,All Stages,All Ages,2020
2.75,.62,.60000002,.63999999,All Persons,IMD 2,All Regions,All Routes,All Stages,All Ages,2020
3,.61000001,.58999997,.63999999,All Persons,IMD 2,All Regions,All Routes,All Stages,All Ages,2020
3.25,.55000001,.46000001,.63,All Persons,IMD 2,All Regions,All Routes,All Stages,All Ages,2020
3.5,.47,.34999999,.58999997,All Persons,IMD 2,All Regions,All Routes,All Stages,All Ages,2020
4,.43000001,.30000001,.56,All Persons,IMD 2,All Regions,All Routes,All Stages,All Ages,2020
4.25,.43000001,.30000001,.56,All Persons,IMD 2,All Regions,All Routes,All Stages,All Ages,2020
4.5,.43000001,.30000001,.56,All Persons,IMD 2,All Regions,All Routes,All Stages,All Ages,2020
5,.43000001,.30000001,.56,All Persons,IMD 2,All Regions,All Routes,All Stages,All Ages,2020
0,1,1,1,All Persons,IMD 2,All Regions,All Routes,All Stages,All Ages,2021
.25,.91000003,.89999998,.93000001,All Persons,IMD 2,All Regions,All Routes,All Stages,All Ages,2021
.5,.85000002,.83999997,.87,All Persons,IMD 2,All Regions,All Routes,All Stages,All Ages,2021
.75,.80000001,.79000002,.81999999,All Persons,IMD 2,All Regions,All Routes,All Stages,All Ages,2021
1,.76999998,.75,.77999997,All Persons,IMD 2,All Regions,All Routes,All Stages,All Ages,2021
1.25,.73000002,.70999998,.75,All Persons,IMD 2,All Regions,All Routes,All Stages,All Ages,2021
1.5,.69,.67000002,.70999998,All Persons,IMD 2,All Regions,All Routes,All Stages,All Ages,2021
1.75,.67000002,.63999999,.69,All Persons,IMD 2,All Regions,All Routes,All Stages,All Ages,2021
2,.64999998,.63,.68000001,All Persons,IMD 2,All Regions,All Routes,All Stages,All Ages,2021
2.25,.64999998,.63,.68000001,All Persons,IMD 2,All Regions,All Routes,All Stages,All Ages,2021
2.75,.62,.56,.68000001,All Persons,IMD 2,All Regions,All Routes,All Stages,All Ages,2021
3.25,.58999997,.50999999,.67000002,All Persons,IMD 2,All Regions,All Routes,All Stages,All Ages,2021
3.5,.56,.47,.66000003,All Persons,IMD 2,All Regions,All Routes,All Stages,All Ages,2021
3.75,.52999997,.41999999,.63999999,All Persons,IMD 2,All Regions,All Routes,All Stages,All Ages,2021
4,.5,.38,.61000001,All Persons,IMD 2,All Regions,All Routes,All Stages,All Ages,2021
4.5,.43000001,.30000001,.56,All Persons,IMD 2,All Regions,All Routes,All Stages,All Ages,2021
4.75,.43000001,.30000001,.56,All Persons,IMD 2,All Regions,All Routes,All Stages,All Ages,2021
5,.43000001,.30000001,.56,All Persons,IMD 2,All Regions,All Routes,All Stages,All Ages,2021
0,1,1,1,All Persons,IMD 3,East Midlands,All Routes,All Stages,All Ages,All Years
.25,.93000001,.91000003,.94,All Persons,IMD 3,East Midlands,All Routes,All Stages,All Ages,All Years
.5,.87,.85000002,.88999999,All Persons,IMD 3,East Midlands,All Routes,All Stages,All Ages,All Years
.75,.82999998,.80000001,.85000002,All Persons,IMD 3,East Midlands,All Routes,All Stages,All Ages,All Years
1,.79000002,.75999999,.81,All Persons,IMD 3,East Midlands,All Routes,All Stages,All Ages,All Years
1.25,.76999998,.74000001,.79000002,All Persons,IMD 3,East Midlands,All Routes,All Stages,All Ages,All Years
1.5,.75,.72000003,.76999998,All Persons,IMD 3,East Midlands,All Routes,All Stages,All Ages,All Years
1.75,.73000002,.69999999,.75999999,All Persons,IMD 3,East Midlands,All Routes,All Stages,All Ages,All Years
2,.70999998,.68000001,.74000001,All Persons,IMD 3,East Midlands,All Routes,All Stages,All Ages,All Years
2.25,.69,.66000003,.72000003,All Persons,IMD 3,East Midlands,All Routes,All Stages,All Ages,All Years
2.5,.68000001,.64999998,.70999998,All Persons,IMD 3,East Midlands,All Routes,All Stages,All Ages,All Years
2.75,.66000003,.63,.69,All Persons,IMD 3,East Midlands,All Routes,All Stages,All Ages,All Years
3,.63999999,.61000001,.68000001,All Persons,IMD 3,East Midlands,All Routes,All Stages,All Ages,All Years
3.25,.63,.60000002,.67000002,All Persons,IMD 3,East Midlands,All Routes,All Stages,All Ages,All Years
3.5,.63,.58999997,.66000003,All Persons,IMD 3,East Midlands,All Routes,All Stages,All Ages,All Years
3.75,.62,.57999998,.64999998,All Persons,IMD 3,East Midlands,All Routes,All Stages,All Ages,All Years
4,.58999997,.56,.63,All Persons,IMD 3,East Midlands,All Routes,All Stages,All Ages,All Years
4.25,.58999997,.55000001,.62,All Persons,IMD 3,East Midlands,All Routes,All Stages,All Ages,All Years
4.5,.57999998,.54000002,.61000001,All Persons,IMD 3,East Midlands,All Routes,All Stages,All Ages,All Years
4.75,.56,.51999998,.60000002,All Persons,IMD 3,East Midlands,All Routes,All Stages,All Ages,All Years
5,.56,.51999998,.58999997,All Persons,IMD 3,East Midlands,All Routes,All Stages,All Ages,All Years
0,1,1,1,All Persons,IMD 3,East of England,All Routes,All Stages,All Ages,All Years
.25,.94,.93000001,.94999999,All Persons,IMD 3,East of England,All Routes,All Stages,All Ages,All Years
.5,.88999999,.87,.89999998,All Persons,IMD 3,East of England,All Routes,All Stages,All Ages,All Years
.75,.83999997,.81999999,.85000002,All Persons,IMD 3,East of England,All Routes,All Stages,All Ages,All Years
1,.80000001,.77999997,.81999999,All Persons,IMD 3,East of England,All Routes,All Stages,All Ages,All Years
1.25,.76999998,.74000001,.79000002,All Persons,IMD 3,East of England,All Routes,All Stages,All Ages,All Years
1.5,.74000001,.72000003,.75999999,All Persons,IMD 3,East of England,All Routes,All Stages,All Ages,All Years
1.75,.70999998,.69,.73000002,All Persons,IMD 3,East of England,All Routes,All Stages,All Ages,All Years
2,.69,.67000002,.72000003,All Persons,IMD 3,East of England,All Routes,All Stages,All Ages,All Years
2.25,.68000001,.66000003,.69999999,All Persons,IMD 3,East of England,All Routes,All Stages,All Ages,All Years
2.5,.66000003,.63999999,.68000001,All Persons,IMD 3,East of England,All Routes,All Stages,All Ages,All Years
2.75,.64999998,.62,.67000002,All Persons,IMD 3,East of England,All Routes,All Stages,All Ages,All Years
3,.63,.61000001,.66000003,All Persons,IMD 3,East of England,All Routes,All Stages,All Ages,All Years
3.25,.62,.58999997,.63999999,All Persons,IMD 3,East of England,All Routes,All Stages,All Ages,All Years
3.5,.60000002,.57999998,.63,All Persons,IMD 3,East of England,All Routes,All Stages,All Ages,All Years
3.75,.60000002,.56999999,.62,All Persons,IMD 3,East of England,All Routes,All Stages,All Ages,All Years
4,.58999997,.56,.62,All Persons,IMD 3,East of England,All Routes,All Stages,All Ages,All Years
4.25,.57999998,.55000001,.60000002,All Persons,IMD 3,East of England,All Routes,All Stages,All Ages,All Years
4.5,.56999999,.54000002,.60000002,All Persons,IMD 3,East of England,All Routes,All Stages,All Ages,All Years
4.75,.56,.54000002,.58999997,All Persons,IMD 3,East of England,All Routes,All Stages,All Ages,All Years
5,.55000001,.51999998,.57999998,All Persons,IMD 3,East of England,All Routes,All Stages,All Ages,All Years
0,1,1,1,All Persons,IMD 3,London,All Routes,All Stages,All Ages,All Years
.25,.93000001,.92000002,.94,All Persons,IMD 3,London,All Routes,All Stages,All Ages,All Years
.5,.87,.85000002,.88999999,All Persons,IMD 3,London,All Routes,All Stages,All Ages,All Years
.75,.81,.79000002,.82999998,All Persons,IMD 3,London,All Routes,All Stages,All Ages,All Years
1,.76999998,.75,.79000002,All Persons,IMD 3,London,All Routes,All Stages,All Ages,All Years
1.25,.73000002,.70999998,.75999999,All Persons,IMD 3,London,All Routes,All Stages,All Ages,All Years
1.5,.70999998,.69,.73000002,All Persons,IMD 3,London,All Routes,All Stages,All Ages,All Years
1.75,.69,.67000002,.72000003,All Persons,IMD 3,London,All Routes,All Stages,All Ages,All Years
2,.67000002,.63999999,.69,All Persons,IMD 3,London,All Routes,All Stages,All Ages,All Years
2.25,.64999998,.63,.68000001,All Persons,IMD 3,London,All Routes,All Stages,All Ages,All Years
2.5,.63999999,.61000001,.66000003,All Persons,IMD 3,London,All Routes,All Stages,All Ages,All Years
2.75,.62,.58999997,.64999998,All Persons,IMD 3,London,All Routes,All Stages,All Ages,All Years
3,.61000001,.57999998,.63,All Persons,IMD 3,London,All Routes,All Stages,All Ages,All Years
3.25,.60000002,.56999999,.62,All Persons,IMD 3,London,All Routes,All Stages,All Ages,All Years
3.5,.57999998,.56,.61000001,All Persons,IMD 3,London,All Routes,All Stages,All Ages,All Years
3.75,.56999999,.54000002,.60000002,All Persons,IMD 3,London,All Routes,All Stages,All Ages,All Years
4,.56,.52999997,.58999997,All Persons,IMD 3,London,All Routes,All Stages,All Ages,All Years
4.25,.55000001,.51999998,.57999998,All Persons,IMD 3,London,All Routes,All Stages,All Ages,All Years
4.5,.54000002,.50999999,.56999999,All Persons,IMD 3,London,All Routes,All Stages,All Ages,All Years
4.75,.52999997,.5,.56,All Persons,IMD 3,London,All Routes,All Stages,All Ages,All Years
5,.51999998,.49000001,.55000001,All Persons,IMD 3,London,All Routes,All Stages,All Ages,All Years
0,1,.99000001,1,All Persons,IMD 3,North East,All Routes,All Stages,All Ages,All Years
.25,.93000001,.91000003,.95999998,All Persons,IMD 3,North East,All Routes,All Stages,All Ages,All Years
.5,.88,.85000002,.91000003,All Persons,IMD 3,North East,All Routes,All Stages,All Ages,All Years
.75,.82999998,.80000001,.86000001,All Persons,IMD 3,North East,All Routes,All Stages,All Ages,All Years
1,.80000001,.76999998,.83999997,All Persons,IMD 3,North East,All Routes,All Stages,All Ages,All Years
1.25,.75999999,.72000003,.80000001,All Persons,IMD 3,North East,All Routes,All Stages,All Ages,All Years
1.5,.74000001,.69999999,.77999997,All Persons,IMD 3,North East,All Routes,All Stages,All Ages,All Years
1.75,.69999999,.66000003,.74000001,All Persons,IMD 3,North East,All Routes,All Stages,All Ages,All Years
2,.69,.64999998,.73000002,All Persons,IMD 3,North East,All Routes,All Stages,All Ages,All Years
2.25,.67000002,.63,.70999998,All Persons,IMD 3,North East,All Routes,All Stages,All Ages,All Years
2.5,.66000003,.61000001,.69999999,All Persons,IMD 3,North East,All Routes,All Stages,All Ages,All Years
2.75,.63999999,.60000002,.69,All Persons,IMD 3,North East,All Routes,All Stages,All Ages,All Years
3,.63,.58999997,.68000001,All Persons,IMD 3,North East,All Routes,All Stages,All Ages,All Years
3.25,.63,.57999998,.67000002,All Persons,IMD 3,North East,All Routes,All Stages,All Ages,All Years
3.5,.62,.57999998,.67000002,All Persons,IMD 3,North East,All Routes,All Stages,All Ages,All Years
3.75,.61000001,.56999999,.66000003,All Persons,IMD 3,North East,All Routes,All Stages,All Ages,All Years
4,.60000002,.56,.64999998,All Persons,IMD 3,North East,All Routes,All Stages,All Ages,All Years
4.25,.60000002,.55000001,.64999998,All Persons,IMD 3,North East,All Routes,All Stages,All Ages,All Years
4.5,.56999999,.51999998,.62,All Persons,IMD 3,North East,All Routes,All Stages,All Ages,All Years
4.75,.56,.50999999,.61000001,All Persons,IMD 3,North East,All Routes,All Stages,All Ages,All Years
5,.56,.50999999,.61000001,All Persons,IMD 3,North East,All Routes,All Stages,All Ages,All Years
0,1,1,1,All Persons,IMD 3,North West,All Routes,All Stages,All Ages,All Years
.25,.94,.93000001,.95999998,All Persons,IMD 3,North West,All Routes,All Stages,All Ages,All Years
.5,.88,.87,.89999998,All Persons,IMD 3,North West,All Routes,All Stages,All Ages,All Years
.75,.85000002,.82999998,.87,All Persons,IMD 3,North West,All Routes,All Stages,All Ages,All Years
1,.81,.79000002,.82999998,All Persons,IMD 3,North West,All Routes,All Stages,All Ages,All Years
1.25,.77999997,.75999999,.80000001,All Persons,IMD 3,North West,All Routes,All Stages,All Ages,All Years
1.5,.75,.72000003,.76999998,All Persons,IMD 3,North West,All Routes,All Stages,All Ages,All Years
1.75,.73000002,.69999999,.75,All Persons,IMD 3,North West,All Routes,All Stages,All Ages,All Years
2,.69999999,.67000002,.72000003,All Persons,IMD 3,North West,All Routes,All Stages,All Ages,All Years
2.25,.68000001,.64999998,.69999999,All Persons,IMD 3,North West,All Routes,All Stages,All Ages,All Years
2.5,.67000002,.63999999,.69,All Persons,IMD 3,North West,All Routes,All Stages,All Ages,All Years
2.75,.64999998,.63,.68000001,All Persons,IMD 3,North West,All Routes,All Stages,All Ages,All Years
3,.63999999,.61000001,.67000002,All Persons,IMD 3,North West,All Routes,All Stages,All Ages,All Years
3.25,.63,.60000002,.66000003,All Persons,IMD 3,North West,All Routes,All Stages,All Ages,All Years
3.5,.62,.58999997,.64999998,All Persons,IMD 3,North West,All Routes,All Stages,All Ages,All Years
3.75,.61000001,.57999998,.63999999,All Persons,IMD 3,North West,All Routes,All Stages,All Ages,All Years
4,.60000002,.56999999,.63,All Persons,IMD 3,North West,All Routes,All Stages,All Ages,All Years
4.25,.58999997,.56,.62,All Persons,IMD 3,North West,All Routes,All Stages,All Ages,All Years
4.5,.58999997,.56,.62,All Persons,IMD 3,North West,All Routes,All Stages,All Ages,All Years
4.75,.56999999,.54000002,.61000001,All Persons,IMD 3,North West,All Routes,All Stages,All Ages,All Years
5,.56999999,.52999997,.60000002,All Persons,IMD 3,North West,All Routes,All Stages,All Ages,All Years
0,1,1,1,All Persons,IMD 3,South East,All Routes,All Stages,All Ages,All Years
.25,.93000001,.92000002,.94,All Persons,IMD 3,South East,All Routes,All Stages,All Ages,All Years
.5,.88,.86000001,.88999999,All Persons,IMD 3,South East,All Routes,All Stages,All Ages,All Years
.75,.83999997,.81999999,.85000002,All Persons,IMD 3,South East,All Routes,All Stages,All Ages,All Years
1,.80000001,.77999997,.81999999,All Persons,IMD 3,South East,All Routes,All Stages,All Ages,All Years
1.25,.75999999,.75,.77999997,All Persons,IMD 3,South East,All Routes,All Stages,All Ages,All Years
1.5,.74000001,.72000003,.75999999,All Persons,IMD 3,South East,All Routes,All Stages,All Ages,All Years
1.75,.72000003,.69999999,.74000001,All Persons,IMD 3,South East,All Routes,All Stages,All Ages,All Years
2,.69999999,.68000001,.72000003,All Persons,IMD 3,South East,All Routes,All Stages,All Ages,All Years
2.25,.69,.67000002,.70999998,All Persons,IMD 3,South East,All Routes,All Stages,All Ages,All Years
2.5,.67000002,.64999998,.69999999,All Persons,IMD 3,South East,All Routes,All Stages,All Ages,All Years
2.75,.67000002,.63999999,.69,All Persons,IMD 3,South East,All Routes,All Stages,All Ages,All Years
3,.64999998,.63,.68000001,All Persons,IMD 3,South East,All Routes,All Stages,All Ages,All Years
3.25,.63999999,.62,.67000002,All Persons,IMD 3,South East,All Routes,All Stages,All Ages,All Years
3.5,.63,.61000001,.66000003,All Persons,IMD 3,South East,All Routes,All Stages,All Ages,All Years
3.75,.61000001,.58999997,.63999999,All Persons,IMD 3,South East,All Routes,All Stages,All Ages,All Years
4,.60000002,.57999998,.63,All Persons,IMD 3,South East,All Routes,All Stages,All Ages,All Years
4.25,.60000002,.56999999,.62,All Persons,IMD 3,South East,All Routes,All Stages,All Ages,All Years
4.5,.58999997,.56,.61000001,All Persons,IMD 3,South East,All Routes,All Stages,All Ages,All Years
4.75,.57999998,.56,.61000001,All Persons,IMD 3,South East,All Routes,All Stages,All Ages,All Years
5,.56999999,.54000002,.60000002,All Persons,IMD 3,South East,All Routes,All Stages,All Ages,All Years
0,1,1,1,All Persons,IMD 3,South West,All Routes,All Stages,All Ages,All Years
.25,.94,.93000001,.95999998,All Persons,IMD 3,South West,All Routes,All Stages,All Ages,All Years
.5,.88999999,.87,.89999998,All Persons,IMD 3,South West,All Routes,All Stages,All Ages,All Years
.75,.85000002,.83999997,.87,All Persons,IMD 3,South West,All Routes,All Stages,All Ages,All Years
1,.81999999,.80000001,.83999997,All Persons,IMD 3,South West,All Routes,All Stages,All Ages,All Years
1.25,.79000002,.76999998,.81,All Persons,IMD 3,South West,All Routes,All Stages,All Ages,All Years
1.5,.76999998,.75,.79000002,All Persons,IMD 3,South West,All Routes,All Stages,All Ages,All Years
1.75,.75,.73000002,.77999997,All Persons,IMD 3,South West,All Routes,All Stages,All Ages,All Years
2,.73000002,.70999998,.75,All Persons,IMD 3,South West,All Routes,All Stages,All Ages,All Years
2.25,.70999998,.69,.74000001,All Persons,IMD 3,South West,All Routes,All Stages,All Ages,All Years
2.5,.69999999,.67000002,.72000003,All Persons,IMD 3,South West,All Routes,All Stages,All Ages,All Years
2.75,.69,.66000003,.70999998,All Persons,IMD 3,South West,All Routes,All Stages,All Ages,All Years
3,.68000001,.64999998,.69999999,All Persons,IMD 3,South West,All Routes,All Stages,All Ages,All Years
3.25,.66000003,.63999999,.69,All Persons,IMD 3,South West,All Routes,All Stages,All Ages,All Years
3.5,.64999998,.63,.68000001,All Persons,IMD 3,South West,All Routes,All Stages,All Ages,All Years
3.75,.63999999,.62,.67000002,All Persons,IMD 3,South West,All Routes,All Stages,All Ages,All Years
4,.63,.61000001,.66000003,All Persons,IMD 3,South West,All Routes,All Stages,All Ages,All Years
4.25,.63,.60000002,.64999998,All Persons,IMD 3,South West,All Routes,All Stages,All Ages,All Years
4.5,.62,.58999997,.63999999,All Persons,IMD 3,South West,All Routes,All Stages,All Ages,All Years
4.75,.61000001,.57999998,.63,All Persons,IMD 3,South West,All Routes,All Stages,All Ages,All Years
5,.60000002,.56999999,.63,All Persons,IMD 3,South West,All Routes,All Stages,All Ages,All Years
0,1,1,1,All Persons,IMD 3,West Midlands,All Routes,All Stages,All Ages,All Years
.25,.93000001,.92000002,.94999999,All Persons,IMD 3,West Midlands,All Routes,All Stages,All Ages,All Years
.5,.86000001,.83999997,.88,All Persons,IMD 3,West Midlands,All Routes,All Stages,All Ages,All Years
.75,.81,.79000002,.82999998,All Persons,IMD 3,West Midlands,All Routes,All Stages,All Ages,All Years
1,.76999998,.75,.79000002,All Persons,IMD 3,West Midlands,All Routes,All Stages,All Ages,All Years
1.25,.74000001,.72000003,.76999998,All Persons,IMD 3,West Midlands,All Routes,All Stages,All Ages,All Years
1.5,.70999998,.69,.74000001,All Persons,IMD 3,West Midlands,All Routes,All Stages,All Ages,All Years
1.75,.69,.67000002,.72000003,All Persons,IMD 3,West Midlands,All Routes,All Stages,All Ages,All Years
2,.67000002,.64999998,.69999999,All Persons,IMD 3,West Midlands,All Routes,All Stages,All Ages,All Years
2.25,.66000003,.63,.69,All Persons,IMD 3,West Midlands,All Routes,All Stages,All Ages,All Years
2.5,.64999998,.62,.67000002,All Persons,IMD 3,West Midlands,All Routes,All Stages,All Ages,All Years
2.75,.63999999,.61000001,.67000002,All Persons,IMD 3,West Midlands,All Routes,All Stages,All Ages,All Years
3,.63,.60000002,.64999998,All Persons,IMD 3,West Midlands,All Routes,All Stages,All Ages,All Years
3.25,.61000001,.57999998,.63999999,All Persons,IMD 3,West Midlands,All Routes,All Stages,All Ages,All Years
3.5,.60000002,.56999999,.63,All Persons,IMD 3,West Midlands,All Routes,All Stages,All Ages,All Years
3.75,.57999998,.55000001,.61000001,All Persons,IMD 3,West Midlands,All Routes,All Stages,All Ages,All Years
4,.56999999,.54000002,.60000002,All Persons,IMD 3,West Midlands,All Routes,All Stages,All Ages,All Years
4.25,.56,.51999998,.58999997,All Persons,IMD 3,West Midlands,All Routes,All Stages,All Ages,All Years
4.5,.55000001,.51999998,.57999998,All Persons,IMD 3,West Midlands,All Routes,All Stages,All Ages,All Years
4.75,.54000002,.5,.56999999,All Persons,IMD 3,West Midlands,All Routes,All Stages,All Ages,All Years
5,.52999997,.5,.56999999,All Persons,IMD 3,West Midlands,All Routes,All Stages,All Ages,All Years
0,1,1,1,All Persons,IMD 3,Yorkshire and The Humber,All Routes,All Stages,All Ages,All Years
.25,.94,.92000002,.94999999,All Persons,IMD 3,Yorkshire and The Humber,All Routes,All Stages,All Ages,All Years
.5,.88,.86000001,.89999998,All Persons,IMD 3,Yorkshire and The Humber,All Routes,All Stages,All Ages,All Years
.75,.82999998,.81,.85000002,All Persons,IMD 3,Yorkshire and The Humber,All Routes,All Stages,All Ages,All Years
1,.79000002,.76999998,.81999999,All Persons,IMD 3,Yorkshire and The Humber,All Routes,All Stages,All Ages,All Years
1.25,.75999999,.74000001,.79000002,All Persons,IMD 3,Yorkshire and The Humber,All Routes,All Stages,All Ages,All Years
1.5,.75,.72000003,.76999998,All Persons,IMD 3,Yorkshire and The Humber,All Routes,All Stages,All Ages,All Years
1.75,.73000002,.69999999,.75,All Persons,IMD 3,Yorkshire and The Humber,All Routes,All Stages,All Ages,All Years
2,.70999998,.68000001,.74000001,All Persons,IMD 3,Yorkshire and The Humber,All Routes,All Stages,All Ages,All Years
2.25,.69,.66000003,.72000003,All Persons,IMD 3,Yorkshire and The Humber,All Routes,All Stages,All Ages,All Years
2.5,.68000001,.64999998,.70999998,All Persons,IMD 3,Yorkshire and The Humber,All Routes,All Stages,All Ages,All Years
2.75,.66000003,.63,.69,All Persons,IMD 3,Yorkshire and The Humber,All Routes,All Stages,All Ages,All Years
3,.64999998,.62,.68000001,All Persons,IMD 3,Yorkshire and The Humber,All Routes,All Stages,All Ages,All Years
3.25,.63999999,.61000001,.67000002,All Persons,IMD 3,Yorkshire and The Humber,All Routes,All Stages,All Ages,All Years
3.5,.63,.60000002,.66000003,All Persons,IMD 3,Yorkshire and The Humber,All Routes,All Stages,All Ages,All Years
3.75,.62,.58999997,.64999998,All Persons,IMD 3,Yorkshire and The Humber,All Routes,All Stages,All Ages,All Years
4,.61000001,.56999999,.63999999,All Persons,IMD 3,Yorkshire and The Humber,All Routes,All Stages,All Ages,All Years
4.25,.58999997,.55000001,.62,All Persons,IMD 3,Yorkshire and The Humber,All Routes,All Stages,All Ages,All Years
4.5,.57999998,.55000001,.61000001,All Persons,IMD 3,Yorkshire and The Humber,All Routes,All Stages,All Ages,All Years
4.75,.56999999,.54000002,.61000001,All Persons,IMD 3,Yorkshire and The Humber,All Routes,All Stages,All Ages,All Years
5,.56,.52999997,.58999997,All Persons,IMD 3,Yorkshire and The Humber,All Routes,All Stages,All Ages,All Years
0,.99000001,.99000001,1,All Persons,IMD 3,All Regions,Emergency,All Stages,All Ages,All Years
.25,.69,.63999999,.73000002,All Persons,IMD 3,All Regions,Emergency,All Stages,All Ages,All Years
.5,.54000002,.49000001,.58999997,All Persons,IMD 3,All Regions,Emergency,All Stages,All Ages,All Years
.75,.47999999,.43000001,.52999997,All Persons,IMD 3,All Regions,Emergency,All Stages,All Ages,All Years
1,.44,.38999999,.49000001,All Persons,IMD 3,All Regions,Emergency,All Stages,All Ages,All Years
1.25,.41,.37,.46000001,All Persons,IMD 3,All Regions,Emergency,All Stages,All Ages,All Years
1.5,.38999999,.34,.43000001,All Persons,IMD 3,All Regions,Emergency,All Stages,All Ages,All Years
1.75,.34999999,.31,.40000001,All Persons,IMD 3,All Regions,Emergency,All Stages,All Ages,All Years
2,.34,.30000001,.38999999,All Persons,IMD 3,All Regions,Emergency,All Stages,All Ages,All Years
2.25,.33000001,.28999999,.38,All Persons,IMD 3,All Regions,Emergency,All Stages,All Ages,All Years
2.5,.31999999,.28,.37,All Persons,IMD 3,All Regions,Emergency,All Stages,All Ages,All Years
2.75,.31,.25999999,.34999999,All Persons,IMD 3,All Regions,Emergency,All Stages,All Ages,All Years
3,.30000001,.25999999,.34999999,All Persons,IMD 3,All Regions,Emergency,All Stages,All Ages,All Years
3.25,.30000001,.25,.34,All Persons,IMD 3,All Regions,Emergency,All Stages,All Ages,All Years
3.5,.28999999,.25,.34,All Persons,IMD 3,All Regions,Emergency,All Stages,All Ages,All Years
3.75,.28999999,.23999999,.33000001,All Persons,IMD 3,All Regions,Emergency,All Stages,All Ages,All Years
4,.28,.23999999,.31999999,All Persons,IMD 3,All Regions,Emergency,All Stages,All Ages,All Years
4.25,.28,.23,.31999999,All Persons,IMD 3,All Regions,Emergency,All Stages,All Ages,All Years
4.5,.27000001,.23,.31,All Persons,IMD 3,All Regions,Emergency,All Stages,All Ages,All Years
4.75,.27000001,.23,.31,All Persons,IMD 3,All Regions,Emergency,All Stages,All Ages,All Years
5,.25999999,.22,.31,All Persons,IMD 3,All Regions,Emergency,All Stages,All Ages,All Years
0,1,1,1,All Persons,IMD 3,All Regions,Non-emergency,All Stages,All Ages,All Years
.25,.95999998,.94999999,.95999998,All Persons,IMD 3,All Regions,Non-emergency,All Stages,All Ages,All Years
.5,.91000003,.89999998,.92000002,All Persons,IMD 3,All Regions,Non-emergency,All Stages,All Ages,All Years
.75,.87,.86000001,.87,All Persons,IMD 3,All Regions,Non-emergency,All Stages,All Ages,All Years
1,.82999998,.81999999,.83999997,All Persons,IMD 3,All Regions,Non-emergency,All Stages,All Ages,All Years
1.25,.80000001,.77999997,.81,All Persons,IMD 3,All Regions,Non-emergency,All Stages,All Ages,All Years
1.5,.76999998,.75999999,.77999997,All Persons,IMD 3,All Regions,Non-emergency,All Stages,All Ages,All Years
1.75,.75,.74000001,.75999999,All Persons,IMD 3,All Regions,Non-emergency,All Stages,All Ages,All Years
2,.73000002,.72000003,.74000001,All Persons,IMD 3,All Regions,Non-emergency,All Stages,All Ages,All Years
2.25,.70999998,.69999999,.73000002,All Persons,IMD 3,All Regions,Non-emergency,All Stages,All Ages,All Years
2.5,.69999999,.69,.70999998,All Persons,IMD 3,All Regions,Non-emergency,All Stages,All Ages,All Years
2.75,.69,.67000002,.69999999,All Persons,IMD 3,All Regions,Non-emergency,All Stages,All Ages,All Years
3,.67000002,.66000003,.69,All Persons,IMD 3,All Regions,Non-emergency,All Stages,All Ages,All Years
3.25,.66000003,.64999998,.67000002,All Persons,IMD 3,All Regions,Non-emergency,All Stages,All Ages,All Years
3.5,.64999998,.63,.66000003,All Persons,IMD 3,All Regions,Non-emergency,All Stages,All Ages,All Years
3.75,.63999999,.62,.64999998,All Persons,IMD 3,All Regions,Non-emergency,All Stages,All Ages,All Years
4,.63,.61000001,.63999999,All Persons,IMD 3,All Regions,Non-emergency,All Stages,All Ages,All Years
4.25,.61000001,.60000002,.63,All Persons,IMD 3,All Regions,Non-emergency,All Stages,All Ages,All Years
4.5,.60000002,.58999997,.62,All Persons,IMD 3,All Regions,Non-emergency,All Stages,All Ages,All Years
4.75,.58999997,.57999998,.61000001,All Persons,IMD 3,All Regions,Non-emergency,All Stages,All Ages,All Years
5,.58999997,.56999999,.60000002,All Persons,IMD 3,All Regions,Non-emergency,All Stages,All Ages,All Years
0,1,1,1,All Persons,IMD 3,All Regions,All Routes,Early,All Ages,All Years
.25,.99000001,.99000001,.99000001,All Persons,IMD 3,All Regions,All Routes,Early,All Ages,All Years
.5,.97000003,.97000003,.98000002,All Persons,IMD 3,All Regions,All Routes,Early,All Ages,All Years
.75,.95999998,.94999999,.97000003,All Persons,IMD 3,All Regions,All Routes,Early,All Ages,All Years
1,.94,.94,.94999999,All Persons,IMD 3,All Regions,All Routes,Early,All Ages,All Years
1.25,.93000001,.92000002,.93000001,All Persons,IMD 3,All Regions,All Routes,Early,All Ages,All Years
1.5,.91000003,.89999998,.92000002,All Persons,IMD 3,All Regions,All Routes,Early,All Ages,All Years
1.75,.89999998,.88999999,.91000003,All Persons,IMD 3,All Regions,All Routes,Early,All Ages,All Years
2,.88,.87,.88999999,All Persons,IMD 3,All Regions,All Routes,Early,All Ages,All Years
2.25,.86000001,.85000002,.88,All Persons,IMD 3,All Regions,All Routes,Early,All Ages,All Years
2.5,.85000002,.83999997,.86000001,All Persons,IMD 3,All Regions,All Routes,Early,All Ages,All Years
2.75,.83999997,.82999998,.86000001,All Persons,IMD 3,All Regions,All Routes,Early,All Ages,All Years
3,.82999998,.81999999,.83999997,All Persons,IMD 3,All Regions,All Routes,Early,All Ages,All Years
3.25,.81999999,.81,.82999998,All Persons,IMD 3,All Regions,All Routes,Early,All Ages,All Years
3.5,.81,.79000002,.81999999,All Persons,IMD 3,All Regions,All Routes,Early,All Ages,All Years
3.75,.80000001,.77999997,.81,All Persons,IMD 3,All Regions,All Routes,Early,All Ages,All Years
4,.77999997,.76999998,.80000001,All Persons,IMD 3,All Regions,All Routes,Early,All Ages,All Years
4.25,.76999998,.75,.79000002,All Persons,IMD 3,All Regions,All Routes,Early,All Ages,All Years
4.5,.75999999,.74000001,.76999998,All Persons,IMD 3,All Regions,All Routes,Early,All Ages,All Years
4.75,.75,.73000002,.76999998,All Persons,IMD 3,All Regions,All Routes,Early,All Ages,All Years
5,.74000001,.72000003,.75999999,All Persons,IMD 3,All Regions,All Routes,Early,All Ages,All Years
0,1,1,1,All Persons,IMD 3,All Regions,All Routes,Advanced,All Ages,All Years
.25,.92000002,.91000003,.92000002,All Persons,IMD 3,All Regions,All Routes,Advanced,All Ages,All Years
.5,.82999998,.81999999,.83999997,All Persons,IMD 3,All Regions,All Routes,Advanced,All Ages,All Years
.75,.75999999,.75,.77999997,All Persons,IMD 3,All Regions,All Routes,Advanced,All Ages,All Years
1,.70999998,.69999999,.73000002,All Persons,IMD 3,All Regions,All Routes,Advanced,All Ages,All Years
1.25,.67000002,.66000003,.68000001,All Persons,IMD 3,All Regions,All Routes,Advanced,All Ages,All Years
1.5,.63999999,.63,.64999998,All Persons,IMD 3,All Regions,All Routes,Advanced,All Ages,All Years
1.75,.61000001,.60000002,.62,All Persons,IMD 3,All Regions,All Routes,Advanced,All Ages,All Years
2,.58999997,.56999999,.60000002,All Persons,IMD 3,All Regions,All Routes,Advanced,All Ages,All Years
2.25,.56999999,.56,.57999998,All Persons,IMD 3,All Regions,All Routes,Advanced,All Ages,All Years
2.5,.55000001,.54000002,.56999999,All Persons,IMD 3,All Regions,All Routes,Advanced,All Ages,All Years
2.75,.54000002,.52999997,.55000001,All Persons,IMD 3,All Regions,All Routes,Advanced,All Ages,All Years
3,.52999997,.50999999,.54000002,All Persons,IMD 3,All Regions,All Routes,Advanced,All Ages,All Years
3.25,.50999999,.5,.52999997,All Persons,IMD 3,All Regions,All Routes,Advanced,All Ages,All Years
3.5,.5,.49000001,.51999998,All Persons,IMD 3,All Regions,All Routes,Advanced,All Ages,All Years
3.75,.49000001,.47999999,.50999999,All Persons,IMD 3,All Regions,All Routes,Advanced,All Ages,All Years
4,.47999999,.47,.5,All Persons,IMD 3,All Regions,All Routes,Advanced,All Ages,All Years
4.25,.47999999,.46000001,.49000001,All Persons,IMD 3,All Regions,All Routes,Advanced,All Ages,All Years
4.5,.47,.44999999,.47999999,All Persons,IMD 3,All Regions,All Routes,Advanced,All Ages,All Years
4.75,.46000001,.44999999,.47,All Persons,IMD 3,All Regions,All Routes,Advanced,All Ages,All Years
5,.44999999,.44,.47,All Persons,IMD 3,All Regions,All Routes,Advanced,All Ages,All Years
0,1,1,1,All Persons,IMD 3,All Regions,All Routes,All Stages,0-49,All Years
.25,.99000001,.98000002,.99000001,All Persons,IMD 3,All Regions,All Routes,All Stages,0-49,All Years
.5,.95999998,.94999999,.97000003,All Persons,IMD 3,All Regions,All Routes,All Stages,0-49,All Years
.75,.93000001,.92000002,.94999999,All Persons,IMD 3,All Regions,All Routes,All Stages,0-49,All Years
1,.91000003,.88999999,.92000002,All Persons,IMD 3,All Regions,All Routes,All Stages,0-49,All Years
1.25,.89999998,.88,.91000003,All Persons,IMD 3,All Regions,All Routes,All Stages,0-49,All Years
1.5,.88,.86000001,.89999998,All Persons,IMD 3,All Regions,All Routes,All Stages,0-49,All Years
1.75,.86000001,.83999997,.88,All Persons,IMD 3,All Regions,All Routes,All Stages,0-49,All Years
2,.86000001,.82999998,.88,All Persons,IMD 3,All Regions,All Routes,All Stages,0-49,All Years
2.25,.83999997,.81999999,.86000001,All Persons,IMD 3,All Regions,All Routes,All Stages,0-49,All Years
2.5,.82999998,.81,.86000001,All Persons,IMD 3,All Regions,All Routes,All Stages,0-49,All Years
2.75,.81999999,.80000001,.85000002,All Persons,IMD 3,All Regions,All Routes,All Stages,0-49,All Years
3,.81999999,.80000001,.83999997,All Persons,IMD 3,All Regions,All Routes,All Stages,0-49,All Years
3.25,.81,.77999997,.82999998,All Persons,IMD 3,All Regions,All Routes,All Stages,0-49,All Years
3.5,.80000001,.77999997,.82999998,All Persons,IMD 3,All Regions,All Routes,All Stages,0-49,All Years
3.75,.80000001,.77999997,.82999998,All Persons,IMD 3,All Regions,All Routes,All Stages,0-49,All Years
4,.79000002,.76999998,.81999999,All Persons,IMD 3,All Regions,All Routes,All Stages,0-49,All Years
4.25,.79000002,.75999999,.81,All Persons,IMD 3,All Regions,All Routes,All Stages,0-49,All Years
4.5,.79000002,.75999999,.81,All Persons,IMD 3,All Regions,All Routes,All Stages,0-49,All Years
4.75,.77999997,.75,.81,All Persons,IMD 3,All Regions,All Routes,All Stages,0-49,All Years
5,.77999997,.75,.81,All Persons,IMD 3,All Regions,All Routes,All Stages,0-49,All Years
0,1,1,1,All Persons,IMD 3,All Regions,All Routes,All Stages,50-54,All Years
.25,.97000003,.95999998,.98000002,All Persons,IMD 3,All Regions,All Routes,All Stages,50-54,All Years
.5,.94,.93000001,.95999998,All Persons,IMD 3,All Regions,All Routes,All Stages,50-54,All Years
.75,.91000003,.88999999,.92000002,All Persons,IMD 3,All Regions,All Routes,All Stages,50-54,All Years
1,.88999999,.87,.89999998,All Persons,IMD 3,All Regions,All Routes,All Stages,50-54,All Years
1.25,.87,.85000002,.88999999,All Persons,IMD 3,All Regions,All Routes,All Stages,50-54,All Years
1.5,.85000002,.82999998,.87,All Persons,IMD 3,All Regions,All Routes,All Stages,50-54,All Years
1.75,.82999998,.81,.85000002,All Persons,IMD 3,All Regions,All Routes,All Stages,50-54,All Years
2,.81999999,.79000002,.83999997,All Persons,IMD 3,All Regions,All Routes,All Stages,50-54,All Years
2.25,.80000001,.77999997,.81999999,All Persons,IMD 3,All Regions,All Routes,All Stages,50-54,All Years
2.5,.80000001,.76999998,.81999999,All Persons,IMD 3,All Regions,All Routes,All Stages,50-54,All Years
2.75,.79000002,.76999998,.81999999,All Persons,IMD 3,All Regions,All Routes,All Stages,50-54,All Years
3,.77999997,.75,.80000001,All Persons,IMD 3,All Regions,All Routes,All Stages,50-54,All Years
3.25,.77999997,.75,.80000001,All Persons,IMD 3,All Regions,All Routes,All Stages,50-54,All Years
3.5,.76999998,.74000001,.79000002,All Persons,IMD 3,All Regions,All Routes,All Stages,50-54,All Years
3.75,.75999999,.74000001,.79000002,All Persons,IMD 3,All Regions,All Routes,All Stages,50-54,All Years
4,.75999999,.73000002,.79000002,All Persons,IMD 3,All Regions,All Routes,All Stages,50-54,All Years
4.25,.75999999,.73000002,.77999997,All Persons,IMD 3,All Regions,All Routes,All Stages,50-54,All Years
4.5,.74000001,.72000003,.76999998,All Persons,IMD 3,All Regions,All Routes,All Stages,50-54,All Years
4.75,.74000001,.70999998,.76999998,All Persons,IMD 3,All Regions,All Routes,All Stages,50-54,All Years
5,.73000002,.69999999,.75999999,All Persons,IMD 3,All Regions,All Routes,All Stages,50-54,All Years
0,1,1,1,All Persons,IMD 3,All Regions,All Routes,All Stages,55-59,All Years
.25,.97000003,.95999998,.98000002,All Persons,IMD 3,All Regions,All Routes,All Stages,55-59,All Years
.5,.94,.93000001,.94999999,All Persons,IMD 3,All Regions,All Routes,All Stages,55-59,All Years
.75,.91000003,.89999998,.93000001,All Persons,IMD 3,All Regions,All Routes,All Stages,55-59,All Years
1,.88999999,.87,.89999998,All Persons,IMD 3,All Regions,All Routes,All Stages,55-59,All Years
1.25,.87,.85000002,.88,All Persons,IMD 3,All Regions,All Routes,All Stages,55-59,All Years
1.5,.85000002,.82999998,.87,All Persons,IMD 3,All Regions,All Routes,All Stages,55-59,All Years
1.75,.82999998,.81,.85000002,All Persons,IMD 3,All Regions,All Routes,All Stages,55-59,All Years
2,.81,.79000002,.82999998,All Persons,IMD 3,All Regions,All Routes,All Stages,55-59,All Years
2.25,.80000001,.77999997,.81999999,All Persons,IMD 3,All Regions,All Routes,All Stages,55-59,All Years
2.5,.79000002,.76999998,.81,All Persons,IMD 3,All Regions,All Routes,All Stages,55-59,All Years
2.75,.77999997,.75999999,.80000001,All Persons,IMD 3,All Regions,All Routes,All Stages,55-59,All Years
3,.76999998,.75,.79000002,All Persons,IMD 3,All Regions,All Routes,All Stages,55-59,All Years
3.25,.75999999,.74000001,.77999997,All Persons,IMD 3,All Regions,All Routes,All Stages,55-59,All Years
3.5,.75,.73000002,.76999998,All Persons,IMD 3,All Regions,All Routes,All Stages,55-59,All Years
3.75,.74000001,.72000003,.75999999,All Persons,IMD 3,All Regions,All Routes,All Stages,55-59,All Years
4,.73000002,.69999999,.75,All Persons,IMD 3,All Regions,All Routes,All Stages,55-59,All Years
4.25,.72000003,.69,.74000001,All Persons,IMD 3,All Regions,All Routes,All Stages,55-59,All Years
4.5,.70999998,.69,.74000001,All Persons,IMD 3,All Regions,All Routes,All Stages,55-59,All Years
4.75,.69999999,.67000002,.72000003,All Persons,IMD 3,All Regions,All Routes,All Stages,55-59,All Years
5,.69,.67000002,.72000003,All Persons,IMD 3,All Regions,All Routes,All Stages,55-59,All Years
0,1,1,1,All Persons,IMD 3,All Regions,All Routes,All Stages,60-64,All Years
.25,.94999999,.93000001,.95999998,All Persons,IMD 3,All Regions,All Routes,All Stages,60-64,All Years
.5,.89999998,.88,.91000003,All Persons,IMD 3,All Regions,All Routes,All Stages,60-64,All Years
.75,.86000001,.85000002,.88,All Persons,IMD 3,All Regions,All Routes,All Stages,60-64,All Years
1,.83999997,.81999999,.86000001,All Persons,IMD 3,All Regions,All Routes,All Stages,60-64,All Years
1.25,.81,.79000002,.82999998,All Persons,IMD 3,All Regions,All Routes,All Stages,60-64,All Years
1.5,.79000002,.76999998,.81,All Persons,IMD 3,All Regions,All Routes,All Stages,60-64,All Years
1.75,.76999998,.75,.79000002,All Persons,IMD 3,All Regions,All Routes,All Stages,60-64,All Years
2,.75,.73000002,.76999998,All Persons,IMD 3,All Regions,All Routes,All Stages,60-64,All Years
2.25,.74000001,.70999998,.75999999,All Persons,IMD 3,All Regions,All Routes,All Stages,60-64,All Years
2.5,.72000003,.69999999,.74000001,All Persons,IMD 3,All Regions,All Routes,All Stages,60-64,All Years
2.75,.70999998,.69,.73000002,All Persons,IMD 3,All Regions,All Routes,All Stages,60-64,All Years
3,.69,.67000002,.72000003,All Persons,IMD 3,All Regions,All Routes,All Stages,60-64,All Years
3.25,.69,.66000003,.70999998,All Persons,IMD 3,All Regions,All Routes,All Stages,60-64,All Years
3.5,.68000001,.66000003,.69999999,All Persons,IMD 3,All Regions,All Routes,All Stages,60-64,All Years
3.75,.67000002,.63999999,.69,All Persons,IMD 3,All Regions,All Routes,All Stages,60-64,All Years
4,.64999998,.63,.68000001,All Persons,IMD 3,All Regions,All Routes,All Stages,60-64,All Years
4.25,.64999998,.62,.67000002,All Persons,IMD 3,All Regions,All Routes,All Stages,60-64,All Years
4.5,.63999999,.61000001,.66000003,All Persons,IMD 3,All Regions,All Routes,All Stages,60-64,All Years
4.75,.63,.60000002,.66000003,All Persons,IMD 3,All Regions,All Routes,All Stages,60-64,All Years
5,.62,.60000002,.64999998,All Persons,IMD 3,All Regions,All Routes,All Stages,60-64,All Years
0,1,1,1,All Persons,IMD 3,All Regions,All Routes,All Stages,65-69,All Years
.25,.94999999,.94,.95999998,All Persons,IMD 3,All Regions,All Routes,All Stages,65-69,All Years
.5,.88999999,.88,.91000003,All Persons,IMD 3,All Regions,All Routes,All Stages,65-69,All Years
.75,.85000002,.82999998,.86000001,All Persons,IMD 3,All Regions,All Routes,All Stages,65-69,All Years
1,.80000001,.77999997,.81999999,All Persons,IMD 3,All Regions,All Routes,All Stages,65-69,All Years
1.25,.76999998,.75,.79000002,All Persons,IMD 3,All Regions,All Routes,All Stages,65-69,All Years
1.5,.75,.73000002,.76999998,All Persons,IMD 3,All Regions,All Routes,All Stages,65-69,All Years
1.75,.72000003,.69999999,.74000001,All Persons,IMD 3,All Regions,All Routes,All Stages,65-69,All Years
2,.69999999,.68000001,.73000002,All Persons,IMD 3,All Regions,All Routes,All Stages,65-69,All Years
2.25,.69,.67000002,.70999998,All Persons,IMD 3,All Regions,All Routes,All Stages,65-69,All Years
2.5,.68000001,.64999998,.69999999,All Persons,IMD 3,All Regions,All Routes,All Stages,65-69,All Years
2.75,.66000003,.63999999,.68000001,All Persons,IMD 3,All Regions,All Routes,All Stages,65-69,All Years
3,.64999998,.63,.68000001,All Persons,IMD 3,All Regions,All Routes,All Stages,65-69,All Years
3.25,.63999999,.62,.66000003,All Persons,IMD 3,All Regions,All Routes,All Stages,65-69,All Years
3.5,.62,.60000002,.64999998,All Persons,IMD 3,All Regions,All Routes,All Stages,65-69,All Years
3.75,.61000001,.58999997,.63999999,All Persons,IMD 3,All Regions,All Routes,All Stages,65-69,All Years
4,.60000002,.57999998,.63,All Persons,IMD 3,All Regions,All Routes,All Stages,65-69,All Years
4.25,.58999997,.56999999,.62,All Persons,IMD 3,All Regions,All Routes,All Stages,65-69,All Years
4.5,.57999998,.56,.61000001,All Persons,IMD 3,All Regions,All Routes,All Stages,65-69,All Years
4.75,.56999999,.54000002,.60000002,All Persons,IMD 3,All Regions,All Routes,All Stages,65-69,All Years
5,.56999999,.54000002,.58999997,All Persons,IMD 3,All Regions,All Routes,All Stages,65-69,All Years
0,1,1,1,All Persons,IMD 3,All Regions,All Routes,All Stages,70-74,All Years
.25,.93000001,.92000002,.94,All Persons,IMD 3,All Regions,All Routes,All Stages,70-74,All Years
.5,.86000001,.85000002,.88,All Persons,IMD 3,All Regions,All Routes,All Stages,70-74,All Years
.75,.81,.80000001,.82999998,All Persons,IMD 3,All Regions,All Routes,All Stages,70-74,All Years
1,.77999997,.75999999,.80000001,All Persons,IMD 3,All Regions,All Routes,All Stages,70-74,All Years
1.25,.73000002,.70999998,.75,All Persons,IMD 3,All Regions,All Routes,All Stages,70-74,All Years
1.5,.70999998,.68000001,.73000002,All Persons,IMD 3,All Regions,All Routes,All Stages,70-74,All Years
1.75,.69,.67000002,.70999998,All Persons,IMD 3,All Regions,All Routes,All Stages,70-74,All Years
2,.66000003,.63999999,.68000001,All Persons,IMD 3,All Regions,All Routes,All Stages,70-74,All Years
2.25,.63999999,.62,.67000002,All Persons,IMD 3,All Regions,All Routes,All Stages,70-74,All Years
2.5,.63,.60000002,.64999998,All Persons,IMD 3,All Regions,All Routes,All Stages,70-74,All Years
2.75,.61000001,.58999997,.63999999,All Persons,IMD 3,All Regions,All Routes,All Stages,70-74,All Years
3,.60000002,.57999998,.63,All Persons,IMD 3,All Regions,All Routes,All Stages,70-74,All Years
3.25,.57999998,.56,.61000001,All Persons,IMD 3,All Regions,All Routes,All Stages,70-74,All Years
3.5,.56999999,.55000001,.60000002,All Persons,IMD 3,All Regions,All Routes,All Stages,70-74,All Years
3.75,.55000001,.52999997,.57999998,All Persons,IMD 3,All Regions,All Routes,All Stages,70-74,All Years
4,.54000002,.50999999,.56999999,All Persons,IMD 3,All Regions,All Routes,All Stages,70-74,All Years
4.25,.52999997,.50999999,.56,All Persons,IMD 3,All Regions,All Routes,All Stages,70-74,All Years
4.5,.51999998,.49000001,.55000001,All Persons,IMD 3,All Regions,All Routes,All Stages,70-74,All Years
4.75,.50999999,.49000001,.54000002,All Persons,IMD 3,All Regions,All Routes,All Stages,70-74,All Years
5,.5,.47,.52999997,All Persons,IMD 3,All Regions,All Routes,All Stages,70-74,All Years
0,1,1,1,All Persons,IMD 3,All Regions,All Routes,All Stages,75-79,All Years
.25,.92000002,.91000003,.94,All Persons,IMD 3,All Regions,All Routes,All Stages,75-79,All Years
.5,.83999997,.81999999,.86000001,All Persons,IMD 3,All Regions,All Routes,All Stages,75-79,All Years
.75,.77999997,.75,.80000001,All Persons,IMD 3,All Regions,All Routes,All Stages,75-79,All Years
1,.73000002,.70999998,.75999999,All Persons,IMD 3,All Regions,All Routes,All Stages,75-79,All Years
1.25,.69,.66000003,.72000003,All Persons,IMD 3,All Regions,All Routes,All Stages,75-79,All Years
1.5,.66000003,.63,.69,All Persons,IMD 3,All Regions,All Routes,All Stages,75-79,All Years
1.75,.63,.60000002,.66000003,All Persons,IMD 3,All Regions,All Routes,All Stages,75-79,All Years
2,.61000001,.57999998,.63999999,All Persons,IMD 3,All Regions,All Routes,All Stages,75-79,All Years
2.25,.57999998,.55000001,.61000001,All Persons,IMD 3,All Regions,All Routes,All Stages,75-79,All Years
2.5,.56,.52999997,.58999997,All Persons,IMD 3,All Regions,All Routes,All Stages,75-79,All Years
2.75,.55000001,.51999998,.57999998,All Persons,IMD 3,All Regions,All Routes,All Stages,75-79,All Years
3,.52999997,.5,.56,All Persons,IMD 3,All Regions,All Routes,All Stages,75-79,All Years
3.25,.50999999,.47999999,.54000002,All Persons,IMD 3,All Regions,All Routes,All Stages,75-79,All Years
3.5,.5,.47,.54000002,All Persons,IMD 3,All Regions,All Routes,All Stages,75-79,All Years
3.75,.49000001,.46000001,.51999998,All Persons,IMD 3,All Regions,All Routes,All Stages,75-79,All Years
4,.47,.44,.5,All Persons,IMD 3,All Regions,All Routes,All Stages,75-79,All Years
4.25,.44999999,.41,.47999999,All Persons,IMD 3,All Regions,All Routes,All Stages,75-79,All Years
4.5,.43000001,.40000001,.46000001,All Persons,IMD 3,All Regions,All Routes,All Stages,75-79,All Years
4.75,.41,.38,.44999999,All Persons,IMD 3,All Regions,All Routes,All Stages,75-79,All Years
5,.40000001,.37,.44,All Persons,IMD 3,All Regions,All Routes,All Stages,75-79,All Years
0,1,1,1,All Persons,IMD 3,All Regions,All Routes,All Stages,80-84,All Years
.25,.86000001,.83999997,.88999999,All Persons,IMD 3,All Regions,All Routes,All Stages,80-84,All Years
.5,.76999998,.74000001,.79000002,All Persons,IMD 3,All Regions,All Routes,All Stages,80-84,All Years
.75,.69,.66000003,.72000003,All Persons,IMD 3,All Regions,All Routes,All Stages,80-84,All Years
1,.63999999,.61000001,.67000002,All Persons,IMD 3,All Regions,All Routes,All Stages,80-84,All Years
1.25,.60000002,.56999999,.63,All Persons,IMD 3,All Regions,All Routes,All Stages,80-84,All Years
1.5,.55000001,.51999998,.58999997,All Persons,IMD 3,All Regions,All Routes,All Stages,80-84,All Years
1.75,.52999997,.5,.56999999,All Persons,IMD 3,All Regions,All Routes,All Stages,80-84,All Years
2,.49000001,.44999999,.51999998,All Persons,IMD 3,All Regions,All Routes,All Stages,80-84,All Years
2.25,.47,.43000001,.5,All Persons,IMD 3,All Regions,All Routes,All Stages,80-84,All Years
2.5,.44999999,.41,.49000001,All Persons,IMD 3,All Regions,All Routes,All Stages,80-84,All Years
2.75,.43000001,.40000001,.47,All Persons,IMD 3,All Regions,All Routes,All Stages,80-84,All Years
3,.41,.37,.44999999,All Persons,IMD 3,All Regions,All Routes,All Stages,80-84,All Years
3.25,.40000001,.36000001,.43000001,All Persons,IMD 3,All Regions,All Routes,All Stages,80-84,All Years
3.5,.38999999,.34999999,.41999999,All Persons,IMD 3,All Regions,All Routes,All Stages,80-84,All Years
3.75,.36000001,.33000001,.40000001,All Persons,IMD 3,All Regions,All Routes,All Stages,80-84,All Years
4,.36000001,.31999999,.38999999,All Persons,IMD 3,All Regions,All Routes,All Stages,80-84,All Years
4.25,.34999999,.31,.38999999,All Persons,IMD 3,All Regions,All Routes,All Stages,80-84,All Years
4.5,.31999999,.28,.36000001,All Persons,IMD 3,All Regions,All Routes,All Stages,80-84,All Years
4.75,.31,.27000001,.34999999,All Persons,IMD 3,All Regions,All Routes,All Stages,80-84,All Years
5,.28999999,.25,.33000001,All Persons,IMD 3,All Regions,All Routes,All Stages,80-84,All Years
0,1,.99000001,1,All Persons,IMD 3,All Regions,All Routes,All Stages,85-89,All Years
.25,.83999997,.80000001,.87,All Persons,IMD 3,All Regions,All Routes,All Stages,85-89,All Years
.5,.68000001,.63999999,.72000003,All Persons,IMD 3,All Regions,All Routes,All Stages,85-89,All Years
.75,.58999997,.54000002,.63,All Persons,IMD 3,All Regions,All Routes,All Stages,85-89,All Years
1,.52999997,.47999999,.56999999,All Persons,IMD 3,All Regions,All Routes,All Stages,85-89,All Years
1.25,.47,.43000001,.51999998,All Persons,IMD 3,All Regions,All Routes,All Stages,85-89,All Years
1.5,.44,.40000001,.49000001,All Persons,IMD 3,All Regions,All Routes,All Stages,85-89,All Years
1.75,.41,.37,.46000001,All Persons,IMD 3,All Regions,All Routes,All Stages,85-89,All Years
2,.38,.33000001,.41999999,All Persons,IMD 3,All Regions,All Routes,All Stages,85-89,All Years
2.25,.36000001,.31,.40000001,All Persons,IMD 3,All Regions,All Routes,All Stages,85-89,All Years
2.5,.33000001,.28999999,.38,All Persons,IMD 3,All Regions,All Routes,All Stages,85-89,All Years
2.75,.31999999,.28,.36000001,All Persons,IMD 3,All Regions,All Routes,All Stages,85-89,All Years
3,.31,.25999999,.34999999,All Persons,IMD 3,All Regions,All Routes,All Stages,85-89,All Years
3.25,.28,.23,.31999999,All Persons,IMD 3,All Regions,All Routes,All Stages,85-89,All Years
3.5,.25999999,.22,.30000001,All Persons,IMD 3,All Regions,All Routes,All Stages,85-89,All Years
3.75,.25,.20999999,.28999999,All Persons,IMD 3,All Regions,All Routes,All Stages,85-89,All Years
4,.23999999,.19,.28,All Persons,IMD 3,All Regions,All Routes,All Stages,85-89,All Years
4.25,.20999999,.17,.25,All Persons,IMD 3,All Regions,All Routes,All Stages,85-89,All Years
4.5,.2,.16,.25,All Persons,IMD 3,All Regions,All Routes,All Stages,85-89,All Years
4.75,.2,.15000001,.23999999,All Persons,IMD 3,All Regions,All Routes,All Stages,85-89,All Years
5,.18000001,.14,.23,All Persons,IMD 3,All Regions,All Routes,All Stages,85-89,All Years
0,1,.99000001,1,All Persons,IMD 3,All Regions,All Routes,All Stages,90+,All Years
.25,.75,.69999999,.80000001,All Persons,IMD 3,All Regions,All Routes,All Stages,90+,All Years
.5,.58999997,.52999997,.64999998,All Persons,IMD 3,All Regions,All Routes,All Stages,90+,All Years
.75,.47999999,.41999999,.55000001,All Persons,IMD 3,All Regions,All Routes,All Stages,90+,All Years
1,.41,.34999999,.47,All Persons,IMD 3,All Regions,All Routes,All Stages,90+,All Years
1.25,.36000001,.30000001,.41,All Persons,IMD 3,All Regions,All Routes,All Stages,90+,All Years
1.5,.33000001,.27000001,.38999999,All Persons,IMD 3,All Regions,All Routes,All Stages,90+,All Years
1.75,.30000001,.23999999,.36000001,All Persons,IMD 3,All Regions,All Routes,All Stages,90+,All Years
2,.27000001,.20999999,.31999999,All Persons,IMD 3,All Regions,All Routes,All Stages,90+,All Years
2.25,.25,.19,.30000001,All Persons,IMD 3,All Regions,All Routes,All Stages,90+,All Years
2.5,.22,.17,.27000001,All Persons,IMD 3,All Regions,All Routes,All Stages,90+,All Years
2.75,.22,.16,.27000001,All Persons,IMD 3,All Regions,All Routes,All Stages,90+,All Years
3,.18000001,.13,.23,All Persons,IMD 3,All Regions,All Routes,All Stages,90+,All Years
3.25,.15000001,.1,.2,All Persons,IMD 3,All Regions,All Routes,All Stages,90+,All Years
3.5,.13,.090000004,.18000001,All Persons,IMD 3,All Regions,All Routes,All Stages,90+,All Years
3.75,.11,.07,.16,All Persons,IMD 3,All Regions,All Routes,All Stages,90+,All Years
4,.11,.07,.16,All Persons,IMD 3,All Regions,All Routes,All Stages,90+,All Years
4.25,.11,.059999999,.15000001,All Persons,IMD 3,All Regions,All Routes,All Stages,90+,All Years
4.5,.11,.059999999,.15000001,All Persons,IMD 3,All Regions,All Routes,All Stages,90+,All Years
4.75,.1,.059999999,.14,All Persons,IMD 3,All Regions,All Routes,All Stages,90+,All Years
5,.090000004,.050000001,.13,All Persons,IMD 3,All Regions,All Routes,All Stages,90+,All Years
0,1,1,1,All Persons,IMD 3,All Regions,All Routes,All Stages,All Ages,2016
.25,.93000001,.92000002,.94999999,All Persons,IMD 3,All Regions,All Routes,All Stages,All Ages,2016
.5,.88,.87,.89999998,All Persons,IMD 3,All Regions,All Routes,All Stages,All Ages,2016
.75,.82999998,.81999999,.85000002,All Persons,IMD 3,All Regions,All Routes,All Stages,All Ages,2016
1,.79000002,.76999998,.81,All Persons,IMD 3,All Regions,All Routes,All Stages,All Ages,2016
1.25,.75999999,.74000001,.76999998,All Persons,IMD 3,All Regions,All Routes,All Stages,All Ages,2016
1.5,.73000002,.70999998,.75,All Persons,IMD 3,All Regions,All Routes,All Stages,All Ages,2016
1.75,.70999998,.69,.73000002,All Persons,IMD 3,All Regions,All Routes,All Stages,All Ages,2016
2,.68000001,.66000003,.70999998,All Persons,IMD 3,All Regions,All Routes,All Stages,All Ages,2016
2.25,.67000002,.64999998,.69999999,All Persons,IMD 3,All Regions,All Routes,All Stages,All Ages,2016
2.5,.66000003,.63,.68000001,All Persons,IMD 3,All Regions,All Routes,All Stages,All Ages,2016
2.75,.64999998,.62,.67000002,All Persons,IMD 3,All Regions,All Routes,All Stages,All Ages,2016
3,.63,.61000001,.64999998,All Persons,IMD 3,All Regions,All Routes,All Stages,All Ages,2016
3.25,.62,.60000002,.63999999,All Persons,IMD 3,All Regions,All Routes,All Stages,All Ages,2016
3.5,.61000001,.58999997,.63,All Persons,IMD 3,All Regions,All Routes,All Stages,All Ages,2016
3.75,.60000002,.56999999,.62,All Persons,IMD 3,All Regions,All Routes,All Stages,All Ages,2016
4,.57999998,.56,.61000001,All Persons,IMD 3,All Regions,All Routes,All Stages,All Ages,2016
4.25,.57999998,.56,.60000002,All Persons,IMD 3,All Regions,All Routes,All Stages,All Ages,2016
4.5,.56999999,.55000001,.58999997,All Persons,IMD 3,All Regions,All Routes,All Stages,All Ages,2016
4.75,.56,.54000002,.57999998,All Persons,IMD 3,All Regions,All Routes,All Stages,All Ages,2016
5,.56,.52999997,.57999998,All Persons,IMD 3,All Regions,All Routes,All Stages,All Ages,2016
0,1,1,1,All Persons,IMD 3,All Regions,All Routes,All Stages,All Ages,2017
.25,.94,.93000001,.94999999,All Persons,IMD 3,All Regions,All Routes,All Stages,All Ages,2017
.5,.88,.87,.88999999,All Persons,IMD 3,All Regions,All Routes,All Stages,All Ages,2017
.75,.83999997,.81999999,.86000001,All Persons,IMD 3,All Regions,All Routes,All Stages,All Ages,2017
1,.81,.79000002,.82999998,All Persons,IMD 3,All Regions,All Routes,All Stages,All Ages,2017
1.25,.77999997,.75999999,.80000001,All Persons,IMD 3,All Regions,All Routes,All Stages,All Ages,2017
1.5,.75999999,.74000001,.77999997,All Persons,IMD 3,All Regions,All Routes,All Stages,All Ages,2017
1.75,.74000001,.72000003,.75999999,All Persons,IMD 3,All Regions,All Routes,All Stages,All Ages,2017
2,.72000003,.69999999,.74000001,All Persons,IMD 3,All Regions,All Routes,All Stages,All Ages,2017
2.25,.69999999,.68000001,.72000003,All Persons,IMD 3,All Regions,All Routes,All Stages,All Ages,2017
2.5,.69,.67000002,.70999998,All Persons,IMD 3,All Regions,All Routes,All Stages,All Ages,2017
2.75,.68000001,.66000003,.69999999,All Persons,IMD 3,All Regions,All Routes,All Stages,All Ages,2017
3,.66000003,.63999999,.68000001,All Persons,IMD 3,All Regions,All Routes,All Stages,All Ages,2017
3.25,.64999998,.63,.67000002,All Persons,IMD 3,All Regions,All Routes,All Stages,All Ages,2017
3.5,.63999999,.61000001,.66000003,All Persons,IMD 3,All Regions,All Routes,All Stages,All Ages,2017
3.75,.62,.60000002,.64999998,All Persons,IMD 3,All Regions,All Routes,All Stages,All Ages,2017
4,.61000001,.58999997,.63999999,All Persons,IMD 3,All Regions,All Routes,All Stages,All Ages,2017
4.25,.60000002,.57999998,.62,All Persons,IMD 3,All Regions,All Routes,All Stages,All Ages,2017
4.5,.58999997,.56999999,.61000001,All Persons,IMD 3,All Regions,All Routes,All Stages,All Ages,2017
4.75,.57999998,.56,.60000002,All Persons,IMD 3,All Regions,All Routes,All Stages,All Ages,2017
5,.56999999,.55000001,.58999997,All Persons,IMD 3,All Regions,All Routes,All Stages,All Ages,2017
0,1,1,1,All Persons,IMD 3,All Regions,All Routes,All Stages,All Ages,2018
.25,.94,.93000001,.94999999,All Persons,IMD 3,All Regions,All Routes,All Stages,All Ages,2018
.5,.88,.87,.89999998,All Persons,IMD 3,All Regions,All Routes,All Stages,All Ages,2018
.75,.83999997,.81999999,.86000001,All Persons,IMD 3,All Regions,All Routes,All Stages,All Ages,2018
1,.80000001,.77999997,.81999999,All Persons,IMD 3,All Regions,All Routes,All Stages,All Ages,2018
1.25,.76999998,.75,.79000002,All Persons,IMD 3,All Regions,All Routes,All Stages,All Ages,2018
1.5,.75,.73000002,.76999998,All Persons,IMD 3,All Regions,All Routes,All Stages,All Ages,2018
1.75,.72000003,.69999999,.74000001,All Persons,IMD 3,All Regions,All Routes,All Stages,All Ages,2018
2,.70999998,.69,.73000002,All Persons,IMD 3,All Regions,All Routes,All Stages,All Ages,2018
2.25,.69,.67000002,.70999998,All Persons,IMD 3,All Regions,All Routes,All Stages,All Ages,2018
2.5,.68000001,.66000003,.69999999,All Persons,IMD 3,All Regions,All Routes,All Stages,All Ages,2018
2.75,.66000003,.63999999,.68000001,All Persons,IMD 3,All Regions,All Routes,All Stages,All Ages,2018
3,.64999998,.63,.67000002,All Persons,IMD 3,All Regions,All Routes,All Stages,All Ages,2018
3.25,.63999999,.62,.66000003,All Persons,IMD 3,All Regions,All Routes,All Stages,All Ages,2018
3.5,.63,.61000001,.64999998,All Persons,IMD 3,All Regions,All Routes,All Stages,All Ages,2018
3.75,.62,.60000002,.63999999,All Persons,IMD 3,All Regions,All Routes,All Stages,All Ages,2018
4,.61000001,.58999997,.63,All Persons,IMD 3,All Regions,All Routes,All Stages,All Ages,2018
4.25,.60000002,.57999998,.62,All Persons,IMD 3,All Regions,All Routes,All Stages,All Ages,2018
4.5,.58999997,.56999999,.61000001,All Persons,IMD 3,All Regions,All Routes,All Stages,All Ages,2018
4.75,.57999998,.56,.60000002,All Persons,IMD 3,All Regions,All Routes,All Stages,All Ages,2018
5,.56999999,.54000002,.58999997,All Persons,IMD 3,All Regions,All Routes,All Stages,All Ages,2018
0,1,1,1,All Persons,IMD 3,All Regions,All Routes,All Stages,All Ages,2019
.25,.94,.93000001,.94999999,All Persons,IMD 3,All Regions,All Routes,All Stages,All Ages,2019
.5,.88,.87,.88999999,All Persons,IMD 3,All Regions,All Routes,All Stages,All Ages,2019
.75,.82999998,.81,.83999997,All Persons,IMD 3,All Regions,All Routes,All Stages,All Ages,2019
1,.79000002,.76999998,.81,All Persons,IMD 3,All Regions,All Routes,All Stages,All Ages,2019
1.25,.75999999,.74000001,.77999997,All Persons,IMD 3,All Regions,All Routes,All Stages,All Ages,2019
1.5,.74000001,.72000003,.75999999,All Persons,IMD 3,All Regions,All Routes,All Stages,All Ages,2019
1.75,.72000003,.69999999,.74000001,All Persons,IMD 3,All Regions,All Routes,All Stages,All Ages,2019
2,.69,.67000002,.70999998,All Persons,IMD 3,All Regions,All Routes,All Stages,All Ages,2019
2.25,.68000001,.66000003,.69999999,All Persons,IMD 3,All Regions,All Routes,All Stages,All Ages,2019
2.5,.66000003,.63999999,.68000001,All Persons,IMD 3,All Regions,All Routes,All Stages,All Ages,2019
2.75,.64999998,.63,.67000002,All Persons,IMD 3,All Regions,All Routes,All Stages,All Ages,2019
3,.63999999,.62,.66000003,All Persons,IMD 3,All Regions,All Routes,All Stages,All Ages,2019
3.25,.63,.61000001,.64999998,All Persons,IMD 3,All Regions,All Routes,All Stages,All Ages,2019
3.5,.61000001,.58999997,.63999999,All Persons,IMD 3,All Regions,All Routes,All Stages,All Ages,2019
3.75,.60000002,.57999998,.62,All Persons,IMD 3,All Regions,All Routes,All Stages,All Ages,2019
4,.60000002,.56999999,.62,All Persons,IMD 3,All Regions,All Routes,All Stages,All Ages,2019
4.25,.60000002,.56999999,.62,All Persons,IMD 3,All Regions,All Routes,All Stages,All Ages,2019
4.5,.60000002,.56999999,.62,All Persons,IMD 3,All Regions,All Routes,All Stages,All Ages,2019
4.75,.50999999,.37,.66000003,All Persons,IMD 3,All Regions,All Routes,All Stages,All Ages,2019
0,1,1,1,All Persons,IMD 3,All Regions,All Routes,All Stages,All Ages,2020
.25,.93000001,.91000003,.94,All Persons,IMD 3,All Regions,All Routes,All Stages,All Ages,2020
.5,.86000001,.85000002,.88,All Persons,IMD 3,All Regions,All Routes,All Stages,All Ages,2020
.75,.81999999,.80000001,.83999997,All Persons,IMD 3,All Regions,All Routes,All Stages,All Ages,2020
1,.77999997,.76999998,.80000001,All Persons,IMD 3,All Regions,All Routes,All Stages,All Ages,2020
1.25,.75,.74000001,.76999998,All Persons,IMD 3,All Regions,All Routes,All Stages,All Ages,2020
1.5,.73000002,.70999998,.75,All Persons,IMD 3,All Regions,All Routes,All Stages,All Ages,2020
1.75,.70999998,.69,.73000002,All Persons,IMD 3,All Regions,All Routes,All Stages,All Ages,2020
2,.69,.67000002,.70999998,All Persons,IMD 3,All Regions,All Routes,All Stages,All Ages,2020
2.25,.67000002,.64999998,.69,All Persons,IMD 3,All Regions,All Routes,All Stages,All Ages,2020
2.5,.66000003,.63999999,.68000001,All Persons,IMD 3,All Regions,All Routes,All Stages,All Ages,2020
2.75,.64999998,.62,.67000002,All Persons,IMD 3,All Regions,All Routes,All Stages,All Ages,2020
3,.63999999,.62,.67000002,All Persons,IMD 3,All Regions,All Routes,All Stages,All Ages,2020
3.25,.63999999,.62,.67000002,All Persons,IMD 3,All Regions,All Routes,All Stages,All Ages,2020
3.5,.63999999,.62,.67000002,All Persons,IMD 3,All Regions,All Routes,All Stages,All Ages,2020
3.75,.58999997,.5,.69,All Persons,IMD 3,All Regions,All Routes,All Stages,All Ages,2020
4,.54000002,.41999999,.67000002,All Persons,IMD 3,All Regions,All Routes,All Stages,All Ages,2020
4.75,.54000002,.41999999,.67000002,All Persons,IMD 3,All Regions,All Routes,All Stages,All Ages,2020
0,1,1,1,All Persons,IMD 3,All Regions,All Routes,All Stages,All Ages,2021
.25,.94,.93000001,.94999999,All Persons,IMD 3,All Regions,All Routes,All Stages,All Ages,2021
.5,.88,.87,.88999999,All Persons,IMD 3,All Regions,All Routes,All Stages,All Ages,2021
.75,.82999998,.81999999,.85000002,All Persons,IMD 3,All Regions,All Routes,All Stages,All Ages,2021
1,.80000001,.77999997,.81,All Persons,IMD 3,All Regions,All Routes,All Stages,All Ages,2021
1.25,.75999999,.75,.77999997,All Persons,IMD 3,All Regions,All Routes,All Stages,All Ages,2021
1.5,.73000002,.70999998,.75,All Persons,IMD 3,All Regions,All Routes,All Stages,All Ages,2021
1.75,.70999998,.69,.73000002,All Persons,IMD 3,All Regions,All Routes,All Stages,All Ages,2021
2,.69,.67000002,.72000003,All Persons,IMD 3,All Regions,All Routes,All Stages,All Ages,2021
2.25,.66000003,.61000001,.72000003,All Persons,IMD 3,All Regions,All Routes,All Stages,All Ages,2021
2.5,.60000002,.5,.69999999,All Persons,IMD 3,All Regions,All Routes,All Stages,All Ages,2021
3,.56,.44,.68000001,All Persons,IMD 3,All Regions,All Routes,All Stages,All Ages,2021
3.25,.51999998,.38999999,.64999998,All Persons,IMD 3,All Regions,All Routes,All Stages,All Ages,2021
3.5,.47999999,.34,.62,All Persons,IMD 3,All Regions,All Routes,All Stages,All Ages,2021
3.75,.44,.28999999,.58999997,All Persons,IMD 3,All Regions,All Routes,All Stages,All Ages,2021
4.25,.44,.28999999,.58999997,All Persons,IMD 3,All Regions,All Routes,All Stages,All Ages,2021
4.5,.40000001,.23999999,.55000001,All Persons,IMD 3,All Regions,All Routes,All Stages,All Ages,2021
4.75,.40000001,.23999999,.55000001,All Persons,IMD 3,All Regions,All Routes,All Stages,All Ages,2021
0,1,1,1,All Persons,IMD 4,East Midlands,All Routes,All Stages,All Ages,All Years
.25,.94,.93000001,.94999999,All Persons,IMD 4,East Midlands,All Routes,All Stages,All Ages,All Years
.5,.88,.86000001,.89999998,All Persons,IMD 4,East Midlands,All Routes,All Stages,All Ages,All Years
.75,.82999998,.81,.86000001,All Persons,IMD 4,East Midlands,All Routes,All Stages,All Ages,All Years
1,.79000002,.75999999,.81,All Persons,IMD 4,East Midlands,All Routes,All Stages,All Ages,All Years
1.25,.75999999,.73000002,.77999997,All Persons,IMD 4,East Midlands,All Routes,All Stages,All Ages,All Years
1.5,.74000001,.70999998,.75999999,All Persons,IMD 4,East Midlands,All Routes,All Stages,All Ages,All Years
1.75,.70999998,.69,.74000001,All Persons,IMD 4,East Midlands,All Routes,All Stages,All Ages,All Years
2,.69,.67000002,.72000003,All Persons,IMD 4,East Midlands,All Routes,All Stages,All Ages,All Years
2.25,.68000001,.64999998,.70999998,All Persons,IMD 4,East Midlands,All Routes,All Stages,All Ages,All Years
2.5,.66000003,.63999999,.69,All Persons,IMD 4,East Midlands,All Routes,All Stages,All Ages,All Years
2.75,.66000003,.63,.68000001,All Persons,IMD 4,East Midlands,All Routes,All Stages,All Ages,All Years
3,.64999998,.62,.68000001,All Persons,IMD 4,East Midlands,All Routes,All Stages,All Ages,All Years
3.25,.63,.60000002,.66000003,All Persons,IMD 4,East Midlands,All Routes,All Stages,All Ages,All Years
3.5,.62,.58999997,.64999998,All Persons,IMD 4,East Midlands,All Routes,All Stages,All Ages,All Years
3.75,.62,.58999997,.64999998,All Persons,IMD 4,East Midlands,All Routes,All Stages,All Ages,All Years
4,.61000001,.57999998,.63999999,All Persons,IMD 4,East Midlands,All Routes,All Stages,All Ages,All Years
4.25,.60000002,.56999999,.63,All Persons,IMD 4,East Midlands,All Routes,All Stages,All Ages,All Years
4.5,.58999997,.55000001,.62,All Persons,IMD 4,East Midlands,All Routes,All Stages,All Ages,All Years
4.75,.57999998,.55000001,.61000001,All Persons,IMD 4,East Midlands,All Routes,All Stages,All Ages,All Years
5,.56999999,.52999997,.60000002,All Persons,IMD 4,East Midlands,All Routes,All Stages,All Ages,All Years
0,1,1,1,All Persons,IMD 4,East of England,All Routes,All Stages,All Ages,All Years
.25,.93000001,.92000002,.94,All Persons,IMD 4,East of England,All Routes,All Stages,All Ages,All Years
.5,.88,.86000001,.89999998,All Persons,IMD 4,East of England,All Routes,All Stages,All Ages,All Years
.75,.82999998,.81,.85000002,All Persons,IMD 4,East of England,All Routes,All Stages,All Ages,All Years
1,.79000002,.75999999,.81,All Persons,IMD 4,East of England,All Routes,All Stages,All Ages,All Years
1.25,.75,.73000002,.77999997,All Persons,IMD 4,East of England,All Routes,All Stages,All Ages,All Years
1.5,.73000002,.70999998,.75999999,All Persons,IMD 4,East of England,All Routes,All Stages,All Ages,All Years
1.75,.72000003,.69,.74000001,All Persons,IMD 4,East of England,All Routes,All Stages,All Ages,All Years
2,.69999999,.68000001,.73000002,All Persons,IMD 4,East of England,All Routes,All Stages,All Ages,All Years
2.25,.68000001,.66000003,.70999998,All Persons,IMD 4,East of England,All Routes,All Stages,All Ages,All Years
2.5,.66000003,.63999999,.69,All Persons,IMD 4,East of England,All Routes,All Stages,All Ages,All Years
2.75,.66000003,.63,.68000001,All Persons,IMD 4,East of England,All Routes,All Stages,All Ages,All Years
3,.63999999,.62,.67000002,All Persons,IMD 4,East of England,All Routes,All Stages,All Ages,All Years
3.25,.63999999,.61000001,.67000002,All Persons,IMD 4,East of England,All Routes,All Stages,All Ages,All Years
3.5,.63,.60000002,.64999998,All Persons,IMD 4,East of England,All Routes,All Stages,All Ages,All Years
3.75,.62,.58999997,.64999998,All Persons,IMD 4,East of England,All Routes,All Stages,All Ages,All Years
4,.61000001,.57999998,.63999999,All Persons,IMD 4,East of England,All Routes,All Stages,All Ages,All Years
4.25,.60000002,.56999999,.63,All Persons,IMD 4,East of England,All Routes,All Stages,All Ages,All Years
4.5,.58999997,.56,.62,All Persons,IMD 4,East of England,All Routes,All Stages,All Ages,All Years
4.75,.57999998,.55000001,.61000001,All Persons,IMD 4,East of England,All Routes,All Stages,All Ages,All Years
5,.56999999,.54000002,.60000002,All Persons,IMD 4,East of England,All Routes,All Stages,All Ages,All Years
0,1,1,1,All Persons,IMD 4,London,All Routes,All Stages,All Ages,All Years
.25,.93000001,.92000002,.94999999,All Persons,IMD 4,London,All Routes,All Stages,All Ages,All Years
.5,.88,.87,.89999998,All Persons,IMD 4,London,All Routes,All Stages,All Ages,All Years
.75,.83999997,.81,.86000001,All Persons,IMD 4,London,All Routes,All Stages,All Ages,All Years
1,.79000002,.75999999,.81,All Persons,IMD 4,London,All Routes,All Stages,All Ages,All Years
1.25,.75999999,.74000001,.77999997,All Persons,IMD 4,London,All Routes,All Stages,All Ages,All Years
1.5,.73000002,.70999998,.75999999,All Persons,IMD 4,London,All Routes,All Stages,All Ages,All Years
1.75,.70999998,.68000001,.73000002,All Persons,IMD 4,London,All Routes,All Stages,All Ages,All Years
2,.69,.67000002,.72000003,All Persons,IMD 4,London,All Routes,All Stages,All Ages,All Years
2.25,.67000002,.64999998,.69999999,All Persons,IMD 4,London,All Routes,All Stages,All Ages,All Years
2.5,.66000003,.63,.69,All Persons,IMD 4,London,All Routes,All Stages,All Ages,All Years
2.75,.64999998,.62,.68000001,All Persons,IMD 4,London,All Routes,All Stages,All Ages,All Years
3,.63,.60000002,.66000003,All Persons,IMD 4,London,All Routes,All Stages,All Ages,All Years
3.25,.62,.58999997,.64999998,All Persons,IMD 4,London,All Routes,All Stages,All Ages,All Years
3.5,.61000001,.57999998,.63999999,All Persons,IMD 4,London,All Routes,All Stages,All Ages,All Years
3.75,.61000001,.57999998,.63999999,All Persons,IMD 4,London,All Routes,All Stages,All Ages,All Years
4,.60000002,.56999999,.63,All Persons,IMD 4,London,All Routes,All Stages,All Ages,All Years
4.25,.60000002,.56999999,.63,All Persons,IMD 4,London,All Routes,All Stages,All Ages,All Years
4.5,.58999997,.56,.62,All Persons,IMD 4,London,All Routes,All Stages,All Ages,All Years
4.75,.57999998,.54000002,.61000001,All Persons,IMD 4,London,All Routes,All Stages,All Ages,All Years
5,.56999999,.54000002,.61000001,All Persons,IMD 4,London,All Routes,All Stages,All Ages,All Years
0,1,.99000001,1,All Persons,IMD 4,North East,All Routes,All Stages,All Ages,All Years
.25,.93000001,.91000003,.94999999,All Persons,IMD 4,North East,All Routes,All Stages,All Ages,All Years
.5,.88999999,.86000001,.92000002,All Persons,IMD 4,North East,All Routes,All Stages,All Ages,All Years
.75,.85000002,.81999999,.88,All Persons,IMD 4,North East,All Routes,All Stages,All Ages,All Years
1,.80000001,.75999999,.83999997,All Persons,IMD 4,North East,All Routes,All Stages,All Ages,All Years
1.25,.75,.70999998,.80000001,All Persons,IMD 4,North East,All Routes,All Stages,All Ages,All Years
1.5,.74000001,.69999999,.77999997,All Persons,IMD 4,North East,All Routes,All Stages,All Ages,All Years
1.75,.70999998,.67000002,.75999999,All Persons,IMD 4,North East,All Routes,All Stages,All Ages,All Years
2,.69999999,.66000003,.74000001,All Persons,IMD 4,North East,All Routes,All Stages,All Ages,All Years
2.25,.69,.63999999,.73000002,All Persons,IMD 4,North East,All Routes,All Stages,All Ages,All Years
2.5,.67000002,.63,.72000003,All Persons,IMD 4,North East,All Routes,All Stages,All Ages,All Years
2.75,.67000002,.62,.72000003,All Persons,IMD 4,North East,All Routes,All Stages,All Ages,All Years
3,.66000003,.61000001,.70999998,All Persons,IMD 4,North East,All Routes,All Stages,All Ages,All Years
3.25,.64999998,.61000001,.69999999,All Persons,IMD 4,North East,All Routes,All Stages,All Ages,All Years
3.5,.64999998,.60000002,.69999999,All Persons,IMD 4,North East,All Routes,All Stages,All Ages,All Years
3.75,.63999999,.58999997,.69,All Persons,IMD 4,North East,All Routes,All Stages,All Ages,All Years
4,.63,.57999998,.68000001,All Persons,IMD 4,North East,All Routes,All Stages,All Ages,All Years
4.25,.63,.57999998,.68000001,All Persons,IMD 4,North East,All Routes,All Stages,All Ages,All Years
4.5,.63,.57999998,.68000001,All Persons,IMD 4,North East,All Routes,All Stages,All Ages,All Years
4.75,.62,.56999999,.67000002,All Persons,IMD 4,North East,All Routes,All Stages,All Ages,All Years
5,.60000002,.55000001,.66000003,All Persons,IMD 4,North East,All Routes,All Stages,All Ages,All Years
0,1,1,1,All Persons,IMD 4,North West,All Routes,All Stages,All Ages,All Years
.25,.94,.92000002,.94999999,All Persons,IMD 4,North West,All Routes,All Stages,All Ages,All Years
.5,.88999999,.87,.89999998,All Persons,IMD 4,North West,All Routes,All Stages,All Ages,All Years
.75,.85000002,.82999998,.87,All Persons,IMD 4,North West,All Routes,All Stages,All Ages,All Years
1,.81999999,.80000001,.83999997,All Persons,IMD 4,North West,All Routes,All Stages,All Ages,All Years
1.25,.79000002,.76999998,.81999999,All Persons,IMD 4,North West,All Routes,All Stages,All Ages,All Years
1.5,.76999998,.75,.80000001,All Persons,IMD 4,North West,All Routes,All Stages,All Ages,All Years
1.75,.75,.72000003,.76999998,All Persons,IMD 4,North West,All Routes,All Stages,All Ages,All Years
2,.73000002,.70999998,.75999999,All Persons,IMD 4,North West,All Routes,All Stages,All Ages,All Years
2.25,.70999998,.69,.74000001,All Persons,IMD 4,North West,All Routes,All Stages,All Ages,All Years
2.5,.69999999,.67000002,.72000003,All Persons,IMD 4,North West,All Routes,All Stages,All Ages,All Years
2.75,.68000001,.66000003,.70999998,All Persons,IMD 4,North West,All Routes,All Stages,All Ages,All Years
3,.67000002,.63999999,.69999999,All Persons,IMD 4,North West,All Routes,All Stages,All Ages,All Years
3.25,.66000003,.63,.69,All Persons,IMD 4,North West,All Routes,All Stages,All Ages,All Years
3.5,.63999999,.62,.67000002,All Persons,IMD 4,North West,All Routes,All Stages,All Ages,All Years
3.75,.63,.61000001,.66000003,All Persons,IMD 4,North West,All Routes,All Stages,All Ages,All Years
4,.63,.60000002,.66000003,All Persons,IMD 4,North West,All Routes,All Stages,All Ages,All Years
4.25,.62,.58999997,.64999998,All Persons,IMD 4,North West,All Routes,All Stages,All Ages,All Years
4.5,.62,.58999997,.64999998,All Persons,IMD 4,North West,All Routes,All Stages,All Ages,All Years
4.75,.60000002,.56,.63,All Persons,IMD 4,North West,All Routes,All Stages,All Ages,All Years
5,.58999997,.56,.62,All Persons,IMD 4,North West,All Routes,All Stages,All Ages,All Years
0,1,1,1,All Persons,IMD 4,South East,All Routes,All Stages,All Ages,All Years
.25,.94,.93000001,.94999999,All Persons,IMD 4,South East,All Routes,All Stages,All Ages,All Years
.5,.88999999,.88,.89999998,All Persons,IMD 4,South East,All Routes,All Stages,All Ages,All Years
.75,.83999997,.82999998,.86000001,All Persons,IMD 4,South East,All Routes,All Stages,All Ages,All Years
1,.81,.79000002,.81999999,All Persons,IMD 4,South East,All Routes,All Stages,All Ages,All Years
1.25,.77999997,.75999999,.79000002,All Persons,IMD 4,South East,All Routes,All Stages,All Ages,All Years
1.5,.75,.73000002,.76999998,All Persons,IMD 4,South East,All Routes,All Stages,All Ages,All Years
1.75,.73000002,.70999998,.75,All Persons,IMD 4,South East,All Routes,All Stages,All Ages,All Years
2,.70999998,.69,.73000002,All Persons,IMD 4,South East,All Routes,All Stages,All Ages,All Years
2.25,.69,.67000002,.70999998,All Persons,IMD 4,South East,All Routes,All Stages,All Ages,All Years
2.5,.68000001,.66000003,.69999999,All Persons,IMD 4,South East,All Routes,All Stages,All Ages,All Years
2.75,.66000003,.63999999,.68000001,All Persons,IMD 4,South East,All Routes,All Stages,All Ages,All Years
3,.64999998,.63,.67000002,All Persons,IMD 4,South East,All Routes,All Stages,All Ages,All Years
3.25,.63999999,.62,.66000003,All Persons,IMD 4,South East,All Routes,All Stages,All Ages,All Years
3.5,.63,.61000001,.64999998,All Persons,IMD 4,South East,All Routes,All Stages,All Ages,All Years
3.75,.62,.60000002,.63999999,All Persons,IMD 4,South East,All Routes,All Stages,All Ages,All Years
4,.61000001,.58999997,.63,All Persons,IMD 4,South East,All Routes,All Stages,All Ages,All Years
4.25,.60000002,.57999998,.62,All Persons,IMD 4,South East,All Routes,All Stages,All Ages,All Years
4.5,.58999997,.56999999,.62,All Persons,IMD 4,South East,All Routes,All Stages,All Ages,All Years
4.75,.57999998,.56,.61000001,All Persons,IMD 4,South East,All Routes,All Stages,All Ages,All Years
5,.56999999,.55000001,.60000002,All Persons,IMD 4,South East,All Routes,All Stages,All Ages,All Years
0,1,1,1,All Persons,IMD 4,South West,All Routes,All Stages,All Ages,All Years
.25,.94,.93000001,.94999999,All Persons,IMD 4,South West,All Routes,All Stages,All Ages,All Years
.5,.88,.87,.89999998,All Persons,IMD 4,South West,All Routes,All Stages,All Ages,All Years
.75,.83999997,.81999999,.86000001,All Persons,IMD 4,South West,All Routes,All Stages,All Ages,All Years
1,.80000001,.77999997,.81999999,All Persons,IMD 4,South West,All Routes,All Stages,All Ages,All Years
1.25,.76999998,.75,.80000001,All Persons,IMD 4,South West,All Routes,All Stages,All Ages,All Years
1.5,.75,.72000003,.76999998,All Persons,IMD 4,South West,All Routes,All Stages,All Ages,All Years
1.75,.72000003,.69999999,.74000001,All Persons,IMD 4,South West,All Routes,All Stages,All Ages,All Years
2,.70999998,.68000001,.73000002,All Persons,IMD 4,South West,All Routes,All Stages,All Ages,All Years
2.25,.69,.66000003,.70999998,All Persons,IMD 4,South West,All Routes,All Stages,All Ages,All Years
2.5,.67000002,.64999998,.69999999,All Persons,IMD 4,South West,All Routes,All Stages,All Ages,All Years
2.75,.64999998,.63,.68000001,All Persons,IMD 4,South West,All Routes,All Stages,All Ages,All Years
3,.63999999,.62,.67000002,All Persons,IMD 4,South West,All Routes,All Stages,All Ages,All Years
3.25,.63,.60000002,.66000003,All Persons,IMD 4,South West,All Routes,All Stages,All Ages,All Years
3.5,.62,.60000002,.64999998,All Persons,IMD 4,South West,All Routes,All Stages,All Ages,All Years
3.75,.61000001,.57999998,.63999999,All Persons,IMD 4,South West,All Routes,All Stages,All Ages,All Years
4,.60000002,.56999999,.63,All Persons,IMD 4,South West,All Routes,All Stages,All Ages,All Years
4.25,.58999997,.56,.62,All Persons,IMD 4,South West,All Routes,All Stages,All Ages,All Years
4.5,.58999997,.56,.62,All Persons,IMD 4,South West,All Routes,All Stages,All Ages,All Years
4.75,.57999998,.55000001,.61000001,All Persons,IMD 4,South West,All Routes,All Stages,All Ages,All Years
5,.56999999,.54000002,.60000002,All Persons,IMD 4,South West,All Routes,All Stages,All Ages,All Years
0,1,1,1,All Persons,IMD 4,West Midlands,All Routes,All Stages,All Ages,All Years
.25,.92000002,.89999998,.94,All Persons,IMD 4,West Midlands,All Routes,All Stages,All Ages,All Years
.5,.87,.85000002,.88999999,All Persons,IMD 4,West Midlands,All Routes,All Stages,All Ages,All Years
.75,.82999998,.80000001,.85000002,All Persons,IMD 4,West Midlands,All Routes,All Stages,All Ages,All Years
1,.80000001,.77999997,.81999999,All Persons,IMD 4,West Midlands,All Routes,All Stages,All Ages,All Years
1.25,.76999998,.75,.80000001,All Persons,IMD 4,West Midlands,All Routes,All Stages,All Ages,All Years
1.5,.74000001,.72000003,.76999998,All Persons,IMD 4,West Midlands,All Routes,All Stages,All Ages,All Years
1.75,.73000002,.70999998,.75999999,All Persons,IMD 4,West Midlands,All Routes,All Stages,All Ages,All Years
2,.72000003,.69,.75,All Persons,IMD 4,West Midlands,All Routes,All Stages,All Ages,All Years
2.25,.69999999,.67000002,.73000002,All Persons,IMD 4,West Midlands,All Routes,All Stages,All Ages,All Years
2.5,.68000001,.66000003,.70999998,All Persons,IMD 4,West Midlands,All Routes,All Stages,All Ages,All Years
2.75,.67000002,.63999999,.69999999,All Persons,IMD 4,West Midlands,All Routes,All Stages,All Ages,All Years
3,.66000003,.63,.69,All Persons,IMD 4,West Midlands,All Routes,All Stages,All Ages,All Years
3.25,.64999998,.62,.68000001,All Persons,IMD 4,West Midlands,All Routes,All Stages,All Ages,All Years
3.5,.63999999,.61000001,.67000002,All Persons,IMD 4,West Midlands,All Routes,All Stages,All Ages,All Years
3.75,.63,.60000002,.66000003,All Persons,IMD 4,West Midlands,All Routes,All Stages,All Ages,All Years
4,.61000001,.57999998,.63999999,All Persons,IMD 4,West Midlands,All Routes,All Stages,All Ages,All Years
4.25,.60000002,.56999999,.63999999,All Persons,IMD 4,West Midlands,All Routes,All Stages,All Ages,All Years
4.5,.60000002,.56,.63,All Persons,IMD 4,West Midlands,All Routes,All Stages,All Ages,All Years
4.75,.58999997,.56,.62,All Persons,IMD 4,West Midlands,All Routes,All Stages,All Ages,All Years
5,.56999999,.54000002,.61000001,All Persons,IMD 4,West Midlands,All Routes,All Stages,All Ages,All Years
0,1,1,1,All Persons,IMD 4,Yorkshire and The Humber,All Routes,All Stages,All Ages,All Years
.25,.94,.93000001,.94999999,All Persons,IMD 4,Yorkshire and The Humber,All Routes,All Stages,All Ages,All Years
.5,.88999999,.87,.91000003,All Persons,IMD 4,Yorkshire and The Humber,All Routes,All Stages,All Ages,All Years
.75,.83999997,.81999999,.87,All Persons,IMD 4,Yorkshire and The Humber,All Routes,All Stages,All Ages,All Years
1,.81,.79000002,.83999997,All Persons,IMD 4,Yorkshire and The Humber,All Routes,All Stages,All Ages,All Years
1.25,.77999997,.75999999,.81,All Persons,IMD 4,Yorkshire and The Humber,All Routes,All Stages,All Ages,All Years
1.5,.75999999,.74000001,.79000002,All Persons,IMD 4,Yorkshire and The Humber,All Routes,All Stages,All Ages,All Years
1.75,.74000001,.72000003,.76999998,All Persons,IMD 4,Yorkshire and The Humber,All Routes,All Stages,All Ages,All Years
2,.73000002,.69999999,.75,All Persons,IMD 4,Yorkshire and The Humber,All Routes,All Stages,All Ages,All Years
2.25,.70999998,.69,.74000001,All Persons,IMD 4,Yorkshire and The Humber,All Routes,All Stages,All Ages,All Years
2.5,.69999999,.67000002,.73000002,All Persons,IMD 4,Yorkshire and The Humber,All Routes,All Stages,All Ages,All Years
2.75,.69,.66000003,.72000003,All Persons,IMD 4,Yorkshire and The Humber,All Routes,All Stages,All Ages,All Years
3,.68000001,.64999998,.70999998,All Persons,IMD 4,Yorkshire and The Humber,All Routes,All Stages,All Ages,All Years
3.25,.67000002,.63999999,.69999999,All Persons,IMD 4,Yorkshire and The Humber,All Routes,All Stages,All Ages,All Years
3.5,.66000003,.63,.69,All Persons,IMD 4,Yorkshire and The Humber,All Routes,All Stages,All Ages,All Years
3.75,.64999998,.62,.68000001,All Persons,IMD 4,Yorkshire and The Humber,All Routes,All Stages,All Ages,All Years
4,.63999999,.61000001,.67000002,All Persons,IMD 4,Yorkshire and The Humber,All Routes,All Stages,All Ages,All Years
4.25,.63,.60000002,.66000003,All Persons,IMD 4,Yorkshire and The Humber,All Routes,All Stages,All Ages,All Years
4.5,.62,.58999997,.64999998,All Persons,IMD 4,Yorkshire and The Humber,All Routes,All Stages,All Ages,All Years
4.75,.62,.57999998,.64999998,All Persons,IMD 4,Yorkshire and The Humber,All Routes,All Stages,All Ages,All Years
5,.60000002,.56,.63,All Persons,IMD 4,Yorkshire and The Humber,All Routes,All Stages,All Ages,All Years
0,1,.99000001,1,All Persons,IMD 4,All Regions,Emergency,All Stages,All Ages,All Years
.25,.72000003,.67000002,.76999998,All Persons,IMD 4,All Regions,Emergency,All Stages,All Ages,All Years
.5,.60000002,.54000002,.64999998,All Persons,IMD 4,All Regions,Emergency,All Stages,All Ages,All Years
.75,.51999998,.47,.56999999,All Persons,IMD 4,All Regions,Emergency,All Stages,All Ages,All Years
1,.46000001,.41,.50999999,All Persons,IMD 4,All Regions,Emergency,All Stages,All Ages,All Years
1.25,.43000001,.38,.47999999,All Persons,IMD 4,All Regions,Emergency,All Stages,All Ages,All Years
1.5,.40000001,.34999999,.44999999,All Persons,IMD 4,All Regions,Emergency,All Stages,All Ages,All Years
1.75,.38,.33000001,.43000001,All Persons,IMD 4,All Regions,Emergency,All Stages,All Ages,All Years
2,.34999999,.30000001,.40000001,All Persons,IMD 4,All Regions,Emergency,All Stages,All Ages,All Years
2.25,.34,.28999999,.38999999,All Persons,IMD 4,All Regions,Emergency,All Stages,All Ages,All Years
2.75,.31,.25999999,.36000001,All Persons,IMD 4,All Regions,Emergency,All Stages,All Ages,All Years
3,.30000001,.25999999,.34999999,All Persons,IMD 4,All Regions,Emergency,All Stages,All Ages,All Years
3.25,.28999999,.23999999,.34,All Persons,IMD 4,All Regions,Emergency,All Stages,All Ages,All Years
3.5,.28,.23999999,.33000001,All Persons,IMD 4,All Regions,Emergency,All Stages,All Ages,All Years
3.75,.28,.23999999,.33000001,All Persons,IMD 4,All Regions,Emergency,All Stages,All Ages,All Years
4,.28,.23,.33000001,All Persons,IMD 4,All Regions,Emergency,All Stages,All Ages,All Years
4.25,.27000001,.23,.31999999,All Persons,IMD 4,All Regions,Emergency,All Stages,All Ages,All Years
4.5,.27000001,.22,.31,All Persons,IMD 4,All Regions,Emergency,All Stages,All Ages,All Years
4.75,.25999999,.20999999,.30000001,All Persons,IMD 4,All Regions,Emergency,All Stages,All Ages,All Years
5,.25999999,.20999999,.30000001,All Persons,IMD 4,All Regions,Emergency,All Stages,All Ages,All Years
0,1,1,1,All Persons,IMD 4,All Regions,Non-emergency,All Stages,All Ages,All Years
.25,.95999998,.94999999,.95999998,All Persons,IMD 4,All Regions,Non-emergency,All Stages,All Ages,All Years
.5,.91000003,.91000003,.92000002,All Persons,IMD 4,All Regions,Non-emergency,All Stages,All Ages,All Years
.75,.87,.86000001,.88,All Persons,IMD 4,All Regions,Non-emergency,All Stages,All Ages,All Years
1,.82999998,.81999999,.85000002,All Persons,IMD 4,All Regions,Non-emergency,All Stages,All Ages,All Years
1.25,.81,.80000001,.81999999,All Persons,IMD 4,All Regions,Non-emergency,All Stages,All Ages,All Years
1.5,.77999997,.76999998,.79000002,All Persons,IMD 4,All Regions,Non-emergency,All Stages,All Ages,All Years
1.75,.75999999,.74000001,.76999998,All Persons,IMD 4,All Regions,Non-emergency,All Stages,All Ages,All Years
2,.74000001,.73000002,.75,All Persons,IMD 4,All Regions,Non-emergency,All Stages,All Ages,All Years
2.25,.72000003,.70999998,.74000001,All Persons,IMD 4,All Regions,Non-emergency,All Stages,All Ages,All Years
2.5,.70999998,.69999999,.72000003,All Persons,IMD 4,All Regions,Non-emergency,All Stages,All Ages,All Years
2.75,.69,.68000001,.70999998,All Persons,IMD 4,All Regions,Non-emergency,All Stages,All Ages,All Years
3,.68000001,.67000002,.69,All Persons,IMD 4,All Regions,Non-emergency,All Stages,All Ages,All Years
3.25,.67000002,.66000003,.68000001,All Persons,IMD 4,All Regions,Non-emergency,All Stages,All Ages,All Years
3.5,.66000003,.64999998,.68000001,All Persons,IMD 4,All Regions,Non-emergency,All Stages,All Ages,All Years
3.75,.64999998,.63999999,.67000002,All Persons,IMD 4,All Regions,Non-emergency,All Stages,All Ages,All Years
4,.63999999,.63,.66000003,All Persons,IMD 4,All Regions,Non-emergency,All Stages,All Ages,All Years
4.25,.63,.62,.64999998,All Persons,IMD 4,All Regions,Non-emergency,All Stages,All Ages,All Years
4.5,.63,.61000001,.63999999,All Persons,IMD 4,All Regions,Non-emergency,All Stages,All Ages,All Years
4.75,.62,.60000002,.63,All Persons,IMD 4,All Regions,Non-emergency,All Stages,All Ages,All Years
5,.61000001,.58999997,.62,All Persons,IMD 4,All Regions,Non-emergency,All Stages,All Ages,All Years
0,1,1,1,All Persons,IMD 4,All Regions,All Routes,Early,All Ages,All Years
.25,.99000001,.99000001,.99000001,All Persons,IMD 4,All Regions,All Routes,Early,All Ages,All Years
.5,.97000003,.97000003,.98000002,All Persons,IMD 4,All Regions,All Routes,Early,All Ages,All Years
.75,.95999998,.94999999,.97000003,All Persons,IMD 4,All Regions,All Routes,Early,All Ages,All Years
1,.94,.93000001,.94999999,All Persons,IMD 4,All Regions,All Routes,Early,All Ages,All Years
1.25,.93000001,.92000002,.94,All Persons,IMD 4,All Regions,All Routes,Early,All Ages,All Years
1.5,.91000003,.91000003,.92000002,All Persons,IMD 4,All Regions,All Routes,Early,All Ages,All Years
1.75,.89999998,.88999999,.91000003,All Persons,IMD 4,All Regions,All Routes,Early,All Ages,All Years
2,.88999999,.88,.89999998,All Persons,IMD 4,All Regions,All Routes,Early,All Ages,All Years
2.25,.87,.86000001,.88,All Persons,IMD 4,All Regions,All Routes,Early,All Ages,All Years
2.5,.86000001,.85000002,.87,All Persons,IMD 4,All Regions,All Routes,Early,All Ages,All Years
2.75,.83999997,.82999998,.86000001,All Persons,IMD 4,All Regions,All Routes,Early,All Ages,All Years
3,.82999998,.81999999,.83999997,All Persons,IMD 4,All Regions,All Routes,Early,All Ages,All Years
3.25,.81999999,.81,.82999998,All Persons,IMD 4,All Regions,All Routes,Early,All Ages,All Years
3.5,.81,.80000001,.82999998,All Persons,IMD 4,All Regions,All Routes,Early,All Ages,All Years
3.75,.80000001,.79000002,.81999999,All Persons,IMD 4,All Regions,All Routes,Early,All Ages,All Years
4,.79000002,.77999997,.81,All Persons,IMD 4,All Regions,All Routes,Early,All Ages,All Years
4.25,.79000002,.76999998,.80000001,All Persons,IMD 4,All Regions,All Routes,Early,All Ages,All Years
4.5,.77999997,.75999999,.79000002,All Persons,IMD 4,All Regions,All Routes,Early,All Ages,All Years
4.75,.75999999,.75,.77999997,All Persons,IMD 4,All Regions,All Routes,Early,All Ages,All Years
5,.75,.73000002,.76999998,All Persons,IMD 4,All Regions,All Routes,Early,All Ages,All Years
0,1,1,1,All Persons,IMD 4,All Regions,All Routes,Advanced,All Ages,All Years
.25,.92000002,.91000003,.92000002,All Persons,IMD 4,All Regions,All Routes,Advanced,All Ages,All Years
.5,.83999997,.82999998,.85000002,All Persons,IMD 4,All Regions,All Routes,Advanced,All Ages,All Years
.75,.77999997,.75999999,.79000002,All Persons,IMD 4,All Regions,All Routes,Advanced,All Ages,All Years
1,.72000003,.70999998,.73000002,All Persons,IMD 4,All Regions,All Routes,Advanced,All Ages,All Years
1.25,.68000001,.67000002,.69,All Persons,IMD 4,All Regions,All Routes,Advanced,All Ages,All Years
1.5,.64999998,.63999999,.66000003,All Persons,IMD 4,All Regions,All Routes,Advanced,All Ages,All Years
1.75,.62,.61000001,.63999999,All Persons,IMD 4,All Regions,All Routes,Advanced,All Ages,All Years
2,.60000002,.58999997,.62,All Persons,IMD 4,All Regions,All Routes,Advanced,All Ages,All Years
2.25,.57999998,.56999999,.60000002,All Persons,IMD 4,All Regions,All Routes,Advanced,All Ages,All Years
2.5,.56999999,.56,.57999998,All Persons,IMD 4,All Regions,All Routes,Advanced,All Ages,All Years
2.75,.56,.54000002,.56999999,All Persons,IMD 4,All Regions,All Routes,Advanced,All Ages,All Years
3,.55000001,.52999997,.56,All Persons,IMD 4,All Regions,All Routes,Advanced,All Ages,All Years
3.25,.54000002,.51999998,.55000001,All Persons,IMD 4,All Regions,All Routes,Advanced,All Ages,All Years
3.5,.52999997,.50999999,.54000002,All Persons,IMD 4,All Regions,All Routes,Advanced,All Ages,All Years
3.75,.51999998,.5,.52999997,All Persons,IMD 4,All Regions,All Routes,Advanced,All Ages,All Years
4,.50999999,.49000001,.51999998,All Persons,IMD 4,All Regions,All Routes,Advanced,All Ages,All Years
4.25,.5,.49000001,.50999999,All Persons,IMD 4,All Regions,All Routes,Advanced,All Ages,All Years
4.5,.49000001,.47999999,.50999999,All Persons,IMD 4,All Regions,All Routes,Advanced,All Ages,All Years
4.75,.49000001,.47,.5,All Persons,IMD 4,All Regions,All Routes,Advanced,All Ages,All Years
5,.47999999,.46000001,.49000001,All Persons,IMD 4,All Regions,All Routes,Advanced,All Ages,All Years
0,1,1,1,All Persons,IMD 4,All Regions,All Routes,All Stages,0-49,All Years
.25,.98000002,.97000003,.99000001,All Persons,IMD 4,All Regions,All Routes,All Stages,0-49,All Years
.5,.97000003,.94999999,.98000002,All Persons,IMD 4,All Regions,All Routes,All Stages,0-49,All Years
.75,.94,.93000001,.95999998,All Persons,IMD 4,All Regions,All Routes,All Stages,0-49,All Years
1,.92000002,.89999998,.94,All Persons,IMD 4,All Regions,All Routes,All Stages,0-49,All Years
1.25,.91000003,.88999999,.92000002,All Persons,IMD 4,All Regions,All Routes,All Stages,0-49,All Years
1.5,.88999999,.87,.91000003,All Persons,IMD 4,All Regions,All Routes,All Stages,0-49,All Years
1.75,.88,.86000001,.89999998,All Persons,IMD 4,All Regions,All Routes,All Stages,0-49,All Years
2,.87,.85000002,.88999999,All Persons,IMD 4,All Regions,All Routes,All Stages,0-49,All Years
2.25,.86000001,.83999997,.88,All Persons,IMD 4,All Regions,All Routes,All Stages,0-49,All Years
2.5,.85000002,.82999998,.87,All Persons,IMD 4,All Regions,All Routes,All Stages,0-49,All Years
2.75,.83999997,.81999999,.87,All Persons,IMD 4,All Regions,All Routes,All Stages,0-49,All Years
3,.83999997,.81999999,.86000001,All Persons,IMD 4,All Regions,All Routes,All Stages,0-49,All Years
3.25,.83999997,.81,.86000001,All Persons,IMD 4,All Regions,All Routes,All Stages,0-49,All Years
3.5,.82999998,.81,.86000001,All Persons,IMD 4,All Regions,All Routes,All Stages,0-49,All Years
3.75,.82999998,.81,.85000002,All Persons,IMD 4,All Regions,All Routes,All Stages,0-49,All Years
4,.82999998,.80000001,.85000002,All Persons,IMD 4,All Regions,All Routes,All Stages,0-49,All Years
4.25,.82999998,.80000001,.85000002,All Persons,IMD 4,All Regions,All Routes,All Stages,0-49,All Years
4.5,.81999999,.79000002,.83999997,All Persons,IMD 4,All Regions,All Routes,All Stages,0-49,All Years
4.75,.81999999,.79000002,.83999997,All Persons,IMD 4,All Regions,All Routes,All Stages,0-49,All Years
5,.81,.77999997,.83999997,All Persons,IMD 4,All Regions,All Routes,All Stages,0-49,All Years
0,1,1,1,All Persons,IMD 4,All Regions,All Routes,All Stages,50-54,All Years
.25,.98000002,.97000003,.99000001,All Persons,IMD 4,All Regions,All Routes,All Stages,50-54,All Years
.5,.94999999,.94,.95999998,All Persons,IMD 4,All Regions,All Routes,All Stages,50-54,All Years
.75,.93000001,.91000003,.94,All Persons,IMD 4,All Regions,All Routes,All Stages,50-54,All Years
1,.89999998,.88,.92000002,All Persons,IMD 4,All Regions,All Routes,All Stages,50-54,All Years
1.25,.88,.86000001,.89999998,All Persons,IMD 4,All Regions,All Routes,All Stages,50-54,All Years
1.5,.87,.85000002,.88999999,All Persons,IMD 4,All Regions,All Routes,All Stages,50-54,All Years
1.75,.83999997,.81999999,.86000001,All Persons,IMD 4,All Regions,All Routes,All Stages,50-54,All Years
2,.82999998,.81,.86000001,All Persons,IMD 4,All Regions,All Routes,All Stages,50-54,All Years
2.25,.81999999,.79000002,.83999997,All Persons,IMD 4,All Regions,All Routes,All Stages,50-54,All Years
2.5,.81,.77999997,.82999998,All Persons,IMD 4,All Regions,All Routes,All Stages,50-54,All Years
2.75,.80000001,.76999998,.81999999,All Persons,IMD 4,All Regions,All Routes,All Stages,50-54,All Years
3,.79000002,.76999998,.81999999,All Persons,IMD 4,All Regions,All Routes,All Stages,50-54,All Years
3.25,.79000002,.75999999,.81,All Persons,IMD 4,All Regions,All Routes,All Stages,50-54,All Years
3.5,.77999997,.75,.81,All Persons,IMD 4,All Regions,All Routes,All Stages,50-54,All Years
3.75,.77999997,.75,.81,All Persons,IMD 4,All Regions,All Routes,All Stages,50-54,All Years
4,.76999998,.75,.80000001,All Persons,IMD 4,All Regions,All Routes,All Stages,50-54,All Years
4.25,.75999999,.73000002,.79000002,All Persons,IMD 4,All Regions,All Routes,All Stages,50-54,All Years
4.5,.75,.72000003,.77999997,All Persons,IMD 4,All Regions,All Routes,All Stages,50-54,All Years
4.75,.74000001,.70999998,.76999998,All Persons,IMD 4,All Regions,All Routes,All Stages,50-54,All Years
5,.73000002,.69999999,.76999998,All Persons,IMD 4,All Regions,All Routes,All Stages,50-54,All Years
0,1,1,1,All Persons,IMD 4,All Regions,All Routes,All Stages,55-59,All Years
.25,.97000003,.95999998,.98000002,All Persons,IMD 4,All Regions,All Routes,All Stages,55-59,All Years
.5,.94,.93000001,.94999999,All Persons,IMD 4,All Regions,All Routes,All Stages,55-59,All Years
.75,.91000003,.88999999,.92000002,All Persons,IMD 4,All Regions,All Routes,All Stages,55-59,All Years
1,.88,.86000001,.89999998,All Persons,IMD 4,All Regions,All Routes,All Stages,55-59,All Years
1.25,.85000002,.82999998,.87,All Persons,IMD 4,All Regions,All Routes,All Stages,55-59,All Years
1.5,.82999998,.81,.85000002,All Persons,IMD 4,All Regions,All Routes,All Stages,55-59,All Years
1.75,.81999999,.80000001,.83999997,All Persons,IMD 4,All Regions,All Routes,All Stages,55-59,All Years
2,.81,.79000002,.82999998,All Persons,IMD 4,All Regions,All Routes,All Stages,55-59,All Years
2.25,.79000002,.76999998,.81,All Persons,IMD 4,All Regions,All Routes,All Stages,55-59,All Years
2.5,.77999997,.75,.80000001,All Persons,IMD 4,All Regions,All Routes,All Stages,55-59,All Years
2.75,.76999998,.74000001,.79000002,All Persons,IMD 4,All Regions,All Routes,All Stages,55-59,All Years
3,.75999999,.73000002,.77999997,All Persons,IMD 4,All Regions,All Routes,All Stages,55-59,All Years
3.25,.75,.73000002,.77999997,All Persons,IMD 4,All Regions,All Routes,All Stages,55-59,All Years
3.5,.74000001,.72000003,.76999998,All Persons,IMD 4,All Regions,All Routes,All Stages,55-59,All Years
3.75,.73000002,.70999998,.75999999,All Persons,IMD 4,All Regions,All Routes,All Stages,55-59,All Years
4,.72000003,.69,.75,All Persons,IMD 4,All Regions,All Routes,All Stages,55-59,All Years
4.25,.70999998,.69,.74000001,All Persons,IMD 4,All Regions,All Routes,All Stages,55-59,All Years
4.5,.70999998,.69,.74000001,All Persons,IMD 4,All Regions,All Routes,All Stages,55-59,All Years
4.75,.69999999,.68000001,.73000002,All Persons,IMD 4,All Regions,All Routes,All Stages,55-59,All Years
5,.69999999,.67000002,.73000002,All Persons,IMD 4,All Regions,All Routes,All Stages,55-59,All Years
0,1,1,1,All Persons,IMD 4,All Regions,All Routes,All Stages,60-64,All Years
.25,.95999998,.94999999,.97000003,All Persons,IMD 4,All Regions,All Routes,All Stages,60-64,All Years
.5,.93000001,.92000002,.94,All Persons,IMD 4,All Regions,All Routes,All Stages,60-64,All Years
.75,.88999999,.88,.91000003,All Persons,IMD 4,All Regions,All Routes,All Stages,60-64,All Years
1,.86000001,.83999997,.88,All Persons,IMD 4,All Regions,All Routes,All Stages,60-64,All Years
1.25,.82999998,.81,.85000002,All Persons,IMD 4,All Regions,All Routes,All Stages,60-64,All Years
1.5,.81,.79000002,.82999998,All Persons,IMD 4,All Regions,All Routes,All Stages,60-64,All Years
1.75,.79000002,.76999998,.81,All Persons,IMD 4,All Regions,All Routes,All Stages,60-64,All Years
2,.76999998,.75,.79000002,All Persons,IMD 4,All Regions,All Routes,All Stages,60-64,All Years
2.25,.75,.73000002,.77999997,All Persons,IMD 4,All Regions,All Routes,All Stages,60-64,All Years
2.5,.74000001,.72000003,.76999998,All Persons,IMD 4,All Regions,All Routes,All Stages,60-64,All Years
2.75,.73000002,.70999998,.75,All Persons,IMD 4,All Regions,All Routes,All Stages,60-64,All Years
3,.72000003,.69999999,.74000001,All Persons,IMD 4,All Regions,All Routes,All Stages,60-64,All Years
3.25,.70999998,.69,.74000001,All Persons,IMD 4,All Regions,All Routes,All Stages,60-64,All Years
3.5,.69999999,.68000001,.73000002,All Persons,IMD 4,All Regions,All Routes,All Stages,60-64,All Years
3.75,.69,.67000002,.72000003,All Persons,IMD 4,All Regions,All Routes,All Stages,60-64,All Years
4,.69,.66000003,.70999998,All Persons,IMD 4,All Regions,All Routes,All Stages,60-64,All Years
4.25,.68000001,.66000003,.70999998,All Persons,IMD 4,All Regions,All Routes,All Stages,60-64,All Years
4.5,.67000002,.64999998,.69999999,All Persons,IMD 4,All Regions,All Routes,All Stages,60-64,All Years
4.75,.67000002,.63999999,.69999999,All Persons,IMD 4,All Regions,All Routes,All Stages,60-64,All Years
5,.66000003,.63,.69,All Persons,IMD 4,All Regions,All Routes,All Stages,60-64,All Years
0,1,1,1,All Persons,IMD 4,All Regions,All Routes,All Stages,65-69,All Years
.25,.94999999,.94,.95999998,All Persons,IMD 4,All Regions,All Routes,All Stages,65-69,All Years
.5,.89999998,.88,.91000003,All Persons,IMD 4,All Regions,All Routes,All Stages,65-69,All Years
.75,.86000001,.83999997,.87,All Persons,IMD 4,All Regions,All Routes,All Stages,65-69,All Years
1,.81999999,.80000001,.82999998,All Persons,IMD 4,All Regions,All Routes,All Stages,65-69,All Years
1.25,.79000002,.76999998,.80000001,All Persons,IMD 4,All Regions,All Routes,All Stages,65-69,All Years
1.5,.75999999,.74000001,.77999997,All Persons,IMD 4,All Regions,All Routes,All Stages,65-69,All Years
1.75,.73000002,.70999998,.75999999,All Persons,IMD 4,All Regions,All Routes,All Stages,65-69,All Years
2,.72000003,.69999999,.74000001,All Persons,IMD 4,All Regions,All Routes,All Stages,65-69,All Years
2.25,.69999999,.68000001,.73000002,All Persons,IMD 4,All Regions,All Routes,All Stages,65-69,All Years
2.5,.69,.66000003,.70999998,All Persons,IMD 4,All Regions,All Routes,All Stages,65-69,All Years
2.75,.68000001,.64999998,.69999999,All Persons,IMD 4,All Regions,All Routes,All Stages,65-69,All Years
3,.66000003,.63999999,.69,All Persons,IMD 4,All Regions,All Routes,All Stages,65-69,All Years
3.25,.66000003,.63,.68000001,All Persons,IMD 4,All Regions,All Routes,All Stages,65-69,All Years
3.5,.64999998,.62,.67000002,All Persons,IMD 4,All Regions,All Routes,All Stages,65-69,All Years
3.75,.63999999,.61000001,.66000003,All Persons,IMD 4,All Regions,All Routes,All Stages,65-69,All Years
4,.63,.60000002,.66000003,All Persons,IMD 4,All Regions,All Routes,All Stages,65-69,All Years
4.25,.62,.60000002,.64999998,All Persons,IMD 4,All Regions,All Routes,All Stages,65-69,All Years
4.5,.62,.58999997,.63999999,All Persons,IMD 4,All Regions,All Routes,All Stages,65-69,All Years
4.75,.60000002,.57999998,.63,All Persons,IMD 4,All Regions,All Routes,All Stages,65-69,All Years
5,.58999997,.56,.62,All Persons,IMD 4,All Regions,All Routes,All Stages,65-69,All Years
0,1,1,1,All Persons,IMD 4,All Regions,All Routes,All Stages,70-74,All Years
.25,.94,.93000001,.94999999,All Persons,IMD 4,All Regions,All Routes,All Stages,70-74,All Years
.5,.88,.86000001,.88999999,All Persons,IMD 4,All Regions,All Routes,All Stages,70-74,All Years
.75,.81999999,.80000001,.83999997,All Persons,IMD 4,All Regions,All Routes,All Stages,70-74,All Years
1,.77999997,.75999999,.80000001,All Persons,IMD 4,All Regions,All Routes,All Stages,70-74,All Years
1.25,.75,.73000002,.76999998,All Persons,IMD 4,All Regions,All Routes,All Stages,70-74,All Years
1.5,.73000002,.70999998,.75,All Persons,IMD 4,All Regions,All Routes,All Stages,70-74,All Years
1.75,.70999998,.69,.73000002,All Persons,IMD 4,All Regions,All Routes,All Stages,70-74,All Years
2,.69,.66000003,.70999998,All Persons,IMD 4,All Regions,All Routes,All Stages,70-74,All Years
2.25,.67000002,.63999999,.69,All Persons,IMD 4,All Regions,All Routes,All Stages,70-74,All Years
2.5,.64999998,.62,.67000002,All Persons,IMD 4,All Regions,All Routes,All Stages,70-74,All Years
2.75,.63,.61000001,.66000003,All Persons,IMD 4,All Regions,All Routes,All Stages,70-74,All Years
3,.62,.58999997,.63999999,All Persons,IMD 4,All Regions,All Routes,All Stages,70-74,All Years
3.25,.60000002,.56999999,.62,All Persons,IMD 4,All Regions,All Routes,All Stages,70-74,All Years
3.5,.58999997,.56,.62,All Persons,IMD 4,All Regions,All Routes,All Stages,70-74,All Years
3.75,.57999998,.55000001,.60000002,All Persons,IMD 4,All Regions,All Routes,All Stages,70-74,All Years
4,.56,.52999997,.58999997,All Persons,IMD 4,All Regions,All Routes,All Stages,70-74,All Years
4.25,.55000001,.51999998,.57999998,All Persons,IMD 4,All Regions,All Routes,All Stages,70-74,All Years
4.5,.54000002,.50999999,.56999999,All Persons,IMD 4,All Regions,All Routes,All Stages,70-74,All Years
4.75,.52999997,.5,.56,All Persons,IMD 4,All Regions,All Routes,All Stages,70-74,All Years
5,.50999999,.47999999,.54000002,All Persons,IMD 4,All Regions,All Routes,All Stages,70-74,All Years
0,1,1,1,All Persons,IMD 4,All Regions,All Routes,All Stages,75-79,All Years
.25,.91000003,.88999999,.92000002,All Persons,IMD 4,All Regions,All Routes,All Stages,75-79,All Years
.5,.83999997,.81999999,.86000001,All Persons,IMD 4,All Regions,All Routes,All Stages,75-79,All Years
.75,.79000002,.75999999,.81,All Persons,IMD 4,All Regions,All Routes,All Stages,75-79,All Years
1,.74000001,.70999998,.75999999,All Persons,IMD 4,All Regions,All Routes,All Stages,75-79,All Years
1.25,.69999999,.67000002,.73000002,All Persons,IMD 4,All Regions,All Routes,All Stages,75-79,All Years
1.5,.66000003,.63999999,.69,All Persons,IMD 4,All Regions,All Routes,All Stages,75-79,All Years
1.75,.63,.60000002,.66000003,All Persons,IMD 4,All Regions,All Routes,All Stages,75-79,All Years
2,.61000001,.58999997,.63999999,All Persons,IMD 4,All Regions,All Routes,All Stages,75-79,All Years
2.25,.60000002,.56999999,.63,All Persons,IMD 4,All Regions,All Routes,All Stages,75-79,All Years
2.5,.57999998,.55000001,.61000001,All Persons,IMD 4,All Regions,All Routes,All Stages,75-79,All Years
2.75,.56,.52999997,.58999997,All Persons,IMD 4,All Regions,All Routes,All Stages,75-79,All Years
3,.54000002,.50999999,.56999999,All Persons,IMD 4,All Regions,All Routes,All Stages,75-79,All Years
3.25,.52999997,.5,.56,All Persons,IMD 4,All Regions,All Routes,All Stages,75-79,All Years
3.5,.51999998,.49000001,.55000001,All Persons,IMD 4,All Regions,All Routes,All Stages,75-79,All Years
3.75,.50999999,.47999999,.54000002,All Persons,IMD 4,All Regions,All Routes,All Stages,75-79,All Years
4,.49000001,.44999999,.51999998,All Persons,IMD 4,All Regions,All Routes,All Stages,75-79,All Years
4.25,.47999999,.44,.50999999,All Persons,IMD 4,All Regions,All Routes,All Stages,75-79,All Years
4.5,.46000001,.43000001,.5,All Persons,IMD 4,All Regions,All Routes,All Stages,75-79,All Years
4.75,.44999999,.41,.47999999,All Persons,IMD 4,All Regions,All Routes,All Stages,75-79,All Years
5,.44,.40000001,.47,All Persons,IMD 4,All Regions,All Routes,All Stages,75-79,All Years
0,1,1,1,All Persons,IMD 4,All Regions,All Routes,All Stages,80-84,All Years
.25,.87,.85000002,.89999998,All Persons,IMD 4,All Regions,All Routes,All Stages,80-84,All Years
.5,.79000002,.75999999,.81,All Persons,IMD 4,All Regions,All Routes,All Stages,80-84,All Years
.75,.70999998,.68000001,.74000001,All Persons,IMD 4,All Regions,All Routes,All Stages,80-84,All Years
1,.64999998,.62,.68000001,All Persons,IMD 4,All Regions,All Routes,All Stages,80-84,All Years
1.25,.61000001,.57999998,.64999998,All Persons,IMD 4,All Regions,All Routes,All Stages,80-84,All Years
1.5,.58999997,.55000001,.62,All Persons,IMD 4,All Regions,All Routes,All Stages,80-84,All Years
1.75,.56,.52999997,.60000002,All Persons,IMD 4,All Regions,All Routes,All Stages,80-84,All Years
2,.54000002,.50999999,.57999998,All Persons,IMD 4,All Regions,All Routes,All Stages,80-84,All Years
2.25,.50999999,.47999999,.55000001,All Persons,IMD 4,All Regions,All Routes,All Stages,80-84,All Years
2.5,.5,.46000001,.52999997,All Persons,IMD 4,All Regions,All Routes,All Stages,80-84,All Years
2.75,.47999999,.44,.50999999,All Persons,IMD 4,All Regions,All Routes,All Stages,80-84,All Years
3,.46000001,.43000001,.5,All Persons,IMD 4,All Regions,All Routes,All Stages,80-84,All Years
3.25,.44999999,.41999999,.49000001,All Persons,IMD 4,All Regions,All Routes,All Stages,80-84,All Years
3.5,.44,.40000001,.47,All Persons,IMD 4,All Regions,All Routes,All Stages,80-84,All Years
3.75,.41999999,.38999999,.46000001,All Persons,IMD 4,All Regions,All Routes,All Stages,80-84,All Years
4,.41,.37,.44,All Persons,IMD 4,All Regions,All Routes,All Stages,80-84,All Years
4.25,.40000001,.36000001,.44,All Persons,IMD 4,All Regions,All Routes,All Stages,80-84,All Years
4.5,.40000001,.36000001,.43000001,All Persons,IMD 4,All Regions,All Routes,All Stages,80-84,All Years
4.75,.38999999,.34999999,.41999999,All Persons,IMD 4,All Regions,All Routes,All Stages,80-84,All Years
5,.37,.33000001,.41,All Persons,IMD 4,All Regions,All Routes,All Stages,80-84,All Years
0,1,.99000001,1,All Persons,IMD 4,All Regions,All Routes,All Stages,85-89,All Years
.25,.83999997,.81,.87,All Persons,IMD 4,All Regions,All Routes,All Stages,85-89,All Years
.5,.70999998,.68000001,.75,All Persons,IMD 4,All Regions,All Routes,All Stages,85-89,All Years
.75,.62,.57999998,.66000003,All Persons,IMD 4,All Regions,All Routes,All Stages,85-89,All Years
1,.58999997,.54000002,.63,All Persons,IMD 4,All Regions,All Routes,All Stages,85-89,All Years
1.25,.54000002,.5,.58999997,All Persons,IMD 4,All Regions,All Routes,All Stages,85-89,All Years
1.5,.49000001,.44999999,.54000002,All Persons,IMD 4,All Regions,All Routes,All Stages,85-89,All Years
1.75,.44,.40000001,.49000001,All Persons,IMD 4,All Regions,All Routes,All Stages,85-89,All Years
2,.43000001,.38999999,.47999999,All Persons,IMD 4,All Regions,All Routes,All Stages,85-89,All Years
2.25,.41,.37,.44999999,All Persons,IMD 4,All Regions,All Routes,All Stages,85-89,All Years
2.5,.38999999,.34999999,.44,All Persons,IMD 4,All Regions,All Routes,All Stages,85-89,All Years
2.75,.38,.33000001,.41999999,All Persons,IMD 4,All Regions,All Routes,All Stages,85-89,All Years
3,.34999999,.31,.40000001,All Persons,IMD 4,All Regions,All Routes,All Stages,85-89,All Years
3.25,.34,.28999999,.38,All Persons,IMD 4,All Regions,All Routes,All Stages,85-89,All Years
3.5,.31,.27000001,.36000001,All Persons,IMD 4,All Regions,All Routes,All Stages,85-89,All Years
3.75,.30000001,.25999999,.34999999,All Persons,IMD 4,All Regions,All Routes,All Stages,85-89,All Years
4,.28999999,.23999999,.33000001,All Persons,IMD 4,All Regions,All Routes,All Stages,85-89,All Years
4.25,.28,.23999999,.33000001,All Persons,IMD 4,All Regions,All Routes,All Stages,85-89,All Years
4.5,.28,.23,.31999999,All Persons,IMD 4,All Regions,All Routes,All Stages,85-89,All Years
4.75,.28,.23,.31999999,All Persons,IMD 4,All Regions,All Routes,All Stages,85-89,All Years
5,.25999999,.20999999,.31,All Persons,IMD 4,All Regions,All Routes,All Stages,85-89,All Years
0,1,.99000001,1,All Persons,IMD 4,All Regions,All Routes,All Stages,90+,All Years
.25,.69999999,.64999998,.75,All Persons,IMD 4,All Regions,All Routes,All Stages,90+,All Years
.5,.54000002,.47999999,.60000002,All Persons,IMD 4,All Regions,All Routes,All Stages,90+,All Years
.75,.44999999,.38999999,.50999999,All Persons,IMD 4,All Regions,All Routes,All Stages,90+,All Years
1,.38999999,.33000001,.44999999,All Persons,IMD 4,All Regions,All Routes,All Stages,90+,All Years
1.25,.34999999,.28999999,.40000001,All Persons,IMD 4,All Regions,All Routes,All Stages,90+,All Years
1.5,.31,.25,.37,All Persons,IMD 4,All Regions,All Routes,All Stages,90+,All Years
1.75,.28999999,.23999999,.34999999,All Persons,IMD 4,All Regions,All Routes,All Stages,90+,All Years
2,.28,.22,.33000001,All Persons,IMD 4,All Regions,All Routes,All Stages,90+,All Years
2.25,.25999999,.2,.31,All Persons,IMD 4,All Regions,All Routes,All Stages,90+,All Years
2.5,.20999999,.16,.25999999,All Persons,IMD 4,All Regions,All Routes,All Stages,90+,All Years
2.75,.2,.15000001,.25,All Persons,IMD 4,All Regions,All Routes,All Stages,90+,All Years
3,.19,.14,.23999999,All Persons,IMD 4,All Regions,All Routes,All Stages,90+,All Years
3.25,.19,.14,.23999999,All Persons,IMD 4,All Regions,All Routes,All Stages,90+,All Years
3.5,.18000001,.13,.23,All Persons,IMD 4,All Regions,All Routes,All Stages,90+,All Years
3.75,.17,.12,.22,All Persons,IMD 4,All Regions,All Routes,All Stages,90+,All Years
4,.14,.1,.19,All Persons,IMD 4,All Regions,All Routes,All Stages,90+,All Years
4.25,.13,.079999998,.18000001,All Persons,IMD 4,All Regions,All Routes,All Stages,90+,All Years
4.5,.12,.079999998,.17,All Persons,IMD 4,All Regions,All Routes,All Stages,90+,All Years
4.75,.11,.07,.16,All Persons,IMD 4,All Regions,All Routes,All Stages,90+,All Years
5,.11,.07,.16,All Persons,IMD 4,All Regions,All Routes,All Stages,90+,All Years
0,1,1,1,All Persons,IMD 4,All Regions,All Routes,All Stages,All Ages,2016
.25,.94,.93000001,.94999999,All Persons,IMD 4,All Regions,All Routes,All Stages,All Ages,2016
.5,.88999999,.88,.91000003,All Persons,IMD 4,All Regions,All Routes,All Stages,All Ages,2016
.75,.83999997,.82999998,.86000001,All Persons,IMD 4,All Regions,All Routes,All Stages,All Ages,2016
1,.80000001,.77999997,.81999999,All Persons,IMD 4,All Regions,All Routes,All Stages,All Ages,2016
1.25,.76999998,.75,.79000002,All Persons,IMD 4,All Regions,All Routes,All Stages,All Ages,2016
1.5,.74000001,.72000003,.75999999,All Persons,IMD 4,All Regions,All Routes,All Stages,All Ages,2016
1.75,.72000003,.69999999,.74000001,All Persons,IMD 4,All Regions,All Routes,All Stages,All Ages,2016
2,.69999999,.68000001,.72000003,All Persons,IMD 4,All Regions,All Routes,All Stages,All Ages,2016
2.25,.68000001,.66000003,.70999998,All Persons,IMD 4,All Regions,All Routes,All Stages,All Ages,2016
2.5,.67000002,.64999998,.69,All Persons,IMD 4,All Regions,All Routes,All Stages,All Ages,2016
2.75,.64999998,.63,.67000002,All Persons,IMD 4,All Regions,All Routes,All Stages,All Ages,2016
3,.63999999,.61000001,.66000003,All Persons,IMD 4,All Regions,All Routes,All Stages,All Ages,2016
3.25,.63,.61000001,.64999998,All Persons,IMD 4,All Regions,All Routes,All Stages,All Ages,2016
3.5,.62,.60000002,.63999999,All Persons,IMD 4,All Regions,All Routes,All Stages,All Ages,2016
3.75,.61000001,.58999997,.63,All Persons,IMD 4,All Regions,All Routes,All Stages,All Ages,2016
4,.60000002,.57999998,.63,All Persons,IMD 4,All Regions,All Routes,All Stages,All Ages,2016
4.25,.58999997,.56999999,.62,All Persons,IMD 4,All Regions,All Routes,All Stages,All Ages,2016
4.5,.58999997,.56999999,.61000001,All Persons,IMD 4,All Regions,All Routes,All Stages,All Ages,2016
4.75,.57999998,.56,.61000001,All Persons,IMD 4,All Regions,All Routes,All Stages,All Ages,2016
5,.56999999,.55000001,.60000002,All Persons,IMD 4,All Regions,All Routes,All Stages,All Ages,2016
0,1,1,1,All Persons,IMD 4,All Regions,All Routes,All Stages,All Ages,2017
.25,.94,.93000001,.94999999,All Persons,IMD 4,All Regions,All Routes,All Stages,All Ages,2017
.5,.88999999,.88,.91000003,All Persons,IMD 4,All Regions,All Routes,All Stages,All Ages,2017
.75,.85000002,.83999997,.87,All Persons,IMD 4,All Regions,All Routes,All Stages,All Ages,2017
1,.81,.80000001,.82999998,All Persons,IMD 4,All Regions,All Routes,All Stages,All Ages,2017
1.25,.79000002,.76999998,.81,All Persons,IMD 4,All Regions,All Routes,All Stages,All Ages,2017
1.5,.75999999,.75,.77999997,All Persons,IMD 4,All Regions,All Routes,All Stages,All Ages,2017
1.75,.74000001,.72000003,.75999999,All Persons,IMD 4,All Regions,All Routes,All Stages,All Ages,2017
2,.72000003,.69999999,.74000001,All Persons,IMD 4,All Regions,All Routes,All Stages,All Ages,2017
2.25,.70999998,.69,.73000002,All Persons,IMD 4,All Regions,All Routes,All Stages,All Ages,2017
2.5,.69,.67000002,.70999998,All Persons,IMD 4,All Regions,All Routes,All Stages,All Ages,2017
2.75,.68000001,.66000003,.69999999,All Persons,IMD 4,All Regions,All Routes,All Stages,All Ages,2017
3,.67000002,.64999998,.69,All Persons,IMD 4,All Regions,All Routes,All Stages,All Ages,2017
3.25,.66000003,.63999999,.68000001,All Persons,IMD 4,All Regions,All Routes,All Stages,All Ages,2017
3.5,.64999998,.63,.67000002,All Persons,IMD 4,All Regions,All Routes,All Stages,All Ages,2017
3.75,.63999999,.62,.67000002,All Persons,IMD 4,All Regions,All Routes,All Stages,All Ages,2017
4,.63,.61000001,.64999998,All Persons,IMD 4,All Regions,All Routes,All Stages,All Ages,2017
4.25,.63,.60000002,.64999998,All Persons,IMD 4,All Regions,All Routes,All Stages,All Ages,2017
4.5,.61000001,.58999997,.63999999,All Persons,IMD 4,All Regions,All Routes,All Stages,All Ages,2017
4.75,.61000001,.57999998,.63,All Persons,IMD 4,All Regions,All Routes,All Stages,All Ages,2017
5,.58999997,.56999999,.62,All Persons,IMD 4,All Regions,All Routes,All Stages,All Ages,2017
0,1,1,1,All Persons,IMD 4,All Regions,All Routes,All Stages,All Ages,2018
.25,.94,.93000001,.94999999,All Persons,IMD 4,All Regions,All Routes,All Stages,All Ages,2018
.5,.88999999,.88,.91000003,All Persons,IMD 4,All Regions,All Routes,All Stages,All Ages,2018
.75,.85000002,.82999998,.87,All Persons,IMD 4,All Regions,All Routes,All Stages,All Ages,2018
1,.81999999,.80000001,.83999997,All Persons,IMD 4,All Regions,All Routes,All Stages,All Ages,2018
1.25,.80000001,.77999997,.81,All Persons,IMD 4,All Regions,All Routes,All Stages,All Ages,2018
1.5,.76999998,.75,.79000002,All Persons,IMD 4,All Regions,All Routes,All Stages,All Ages,2018
1.75,.75,.73000002,.76999998,All Persons,IMD 4,All Regions,All Routes,All Stages,All Ages,2018
2,.73000002,.70999998,.75,All Persons,IMD 4,All Regions,All Routes,All Stages,All Ages,2018
2.25,.70999998,.69,.73000002,All Persons,IMD 4,All Regions,All Routes,All Stages,All Ages,2018
2.5,.69,.67000002,.70999998,All Persons,IMD 4,All Regions,All Routes,All Stages,All Ages,2018
2.75,.67000002,.64999998,.69999999,All Persons,IMD 4,All Regions,All Routes,All Stages,All Ages,2018
3,.66000003,.63999999,.69,All Persons,IMD 4,All Regions,All Routes,All Stages,All Ages,2018
3.25,.64999998,.63,.68000001,All Persons,IMD 4,All Regions,All Routes,All Stages,All Ages,2018
3.5,.64999998,.62,.67000002,All Persons,IMD 4,All Regions,All Routes,All Stages,All Ages,2018
3.75,.63999999,.62,.66000003,All Persons,IMD 4,All Regions,All Routes,All Stages,All Ages,2018
4,.63,.61000001,.64999998,All Persons,IMD 4,All Regions,All Routes,All Stages,All Ages,2018
4.25,.62,.60000002,.63999999,All Persons,IMD 4,All Regions,All Routes,All Stages,All Ages,2018
4.5,.61000001,.58999997,.63,All Persons,IMD 4,All Regions,All Routes,All Stages,All Ages,2018
4.75,.60000002,.56999999,.62,All Persons,IMD 4,All Regions,All Routes,All Stages,All Ages,2018
5,.60000002,.56999999,.62,All Persons,IMD 4,All Regions,All Routes,All Stages,All Ages,2018
0,1,1,1,All Persons,IMD 4,All Regions,All Routes,All Stages,All Ages,2019
.25,.94,.93000001,.94999999,All Persons,IMD 4,All Regions,All Routes,All Stages,All Ages,2019
.5,.88999999,.88,.91000003,All Persons,IMD 4,All Regions,All Routes,All Stages,All Ages,2019
.75,.83999997,.81999999,.86000001,All Persons,IMD 4,All Regions,All Routes,All Stages,All Ages,2019
1,.80000001,.77999997,.81999999,All Persons,IMD 4,All Regions,All Routes,All Stages,All Ages,2019
1.25,.76999998,.75,.79000002,All Persons,IMD 4,All Regions,All Routes,All Stages,All Ages,2019
1.5,.75,.73000002,.76999998,All Persons,IMD 4,All Regions,All Routes,All Stages,All Ages,2019
1.75,.72000003,.69999999,.74000001,All Persons,IMD 4,All Regions,All Routes,All Stages,All Ages,2019
2,.70999998,.69,.73000002,All Persons,IMD 4,All Regions,All Routes,All Stages,All Ages,2019
2.25,.69,.67000002,.70999998,All Persons,IMD 4,All Regions,All Routes,All Stages,All Ages,2019
2.5,.68000001,.66000003,.69999999,All Persons,IMD 4,All Regions,All Routes,All Stages,All Ages,2019
2.75,.67000002,.64999998,.69,All Persons,IMD 4,All Regions,All Routes,All Stages,All Ages,2019
3,.66000003,.63999999,.68000001,All Persons,IMD 4,All Regions,All Routes,All Stages,All Ages,2019
3.25,.63999999,.62,.66000003,All Persons,IMD 4,All Regions,All Routes,All Stages,All Ages,2019
3.5,.62,.60000002,.64999998,All Persons,IMD 4,All Regions,All Routes,All Stages,All Ages,2019
3.75,.62,.58999997,.63999999,All Persons,IMD 4,All Regions,All Routes,All Stages,All Ages,2019
4,.57999998,.55000001,.62,All Persons,IMD 4,All Regions,All Routes,All Stages,All Ages,2019
4.75,.57999998,.55000001,.62,All Persons,IMD 4,All Regions,All Routes,All Stages,All Ages,2019
0,1,1,1,All Persons,IMD 4,All Regions,All Routes,All Stages,All Ages,2020
.25,.93000001,.92000002,.94,All Persons,IMD 4,All Regions,All Routes,All Stages,All Ages,2020
.5,.87,.86000001,.88999999,All Persons,IMD 4,All Regions,All Routes,All Stages,All Ages,2020
.75,.82999998,.81,.83999997,All Persons,IMD 4,All Regions,All Routes,All Stages,All Ages,2020
1,.80000001,.77999997,.81,All Persons,IMD 4,All Regions,All Routes,All Stages,All Ages,2020
1.25,.75999999,.74000001,.77999997,All Persons,IMD 4,All Regions,All Routes,All Stages,All Ages,2020
1.5,.74000001,.72000003,.75999999,All Persons,IMD 4,All Regions,All Routes,All Stages,All Ages,2020
1.75,.72000003,.69999999,.74000001,All Persons,IMD 4,All Regions,All Routes,All Stages,All Ages,2020
2,.70999998,.69,.73000002,All Persons,IMD 4,All Regions,All Routes,All Stages,All Ages,2020
2.25,.69,.67000002,.70999998,All Persons,IMD 4,All Regions,All Routes,All Stages,All Ages,2020
2.5,.67000002,.64999998,.69999999,All Persons,IMD 4,All Regions,All Routes,All Stages,All Ages,2020
2.75,.66000003,.63999999,.69,All Persons,IMD 4,All Regions,All Routes,All Stages,All Ages,2020
3,.64999998,.61000001,.69,All Persons,IMD 4,All Regions,All Routes,All Stages,All Ages,2020
3.25,.64999998,.61000001,.69,All Persons,IMD 4,All Regions,All Routes,All Stages,All Ages,2020
4.5,.64999998,.61000001,.69,All Persons,IMD 4,All Regions,All Routes,All Stages,All Ages,2020
4.75,.57999998,.44999999,.70999998,All Persons,IMD 4,All Regions,All Routes,All Stages,All Ages,2020
5,.57999998,.44999999,.70999998,All Persons,IMD 4,All Regions,All Routes,All Stages,All Ages,2020
0,1,1,1,All Persons,IMD 4,All Regions,All Routes,All Stages,All Ages,2021
.25,.93000001,.92000002,.94,All Persons,IMD 4,All Regions,All Routes,All Stages,All Ages,2021
.5,.86000001,.85000002,.88,All Persons,IMD 4,All Regions,All Routes,All Stages,All Ages,2021
.75,.81999999,.80000001,.83999997,All Persons,IMD 4,All Regions,All Routes,All Stages,All Ages,2021
1,.77999997,.75999999,.80000001,All Persons,IMD 4,All Regions,All Routes,All Stages,All Ages,2021
1.25,.75,.73000002,.76999998,All Persons,IMD 4,All Regions,All Routes,All Stages,All Ages,2021
1.5,.73000002,.70999998,.75,All Persons,IMD 4,All Regions,All Routes,All Stages,All Ages,2021
1.75,.72000003,.69,.74000001,All Persons,IMD 4,All Regions,All Routes,All Stages,All Ages,2021
2,.69999999,.68000001,.73000002,All Persons,IMD 4,All Regions,All Routes,All Stages,All Ages,2021
2.75,.67000002,.60000002,.74000001,All Persons,IMD 4,All Regions,All Routes,All Stages,All Ages,2021
3,.67000002,.60000002,.74000001,All Persons,IMD 4,All Regions,All Routes,All Stages,All Ages,2021
3.25,.67000002,.60000002,.74000001,All Persons,IMD 4,All Regions,All Routes,All Stages,All Ages,2021
3.5,.62,.51999998,.72000003,All Persons,IMD 4,All Regions,All Routes,All Stages,All Ages,2021
4,.62,.51999998,.72000003,All Persons,IMD 4,All Regions,All Routes,All Stages,All Ages,2021
4.5,.56999999,.44,.69999999,All Persons,IMD 4,All Regions,All Routes,All Stages,All Ages,2021
4.75,.56999999,.44,.69999999,All Persons,IMD 4,All Regions,All Routes,All Stages,All Ages,2021
5,.56999999,.44,.69999999,All Persons,IMD 4,All Regions,All Routes,All Stages,All Ages,2021
0,1,1,1,All Persons,IMD 5 - least deprived,East Midlands,All Routes,All Stages,All Ages,All Years
.25,.93000001,.92000002,.94999999,All Persons,IMD 5 - least deprived,East Midlands,All Routes,All Stages,All Ages,All Years
.5,.88,.86000001,.89999998,All Persons,IMD 5 - least deprived,East Midlands,All Routes,All Stages,All Ages,All Years
.75,.82999998,.81,.85000002,All Persons,IMD 5 - least deprived,East Midlands,All Routes,All Stages,All Ages,All Years
1,.80000001,.76999998,.81999999,All Persons,IMD 5 - least deprived,East Midlands,All Routes,All Stages,All Ages,All Years
1.25,.76999998,.75,.80000001,All Persons,IMD 5 - least deprived,East Midlands,All Routes,All Stages,All Ages,All Years
1.5,.75999999,.73000002,.77999997,All Persons,IMD 5 - least deprived,East Midlands,All Routes,All Stages,All Ages,All Years
1.75,.74000001,.70999998,.75999999,All Persons,IMD 5 - least deprived,East Midlands,All Routes,All Stages,All Ages,All Years
2,.70999998,.68000001,.74000001,All Persons,IMD 5 - least deprived,East Midlands,All Routes,All Stages,All Ages,All Years
2.25,.69,.66000003,.72000003,All Persons,IMD 5 - least deprived,East Midlands,All Routes,All Stages,All Ages,All Years
2.5,.67000002,.63999999,.69999999,All Persons,IMD 5 - least deprived,East Midlands,All Routes,All Stages,All Ages,All Years
2.75,.66000003,.63,.69,All Persons,IMD 5 - least deprived,East Midlands,All Routes,All Stages,All Ages,All Years
3,.64999998,.62,.68000001,All Persons,IMD 5 - least deprived,East Midlands,All Routes,All Stages,All Ages,All Years
3.25,.63,.60000002,.67000002,All Persons,IMD 5 - least deprived,East Midlands,All Routes,All Stages,All Ages,All Years
3.5,.62,.58999997,.66000003,All Persons,IMD 5 - least deprived,East Midlands,All Routes,All Stages,All Ages,All Years
3.75,.61000001,.56999999,.63999999,All Persons,IMD 5 - least deprived,East Midlands,All Routes,All Stages,All Ages,All Years
4,.58999997,.55000001,.62,All Persons,IMD 5 - least deprived,East Midlands,All Routes,All Stages,All Ages,All Years
4.25,.57999998,.55000001,.61000001,All Persons,IMD 5 - least deprived,East Midlands,All Routes,All Stages,All Ages,All Years
4.5,.57999998,.54000002,.61000001,All Persons,IMD 5 - least deprived,East Midlands,All Routes,All Stages,All Ages,All Years
4.75,.57999998,.54000002,.61000001,All Persons,IMD 5 - least deprived,East Midlands,All Routes,All Stages,All Ages,All Years
5,.56999999,.54000002,.61000001,All Persons,IMD 5 - least deprived,East Midlands,All Routes,All Stages,All Ages,All Years
0,1,1,1,All Persons,IMD 5 - least deprived,East of England,All Routes,All Stages,All Ages,All Years
.25,.94999999,.94,.95999998,All Persons,IMD 5 - least deprived,East of England,All Routes,All Stages,All Ages,All Years
.5,.91000003,.88999999,.92000002,All Persons,IMD 5 - least deprived,East of England,All Routes,All Stages,All Ages,All Years
.75,.86000001,.85000002,.88,All Persons,IMD 5 - least deprived,East of England,All Routes,All Stages,All Ages,All Years
1,.81999999,.80000001,.83999997,All Persons,IMD 5 - least deprived,East of England,All Routes,All Stages,All Ages,All Years
1.25,.79000002,.76999998,.81,All Persons,IMD 5 - least deprived,East of England,All Routes,All Stages,All Ages,All Years
1.5,.75999999,.74000001,.77999997,All Persons,IMD 5 - least deprived,East of England,All Routes,All Stages,All Ages,All Years
1.75,.75,.72000003,.76999998,All Persons,IMD 5 - least deprived,East of England,All Routes,All Stages,All Ages,All Years
2,.72000003,.69999999,.75,All Persons,IMD 5 - least deprived,East of England,All Routes,All Stages,All Ages,All Years
2.25,.69999999,.68000001,.73000002,All Persons,IMD 5 - least deprived,East of England,All Routes,All Stages,All Ages,All Years
2.5,.69,.67000002,.72000003,All Persons,IMD 5 - least deprived,East of England,All Routes,All Stages,All Ages,All Years
2.75,.68000001,.66000003,.70999998,All Persons,IMD 5 - least deprived,East of England,All Routes,All Stages,All Ages,All Years
3,.67000002,.64999998,.69999999,All Persons,IMD 5 - least deprived,East of England,All Routes,All Stages,All Ages,All Years
3.25,.66000003,.63,.69,All Persons,IMD 5 - least deprived,East of England,All Routes,All Stages,All Ages,All Years
3.5,.64999998,.63,.68000001,All Persons,IMD 5 - least deprived,East of England,All Routes,All Stages,All Ages,All Years
3.75,.63999999,.62,.67000002,All Persons,IMD 5 - least deprived,East of England,All Routes,All Stages,All Ages,All Years
4,.63999999,.61000001,.67000002,All Persons,IMD 5 - least deprived,East of England,All Routes,All Stages,All Ages,All Years
4.25,.63,.60000002,.66000003,All Persons,IMD 5 - least deprived,East of England,All Routes,All Stages,All Ages,All Years
4.5,.61000001,.57999998,.63999999,All Persons,IMD 5 - least deprived,East of England,All Routes,All Stages,All Ages,All Years
4.75,.61000001,.57999998,.63999999,All Persons,IMD 5 - least deprived,East of England,All Routes,All Stages,All Ages,All Years
5,.60000002,.56999999,.63,All Persons,IMD 5 - least deprived,East of England,All Routes,All Stages,All Ages,All Years
0,1,1,1,All Persons,IMD 5 - least deprived,London,All Routes,All Stages,All Ages,All Years
.25,.95999998,.94,.97000003,All Persons,IMD 5 - least deprived,London,All Routes,All Stages,All Ages,All Years
.5,.91000003,.88999999,.93000001,All Persons,IMD 5 - least deprived,London,All Routes,All Stages,All Ages,All Years
.75,.86000001,.82999998,.88,All Persons,IMD 5 - least deprived,London,All Routes,All Stages,All Ages,All Years
1,.82999998,.80000001,.85000002,All Persons,IMD 5 - least deprived,London,All Routes,All Stages,All Ages,All Years
1.25,.80000001,.76999998,.82999998,All Persons,IMD 5 - least deprived,London,All Routes,All Stages,All Ages,All Years
1.5,.76999998,.74000001,.80000001,All Persons,IMD 5 - least deprived,London,All Routes,All Stages,All Ages,All Years
1.75,.74000001,.70999998,.76999998,All Persons,IMD 5 - least deprived,London,All Routes,All Stages,All Ages,All Years
2,.73000002,.69999999,.75999999,All Persons,IMD 5 - least deprived,London,All Routes,All Stages,All Ages,All Years
2.25,.70999998,.68000001,.74000001,All Persons,IMD 5 - least deprived,London,All Routes,All Stages,All Ages,All Years
2.5,.69999999,.67000002,.73000002,All Persons,IMD 5 - least deprived,London,All Routes,All Stages,All Ages,All Years
2.75,.68000001,.64999998,.70999998,All Persons,IMD 5 - least deprived,London,All Routes,All Stages,All Ages,All Years
3,.66000003,.63,.69999999,All Persons,IMD 5 - least deprived,London,All Routes,All Stages,All Ages,All Years
3.25,.64999998,.62,.69,All Persons,IMD 5 - least deprived,London,All Routes,All Stages,All Ages,All Years
3.5,.63999999,.60000002,.68000001,All Persons,IMD 5 - least deprived,London,All Routes,All Stages,All Ages,All Years
3.75,.63999999,.60000002,.67000002,All Persons,IMD 5 - least deprived,London,All Routes,All Stages,All Ages,All Years
4,.63,.60000002,.67000002,All Persons,IMD 5 - least deprived,London,All Routes,All Stages,All Ages,All Years
4.25,.63,.58999997,.66000003,All Persons,IMD 5 - least deprived,London,All Routes,All Stages,All Ages,All Years
4.5,.62,.57999998,.66000003,All Persons,IMD 5 - least deprived,London,All Routes,All Stages,All Ages,All Years
4.75,.61000001,.56999999,.64999998,All Persons,IMD 5 - least deprived,London,All Routes,All Stages,All Ages,All Years
5,.60000002,.56,.63999999,All Persons,IMD 5 - least deprived,London,All Routes,All Stages,All Ages,All Years
0,1,.99000001,1,All Persons,IMD 5 - least deprived,North East,All Routes,All Stages,All Ages,All Years
.25,.94,.92000002,.97000003,All Persons,IMD 5 - least deprived,North East,All Routes,All Stages,All Ages,All Years
.5,.91000003,.88,.94,All Persons,IMD 5 - least deprived,North East,All Routes,All Stages,All Ages,All Years
.75,.88,.85000002,.92000002,All Persons,IMD 5 - least deprived,North East,All Routes,All Stages,All Ages,All Years
1,.87,.83999997,.89999998,All Persons,IMD 5 - least deprived,North East,All Routes,All Stages,All Ages,All Years
1.25,.85000002,.81999999,.88,All Persons,IMD 5 - least deprived,North East,All Routes,All Stages,All Ages,All Years
1.5,.82999998,.79000002,.87,All Persons,IMD 5 - least deprived,North East,All Routes,All Stages,All Ages,All Years
1.75,.81,.76999998,.85000002,All Persons,IMD 5 - least deprived,North East,All Routes,All Stages,All Ages,All Years
2,.80000001,.75999999,.83999997,All Persons,IMD 5 - least deprived,North East,All Routes,All Stages,All Ages,All Years
2.25,.79000002,.75,.82999998,All Persons,IMD 5 - least deprived,North East,All Routes,All Stages,All Ages,All Years
2.5,.77999997,.73000002,.81999999,All Persons,IMD 5 - least deprived,North East,All Routes,All Stages,All Ages,All Years
2.75,.76999998,.72000003,.81,All Persons,IMD 5 - least deprived,North East,All Routes,All Stages,All Ages,All Years
3,.75999999,.70999998,.80000001,All Persons,IMD 5 - least deprived,North East,All Routes,All Stages,All Ages,All Years
3.25,.74000001,.69999999,.79000002,All Persons,IMD 5 - least deprived,North East,All Routes,All Stages,All Ages,All Years
3.5,.73000002,.68000001,.77999997,All Persons,IMD 5 - least deprived,North East,All Routes,All Stages,All Ages,All Years
3.75,.73000002,.68000001,.76999998,All Persons,IMD 5 - least deprived,North East,All Routes,All Stages,All Ages,All Years
4,.72000003,.67000002,.75999999,All Persons,IMD 5 - least deprived,North East,All Routes,All Stages,All Ages,All Years
4.25,.69999999,.64999998,.75,All Persons,IMD 5 - least deprived,North East,All Routes,All Stages,All Ages,All Years
4.5,.69,.63999999,.75,All Persons,IMD 5 - least deprived,North East,All Routes,All Stages,All Ages,All Years
4.75,.67000002,.62,.73000002,All Persons,IMD 5 - least deprived,North East,All Routes,All Stages,All Ages,All Years
5,.67000002,.61000001,.72000003,All Persons,IMD 5 - least deprived,North East,All Routes,All Stages,All Ages,All Years
0,1,1,1,All Persons,IMD 5 - least deprived,North West,All Routes,All Stages,All Ages,All Years
.25,.94999999,.93000001,.95999998,All Persons,IMD 5 - least deprived,North West,All Routes,All Stages,All Ages,All Years
.5,.91000003,.88999999,.92000002,All Persons,IMD 5 - least deprived,North West,All Routes,All Stages,All Ages,All Years
.75,.87,.85000002,.88999999,All Persons,IMD 5 - least deprived,North West,All Routes,All Stages,All Ages,All Years
1,.82999998,.81,.85000002,All Persons,IMD 5 - least deprived,North West,All Routes,All Stages,All Ages,All Years
1.25,.80000001,.77999997,.82999998,All Persons,IMD 5 - least deprived,North West,All Routes,All Stages,All Ages,All Years
1.5,.79000002,.75999999,.81,All Persons,IMD 5 - least deprived,North West,All Routes,All Stages,All Ages,All Years
1.75,.76999998,.75,.80000001,All Persons,IMD 5 - least deprived,North West,All Routes,All Stages,All Ages,All Years
2,.75999999,.73000002,.77999997,All Persons,IMD 5 - least deprived,North West,All Routes,All Stages,All Ages,All Years
2.25,.74000001,.70999998,.75999999,All Persons,IMD 5 - least deprived,North West,All Routes,All Stages,All Ages,All Years
2.5,.72000003,.69999999,.75,All Persons,IMD 5 - least deprived,North West,All Routes,All Stages,All Ages,All Years
2.75,.70999998,.68000001,.74000001,All Persons,IMD 5 - least deprived,North West,All Routes,All Stages,All Ages,All Years
3,.69999999,.67000002,.72000003,All Persons,IMD 5 - least deprived,North West,All Routes,All Stages,All Ages,All Years
3.25,.69,.66000003,.70999998,All Persons,IMD 5 - least deprived,North West,All Routes,All Stages,All Ages,All Years
3.5,.68000001,.64999998,.70999998,All Persons,IMD 5 - least deprived,North West,All Routes,All Stages,All Ages,All Years
3.75,.67000002,.63999999,.69999999,All Persons,IMD 5 - least deprived,North West,All Routes,All Stages,All Ages,All Years
4,.66000003,.63,.69,All Persons,IMD 5 - least deprived,North West,All Routes,All Stages,All Ages,All Years
4.25,.64999998,.61000001,.68000001,All Persons,IMD 5 - least deprived,North West,All Routes,All Stages,All Ages,All Years
4.5,.63999999,.61000001,.67000002,All Persons,IMD 5 - least deprived,North West,All Routes,All Stages,All Ages,All Years
4.75,.63999999,.60000002,.67000002,All Persons,IMD 5 - least deprived,North West,All Routes,All Stages,All Ages,All Years
5,.62,.57999998,.64999998,All Persons,IMD 5 - least deprived,North West,All Routes,All Stages,All Ages,All Years
0,1,1,1,All Persons,IMD 5 - least deprived,South East,All Routes,All Stages,All Ages,All Years
.25,.94,.94,.94999999,All Persons,IMD 5 - least deprived,South East,All Routes,All Stages,All Ages,All Years
.5,.89999998,.88,.91000003,All Persons,IMD 5 - least deprived,South East,All Routes,All Stages,All Ages,All Years
.75,.86000001,.85000002,.87,All Persons,IMD 5 - least deprived,South East,All Routes,All Stages,All Ages,All Years
1,.82999998,.81,.83999997,All Persons,IMD 5 - least deprived,South East,All Routes,All Stages,All Ages,All Years
1.25,.80000001,.77999997,.81,All Persons,IMD 5 - least deprived,South East,All Routes,All Stages,All Ages,All Years
1.5,.76999998,.75999999,.79000002,All Persons,IMD 5 - least deprived,South East,All Routes,All Stages,All Ages,All Years
1.75,.75,.74000001,.76999998,All Persons,IMD 5 - least deprived,South East,All Routes,All Stages,All Ages,All Years
2,.73000002,.70999998,.75,All Persons,IMD 5 - least deprived,South East,All Routes,All Stages,All Ages,All Years
2.25,.70999998,.69,.73000002,All Persons,IMD 5 - least deprived,South East,All Routes,All Stages,All Ages,All Years
2.5,.69999999,.68000001,.72000003,All Persons,IMD 5 - least deprived,South East,All Routes,All Stages,All Ages,All Years
2.75,.69,.67000002,.70999998,All Persons,IMD 5 - least deprived,South East,All Routes,All Stages,All Ages,All Years
3,.67000002,.64999998,.69,All Persons,IMD 5 - least deprived,South East,All Routes,All Stages,All Ages,All Years
3.25,.66000003,.63999999,.68000001,All Persons,IMD 5 - least deprived,South East,All Routes,All Stages,All Ages,All Years
3.5,.64999998,.63,.67000002,All Persons,IMD 5 - least deprived,South East,All Routes,All Stages,All Ages,All Years
3.75,.64999998,.63,.66000003,All Persons,IMD 5 - least deprived,South East,All Routes,All Stages,All Ages,All Years
4,.63,.61000001,.64999998,All Persons,IMD 5 - least deprived,South East,All Routes,All Stages,All Ages,All Years
4.25,.63,.61000001,.64999998,All Persons,IMD 5 - least deprived,South East,All Routes,All Stages,All Ages,All Years
4.5,.62,.60000002,.63999999,All Persons,IMD 5 - least deprived,South East,All Routes,All Stages,All Ages,All Years
4.75,.61000001,.58999997,.63,All Persons,IMD 5 - least deprived,South East,All Routes,All Stages,All Ages,All Years
5,.60000002,.57999998,.62,All Persons,IMD 5 - least deprived,South East,All Routes,All Stages,All Ages,All Years
0,1,1,1,All Persons,IMD 5 - least deprived,South West,All Routes,All Stages,All Ages,All Years
.25,.94999999,.94,.95999998,All Persons,IMD 5 - least deprived,South West,All Routes,All Stages,All Ages,All Years
.5,.91000003,.89999998,.93000001,All Persons,IMD 5 - least deprived,South West,All Routes,All Stages,All Ages,All Years
.75,.87,.85000002,.88999999,All Persons,IMD 5 - least deprived,South West,All Routes,All Stages,All Ages,All Years
1,.82999998,.81,.85000002,All Persons,IMD 5 - least deprived,South West,All Routes,All Stages,All Ages,All Years
1.25,.81,.79000002,.83999997,All Persons,IMD 5 - least deprived,South West,All Routes,All Stages,All Ages,All Years
1.5,.79000002,.76999998,.81999999,All Persons,IMD 5 - least deprived,South West,All Routes,All Stages,All Ages,All Years
1.75,.75999999,.74000001,.79000002,All Persons,IMD 5 - least deprived,South West,All Routes,All Stages,All Ages,All Years
2,.75,.72000003,.77999997,All Persons,IMD 5 - least deprived,South West,All Routes,All Stages,All Ages,All Years
2.25,.74000001,.70999998,.75999999,All Persons,IMD 5 - least deprived,South West,All Routes,All Stages,All Ages,All Years
2.5,.72000003,.69,.75,All Persons,IMD 5 - least deprived,South West,All Routes,All Stages,All Ages,All Years
2.75,.70999998,.68000001,.74000001,All Persons,IMD 5 - least deprived,South West,All Routes,All Stages,All Ages,All Years
3,.69999999,.67000002,.73000002,All Persons,IMD 5 - least deprived,South West,All Routes,All Stages,All Ages,All Years
3.25,.68000001,.66000003,.70999998,All Persons,IMD 5 - least deprived,South West,All Routes,All Stages,All Ages,All Years
3.5,.68000001,.64999998,.70999998,All Persons,IMD 5 - least deprived,South West,All Routes,All Stages,All Ages,All Years
3.75,.66000003,.63,.69,All Persons,IMD 5 - least deprived,South West,All Routes,All Stages,All Ages,All Years
4,.64999998,.62,.68000001,All Persons,IMD 5 - least deprived,South West,All Routes,All Stages,All Ages,All Years
4.25,.63999999,.60000002,.67000002,All Persons,IMD 5 - least deprived,South West,All Routes,All Stages,All Ages,All Years
4.5,.62,.57999998,.64999998,All Persons,IMD 5 - least deprived,South West,All Routes,All Stages,All Ages,All Years
4.75,.61000001,.57999998,.64999998,All Persons,IMD 5 - least deprived,South West,All Routes,All Stages,All Ages,All Years
5,.61000001,.56999999,.63999999,All Persons,IMD 5 - least deprived,South West,All Routes,All Stages,All Ages,All Years
0,1,1,1,All Persons,IMD 5 - least deprived,West Midlands,All Routes,All Stages,All Ages,All Years
.25,.93000001,.91000003,.94999999,All Persons,IMD 5 - least deprived,West Midlands,All Routes,All Stages,All Ages,All Years
.5,.87,.85000002,.89999998,All Persons,IMD 5 - least deprived,West Midlands,All Routes,All Stages,All Ages,All Years
.75,.83999997,.81,.86000001,All Persons,IMD 5 - least deprived,West Midlands,All Routes,All Stages,All Ages,All Years
1,.81,.77999997,.83999997,All Persons,IMD 5 - least deprived,West Midlands,All Routes,All Stages,All Ages,All Years
1.25,.77999997,.75,.81,All Persons,IMD 5 - least deprived,West Midlands,All Routes,All Stages,All Ages,All Years
1.5,.75,.72000003,.77999997,All Persons,IMD 5 - least deprived,West Midlands,All Routes,All Stages,All Ages,All Years
1.75,.73000002,.69999999,.75999999,All Persons,IMD 5 - least deprived,West Midlands,All Routes,All Stages,All Ages,All Years
2,.70999998,.68000001,.74000001,All Persons,IMD 5 - least deprived,West Midlands,All Routes,All Stages,All Ages,All Years
2.25,.69,.66000003,.72000003,All Persons,IMD 5 - least deprived,West Midlands,All Routes,All Stages,All Ages,All Years
2.5,.68000001,.63999999,.70999998,All Persons,IMD 5 - least deprived,West Midlands,All Routes,All Stages,All Ages,All Years
2.75,.66000003,.63,.69,All Persons,IMD 5 - least deprived,West Midlands,All Routes,All Stages,All Ages,All Years
3,.63999999,.60000002,.67000002,All Persons,IMD 5 - least deprived,West Midlands,All Routes,All Stages,All Ages,All Years
3.25,.63,.60000002,.67000002,All Persons,IMD 5 - least deprived,West Midlands,All Routes,All Stages,All Ages,All Years
3.5,.63,.58999997,.66000003,All Persons,IMD 5 - least deprived,West Midlands,All Routes,All Stages,All Ages,All Years
3.75,.61000001,.57999998,.64999998,All Persons,IMD 5 - least deprived,West Midlands,All Routes,All Stages,All Ages,All Years
4,.60000002,.56,.63999999,All Persons,IMD 5 - least deprived,West Midlands,All Routes,All Stages,All Ages,All Years
4.25,.58999997,.55000001,.63,All Persons,IMD 5 - least deprived,West Midlands,All Routes,All Stages,All Ages,All Years
4.5,.57999998,.54000002,.62,All Persons,IMD 5 - least deprived,West Midlands,All Routes,All Stages,All Ages,All Years
4.75,.57999998,.54000002,.62,All Persons,IMD 5 - least deprived,West Midlands,All Routes,All Stages,All Ages,All Years
5,.56999999,.52999997,.61000001,All Persons,IMD 5 - least deprived,West Midlands,All Routes,All Stages,All Ages,All Years
0,1,1,1,All Persons,IMD 5 - least deprived,Yorkshire and The Humber,All Routes,All Stages,All Ages,All Years
.25,.93000001,.91000003,.94,All Persons,IMD 5 - least deprived,Yorkshire and The Humber,All Routes,All Stages,All Ages,All Years
.5,.88,.86000001,.89999998,All Persons,IMD 5 - least deprived,Yorkshire and The Humber,All Routes,All Stages,All Ages,All Years
.75,.83999997,.81,.86000001,All Persons,IMD 5 - least deprived,Yorkshire and The Humber,All Routes,All Stages,All Ages,All Years
1,.80000001,.77999997,.82999998,All Persons,IMD 5 - least deprived,Yorkshire and The Humber,All Routes,All Stages,All Ages,All Years
1.25,.77999997,.75999999,.81,All Persons,IMD 5 - least deprived,Yorkshire and The Humber,All Routes,All Stages,All Ages,All Years
1.5,.75999999,.73000002,.79000002,All Persons,IMD 5 - least deprived,Yorkshire and The Humber,All Routes,All Stages,All Ages,All Years
1.75,.73000002,.69999999,.75999999,All Persons,IMD 5 - least deprived,Yorkshire and The Humber,All Routes,All Stages,All Ages,All Years
2,.70999998,.68000001,.74000001,All Persons,IMD 5 - least deprived,Yorkshire and The Humber,All Routes,All Stages,All Ages,All Years
2.25,.69,.66000003,.72000003,All Persons,IMD 5 - least deprived,Yorkshire and The Humber,All Routes,All Stages,All Ages,All Years
2.5,.67000002,.63999999,.70999998,All Persons,IMD 5 - least deprived,Yorkshire and The Humber,All Routes,All Stages,All Ages,All Years
2.75,.66000003,.63,.69999999,All Persons,IMD 5 - least deprived,Yorkshire and The Humber,All Routes,All Stages,All Ages,All Years
3,.64999998,.62,.69,All Persons,IMD 5 - least deprived,Yorkshire and The Humber,All Routes,All Stages,All Ages,All Years
3.25,.63999999,.61000001,.68000001,All Persons,IMD 5 - least deprived,Yorkshire and The Humber,All Routes,All Stages,All Ages,All Years
3.5,.63999999,.60000002,.67000002,All Persons,IMD 5 - least deprived,Yorkshire and The Humber,All Routes,All Stages,All Ages,All Years
3.75,.63,.60000002,.67000002,All Persons,IMD 5 - least deprived,Yorkshire and The Humber,All Routes,All Stages,All Ages,All Years
4,.63,.58999997,.66000003,All Persons,IMD 5 - least deprived,Yorkshire and The Humber,All Routes,All Stages,All Ages,All Years
4.25,.62,.57999998,.64999998,All Persons,IMD 5 - least deprived,Yorkshire and The Humber,All Routes,All Stages,All Ages,All Years
4.5,.60000002,.56999999,.63999999,All Persons,IMD 5 - least deprived,Yorkshire and The Humber,All Routes,All Stages,All Ages,All Years
4.75,.58999997,.55000001,.63,All Persons,IMD 5 - least deprived,Yorkshire and The Humber,All Routes,All Stages,All Ages,All Years
5,.57999998,.54000002,.62,All Persons,IMD 5 - least deprived,Yorkshire and The Humber,All Routes,All Stages,All Ages,All Years
0,1,.99000001,1,All Persons,IMD 5 - least deprived,All Regions,Emergency,All Stages,All Ages,All Years
.25,.70999998,.66000003,.76999998,All Persons,IMD 5 - least deprived,All Regions,Emergency,All Stages,All Ages,All Years
.5,.61000001,.55000001,.67000002,All Persons,IMD 5 - least deprived,All Regions,Emergency,All Stages,All Ages,All Years
.75,.56,.5,.62,All Persons,IMD 5 - least deprived,All Regions,Emergency,All Stages,All Ages,All Years
1,.50999999,.44999999,.56999999,All Persons,IMD 5 - least deprived,All Regions,Emergency,All Stages,All Ages,All Years
1.25,.47,.41,.52999997,All Persons,IMD 5 - least deprived,All Regions,Emergency,All Stages,All Ages,All Years
1.5,.44,.38,.5,All Persons,IMD 5 - least deprived,All Regions,Emergency,All Stages,All Ages,All Years
1.75,.44,.38,.49000001,All Persons,IMD 5 - least deprived,All Regions,Emergency,All Stages,All Ages,All Years
2,.41999999,.36000001,.47999999,All Persons,IMD 5 - least deprived,All Regions,Emergency,All Stages,All Ages,All Years
2.25,.38999999,.33000001,.44999999,All Persons,IMD 5 - least deprived,All Regions,Emergency,All Stages,All Ages,All Years
2.5,.37,.31999999,.43000001,All Persons,IMD 5 - least deprived,All Regions,Emergency,All Stages,All Ages,All Years
2.75,.37,.31,.43000001,All Persons,IMD 5 - least deprived,All Regions,Emergency,All Stages,All Ages,All Years
3,.36000001,.30000001,.41999999,All Persons,IMD 5 - least deprived,All Regions,Emergency,All Stages,All Ages,All Years
3.25,.34,.28999999,.40000001,All Persons,IMD 5 - least deprived,All Regions,Emergency,All Stages,All Ages,All Years
3.5,.33000001,.28,.38999999,All Persons,IMD 5 - least deprived,All Regions,Emergency,All Stages,All Ages,All Years
3.75,.31999999,.27000001,.38,All Persons,IMD 5 - least deprived,All Regions,Emergency,All Stages,All Ages,All Years
4,.31999999,.25999999,.37,All Persons,IMD 5 - least deprived,All Regions,Emergency,All Stages,All Ages,All Years
4.25,.31,.25999999,.37,All Persons,IMD 5 - least deprived,All Regions,Emergency,All Stages,All Ages,All Years
4.5,.31,.25,.36000001,All Persons,IMD 5 - least deprived,All Regions,Emergency,All Stages,All Ages,All Years
4.75,.30000001,.25,.36000001,All Persons,IMD 5 - least deprived,All Regions,Emergency,All Stages,All Ages,All Years
5,.30000001,.25,.36000001,All Persons,IMD 5 - least deprived,All Regions,Emergency,All Stages,All Ages,All Years
0,1,1,1,All Persons,IMD 5 - least deprived,All Regions,Non-emergency,All Stages,All Ages,All Years
.25,.95999998,.94999999,.95999998,All Persons,IMD 5 - least deprived,All Regions,Non-emergency,All Stages,All Ages,All Years
.5,.91000003,.89999998,.92000002,All Persons,IMD 5 - least deprived,All Regions,Non-emergency,All Stages,All Ages,All Years
.75,.87,.86000001,.88,All Persons,IMD 5 - least deprived,All Regions,Non-emergency,All Stages,All Ages,All Years
1,.83999997,.82999998,.85000002,All Persons,IMD 5 - least deprived,All Regions,Non-emergency,All Stages,All Ages,All Years
1.25,.81,.80000001,.82999998,All Persons,IMD 5 - least deprived,All Regions,Non-emergency,All Stages,All Ages,All Years
1.5,.79000002,.77999997,.80000001,All Persons,IMD 5 - least deprived,All Regions,Non-emergency,All Stages,All Ages,All Years
1.75,.76999998,.75999999,.77999997,All Persons,IMD 5 - least deprived,All Regions,Non-emergency,All Stages,All Ages,All Years
2,.75,.74000001,.75999999,All Persons,IMD 5 - least deprived,All Regions,Non-emergency,All Stages,All Ages,All Years
2.25,.73000002,.72000003,.74000001,All Persons,IMD 5 - least deprived,All Regions,Non-emergency,All Stages,All Ages,All Years
2.5,.70999998,.69999999,.73000002,All Persons,IMD 5 - least deprived,All Regions,Non-emergency,All Stages,All Ages,All Years
2.75,.69999999,.69,.72000003,All Persons,IMD 5 - least deprived,All Regions,Non-emergency,All Stages,All Ages,All Years
3,.69,.67000002,.69999999,All Persons,IMD 5 - least deprived,All Regions,Non-emergency,All Stages,All Ages,All Years
3.25,.67000002,.66000003,.69,All Persons,IMD 5 - least deprived,All Regions,Non-emergency,All Stages,All Ages,All Years
3.5,.67000002,.64999998,.68000001,All Persons,IMD 5 - least deprived,All Regions,Non-emergency,All Stages,All Ages,All Years
3.75,.66000003,.63999999,.67000002,All Persons,IMD 5 - least deprived,All Regions,Non-emergency,All Stages,All Ages,All Years
4,.64999998,.63,.66000003,All Persons,IMD 5 - least deprived,All Regions,Non-emergency,All Stages,All Ages,All Years
4.25,.63999999,.62,.64999998,All Persons,IMD 5 - least deprived,All Regions,Non-emergency,All Stages,All Ages,All Years
4.5,.63,.61000001,.63999999,All Persons,IMD 5 - least deprived,All Regions,Non-emergency,All Stages,All Ages,All Years
4.75,.62,.61000001,.63999999,All Persons,IMD 5 - least deprived,All Regions,Non-emergency,All Stages,All Ages,All Years
5,.61000001,.60000002,.63,All Persons,IMD 5 - least deprived,All Regions,Non-emergency,All Stages,All Ages,All Years
0,1,1,1,All Persons,IMD 5 - least deprived,All Regions,All Routes,Early,All Ages,All Years
.25,.99000001,.99000001,.99000001,All Persons,IMD 5 - least deprived,All Regions,All Routes,Early,All Ages,All Years
.5,.98000002,.97000003,.98000002,All Persons,IMD 5 - least deprived,All Regions,All Routes,Early,All Ages,All Years
.75,.95999998,.95999998,.97000003,All Persons,IMD 5 - least deprived,All Regions,All Routes,Early,All Ages,All Years
1,.94999999,.94,.95999998,All Persons,IMD 5 - least deprived,All Regions,All Routes,Early,All Ages,All Years
1.25,.93000001,.92000002,.94,All Persons,IMD 5 - least deprived,All Regions,All Routes,Early,All Ages,All Years
1.5,.92000002,.91000003,.93000001,All Persons,IMD 5 - least deprived,All Regions,All Routes,Early,All Ages,All Years
1.75,.89999998,.88999999,.91000003,All Persons,IMD 5 - least deprived,All Regions,All Routes,Early,All Ages,All Years
2,.88,.87,.88999999,All Persons,IMD 5 - least deprived,All Regions,All Routes,Early,All Ages,All Years
2.25,.87,.86000001,.88,All Persons,IMD 5 - least deprived,All Regions,All Routes,Early,All Ages,All Years
2.5,.86000001,.85000002,.87,All Persons,IMD 5 - least deprived,All Regions,All Routes,Early,All Ages,All Years
2.75,.85000002,.82999998,.86000001,All Persons,IMD 5 - least deprived,All Regions,All Routes,Early,All Ages,All Years
3,.83999997,.81999999,.85000002,All Persons,IMD 5 - least deprived,All Regions,All Routes,Early,All Ages,All Years
3.25,.82999998,.81,.83999997,All Persons,IMD 5 - least deprived,All Regions,All Routes,Early,All Ages,All Years
3.5,.81,.80000001,.82999998,All Persons,IMD 5 - least deprived,All Regions,All Routes,Early,All Ages,All Years
3.75,.80000001,.79000002,.81999999,All Persons,IMD 5 - least deprived,All Regions,All Routes,Early,All Ages,All Years
4,.79000002,.77999997,.81,All Persons,IMD 5 - least deprived,All Regions,All Routes,Early,All Ages,All Years
4.25,.77999997,.75999999,.79000002,All Persons,IMD 5 - least deprived,All Regions,All Routes,Early,All Ages,All Years
4.5,.75999999,.75,.77999997,All Persons,IMD 5 - least deprived,All Regions,All Routes,Early,All Ages,All Years
4.75,.75999999,.74000001,.77999997,All Persons,IMD 5 - least deprived,All Regions,All Routes,Early,All Ages,All Years
5,.75,.73000002,.76999998,All Persons,IMD 5 - least deprived,All Regions,All Routes,Early,All Ages,All Years
0,1,1,1,All Persons,IMD 5 - least deprived,All Regions,All Routes,Advanced,All Ages,All Years
.25,.93000001,.92000002,.93000001,All Persons,IMD 5 - least deprived,All Regions,All Routes,Advanced,All Ages,All Years
.5,.85000002,.83999997,.86000001,All Persons,IMD 5 - least deprived,All Regions,All Routes,Advanced,All Ages,All Years
.75,.80000001,.77999997,.81,All Persons,IMD 5 - least deprived,All Regions,All Routes,Advanced,All Ages,All Years
1,.75,.74000001,.75999999,All Persons,IMD 5 - least deprived,All Regions,All Routes,Advanced,All Ages,All Years
1.25,.70999998,.69999999,.72000003,All Persons,IMD 5 - least deprived,All Regions,All Routes,Advanced,All Ages,All Years
1.5,.68000001,.67000002,.69,All Persons,IMD 5 - least deprived,All Regions,All Routes,Advanced,All Ages,All Years
1.75,.66000003,.63999999,.67000002,All Persons,IMD 5 - least deprived,All Regions,All Routes,Advanced,All Ages,All Years
2,.63,.62,.64999998,All Persons,IMD 5 - least deprived,All Regions,All Routes,Advanced,All Ages,All Years
2.25,.61000001,.60000002,.62,All Persons,IMD 5 - least deprived,All Regions,All Routes,Advanced,All Ages,All Years
2.5,.58999997,.57999998,.61000001,All Persons,IMD 5 - least deprived,All Regions,All Routes,Advanced,All Ages,All Years
2.75,.57999998,.56999999,.60000002,All Persons,IMD 5 - least deprived,All Regions,All Routes,Advanced,All Ages,All Years
3,.56999999,.55000001,.57999998,All Persons,IMD 5 - least deprived,All Regions,All Routes,Advanced,All Ages,All Years
3.25,.56,.54000002,.56999999,All Persons,IMD 5 - least deprived,All Regions,All Routes,Advanced,All Ages,All Years
3.5,.55000001,.52999997,.56,All Persons,IMD 5 - least deprived,All Regions,All Routes,Advanced,All Ages,All Years
3.75,.54000002,.52999997,.55000001,All Persons,IMD 5 - least deprived,All Regions,All Routes,Advanced,All Ages,All Years
4,.52999997,.50999999,.54000002,All Persons,IMD 5 - least deprived,All Regions,All Routes,Advanced,All Ages,All Years
4.25,.51999998,.50999999,.54000002,All Persons,IMD 5 - least deprived,All Regions,All Routes,Advanced,All Ages,All Years
4.5,.50999999,.5,.52999997,All Persons,IMD 5 - least deprived,All Regions,All Routes,Advanced,All Ages,All Years
4.75,.50999999,.49000001,.51999998,All Persons,IMD 5 - least deprived,All Regions,All Routes,Advanced,All Ages,All Years
5,.5,.47999999,.51999998,All Persons,IMD 5 - least deprived,All Regions,All Routes,Advanced,All Ages,All Years
0,1,1,1,All Persons,IMD 5 - least deprived,All Regions,All Routes,All Stages,0-49,All Years
.25,.99000001,.99000001,1,All Persons,IMD 5 - least deprived,All Regions,All Routes,All Stages,0-49,All Years
.5,.98000002,.97000003,.99000001,All Persons,IMD 5 - least deprived,All Regions,All Routes,All Stages,0-49,All Years
.75,.97000003,.95999998,.98000002,All Persons,IMD 5 - least deprived,All Regions,All Routes,All Stages,0-49,All Years
1,.94999999,.93000001,.95999998,All Persons,IMD 5 - least deprived,All Regions,All Routes,All Stages,0-49,All Years
1.25,.93000001,.91000003,.94999999,All Persons,IMD 5 - least deprived,All Regions,All Routes,All Stages,0-49,All Years
1.5,.92000002,.89999998,.94,All Persons,IMD 5 - least deprived,All Regions,All Routes,All Stages,0-49,All Years
1.75,.89999998,.88,.92000002,All Persons,IMD 5 - least deprived,All Regions,All Routes,All Stages,0-49,All Years
2,.88,.86000001,.91000003,All Persons,IMD 5 - least deprived,All Regions,All Routes,All Stages,0-49,All Years
2.25,.87,.85000002,.88999999,All Persons,IMD 5 - least deprived,All Regions,All Routes,All Stages,0-49,All Years
2.5,.86000001,.83999997,.88,All Persons,IMD 5 - least deprived,All Regions,All Routes,All Stages,0-49,All Years
2.75,.85000002,.82999998,.88,All Persons,IMD 5 - least deprived,All Regions,All Routes,All Stages,0-49,All Years
3,.83999997,.81999999,.87,All Persons,IMD 5 - least deprived,All Regions,All Routes,All Stages,0-49,All Years
3.25,.83999997,.81999999,.87,All Persons,IMD 5 - least deprived,All Regions,All Routes,All Stages,0-49,All Years
3.5,.83999997,.81,.86000001,All Persons,IMD 5 - least deprived,All Regions,All Routes,All Stages,0-49,All Years
3.75,.83999997,.81,.86000001,All Persons,IMD 5 - least deprived,All Regions,All Routes,All Stages,0-49,All Years
4,.82999998,.81,.86000001,All Persons,IMD 5 - least deprived,All Regions,All Routes,All Stages,0-49,All Years
4.25,.82999998,.80000001,.86000001,All Persons,IMD 5 - least deprived,All Regions,All Routes,All Stages,0-49,All Years
4.5,.82999998,.80000001,.85000002,All Persons,IMD 5 - least deprived,All Regions,All Routes,All Stages,0-49,All Years
4.75,.81999999,.79000002,.85000002,All Persons,IMD 5 - least deprived,All Regions,All Routes,All Stages,0-49,All Years
5,.81999999,.79000002,.85000002,All Persons,IMD 5 - least deprived,All Regions,All Routes,All Stages,0-49,All Years
0,1,1,1,All Persons,IMD 5 - least deprived,All Regions,All Routes,All Stages,50-54,All Years
.25,.99000001,.98000002,1,All Persons,IMD 5 - least deprived,All Regions,All Routes,All Stages,50-54,All Years
.5,.97000003,.94999999,.98000002,All Persons,IMD 5 - least deprived,All Regions,All Routes,All Stages,50-54,All Years
.75,.94,.92000002,.94999999,All Persons,IMD 5 - least deprived,All Regions,All Routes,All Stages,50-54,All Years
1,.92000002,.91000003,.94,All Persons,IMD 5 - least deprived,All Regions,All Routes,All Stages,50-54,All Years
1.25,.91000003,.89999998,.93000001,All Persons,IMD 5 - least deprived,All Regions,All Routes,All Stages,50-54,All Years
1.5,.89999998,.88,.92000002,All Persons,IMD 5 - least deprived,All Regions,All Routes,All Stages,50-54,All Years
1.75,.88999999,.86000001,.91000003,All Persons,IMD 5 - least deprived,All Regions,All Routes,All Stages,50-54,All Years
2,.88,.85000002,.89999998,All Persons,IMD 5 - least deprived,All Regions,All Routes,All Stages,50-54,All Years
2.25,.86000001,.83999997,.88999999,All Persons,IMD 5 - least deprived,All Regions,All Routes,All Stages,50-54,All Years
2.5,.86000001,.82999998,.88,All Persons,IMD 5 - least deprived,All Regions,All Routes,All Stages,50-54,All Years
2.75,.85000002,.82999998,.88,All Persons,IMD 5 - least deprived,All Regions,All Routes,All Stages,50-54,All Years
3,.83999997,.81999999,.87,All Persons,IMD 5 - least deprived,All Regions,All Routes,All Stages,50-54,All Years
3.25,.82999998,.81,.86000001,All Persons,IMD 5 - least deprived,All Regions,All Routes,All Stages,50-54,All Years
3.5,.82999998,.80000001,.86000001,All Persons,IMD 5 - least deprived,All Regions,All Routes,All Stages,50-54,All Years
3.75,.82999998,.80000001,.85000002,All Persons,IMD 5 - least deprived,All Regions,All Routes,All Stages,50-54,All Years
4,.81999999,.79000002,.83999997,All Persons,IMD 5 - least deprived,All Regions,All Routes,All Stages,50-54,All Years
4.25,.81,.77999997,.83999997,All Persons,IMD 5 - least deprived,All Regions,All Routes,All Stages,50-54,All Years
4.5,.80000001,.77999997,.82999998,All Persons,IMD 5 - least deprived,All Regions,All Routes,All Stages,50-54,All Years
4.75,.80000001,.76999998,.82999998,All Persons,IMD 5 - least deprived,All Regions,All Routes,All Stages,50-54,All Years
5,.79000002,.75999999,.81999999,All Persons,IMD 5 - least deprived,All Regions,All Routes,All Stages,50-54,All Years
0,1,1,1,All Persons,IMD 5 - least deprived,All Regions,All Routes,All Stages,55-59,All Years
.25,.98000002,.97000003,.99000001,All Persons,IMD 5 - least deprived,All Regions,All Routes,All Stages,55-59,All Years
.5,.95999998,.94999999,.97000003,All Persons,IMD 5 - least deprived,All Regions,All Routes,All Stages,55-59,All Years
.75,.94,.92000002,.94999999,All Persons,IMD 5 - least deprived,All Regions,All Routes,All Stages,55-59,All Years
1,.92000002,.89999998,.93000001,All Persons,IMD 5 - least deprived,All Regions,All Routes,All Stages,55-59,All Years
1.25,.89999998,.88,.92000002,All Persons,IMD 5 - least deprived,All Regions,All Routes,All Stages,55-59,All Years
1.5,.88,.86000001,.89999998,All Persons,IMD 5 - least deprived,All Regions,All Routes,All Stages,55-59,All Years
1.75,.87,.85000002,.88999999,All Persons,IMD 5 - least deprived,All Regions,All Routes,All Stages,55-59,All Years
2,.85000002,.82999998,.87,All Persons,IMD 5 - least deprived,All Regions,All Routes,All Stages,55-59,All Years
2.25,.82999998,.81,.86000001,All Persons,IMD 5 - least deprived,All Regions,All Routes,All Stages,55-59,All Years
2.5,.82999998,.81,.85000002,All Persons,IMD 5 - least deprived,All Regions,All Routes,All Stages,55-59,All Years
2.75,.81999999,.80000001,.83999997,All Persons,IMD 5 - least deprived,All Regions,All Routes,All Stages,55-59,All Years
3,.80000001,.77999997,.82999998,All Persons,IMD 5 - least deprived,All Regions,All Routes,All Stages,55-59,All Years
3.25,.79000002,.76999998,.81999999,All Persons,IMD 5 - least deprived,All Regions,All Routes,All Stages,55-59,All Years
3.5,.79000002,.75999999,.81,All Persons,IMD 5 - least deprived,All Regions,All Routes,All Stages,55-59,All Years
3.75,.77999997,.75999999,.81,All Persons,IMD 5 - least deprived,All Regions,All Routes,All Stages,55-59,All Years
4,.76999998,.75,.80000001,All Persons,IMD 5 - least deprived,All Regions,All Routes,All Stages,55-59,All Years
4.25,.76999998,.74000001,.79000002,All Persons,IMD 5 - least deprived,All Regions,All Routes,All Stages,55-59,All Years
4.5,.75,.73000002,.77999997,All Persons,IMD 5 - least deprived,All Regions,All Routes,All Stages,55-59,All Years
4.75,.75,.72000003,.76999998,All Persons,IMD 5 - least deprived,All Regions,All Routes,All Stages,55-59,All Years
5,.74000001,.70999998,.76999998,All Persons,IMD 5 - least deprived,All Regions,All Routes,All Stages,55-59,All Years
0,1,1,1,All Persons,IMD 5 - least deprived,All Regions,All Routes,All Stages,60-64,All Years
.25,.97000003,.95999998,.98000002,All Persons,IMD 5 - least deprived,All Regions,All Routes,All Stages,60-64,All Years
.5,.94,.93000001,.95999998,All Persons,IMD 5 - least deprived,All Regions,All Routes,All Stages,60-64,All Years
.75,.91000003,.88999999,.93000001,All Persons,IMD 5 - least deprived,All Regions,All Routes,All Stages,60-64,All Years
1,.88999999,.87,.91000003,All Persons,IMD 5 - least deprived,All Regions,All Routes,All Stages,60-64,All Years
1.25,.87,.85000002,.88,All Persons,IMD 5 - least deprived,All Regions,All Routes,All Stages,60-64,All Years
1.5,.85000002,.82999998,.87,All Persons,IMD 5 - least deprived,All Regions,All Routes,All Stages,60-64,All Years
1.75,.82999998,.81,.85000002,All Persons,IMD 5 - least deprived,All Regions,All Routes,All Stages,60-64,All Years
2,.81,.79000002,.82999998,All Persons,IMD 5 - least deprived,All Regions,All Routes,All Stages,60-64,All Years
2.25,.80000001,.76999998,.81999999,All Persons,IMD 5 - least deprived,All Regions,All Routes,All Stages,60-64,All Years
2.5,.77999997,.75999999,.81,All Persons,IMD 5 - least deprived,All Regions,All Routes,All Stages,60-64,All Years
2.75,.76999998,.75,.79000002,All Persons,IMD 5 - least deprived,All Regions,All Routes,All Stages,60-64,All Years
3,.75999999,.73000002,.77999997,All Persons,IMD 5 - least deprived,All Regions,All Routes,All Stages,60-64,All Years
3.25,.74000001,.72000003,.76999998,All Persons,IMD 5 - least deprived,All Regions,All Routes,All Stages,60-64,All Years
3.5,.74000001,.70999998,.76999998,All Persons,IMD 5 - least deprived,All Regions,All Routes,All Stages,60-64,All Years
3.75,.73000002,.70999998,.75999999,All Persons,IMD 5 - least deprived,All Regions,All Routes,All Stages,60-64,All Years
4,.73000002,.69999999,.75,All Persons,IMD 5 - least deprived,All Regions,All Routes,All Stages,60-64,All Years
4.25,.72000003,.69999999,.75,All Persons,IMD 5 - least deprived,All Regions,All Routes,All Stages,60-64,All Years
4.5,.72000003,.69,.74000001,All Persons,IMD 5 - least deprived,All Regions,All Routes,All Stages,60-64,All Years
4.75,.70999998,.68000001,.74000001,All Persons,IMD 5 - least deprived,All Regions,All Routes,All Stages,60-64,All Years
5,.69999999,.67000002,.73000002,All Persons,IMD 5 - least deprived,All Regions,All Routes,All Stages,60-64,All Years
0,1,1,1,All Persons,IMD 5 - least deprived,All Regions,All Routes,All Stages,65-69,All Years
.25,.94999999,.94,.95999998,All Persons,IMD 5 - least deprived,All Regions,All Routes,All Stages,65-69,All Years
.5,.92000002,.89999998,.93000001,All Persons,IMD 5 - least deprived,All Regions,All Routes,All Stages,65-69,All Years
.75,.88,.87,.89999998,All Persons,IMD 5 - least deprived,All Regions,All Routes,All Stages,65-69,All Years
1,.83999997,.81999999,.86000001,All Persons,IMD 5 - least deprived,All Regions,All Routes,All Stages,65-69,All Years
1.25,.81999999,.80000001,.83999997,All Persons,IMD 5 - least deprived,All Regions,All Routes,All Stages,65-69,All Years
1.5,.79000002,.76999998,.81,All Persons,IMD 5 - least deprived,All Regions,All Routes,All Stages,65-69,All Years
1.75,.76999998,.75,.79000002,All Persons,IMD 5 - least deprived,All Regions,All Routes,All Stages,65-69,All Years
2,.75,.73000002,.76999998,All Persons,IMD 5 - least deprived,All Regions,All Routes,All Stages,65-69,All Years
2.25,.74000001,.70999998,.75999999,All Persons,IMD 5 - least deprived,All Regions,All Routes,All Stages,65-69,All Years
2.5,.73000002,.69999999,.75,All Persons,IMD 5 - least deprived,All Regions,All Routes,All Stages,65-69,All Years
2.75,.72000003,.69999999,.74000001,All Persons,IMD 5 - least deprived,All Regions,All Routes,All Stages,65-69,All Years
3,.70999998,.68000001,.73000002,All Persons,IMD 5 - least deprived,All Regions,All Routes,All Stages,65-69,All Years
3.25,.69999999,.68000001,.73000002,All Persons,IMD 5 - least deprived,All Regions,All Routes,All Stages,65-69,All Years
3.5,.69999999,.67000002,.72000003,All Persons,IMD 5 - least deprived,All Regions,All Routes,All Stages,65-69,All Years
3.75,.69,.66000003,.70999998,All Persons,IMD 5 - least deprived,All Regions,All Routes,All Stages,65-69,All Years
4,.68000001,.64999998,.69999999,All Persons,IMD 5 - least deprived,All Regions,All Routes,All Stages,65-69,All Years
4.25,.67000002,.63999999,.69,All Persons,IMD 5 - least deprived,All Regions,All Routes,All Stages,65-69,All Years
4.5,.66000003,.63999999,.69,All Persons,IMD 5 - least deprived,All Regions,All Routes,All Stages,65-69,All Years
4.75,.66000003,.63,.69,All Persons,IMD 5 - least deprived,All Regions,All Routes,All Stages,65-69,All Years
5,.64999998,.62,.68000001,All Persons,IMD 5 - least deprived,All Regions,All Routes,All Stages,65-69,All Years
0,1,1,1,All Persons,IMD 5 - least deprived,All Regions,All Routes,All Stages,70-74,All Years
.25,.94,.93000001,.94999999,All Persons,IMD 5 - least deprived,All Regions,All Routes,All Stages,70-74,All Years
.5,.89999998,.88999999,.92000002,All Persons,IMD 5 - least deprived,All Regions,All Routes,All Stages,70-74,All Years
.75,.86000001,.83999997,.88,All Persons,IMD 5 - least deprived,All Regions,All Routes,All Stages,70-74,All Years
1,.81999999,.80000001,.83999997,All Persons,IMD 5 - least deprived,All Regions,All Routes,All Stages,70-74,All Years
1.25,.79000002,.76999998,.81,All Persons,IMD 5 - least deprived,All Regions,All Routes,All Stages,70-74,All Years
1.5,.75999999,.74000001,.77999997,All Persons,IMD 5 - least deprived,All Regions,All Routes,All Stages,70-74,All Years
1.75,.74000001,.70999998,.75999999,All Persons,IMD 5 - least deprived,All Regions,All Routes,All Stages,70-74,All Years
2,.70999998,.69,.74000001,All Persons,IMD 5 - least deprived,All Regions,All Routes,All Stages,70-74,All Years
2.25,.69,.67000002,.72000003,All Persons,IMD 5 - least deprived,All Regions,All Routes,All Stages,70-74,All Years
2.5,.67000002,.63999999,.69,All Persons,IMD 5 - least deprived,All Regions,All Routes,All Stages,70-74,All Years
2.75,.64999998,.62,.68000001,All Persons,IMD 5 - least deprived,All Regions,All Routes,All Stages,70-74,All Years
3,.63,.60000002,.64999998,All Persons,IMD 5 - least deprived,All Regions,All Routes,All Stages,70-74,All Years
3.25,.61000001,.58999997,.63999999,All Persons,IMD 5 - least deprived,All Regions,All Routes,All Stages,70-74,All Years
3.5,.60000002,.56999999,.63,All Persons,IMD 5 - least deprived,All Regions,All Routes,All Stages,70-74,All Years
3.75,.58999997,.56,.62,All Persons,IMD 5 - least deprived,All Regions,All Routes,All Stages,70-74,All Years
4,.57999998,.55000001,.61000001,All Persons,IMD 5 - least deprived,All Regions,All Routes,All Stages,70-74,All Years
4.25,.56999999,.54000002,.60000002,All Persons,IMD 5 - least deprived,All Regions,All Routes,All Stages,70-74,All Years
4.5,.56,.52999997,.58999997,All Persons,IMD 5 - least deprived,All Regions,All Routes,All Stages,70-74,All Years
4.75,.55000001,.51999998,.57999998,All Persons,IMD 5 - least deprived,All Regions,All Routes,All Stages,70-74,All Years
5,.54000002,.50999999,.56999999,All Persons,IMD 5 - least deprived,All Regions,All Routes,All Stages,70-74,All Years
0,1,1,1,All Persons,IMD 5 - least deprived,All Regions,All Routes,All Stages,75-79,All Years
.25,.93000001,.91000003,.94,All Persons,IMD 5 - least deprived,All Regions,All Routes,All Stages,75-79,All Years
.5,.86000001,.82999998,.88,All Persons,IMD 5 - least deprived,All Regions,All Routes,All Stages,75-79,All Years
.75,.80000001,.77999997,.82999998,All Persons,IMD 5 - least deprived,All Regions,All Routes,All Stages,75-79,All Years
1,.75999999,.73000002,.77999997,All Persons,IMD 5 - least deprived,All Regions,All Routes,All Stages,75-79,All Years
1.25,.72000003,.69999999,.75,All Persons,IMD 5 - least deprived,All Regions,All Routes,All Stages,75-79,All Years
1.5,.69999999,.67000002,.72000003,All Persons,IMD 5 - least deprived,All Regions,All Routes,All Stages,75-79,All Years
1.75,.67000002,.63999999,.69999999,All Persons,IMD 5 - least deprived,All Regions,All Routes,All Stages,75-79,All Years
2,.64999998,.62,.68000001,All Persons,IMD 5 - least deprived,All Regions,All Routes,All Stages,75-79,All Years
2.25,.61000001,.58999997,.63999999,All Persons,IMD 5 - least deprived,All Regions,All Routes,All Stages,75-79,All Years
2.5,.60000002,.56999999,.63,All Persons,IMD 5 - least deprived,All Regions,All Routes,All Stages,75-79,All Years
2.75,.58999997,.56,.62,All Persons,IMD 5 - least deprived,All Regions,All Routes,All Stages,75-79,All Years
3,.57999998,.55000001,.61000001,All Persons,IMD 5 - least deprived,All Regions,All Routes,All Stages,75-79,All Years
3.25,.56,.52999997,.58999997,All Persons,IMD 5 - least deprived,All Regions,All Routes,All Stages,75-79,All Years
3.5,.54000002,.50999999,.56999999,All Persons,IMD 5 - least deprived,All Regions,All Routes,All Stages,75-79,All Years
3.75,.51999998,.49000001,.56,All Persons,IMD 5 - least deprived,All Regions,All Routes,All Stages,75-79,All Years
4,.5,.47,.52999997,All Persons,IMD 5 - least deprived,All Regions,All Routes,All Stages,75-79,All Years
4.25,.49000001,.44999999,.51999998,All Persons,IMD 5 - least deprived,All Regions,All Routes,All Stages,75-79,All Years
4.5,.47,.44,.50999999,All Persons,IMD 5 - least deprived,All Regions,All Routes,All Stages,75-79,All Years
4.75,.47,.43000001,.5,All Persons,IMD 5 - least deprived,All Regions,All Routes,All Stages,75-79,All Years
5,.44999999,.41999999,.49000001,All Persons,IMD 5 - least deprived,All Regions,All Routes,All Stages,75-79,All Years
0,1,1,1,All Persons,IMD 5 - least deprived,All Regions,All Routes,All Stages,80-84,All Years
.25,.88999999,.87,.92000002,All Persons,IMD 5 - least deprived,All Regions,All Routes,All Stages,80-84,All Years
.5,.80000001,.76999998,.82999998,All Persons,IMD 5 - least deprived,All Regions,All Routes,All Stages,80-84,All Years
.75,.73000002,.69999999,.75999999,All Persons,IMD 5 - least deprived,All Regions,All Routes,All Stages,80-84,All Years
1,.68000001,.64999998,.70999998,All Persons,IMD 5 - least deprived,All Regions,All Routes,All Stages,80-84,All Years
1.25,.63,.60000002,.67000002,All Persons,IMD 5 - least deprived,All Regions,All Routes,All Stages,80-84,All Years
1.5,.58999997,.56,.63,All Persons,IMD 5 - least deprived,All Regions,All Routes,All Stages,80-84,All Years
1.75,.56999999,.52999997,.60000002,All Persons,IMD 5 - least deprived,All Regions,All Routes,All Stages,80-84,All Years
2,.54000002,.50999999,.57999998,All Persons,IMD 5 - least deprived,All Regions,All Routes,All Stages,80-84,All Years
2.25,.51999998,.49000001,.56,All Persons,IMD 5 - least deprived,All Regions,All Routes,All Stages,80-84,All Years
2.5,.5,.47,.54000002,All Persons,IMD 5 - least deprived,All Regions,All Routes,All Stages,80-84,All Years
2.75,.49000001,.44999999,.52999997,All Persons,IMD 5 - least deprived,All Regions,All Routes,All Stages,80-84,All Years
3,.47,.44,.50999999,All Persons,IMD 5 - least deprived,All Regions,All Routes,All Stages,80-84,All Years
3.25,.46000001,.41999999,.49000001,All Persons,IMD 5 - least deprived,All Regions,All Routes,All Stages,80-84,All Years
3.5,.44,.40000001,.47999999,All Persons,IMD 5 - least deprived,All Regions,All Routes,All Stages,80-84,All Years
3.75,.41999999,.38999999,.46000001,All Persons,IMD 5 - least deprived,All Regions,All Routes,All Stages,80-84,All Years
4,.41,.37,.44999999,All Persons,IMD 5 - least deprived,All Regions,All Routes,All Stages,80-84,All Years
4.25,.38999999,.34999999,.43000001,All Persons,IMD 5 - least deprived,All Regions,All Routes,All Stages,80-84,All Years
4.5,.38,.34,.41999999,All Persons,IMD 5 - least deprived,All Regions,All Routes,All Stages,80-84,All Years
4.75,.38,.34,.41999999,All Persons,IMD 5 - least deprived,All Regions,All Routes,All Stages,80-84,All Years
5,.37,.31999999,.41,All Persons,IMD 5 - least deprived,All Regions,All Routes,All Stages,80-84,All Years
0,1,.99000001,1,All Persons,IMD 5 - least deprived,All Regions,All Routes,All Stages,85-89,All Years
.25,.81999999,.79000002,.85000002,All Persons,IMD 5 - least deprived,All Regions,All Routes,All Stages,85-89,All Years
.5,.69999999,.66000003,.74000001,All Persons,IMD 5 - least deprived,All Regions,All Routes,All Stages,85-89,All Years
.75,.63,.58999997,.67000002,All Persons,IMD 5 - least deprived,All Regions,All Routes,All Stages,85-89,All Years
1,.56999999,.52999997,.61000001,All Persons,IMD 5 - least deprived,All Regions,All Routes,All Stages,85-89,All Years
1.25,.52999997,.49000001,.56999999,All Persons,IMD 5 - least deprived,All Regions,All Routes,All Stages,85-89,All Years
1.5,.49000001,.44,.52999997,All Persons,IMD 5 - least deprived,All Regions,All Routes,All Stages,85-89,All Years
1.75,.46000001,.41999999,.50999999,All Persons,IMD 5 - least deprived,All Regions,All Routes,All Stages,85-89,All Years
2,.43000001,.38999999,.47,All Persons,IMD 5 - least deprived,All Regions,All Routes,All Stages,85-89,All Years
2.25,.41,.37,.44999999,All Persons,IMD 5 - least deprived,All Regions,All Routes,All Stages,85-89,All Years
2.5,.37,.33000001,.41,All Persons,IMD 5 - least deprived,All Regions,All Routes,All Stages,85-89,All Years
2.75,.34999999,.30000001,.38999999,All Persons,IMD 5 - least deprived,All Regions,All Routes,All Stages,85-89,All Years
3,.33000001,.28999999,.38,All Persons,IMD 5 - least deprived,All Regions,All Routes,All Stages,85-89,All Years
3.25,.31999999,.28,.37,All Persons,IMD 5 - least deprived,All Regions,All Routes,All Stages,85-89,All Years
3.5,.31,.25999999,.34999999,All Persons,IMD 5 - least deprived,All Regions,All Routes,All Stages,85-89,All Years
3.75,.28,.23999999,.33000001,All Persons,IMD 5 - least deprived,All Regions,All Routes,All Stages,85-89,All Years
4,.27000001,.23,.31,All Persons,IMD 5 - least deprived,All Regions,All Routes,All Stages,85-89,All Years
4.25,.25,.20999999,.30000001,All Persons,IMD 5 - least deprived,All Regions,All Routes,All Stages,85-89,All Years
4.5,.23,.19,.27000001,All Persons,IMD 5 - least deprived,All Regions,All Routes,All Stages,85-89,All Years
4.75,.23,.19,.27000001,All Persons,IMD 5 - least deprived,All Regions,All Routes,All Stages,85-89,All Years
5,.22,.18000001,.27000001,All Persons,IMD 5 - least deprived,All Regions,All Routes,All Stages,85-89,All Years
0,1,.99000001,1,All Persons,IMD 5 - least deprived,All Regions,All Routes,All Stages,90+,All Years
.25,.73000002,.68000001,.77999997,All Persons,IMD 5 - least deprived,All Regions,All Routes,All Stages,90+,All Years
.5,.57999998,.52999997,.63999999,All Persons,IMD 5 - least deprived,All Regions,All Routes,All Stages,90+,All Years
.75,.5,.44,.55000001,All Persons,IMD 5 - least deprived,All Regions,All Routes,All Stages,90+,All Years
1,.40000001,.34999999,.46000001,All Persons,IMD 5 - least deprived,All Regions,All Routes,All Stages,90+,All Years
1.25,.34999999,.30000001,.40000001,All Persons,IMD 5 - least deprived,All Regions,All Routes,All Stages,90+,All Years
1.5,.31,.25999999,.36000001,All Persons,IMD 5 - least deprived,All Regions,All Routes,All Stages,90+,All Years
1.75,.28999999,.23999999,.34,All Persons,IMD 5 - least deprived,All Regions,All Routes,All Stages,90+,All Years
2,.25999999,.20999999,.31,All Persons,IMD 5 - least deprived,All Regions,All Routes,All Stages,90+,All Years
2.25,.23999999,.19,.28999999,All Persons,IMD 5 - least deprived,All Regions,All Routes,All Stages,90+,All Years
2.5,.23999999,.19,.28999999,All Persons,IMD 5 - least deprived,All Regions,All Routes,All Stages,90+,All Years
2.75,.20999999,.17,.25999999,All Persons,IMD 5 - least deprived,All Regions,All Routes,All Stages,90+,All Years
3,.2,.15000001,.25,All Persons,IMD 5 - least deprived,All Regions,All Routes,All Stages,90+,All Years
3.25,.19,.14,.23999999,All Persons,IMD 5 - least deprived,All Regions,All Routes,All Stages,90+,All Years
3.5,.17,.13,.22,All Persons,IMD 5 - least deprived,All Regions,All Routes,All Stages,90+,All Years
3.75,.16,.12,.20999999,All Persons,IMD 5 - least deprived,All Regions,All Routes,All Stages,90+,All Years
4,.15000001,.11,.2,All Persons,IMD 5 - least deprived,All Regions,All Routes,All Stages,90+,All Years
4.25,.13,.090000004,.18000001,All Persons,IMD 5 - least deprived,All Regions,All Routes,All Stages,90+,All Years
4.5,.13,.079999998,.17,All Persons,IMD 5 - least deprived,All Regions,All Routes,All Stages,90+,All Years
4.75,.12,.079999998,.16,All Persons,IMD 5 - least deprived,All Regions,All Routes,All Stages,90+,All Years
5,.11,.07,.15000001,All Persons,IMD 5 - least deprived,All Regions,All Routes,All Stages,90+,All Years
0,1,1,1,All Persons,IMD 5 - least deprived,All Regions,All Routes,All Stages,All Ages,2016
.25,.94,.93000001,.94999999,All Persons,IMD 5 - least deprived,All Regions,All Routes,All Stages,All Ages,2016
.5,.89999998,.88,.91000003,All Persons,IMD 5 - least deprived,All Regions,All Routes,All Stages,All Ages,2016
.75,.87,.85000002,.88,All Persons,IMD 5 - least deprived,All Regions,All Routes,All Stages,All Ages,2016
1,.82999998,.81999999,.85000002,All Persons,IMD 5 - least deprived,All Regions,All Routes,All Stages,All Ages,2016
1.25,.80000001,.77999997,.81999999,All Persons,IMD 5 - least deprived,All Regions,All Routes,All Stages,All Ages,2016
1.5,.77999997,.75999999,.80000001,All Persons,IMD 5 - least deprived,All Regions,All Routes,All Stages,All Ages,2016
1.75,.75999999,.74000001,.77999997,All Persons,IMD 5 - least deprived,All Regions,All Routes,All Stages,All Ages,2016
2,.73000002,.70999998,.75,All Persons,IMD 5 - least deprived,All Regions,All Routes,All Stages,All Ages,2016
2.25,.70999998,.69,.74000001,All Persons,IMD 5 - least deprived,All Regions,All Routes,All Stages,All Ages,2016
2.5,.69,.67000002,.72000003,All Persons,IMD 5 - least deprived,All Regions,All Routes,All Stages,All Ages,2016
2.75,.68000001,.66000003,.69999999,All Persons,IMD 5 - least deprived,All Regions,All Routes,All Stages,All Ages,2016
3,.67000002,.63999999,.69,All Persons,IMD 5 - least deprived,All Regions,All Routes,All Stages,All Ages,2016
3.25,.64999998,.63,.68000001,All Persons,IMD 5 - least deprived,All Regions,All Routes,All Stages,All Ages,2016
3.5,.63999999,.62,.67000002,All Persons,IMD 5 - least deprived,All Regions,All Routes,All Stages,All Ages,2016
3.75,.63,.61000001,.66000003,All Persons,IMD 5 - least deprived,All Regions,All Routes,All Stages,All Ages,2016
4,.62,.60000002,.63999999,All Persons,IMD 5 - least deprived,All Regions,All Routes,All Stages,All Ages,2016
4.25,.61000001,.58999997,.63999999,All Persons,IMD 5 - least deprived,All Regions,All Routes,All Stages,All Ages,2016
4.5,.61000001,.57999998,.63,All Persons,IMD 5 - least deprived,All Regions,All Routes,All Stages,All Ages,2016
4.75,.60000002,.57999998,.62,All Persons,IMD 5 - least deprived,All Regions,All Routes,All Stages,All Ages,2016
5,.58999997,.56999999,.62,All Persons,IMD 5 - least deprived,All Regions,All Routes,All Stages,All Ages,2016
0,1,1,1,All Persons,IMD 5 - least deprived,All Regions,All Routes,All Stages,All Ages,2017
.25,.94999999,.93000001,.95999998,All Persons,IMD 5 - least deprived,All Regions,All Routes,All Stages,All Ages,2017
.5,.89999998,.88999999,.92000002,All Persons,IMD 5 - least deprived,All Regions,All Routes,All Stages,All Ages,2017
.75,.87,.85000002,.88999999,All Persons,IMD 5 - least deprived,All Regions,All Routes,All Stages,All Ages,2017
1,.82999998,.81,.85000002,All Persons,IMD 5 - least deprived,All Regions,All Routes,All Stages,All Ages,2017
1.25,.81,.79000002,.82999998,All Persons,IMD 5 - least deprived,All Regions,All Routes,All Stages,All Ages,2017
1.5,.77999997,.75999999,.80000001,All Persons,IMD 5 - least deprived,All Regions,All Routes,All Stages,All Ages,2017
1.75,.75999999,.74000001,.77999997,All Persons,IMD 5 - least deprived,All Regions,All Routes,All Stages,All Ages,2017
2,.74000001,.72000003,.76999998,All Persons,IMD 5 - least deprived,All Regions,All Routes,All Stages,All Ages,2017
2.25,.73000002,.70999998,.75,All Persons,IMD 5 - least deprived,All Regions,All Routes,All Stages,All Ages,2017
2.5,.70999998,.69,.74000001,All Persons,IMD 5 - least deprived,All Regions,All Routes,All Stages,All Ages,2017
2.75,.69999999,.68000001,.72000003,All Persons,IMD 5 - least deprived,All Regions,All Routes,All Stages,All Ages,2017
3,.68000001,.66000003,.70999998,All Persons,IMD 5 - least deprived,All Regions,All Routes,All Stages,All Ages,2017
3.25,.67000002,.64999998,.69999999,All Persons,IMD 5 - least deprived,All Regions,All Routes,All Stages,All Ages,2017
3.5,.67000002,.63999999,.69,All Persons,IMD 5 - least deprived,All Regions,All Routes,All Stages,All Ages,2017
3.75,.64999998,.63,.68000001,All Persons,IMD 5 - least deprived,All Regions,All Routes,All Stages,All Ages,2017
4,.63999999,.62,.67000002,All Persons,IMD 5 - least deprived,All Regions,All Routes,All Stages,All Ages,2017
4.25,.63,.61000001,.66000003,All Persons,IMD 5 - least deprived,All Regions,All Routes,All Stages,All Ages,2017
4.5,.62,.60000002,.64999998,All Persons,IMD 5 - least deprived,All Regions,All Routes,All Stages,All Ages,2017
4.75,.62,.58999997,.63999999,All Persons,IMD 5 - least deprived,All Regions,All Routes,All Stages,All Ages,2017
5,.61000001,.57999998,.63,All Persons,IMD 5 - least deprived,All Regions,All Routes,All Stages,All Ages,2017
0,1,1,1,All Persons,IMD 5 - least deprived,All Regions,All Routes,All Stages,All Ages,2018
.25,.94,.93000001,.94999999,All Persons,IMD 5 - least deprived,All Regions,All Routes,All Stages,All Ages,2018
.5,.88,.86000001,.89999998,All Persons,IMD 5 - least deprived,All Regions,All Routes,All Stages,All Ages,2018
.75,.83999997,.81999999,.86000001,All Persons,IMD 5 - least deprived,All Regions,All Routes,All Stages,All Ages,2018
1,.81,.79000002,.82999998,All Persons,IMD 5 - least deprived,All Regions,All Routes,All Stages,All Ages,2018
1.25,.79000002,.76999998,.81,All Persons,IMD 5 - least deprived,All Regions,All Routes,All Stages,All Ages,2018
1.5,.76999998,.75,.79000002,All Persons,IMD 5 - least deprived,All Regions,All Routes,All Stages,All Ages,2018
1.75,.75,.73000002,.76999998,All Persons,IMD 5 - least deprived,All Regions,All Routes,All Stages,All Ages,2018
2,.73000002,.70999998,.75,All Persons,IMD 5 - least deprived,All Regions,All Routes,All Stages,All Ages,2018
2.25,.69999999,.68000001,.72000003,All Persons,IMD 5 - least deprived,All Regions,All Routes,All Stages,All Ages,2018
2.5,.69,.67000002,.70999998,All Persons,IMD 5 - least deprived,All Regions,All Routes,All Stages,All Ages,2018
2.75,.68000001,.66000003,.70999998,All Persons,IMD 5 - least deprived,All Regions,All Routes,All Stages,All Ages,2018
3,.67000002,.64999998,.69,All Persons,IMD 5 - least deprived,All Regions,All Routes,All Stages,All Ages,2018
3.25,.66000003,.63,.68000001,All Persons,IMD 5 - least deprived,All Regions,All Routes,All Stages,All Ages,2018
3.5,.64999998,.63,.67000002,All Persons,IMD 5 - least deprived,All Regions,All Routes,All Stages,All Ages,2018
3.75,.63999999,.62,.66000003,All Persons,IMD 5 - least deprived,All Regions,All Routes,All Stages,All Ages,2018
4,.63,.61000001,.66000003,All Persons,IMD 5 - least deprived,All Regions,All Routes,All Stages,All Ages,2018
4.25,.62,.60000002,.64999998,All Persons,IMD 5 - least deprived,All Regions,All Routes,All Stages,All Ages,2018
4.5,.61000001,.58999997,.63999999,All Persons,IMD 5 - least deprived,All Regions,All Routes,All Stages,All Ages,2018
4.75,.60000002,.56999999,.63,All Persons,IMD 5 - least deprived,All Regions,All Routes,All Stages,All Ages,2018
5,.60000002,.56999999,.62,All Persons,IMD 5 - least deprived,All Regions,All Routes,All Stages,All Ages,2018
0,1,1,1,All Persons,IMD 5 - least deprived,All Regions,All Routes,All Stages,All Ages,2019
.25,.94,.93000001,.94999999,All Persons,IMD 5 - least deprived,All Regions,All Routes,All Stages,All Ages,2019
.5,.91000003,.88999999,.92000002,All Persons,IMD 5 - least deprived,All Regions,All Routes,All Stages,All Ages,2019
.75,.86000001,.85000002,.88,All Persons,IMD 5 - least deprived,All Regions,All Routes,All Stages,All Ages,2019
1,.82999998,.81,.83999997,All Persons,IMD 5 - least deprived,All Regions,All Routes,All Stages,All Ages,2019
1.25,.80000001,.77999997,.81999999,All Persons,IMD 5 - least deprived,All Regions,All Routes,All Stages,All Ages,2019
1.5,.77999997,.75999999,.80000001,All Persons,IMD 5 - least deprived,All Regions,All Routes,All Stages,All Ages,2019
1.75,.75999999,.74000001,.77999997,All Persons,IMD 5 - least deprived,All Regions,All Routes,All Stages,All Ages,2019
2,.74000001,.72000003,.75999999,All Persons,IMD 5 - least deprived,All Regions,All Routes,All Stages,All Ages,2019
2.25,.73000002,.70999998,.75,All Persons,IMD 5 - least deprived,All Regions,All Routes,All Stages,All Ages,2019
2.5,.70999998,.69,.73000002,All Persons,IMD 5 - least deprived,All Regions,All Routes,All Stages,All Ages,2019
2.75,.69999999,.68000001,.72000003,All Persons,IMD 5 - least deprived,All Regions,All Routes,All Stages,All Ages,2019
3,.69,.67000002,.70999998,All Persons,IMD 5 - least deprived,All Regions,All Routes,All Stages,All Ages,2019
3.25,.68000001,.66000003,.69999999,All Persons,IMD 5 - least deprived,All Regions,All Routes,All Stages,All Ages,2019
3.5,.67000002,.64999998,.69,All Persons,IMD 5 - least deprived,All Regions,All Routes,All Stages,All Ages,2019
3.75,.67000002,.64999998,.69,All Persons,IMD 5 - least deprived,All Regions,All Routes,All Stages,All Ages,2019
4,.64999998,.63,.68000001,All Persons,IMD 5 - least deprived,All Regions,All Routes,All Stages,All Ages,2019
4.25,.64999998,.63,.68000001,All Persons,IMD 5 - least deprived,All Regions,All Routes,All Stages,All Ages,2019
4.5,.51999998,.31999999,.73000002,All Persons,IMD 5 - least deprived,All Regions,All Routes,All Stages,All Ages,2019
5,.34999999,.079999998,.61000001,All Persons,IMD 5 - least deprived,All Regions,All Routes,All Stages,All Ages,2019
0,1,1,1,All Persons,IMD 5 - least deprived,All Regions,All Routes,All Stages,All Ages,2020
.25,.94,.93000001,.94999999,All Persons,IMD 5 - least deprived,All Regions,All Routes,All Stages,All Ages,2020
.5,.88999999,.87,.89999998,All Persons,IMD 5 - least deprived,All Regions,All Routes,All Stages,All Ages,2020
.75,.83999997,.82999998,.86000001,All Persons,IMD 5 - least deprived,All Regions,All Routes,All Stages,All Ages,2020
1,.81,.79000002,.81999999,All Persons,IMD 5 - least deprived,All Regions,All Routes,All Stages,All Ages,2020
1.25,.77999997,.75999999,.80000001,All Persons,IMD 5 - least deprived,All Regions,All Routes,All Stages,All Ages,2020
1.5,.75,.73000002,.76999998,All Persons,IMD 5 - least deprived,All Regions,All Routes,All Stages,All Ages,2020
1.75,.72000003,.69999999,.74000001,All Persons,IMD 5 - least deprived,All Regions,All Routes,All Stages,All Ages,2020
2,.70999998,.68000001,.73000002,All Persons,IMD 5 - least deprived,All Regions,All Routes,All Stages,All Ages,2020
2.25,.69,.67000002,.70999998,All Persons,IMD 5 - least deprived,All Regions,All Routes,All Stages,All Ages,2020
2.5,.68000001,.64999998,.69999999,All Persons,IMD 5 - least deprived,All Regions,All Routes,All Stages,All Ages,2020
2.75,.66000003,.63999999,.69,All Persons,IMD 5 - least deprived,All Regions,All Routes,All Stages,All Ages,2020
3,.66000003,.63,.68000001,All Persons,IMD 5 - least deprived,All Regions,All Routes,All Stages,All Ages,2020
3.25,.60000002,.50999999,.69999999,All Persons,IMD 5 - least deprived,All Regions,All Routes,All Stages,All Ages,2020
3.5,.54000002,.38999999,.68000001,All Persons,IMD 5 - least deprived,All Regions,All Routes,All Stages,All Ages,2020
4,.46000001,.28,.63999999,All Persons,IMD 5 - least deprived,All Regions,All Routes,All Stages,All Ages,2020
4.25,.46000001,.28,.63999999,All Persons,IMD 5 - least deprived,All Regions,All Routes,All Stages,All Ages,2020
4.5,.28,.090000004,.46000001,All Persons,IMD 5 - least deprived,All Regions,All Routes,All Stages,All Ages,2020
0,1,1,1,All Persons,IMD 5 - least deprived,All Regions,All Routes,All Stages,All Ages,2021
.25,.94999999,.94,.95999998,All Persons,IMD 5 - least deprived,All Regions,All Routes,All Stages,All Ages,2021
.5,.89999998,.88999999,.92000002,All Persons,IMD 5 - least deprived,All Regions,All Routes,All Stages,All Ages,2021
.75,.86000001,.85000002,.88,All Persons,IMD 5 - least deprived,All Regions,All Routes,All Stages,All Ages,2021
1,.82999998,.81999999,.85000002,All Persons,IMD 5 - least deprived,All Regions,All Routes,All Stages,All Ages,2021
1.25,.80000001,.79000002,.81999999,All Persons,IMD 5 - least deprived,All Regions,All Routes,All Stages,All Ages,2021
1.5,.77999997,.75999999,.80000001,All Persons,IMD 5 - least deprived,All Regions,All Routes,All Stages,All Ages,2021
1.75,.75999999,.74000001,.77999997,All Persons,IMD 5 - least deprived,All Regions,All Routes,All Stages,All Ages,2021
2,.74000001,.72000003,.76999998,All Persons,IMD 5 - least deprived,All Regions,All Routes,All Stages,All Ages,2021
2.5,.74000001,.72000003,.76999998,All Persons,IMD 5 - least deprived,All Regions,All Routes,All Stages,All Ages,2021
2.75,.74000001,.72000003,.76999998,All Persons,IMD 5 - least deprived,All Regions,All Routes,All Stages,All Ages,2021
3,.69999999,.62,.79000002,All Persons,IMD 5 - least deprived,All Regions,All Routes,All Stages,All Ages,2021
3.25,.69999999,.62,.79000002,All Persons,IMD 5 - least deprived,All Regions,All Routes,All Stages,All Ages,2021
3.5,.69999999,.62,.79000002,All Persons,IMD 5 - least deprived,All Regions,All Routes,All Stages,All Ages,2021
4,.63999999,.50999999,.76999998,All Persons,IMD 5 - least deprived,All Regions,All Routes,All Stages,All Ages,2021
4.25,.63999999,.50999999,.76999998,All Persons,IMD 5 - least deprived,All Regions,All Routes,All Stages,All Ages,2021
4.5,.63999999,.50999999,.76999998,All Persons,IMD 5 - least deprived,All Regions,All Routes,All Stages,All Ages,2021
4.75,.54000002,.33000001,.74000001,All Persons,IMD 5 - least deprived,All Regions,All Routes,All Stages,All Ages,2021
0,.99000001,.98000002,1.01,All Persons,All IMD Quintiles,East Midlands,Emergency,All Stages,All Ages,All Years
.25,.66000003,.58999997,.73000002,All Persons,All IMD Quintiles,East Midlands,Emergency,All Stages,All Ages,All Years
.5,.56,.49000001,.63,All Persons,All IMD Quintiles,East Midlands,Emergency,All Stages,All Ages,All Years
.75,.50999999,.44,.58999997,All Persons,All IMD Quintiles,East Midlands,Emergency,All Stages,All Ages,All Years
1,.47,.40000001,.54000002,All Persons,All IMD Quintiles,East Midlands,Emergency,All Stages,All Ages,All Years
1.25,.43000001,.36000001,.5,All Persons,All IMD Quintiles,East Midlands,Emergency,All Stages,All Ages,All Years
1.5,.40000001,.33000001,.47999999,All Persons,All IMD Quintiles,East Midlands,Emergency,All Stages,All Ages,All Years
1.75,.38,.31,.44999999,All Persons,All IMD Quintiles,East Midlands,Emergency,All Stages,All Ages,All Years
2,.36000001,.28999999,.43000001,All Persons,All IMD Quintiles,East Midlands,Emergency,All Stages,All Ages,All Years
2.25,.34,.28,.41,All Persons,All IMD Quintiles,East Midlands,Emergency,All Stages,All Ages,All Years
2.75,.33000001,.25999999,.40000001,All Persons,All IMD Quintiles,East Midlands,Emergency,All Stages,All Ages,All Years
3,.31,.23999999,.37,All Persons,All IMD Quintiles,East Midlands,Emergency,All Stages,All Ages,All Years
3.25,.30000001,.23,.36000001,All Persons,All IMD Quintiles,East Midlands,Emergency,All Stages,All Ages,All Years
4,.28999999,.22,.34999999,All Persons,All IMD Quintiles,East Midlands,Emergency,All Stages,All Ages,All Years
4.25,.28999999,.22,.34999999,All Persons,All IMD Quintiles,East Midlands,Emergency,All Stages,All Ages,All Years
4.5,.28999999,.22,.34999999,All Persons,All IMD Quintiles,East Midlands,Emergency,All Stages,All Ages,All Years
4.75,.28,.22,.34999999,All Persons,All IMD Quintiles,East Midlands,Emergency,All Stages,All Ages,All Years
5,.28,.22,.34999999,All Persons,All IMD Quintiles,East Midlands,Emergency,All Stages,All Ages,All Years
0,1,1,1,All Persons,All IMD Quintiles,East Midlands,Non-emergency,All Stages,All Ages,All Years
.25,.94999999,.94,.95999998,All Persons,All IMD Quintiles,East Midlands,Non-emergency,All Stages,All Ages,All Years
.5,.88999999,.88,.89999998,All Persons,All IMD Quintiles,East Midlands,Non-emergency,All Stages,All Ages,All Years
.75,.83999997,.82999998,.85000002,All Persons,All IMD Quintiles,East Midlands,Non-emergency,All Stages,All Ages,All Years
1,.80000001,.79000002,.81999999,All Persons,All IMD Quintiles,East Midlands,Non-emergency,All Stages,All Ages,All Years
1.25,.77999997,.75999999,.79000002,All Persons,All IMD Quintiles,East Midlands,Non-emergency,All Stages,All Ages,All Years
1.5,.75999999,.74000001,.76999998,All Persons,All IMD Quintiles,East Midlands,Non-emergency,All Stages,All Ages,All Years
1.75,.73000002,.70999998,.74000001,All Persons,All IMD Quintiles,East Midlands,Non-emergency,All Stages,All Ages,All Years
2,.69999999,.68000001,.72000003,All Persons,All IMD Quintiles,East Midlands,Non-emergency,All Stages,All Ages,All Years
2.25,.69,.67000002,.70999998,All Persons,All IMD Quintiles,East Midlands,Non-emergency,All Stages,All Ages,All Years
2.5,.67000002,.64999998,.69,All Persons,All IMD Quintiles,East Midlands,Non-emergency,All Stages,All Ages,All Years
2.75,.64999998,.63,.67000002,All Persons,All IMD Quintiles,East Midlands,Non-emergency,All Stages,All Ages,All Years
3,.63999999,.62,.66000003,All Persons,All IMD Quintiles,East Midlands,Non-emergency,All Stages,All Ages,All Years
3.25,.63,.61000001,.64999998,All Persons,All IMD Quintiles,East Midlands,Non-emergency,All Stages,All Ages,All Years
3.5,.62,.60000002,.63999999,All Persons,All IMD Quintiles,East Midlands,Non-emergency,All Stages,All Ages,All Years
3.75,.61000001,.58999997,.63,All Persons,All IMD Quintiles,East Midlands,Non-emergency,All Stages,All Ages,All Years
4,.60000002,.57999998,.62,All Persons,All IMD Quintiles,East Midlands,Non-emergency,All Stages,All Ages,All Years
4.25,.57999998,.56,.60000002,All Persons,All IMD Quintiles,East Midlands,Non-emergency,All Stages,All Ages,All Years
4.5,.56999999,.55000001,.58999997,All Persons,All IMD Quintiles,East Midlands,Non-emergency,All Stages,All Ages,All Years
4.75,.56999999,.55000001,.58999997,All Persons,All IMD Quintiles,East Midlands,Non-emergency,All Stages,All Ages,All Years
5,.56,.54000002,.57999998,All Persons,All IMD Quintiles,East Midlands,Non-emergency,All Stages,All Ages,All Years
0,1,1,1,All Persons,All IMD Quintiles,East Midlands,All Routes,Early,All Ages,All Years
.25,.99000001,.98000002,.99000001,All Persons,All IMD Quintiles,East Midlands,All Routes,Early,All Ages,All Years
.5,.98000002,.97000003,.99000001,All Persons,All IMD Quintiles,East Midlands,All Routes,Early,All Ages,All Years
.75,.97000003,.95999998,.98000002,All Persons,All IMD Quintiles,East Midlands,All Routes,Early,All Ages,All Years
1,.94999999,.94,.95999998,All Persons,All IMD Quintiles,East Midlands,All Routes,Early,All Ages,All Years
1.25,.94,.93000001,.94999999,All Persons,All IMD Quintiles,East Midlands,All Routes,Early,All Ages,All Years
1.5,.92000002,.91000003,.94,All Persons,All IMD Quintiles,East Midlands,All Routes,Early,All Ages,All Years
1.75,.91000003,.88999999,.92000002,All Persons,All IMD Quintiles,East Midlands,All Routes,Early,All Ages,All Years
2,.88,.87,.89999998,All Persons,All IMD Quintiles,East Midlands,All Routes,Early,All Ages,All Years
2.25,.86000001,.85000002,.88,All Persons,All IMD Quintiles,East Midlands,All Routes,Early,All Ages,All Years
2.5,.85000002,.82999998,.87,All Persons,All IMD Quintiles,East Midlands,All Routes,Early,All Ages,All Years
2.75,.83999997,.81999999,.86000001,All Persons,All IMD Quintiles,East Midlands,All Routes,Early,All Ages,All Years
3,.82999998,.81,.85000002,All Persons,All IMD Quintiles,East Midlands,All Routes,Early,All Ages,All Years
3.25,.81999999,.80000001,.83999997,All Persons,All IMD Quintiles,East Midlands,All Routes,Early,All Ages,All Years
3.5,.81,.79000002,.82999998,All Persons,All IMD Quintiles,East Midlands,All Routes,Early,All Ages,All Years
3.75,.79000002,.76999998,.81999999,All Persons,All IMD Quintiles,East Midlands,All Routes,Early,All Ages,All Years
4,.77999997,.75999999,.81,All Persons,All IMD Quintiles,East Midlands,All Routes,Early,All Ages,All Years
4.25,.76999998,.75,.80000001,All Persons,All IMD Quintiles,East Midlands,All Routes,Early,All Ages,All Years
4.5,.75999999,.73000002,.77999997,All Persons,All IMD Quintiles,East Midlands,All Routes,Early,All Ages,All Years
4.75,.75,.72000003,.76999998,All Persons,All IMD Quintiles,East Midlands,All Routes,Early,All Ages,All Years
5,.74000001,.70999998,.76999998,All Persons,All IMD Quintiles,East Midlands,All Routes,Early,All Ages,All Years
0,1,1,1,All Persons,All IMD Quintiles,East Midlands,All Routes,Advanced,All Ages,All Years
.25,.91000003,.89999998,.92000002,All Persons,All IMD Quintiles,East Midlands,All Routes,Advanced,All Ages,All Years
.5,.81999999,.80000001,.82999998,All Persons,All IMD Quintiles,East Midlands,All Routes,Advanced,All Ages,All Years
.75,.75,.73000002,.75999999,All Persons,All IMD Quintiles,East Midlands,All Routes,Advanced,All Ages,All Years
1,.69,.67000002,.69999999,All Persons,All IMD Quintiles,East Midlands,All Routes,Advanced,All Ages,All Years
1.25,.64999998,.63999999,.67000002,All Persons,All IMD Quintiles,East Midlands,All Routes,Advanced,All Ages,All Years
1.5,.62,.60000002,.63999999,All Persons,All IMD Quintiles,East Midlands,All Routes,Advanced,All Ages,All Years
1.75,.58999997,.56999999,.61000001,All Persons,All IMD Quintiles,East Midlands,All Routes,Advanced,All Ages,All Years
2,.56999999,.55000001,.58999997,All Persons,All IMD Quintiles,East Midlands,All Routes,Advanced,All Ages,All Years
2.25,.55000001,.52999997,.56999999,All Persons,All IMD Quintiles,East Midlands,All Routes,Advanced,All Ages,All Years
2.5,.52999997,.50999999,.55000001,All Persons,All IMD Quintiles,East Midlands,All Routes,Advanced,All Ages,All Years
2.75,.51999998,.5,.54000002,All Persons,All IMD Quintiles,East Midlands,All Routes,Advanced,All Ages,All Years
3,.5,.47999999,.51999998,All Persons,All IMD Quintiles,East Midlands,All Routes,Advanced,All Ages,All Years
3.25,.49000001,.47,.50999999,All Persons,All IMD Quintiles,East Midlands,All Routes,Advanced,All Ages,All Years
3.5,.49000001,.47,.50999999,All Persons,All IMD Quintiles,East Midlands,All Routes,Advanced,All Ages,All Years
3.75,.47999999,.46000001,.5,All Persons,All IMD Quintiles,East Midlands,All Routes,Advanced,All Ages,All Years
4,.47,.44999999,.49000001,All Persons,All IMD Quintiles,East Midlands,All Routes,Advanced,All Ages,All Years
4.25,.44999999,.43000001,.47999999,All Persons,All IMD Quintiles,East Midlands,All Routes,Advanced,All Ages,All Years
4.5,.44999999,.43000001,.47,All Persons,All IMD Quintiles,East Midlands,All Routes,Advanced,All Ages,All Years
4.75,.44,.41999999,.46000001,All Persons,All IMD Quintiles,East Midlands,All Routes,Advanced,All Ages,All Years
5,.44,.41999999,.46000001,All Persons,All IMD Quintiles,East Midlands,All Routes,Advanced,All Ages,All Years
0,1,.99000001,1,All Persons,All IMD Quintiles,East Midlands,All Routes,All Stages,0-49,All Years
.25,.98000002,.98000002,.99000001,All Persons,All IMD Quintiles,East Midlands,All Routes,All Stages,0-49,All Years
.5,.95999998,.94,.97000003,All Persons,All IMD Quintiles,East Midlands,All Routes,All Stages,0-49,All Years
.75,.93000001,.91000003,.94999999,All Persons,All IMD Quintiles,East Midlands,All Routes,All Stages,0-49,All Years
1,.88999999,.87,.92000002,All Persons,All IMD Quintiles,East Midlands,All Routes,All Stages,0-49,All Years
1.25,.87,.85000002,.89999998,All Persons,All IMD Quintiles,East Midlands,All Routes,All Stages,0-49,All Years
1.5,.86000001,.82999998,.88999999,All Persons,All IMD Quintiles,East Midlands,All Routes,All Stages,0-49,All Years
1.75,.83999997,.81,.87,All Persons,All IMD Quintiles,East Midlands,All Routes,All Stages,0-49,All Years
2,.81999999,.79000002,.86000001,All Persons,All IMD Quintiles,East Midlands,All Routes,All Stages,0-49,All Years
2.25,.81999999,.79000002,.85000002,All Persons,All IMD Quintiles,East Midlands,All Routes,All Stages,0-49,All Years
2.5,.80000001,.76999998,.83999997,All Persons,All IMD Quintiles,East Midlands,All Routes,All Stages,0-49,All Years
2.75,.77999997,.75,.81999999,All Persons,All IMD Quintiles,East Midlands,All Routes,All Stages,0-49,All Years
3,.77999997,.74000001,.81,All Persons,All IMD Quintiles,East Midlands,All Routes,All Stages,0-49,All Years
3.25,.76999998,.73000002,.81,All Persons,All IMD Quintiles,East Midlands,All Routes,All Stages,0-49,All Years
3.5,.76999998,.73000002,.80000001,All Persons,All IMD Quintiles,East Midlands,All Routes,All Stages,0-49,All Years
3.75,.75999999,.73000002,.80000001,All Persons,All IMD Quintiles,East Midlands,All Routes,All Stages,0-49,All Years
4,.75999999,.72000003,.80000001,All Persons,All IMD Quintiles,East Midlands,All Routes,All Stages,0-49,All Years
4.25,.75999999,.72000003,.79000002,All Persons,All IMD Quintiles,East Midlands,All Routes,All Stages,0-49,All Years
4.5,.75,.70999998,.79000002,All Persons,All IMD Quintiles,East Midlands,All Routes,All Stages,0-49,All Years
4.75,.75,.70999998,.79000002,All Persons,All IMD Quintiles,East Midlands,All Routes,All Stages,0-49,All Years
5,.75,.70999998,.79000002,All Persons,All IMD Quintiles,East Midlands,All Routes,All Stages,0-49,All Years
0,1,.99000001,1,All Persons,All IMD Quintiles,East Midlands,All Routes,All Stages,50-54,All Years
.25,.98000002,.95999998,.99000001,All Persons,All IMD Quintiles,East Midlands,All Routes,All Stages,50-54,All Years
.5,.94999999,.93000001,.97000003,All Persons,All IMD Quintiles,East Midlands,All Routes,All Stages,50-54,All Years
.75,.92000002,.89999998,.94,All Persons,All IMD Quintiles,East Midlands,All Routes,All Stages,50-54,All Years
1,.88999999,.86000001,.91000003,All Persons,All IMD Quintiles,East Midlands,All Routes,All Stages,50-54,All Years
1.25,.86000001,.83999997,.88999999,All Persons,All IMD Quintiles,East Midlands,All Routes,All Stages,50-54,All Years
1.5,.85000002,.81999999,.88,All Persons,All IMD Quintiles,East Midlands,All Routes,All Stages,50-54,All Years
1.75,.82999998,.80000001,.87,All Persons,All IMD Quintiles,East Midlands,All Routes,All Stages,50-54,All Years
2,.81,.77999997,.85000002,All Persons,All IMD Quintiles,East Midlands,All Routes,All Stages,50-54,All Years
2.25,.81,.76999998,.83999997,All Persons,All IMD Quintiles,East Midlands,All Routes,All Stages,50-54,All Years
2.5,.79000002,.75999999,.82999998,All Persons,All IMD Quintiles,East Midlands,All Routes,All Stages,50-54,All Years
2.75,.77999997,.74000001,.81999999,All Persons,All IMD Quintiles,East Midlands,All Routes,All Stages,50-54,All Years
3,.76999998,.74000001,.81,All Persons,All IMD Quintiles,East Midlands,All Routes,All Stages,50-54,All Years
3.25,.75999999,.72000003,.80000001,All Persons,All IMD Quintiles,East Midlands,All Routes,All Stages,50-54,All Years
3.5,.75,.70999998,.79000002,All Persons,All IMD Quintiles,East Midlands,All Routes,All Stages,50-54,All Years
3.75,.74000001,.69999999,.77999997,All Persons,All IMD Quintiles,East Midlands,All Routes,All Stages,50-54,All Years
4,.72000003,.67000002,.75999999,All Persons,All IMD Quintiles,East Midlands,All Routes,All Stages,50-54,All Years
4.25,.70999998,.66000003,.75,All Persons,All IMD Quintiles,East Midlands,All Routes,All Stages,50-54,All Years
4.5,.67000002,.62,.72000003,All Persons,All IMD Quintiles,East Midlands,All Routes,All Stages,50-54,All Years
4.75,.67000002,.62,.72000003,All Persons,All IMD Quintiles,East Midlands,All Routes,All Stages,50-54,All Years
5,.67000002,.62,.72000003,All Persons,All IMD Quintiles,East Midlands,All Routes,All Stages,50-54,All Years
0,1,1,1,All Persons,All IMD Quintiles,East Midlands,All Routes,All Stages,55-59,All Years
.25,.94,.92000002,.95999998,All Persons,All IMD Quintiles,East Midlands,All Routes,All Stages,55-59,All Years
.5,.89999998,.88,.92000002,All Persons,All IMD Quintiles,East Midlands,All Routes,All Stages,55-59,All Years
.75,.86000001,.83999997,.88999999,All Persons,All IMD Quintiles,East Midlands,All Routes,All Stages,55-59,All Years
1,.82999998,.80000001,.86000001,All Persons,All IMD Quintiles,East Midlands,All Routes,All Stages,55-59,All Years
1.25,.81,.77999997,.83999997,All Persons,All IMD Quintiles,East Midlands,All Routes,All Stages,55-59,All Years
1.5,.77999997,.75,.81,All Persons,All IMD Quintiles,East Midlands,All Routes,All Stages,55-59,All Years
1.75,.76999998,.74000001,.80000001,All Persons,All IMD Quintiles,East Midlands,All Routes,All Stages,55-59,All Years
2,.75,.72000003,.79000002,All Persons,All IMD Quintiles,East Midlands,All Routes,All Stages,55-59,All Years
2.25,.73000002,.69999999,.76999998,All Persons,All IMD Quintiles,East Midlands,All Routes,All Stages,55-59,All Years
2.5,.72000003,.69,.75999999,All Persons,All IMD Quintiles,East Midlands,All Routes,All Stages,55-59,All Years
2.75,.70999998,.67000002,.74000001,All Persons,All IMD Quintiles,East Midlands,All Routes,All Stages,55-59,All Years
3,.69999999,.67000002,.74000001,All Persons,All IMD Quintiles,East Midlands,All Routes,All Stages,55-59,All Years
3.25,.69999999,.66000003,.73000002,All Persons,All IMD Quintiles,East Midlands,All Routes,All Stages,55-59,All Years
3.5,.69,.66000003,.73000002,All Persons,All IMD Quintiles,East Midlands,All Routes,All Stages,55-59,All Years
3.75,.69,.66000003,.73000002,All Persons,All IMD Quintiles,East Midlands,All Routes,All Stages,55-59,All Years
4,.68000001,.64999998,.72000003,All Persons,All IMD Quintiles,East Midlands,All Routes,All Stages,55-59,All Years
4.25,.68000001,.63999999,.70999998,All Persons,All IMD Quintiles,East Midlands,All Routes,All Stages,55-59,All Years
4.5,.66000003,.63,.69999999,All Persons,All IMD Quintiles,East Midlands,All Routes,All Stages,55-59,All Years
4.75,.66000003,.62,.69999999,All Persons,All IMD Quintiles,East Midlands,All Routes,All Stages,55-59,All Years
5,.64999998,.61000001,.69,All Persons,All IMD Quintiles,East Midlands,All Routes,All Stages,55-59,All Years
0,1,1,1,All Persons,All IMD Quintiles,East Midlands,All Routes,All Stages,60-64,All Years
.25,.94,.92000002,.94999999,All Persons,All IMD Quintiles,East Midlands,All Routes,All Stages,60-64,All Years
.5,.88999999,.86000001,.91000003,All Persons,All IMD Quintiles,East Midlands,All Routes,All Stages,60-64,All Years
.75,.83999997,.81,.87,All Persons,All IMD Quintiles,East Midlands,All Routes,All Stages,60-64,All Years
1,.80000001,.76999998,.81999999,All Persons,All IMD Quintiles,East Midlands,All Routes,All Stages,60-64,All Years
1.25,.76999998,.74000001,.80000001,All Persons,All IMD Quintiles,East Midlands,All Routes,All Stages,60-64,All Years
1.5,.75,.72000003,.77999997,All Persons,All IMD Quintiles,East Midlands,All Routes,All Stages,60-64,All Years
1.75,.73000002,.69999999,.75999999,All Persons,All IMD Quintiles,East Midlands,All Routes,All Stages,60-64,All Years
2,.70999998,.67000002,.74000001,All Persons,All IMD Quintiles,East Midlands,All Routes,All Stages,60-64,All Years
2.25,.69,.66000003,.72000003,All Persons,All IMD Quintiles,East Midlands,All Routes,All Stages,60-64,All Years
2.5,.67000002,.63999999,.70999998,All Persons,All IMD Quintiles,East Midlands,All Routes,All Stages,60-64,All Years
2.75,.67000002,.63,.69999999,All Persons,All IMD Quintiles,East Midlands,All Routes,All Stages,60-64,All Years
3,.66000003,.62,.69,All Persons,All IMD Quintiles,East Midlands,All Routes,All Stages,60-64,All Years
3.25,.64999998,.61000001,.68000001,All Persons,All IMD Quintiles,East Midlands,All Routes,All Stages,60-64,All Years
3.5,.63999999,.61000001,.68000001,All Persons,All IMD Quintiles,East Midlands,All Routes,All Stages,60-64,All Years
3.75,.63999999,.60000002,.67000002,All Persons,All IMD Quintiles,East Midlands,All Routes,All Stages,60-64,All Years
4,.63,.58999997,.67000002,All Persons,All IMD Quintiles,East Midlands,All Routes,All Stages,60-64,All Years
4.25,.62,.58999997,.66000003,All Persons,All IMD Quintiles,East Midlands,All Routes,All Stages,60-64,All Years
4.5,.62,.57999998,.66000003,All Persons,All IMD Quintiles,East Midlands,All Routes,All Stages,60-64,All Years
4.75,.61000001,.57999998,.64999998,All Persons,All IMD Quintiles,East Midlands,All Routes,All Stages,60-64,All Years
5,.61000001,.56999999,.64999998,All Persons,All IMD Quintiles,East Midlands,All Routes,All Stages,60-64,All Years
0,1,1,1,All Persons,All IMD Quintiles,East Midlands,All Routes,All Stages,65-69,All Years
.25,.94,.92000002,.95999998,All Persons,All IMD Quintiles,East Midlands,All Routes,All Stages,65-69,All Years
.5,.88999999,.87,.91000003,All Persons,All IMD Quintiles,East Midlands,All Routes,All Stages,65-69,All Years
.75,.82999998,.80000001,.85000002,All Persons,All IMD Quintiles,East Midlands,All Routes,All Stages,65-69,All Years
1,.77999997,.75,.80000001,All Persons,All IMD Quintiles,East Midlands,All Routes,All Stages,65-69,All Years
1.25,.75,.72000003,.77999997,All Persons,All IMD Quintiles,East Midlands,All Routes,All Stages,65-69,All Years
1.5,.72000003,.69,.75,All Persons,All IMD Quintiles,East Midlands,All Routes,All Stages,65-69,All Years
1.75,.69999999,.67000002,.73000002,All Persons,All IMD Quintiles,East Midlands,All Routes,All Stages,65-69,All Years
2,.68000001,.64999998,.70999998,All Persons,All IMD Quintiles,East Midlands,All Routes,All Stages,65-69,All Years
2.25,.67000002,.63,.69999999,All Persons,All IMD Quintiles,East Midlands,All Routes,All Stages,65-69,All Years
2.5,.64999998,.62,.68000001,All Persons,All IMD Quintiles,East Midlands,All Routes,All Stages,65-69,All Years
2.75,.63,.60000002,.66000003,All Persons,All IMD Quintiles,East Midlands,All Routes,All Stages,65-69,All Years
3,.62,.57999998,.64999998,All Persons,All IMD Quintiles,East Midlands,All Routes,All Stages,65-69,All Years
3.25,.61000001,.57999998,.64999998,All Persons,All IMD Quintiles,East Midlands,All Routes,All Stages,65-69,All Years
3.5,.60000002,.56999999,.63999999,All Persons,All IMD Quintiles,East Midlands,All Routes,All Stages,65-69,All Years
3.75,.58999997,.56,.63,All Persons,All IMD Quintiles,East Midlands,All Routes,All Stages,65-69,All Years
4,.57999998,.54000002,.61000001,All Persons,All IMD Quintiles,East Midlands,All Routes,All Stages,65-69,All Years
4.25,.56,.51999998,.60000002,All Persons,All IMD Quintiles,East Midlands,All Routes,All Stages,65-69,All Years
4.5,.55000001,.50999999,.57999998,All Persons,All IMD Quintiles,East Midlands,All Routes,All Stages,65-69,All Years
4.75,.52999997,.49000001,.56999999,All Persons,All IMD Quintiles,East Midlands,All Routes,All Stages,65-69,All Years
5,.50999999,.47,.55000001,All Persons,All IMD Quintiles,East Midlands,All Routes,All Stages,65-69,All Years
0,1,1,1,All Persons,All IMD Quintiles,East Midlands,All Routes,All Stages,70-74,All Years
.25,.92000002,.89999998,.94,All Persons,All IMD Quintiles,East Midlands,All Routes,All Stages,70-74,All Years
.5,.87,.83999997,.88999999,All Persons,All IMD Quintiles,East Midlands,All Routes,All Stages,70-74,All Years
.75,.81999999,.79000002,.85000002,All Persons,All IMD Quintiles,East Midlands,All Routes,All Stages,70-74,All Years
1,.77999997,.75999999,.81,All Persons,All IMD Quintiles,East Midlands,All Routes,All Stages,70-74,All Years
1.25,.75,.70999998,.77999997,All Persons,All IMD Quintiles,East Midlands,All Routes,All Stages,70-74,All Years
1.5,.72000003,.68000001,.75,All Persons,All IMD Quintiles,East Midlands,All Routes,All Stages,70-74,All Years
1.75,.69,.66000003,.72000003,All Persons,All IMD Quintiles,East Midlands,All Routes,All Stages,70-74,All Years
2,.66000003,.63,.69999999,All Persons,All IMD Quintiles,East Midlands,All Routes,All Stages,70-74,All Years
2.25,.63999999,.60000002,.67000002,All Persons,All IMD Quintiles,East Midlands,All Routes,All Stages,70-74,All Years
2.5,.62,.58999997,.66000003,All Persons,All IMD Quintiles,East Midlands,All Routes,All Stages,70-74,All Years
2.75,.61000001,.56999999,.63999999,All Persons,All IMD Quintiles,East Midlands,All Routes,All Stages,70-74,All Years
3,.58999997,.56,.63,All Persons,All IMD Quintiles,East Midlands,All Routes,All Stages,70-74,All Years
3.25,.57999998,.54000002,.61000001,All Persons,All IMD Quintiles,East Midlands,All Routes,All Stages,70-74,All Years
3.5,.56999999,.52999997,.60000002,All Persons,All IMD Quintiles,East Midlands,All Routes,All Stages,70-74,All Years
3.75,.55000001,.50999999,.57999998,All Persons,All IMD Quintiles,East Midlands,All Routes,All Stages,70-74,All Years
4,.51999998,.47999999,.56,All Persons,All IMD Quintiles,East Midlands,All Routes,All Stages,70-74,All Years
4.25,.50999999,.47,.55000001,All Persons,All IMD Quintiles,East Midlands,All Routes,All Stages,70-74,All Years
4.5,.5,.46000001,.54000002,All Persons,All IMD Quintiles,East Midlands,All Routes,All Stages,70-74,All Years
4.75,.5,.44999999,.54000002,All Persons,All IMD Quintiles,East Midlands,All Routes,All Stages,70-74,All Years
5,.49000001,.44999999,.52999997,All Persons,All IMD Quintiles,East Midlands,All Routes,All Stages,70-74,All Years
0,1,.99000001,1,All Persons,All IMD Quintiles,East Midlands,All Routes,All Stages,75-79,All Years
.25,.91000003,.88,.93000001,All Persons,All IMD Quintiles,East Midlands,All Routes,All Stages,75-79,All Years
.5,.81,.77999997,.85000002,All Persons,All IMD Quintiles,East Midlands,All Routes,All Stages,75-79,All Years
.75,.74000001,.70999998,.77999997,All Persons,All IMD Quintiles,East Midlands,All Routes,All Stages,75-79,All Years
1,.69,.64999998,.73000002,All Persons,All IMD Quintiles,East Midlands,All Routes,All Stages,75-79,All Years
1.25,.67000002,.63,.70999998,All Persons,All IMD Quintiles,East Midlands,All Routes,All Stages,75-79,All Years
1.5,.63999999,.60000002,.68000001,All Persons,All IMD Quintiles,East Midlands,All Routes,All Stages,75-79,All Years
1.75,.60000002,.56,.63999999,All Persons,All IMD Quintiles,East Midlands,All Routes,All Stages,75-79,All Years
2,.56,.51999998,.61000001,All Persons,All IMD Quintiles,East Midlands,All Routes,All Stages,75-79,All Years
2.25,.54000002,.5,.58999997,All Persons,All IMD Quintiles,East Midlands,All Routes,All Stages,75-79,All Years
2.5,.51999998,.47999999,.56999999,All Persons,All IMD Quintiles,East Midlands,All Routes,All Stages,75-79,All Years
2.75,.50999999,.46000001,.55000001,All Persons,All IMD Quintiles,East Midlands,All Routes,All Stages,75-79,All Years
3,.49000001,.44,.54000002,All Persons,All IMD Quintiles,East Midlands,All Routes,All Stages,75-79,All Years
3.25,.47,.43000001,.51999998,All Persons,All IMD Quintiles,East Midlands,All Routes,All Stages,75-79,All Years
3.5,.46000001,.41,.50999999,All Persons,All IMD Quintiles,East Midlands,All Routes,All Stages,75-79,All Years
3.75,.44,.38999999,.49000001,All Persons,All IMD Quintiles,East Midlands,All Routes,All Stages,75-79,All Years
4,.41999999,.37,.47,All Persons,All IMD Quintiles,East Midlands,All Routes,All Stages,75-79,All Years
4.25,.38999999,.34,.44,All Persons,All IMD Quintiles,East Midlands,All Routes,All Stages,75-79,All Years
4.5,.38999999,.34,.44,All Persons,All IMD Quintiles,East Midlands,All Routes,All Stages,75-79,All Years
4.75,.38,.31999999,.43000001,All Persons,All IMD Quintiles,East Midlands,All Routes,All Stages,75-79,All Years
5,.37,.31,.41999999,All Persons,All IMD Quintiles,East Midlands,All Routes,All Stages,75-79,All Years
0,1,.99000001,1,All Persons,All IMD Quintiles,East Midlands,All Routes,All Stages,80-84,All Years
.25,.83999997,.80000001,.88,All Persons,All IMD Quintiles,East Midlands,All Routes,All Stages,80-84,All Years
.5,.72000003,.68000001,.76999998,All Persons,All IMD Quintiles,East Midlands,All Routes,All Stages,80-84,All Years
.75,.64999998,.60000002,.69999999,All Persons,All IMD Quintiles,East Midlands,All Routes,All Stages,80-84,All Years
1,.60000002,.54000002,.64999998,All Persons,All IMD Quintiles,East Midlands,All Routes,All Stages,80-84,All Years
1.25,.56999999,.50999999,.62,All Persons,All IMD Quintiles,East Midlands,All Routes,All Stages,80-84,All Years
1.5,.55000001,.49000001,.60000002,All Persons,All IMD Quintiles,East Midlands,All Routes,All Stages,80-84,All Years
1.75,.51999998,.47,.57999998,All Persons,All IMD Quintiles,East Midlands,All Routes,All Stages,80-84,All Years
2,.50999999,.44999999,.56,All Persons,All IMD Quintiles,East Midlands,All Routes,All Stages,80-84,All Years
2.25,.47999999,.41999999,.52999997,All Persons,All IMD Quintiles,East Midlands,All Routes,All Stages,80-84,All Years
2.5,.47,.41999999,.52999997,All Persons,All IMD Quintiles,East Midlands,All Routes,All Stages,80-84,All Years
2.75,.46000001,.40000001,.50999999,All Persons,All IMD Quintiles,East Midlands,All Routes,All Stages,80-84,All Years
3,.44999999,.38999999,.5,All Persons,All IMD Quintiles,East Midlands,All Routes,All Stages,80-84,All Years
3.25,.41999999,.37,.47999999,All Persons,All IMD Quintiles,East Midlands,All Routes,All Stages,80-84,All Years
3.5,.40000001,.34,.46000001,All Persons,All IMD Quintiles,East Midlands,All Routes,All Stages,80-84,All Years
3.75,.38,.31999999,.44,All Persons,All IMD Quintiles,East Midlands,All Routes,All Stages,80-84,All Years
4,.38,.31999999,.43000001,All Persons,All IMD Quintiles,East Midlands,All Routes,All Stages,80-84,All Years
4.25,.37,.31,.43000001,All Persons,All IMD Quintiles,East Midlands,All Routes,All Stages,80-84,All Years
4.5,.36000001,.30000001,.41999999,All Persons,All IMD Quintiles,East Midlands,All Routes,All Stages,80-84,All Years
4.75,.36000001,.30000001,.41,All Persons,All IMD Quintiles,East Midlands,All Routes,All Stages,80-84,All Years
5,.34999999,.28999999,.41,All Persons,All IMD Quintiles,East Midlands,All Routes,All Stages,80-84,All Years
0,.99000001,.98000002,1,All Persons,All IMD Quintiles,East Midlands,All Routes,All Stages,85-89,All Years
.25,.79000002,.73000002,.85000002,All Persons,All IMD Quintiles,East Midlands,All Routes,All Stages,85-89,All Years
.5,.68000001,.61000001,.74000001,All Persons,All IMD Quintiles,East Midlands,All Routes,All Stages,85-89,All Years
.75,.61000001,.54000002,.68000001,All Persons,All IMD Quintiles,East Midlands,All Routes,All Stages,85-89,All Years
1,.56,.49000001,.63,All Persons,All IMD Quintiles,East Midlands,All Routes,All Stages,85-89,All Years
1.25,.52999997,.46000001,.60000002,All Persons,All IMD Quintiles,East Midlands,All Routes,All Stages,85-89,All Years
1.5,.49000001,.41999999,.56,All Persons,All IMD Quintiles,East Midlands,All Routes,All Stages,85-89,All Years
1.75,.46000001,.38999999,.52999997,All Persons,All IMD Quintiles,East Midlands,All Routes,All Stages,85-89,All Years
2,.41,.34,.47999999,All Persons,All IMD Quintiles,East Midlands,All Routes,All Stages,85-89,All Years
2.25,.37,.30000001,.44,All Persons,All IMD Quintiles,East Midlands,All Routes,All Stages,85-89,All Years
2.5,.33000001,.25999999,.40000001,All Persons,All IMD Quintiles,East Midlands,All Routes,All Stages,85-89,All Years
2.75,.31,.23999999,.38,All Persons,All IMD Quintiles,East Midlands,All Routes,All Stages,85-89,All Years
3,.28999999,.22,.36000001,All Persons,All IMD Quintiles,East Midlands,All Routes,All Stages,85-89,All Years
3.25,.25,.19,.31999999,All Persons,All IMD Quintiles,East Midlands,All Routes,All Stages,85-89,All Years
3.5,.23999999,.17,.30000001,All Persons,All IMD Quintiles,East Midlands,All Routes,All Stages,85-89,All Years
3.75,.22,.15000001,.28999999,All Persons,All IMD Quintiles,East Midlands,All Routes,All Stages,85-89,All Years
4,.20999999,.15000001,.28,All Persons,All IMD Quintiles,East Midlands,All Routes,All Stages,85-89,All Years
4.25,.19,.13,.25999999,All Persons,All IMD Quintiles,East Midlands,All Routes,All Stages,85-89,All Years
4.5,.19,.13,.25999999,All Persons,All IMD Quintiles,East Midlands,All Routes,All Stages,85-89,All Years
4.75,.19,.13,.25999999,All Persons,All IMD Quintiles,East Midlands,All Routes,All Stages,85-89,All Years
5,.19,.13,.25999999,All Persons,All IMD Quintiles,East Midlands,All Routes,All Stages,85-89,All Years
0,.99000001,.97000003,1.01,All Persons,All IMD Quintiles,East Midlands,All Routes,All Stages,90+,All Years
.25,.67000002,.56999999,.75999999,All Persons,All IMD Quintiles,East Midlands,All Routes,All Stages,90+,All Years
.5,.54000002,.44,.63999999,All Persons,All IMD Quintiles,East Midlands,All Routes,All Stages,90+,All Years
.75,.47999999,.38,.57999998,All Persons,All IMD Quintiles,East Midlands,All Routes,All Stages,90+,All Years
1,.38,.28,.47,All Persons,All IMD Quintiles,East Midlands,All Routes,All Stages,90+,All Years
1.25,.34999999,.25999999,.44999999,All Persons,All IMD Quintiles,East Midlands,All Routes,All Stages,90+,All Years
1.5,.31,.20999999,.40000001,All Persons,All IMD Quintiles,East Midlands,All Routes,All Stages,90+,All Years
1.75,.28999999,.2,.38999999,All Persons,All IMD Quintiles,East Midlands,All Routes,All Stages,90+,All Years
2,.27000001,.18000001,.36000001,All Persons,All IMD Quintiles,East Midlands,All Routes,All Stages,90+,All Years
2.25,.25,.16,.34,All Persons,All IMD Quintiles,East Midlands,All Routes,All Stages,90+,All Years
2.5,.25,.16,.34,All Persons,All IMD Quintiles,East Midlands,All Routes,All Stages,90+,All Years
2.75,.23999999,.15000001,.33000001,All Persons,All IMD Quintiles,East Midlands,All Routes,All Stages,90+,All Years
3,.19,.1,.27000001,All Persons,All IMD Quintiles,East Midlands,All Routes,All Stages,90+,All Years
3.25,.12,.039999999,.2,All Persons,All IMD Quintiles,East Midlands,All Routes,All Stages,90+,All Years
3.75,.12,.039999999,.2,All Persons,All IMD Quintiles,East Midlands,All Routes,All Stages,90+,All Years
0,1,1,1,All Persons,All IMD Quintiles,East Midlands,All Routes,All Stages,All Ages,2016
.25,.94,.92000002,.94999999,All Persons,All IMD Quintiles,East Midlands,All Routes,All Stages,All Ages,2016
.5,.88,.86000001,.91000003,All Persons,All IMD Quintiles,East Midlands,All Routes,All Stages,All Ages,2016
.75,.82999998,.81,.86000001,All Persons,All IMD Quintiles,East Midlands,All Routes,All Stages,All Ages,2016
1,.79000002,.75999999,.81999999,All Persons,All IMD Quintiles,East Midlands,All Routes,All Stages,All Ages,2016
1.25,.75,.72000003,.77999997,All Persons,All IMD Quintiles,East Midlands,All Routes,All Stages,All Ages,2016
1.5,.73000002,.69999999,.75999999,All Persons,All IMD Quintiles,East Midlands,All Routes,All Stages,All Ages,2016
1.75,.69999999,.67000002,.73000002,All Persons,All IMD Quintiles,East Midlands,All Routes,All Stages,All Ages,2016
2,.67000002,.63999999,.69999999,All Persons,All IMD Quintiles,East Midlands,All Routes,All Stages,All Ages,2016
2.25,.64999998,.62,.69,All Persons,All IMD Quintiles,East Midlands,All Routes,All Stages,All Ages,2016
2.5,.63,.60000002,.67000002,All Persons,All IMD Quintiles,East Midlands,All Routes,All Stages,All Ages,2016
2.75,.62,.58999997,.64999998,All Persons,All IMD Quintiles,East Midlands,All Routes,All Stages,All Ages,2016
3,.61000001,.57999998,.63999999,All Persons,All IMD Quintiles,East Midlands,All Routes,All Stages,All Ages,2016
3.25,.60000002,.56,.63,All Persons,All IMD Quintiles,East Midlands,All Routes,All Stages,All Ages,2016
3.5,.57999998,.55000001,.62,All Persons,All IMD Quintiles,East Midlands,All Routes,All Stages,All Ages,2016
3.75,.57999998,.55000001,.61000001,All Persons,All IMD Quintiles,East Midlands,All Routes,All Stages,All Ages,2016
4,.56999999,.54000002,.61000001,All Persons,All IMD Quintiles,East Midlands,All Routes,All Stages,All Ages,2016
4.25,.56,.51999998,.58999997,All Persons,All IMD Quintiles,East Midlands,All Routes,All Stages,All Ages,2016
4.5,.55000001,.51999998,.57999998,All Persons,All IMD Quintiles,East Midlands,All Routes,All Stages,All Ages,2016
4.75,.54000002,.50999999,.57999998,All Persons,All IMD Quintiles,East Midlands,All Routes,All Stages,All Ages,2016
5,.52999997,.5,.56999999,All Persons,All IMD Quintiles,East Midlands,All Routes,All Stages,All Ages,2016
0,1,1,1,All Persons,All IMD Quintiles,East Midlands,All Routes,All Stages,All Ages,2017
.25,.94,.92000002,.94999999,All Persons,All IMD Quintiles,East Midlands,All Routes,All Stages,All Ages,2017
.5,.88,.85000002,.89999998,All Persons,All IMD Quintiles,East Midlands,All Routes,All Stages,All Ages,2017
.75,.82999998,.80000001,.85000002,All Persons,All IMD Quintiles,East Midlands,All Routes,All Stages,All Ages,2017
1,.79000002,.75999999,.81999999,All Persons,All IMD Quintiles,East Midlands,All Routes,All Stages,All Ages,2017
1.25,.76999998,.74000001,.79000002,All Persons,All IMD Quintiles,East Midlands,All Routes,All Stages,All Ages,2017
1.5,.75,.72000003,.77999997,All Persons,All IMD Quintiles,East Midlands,All Routes,All Stages,All Ages,2017
1.75,.73000002,.69999999,.75999999,All Persons,All IMD Quintiles,East Midlands,All Routes,All Stages,All Ages,2017
2,.70999998,.68000001,.74000001,All Persons,All IMD Quintiles,East Midlands,All Routes,All Stages,All Ages,2017
2.25,.69999999,.66000003,.73000002,All Persons,All IMD Quintiles,East Midlands,All Routes,All Stages,All Ages,2017
2.5,.68000001,.64999998,.70999998,All Persons,All IMD Quintiles,East Midlands,All Routes,All Stages,All Ages,2017
2.75,.64999998,.62,.69,All Persons,All IMD Quintiles,East Midlands,All Routes,All Stages,All Ages,2017
3,.63999999,.61000001,.67000002,All Persons,All IMD Quintiles,East Midlands,All Routes,All Stages,All Ages,2017
3.25,.63,.60000002,.66000003,All Persons,All IMD Quintiles,East Midlands,All Routes,All Stages,All Ages,2017
3.5,.62,.58999997,.64999998,All Persons,All IMD Quintiles,East Midlands,All Routes,All Stages,All Ages,2017
3.75,.61000001,.56999999,.63999999,All Persons,All IMD Quintiles,East Midlands,All Routes,All Stages,All Ages,2017
4,.58999997,.56,.62,All Persons,All IMD Quintiles,East Midlands,All Routes,All Stages,All Ages,2017
4.25,.57999998,.55000001,.62,All Persons,All IMD Quintiles,East Midlands,All Routes,All Stages,All Ages,2017
4.5,.56999999,.54000002,.60000002,All Persons,All IMD Quintiles,East Midlands,All Routes,All Stages,All Ages,2017
4.75,.56999999,.52999997,.60000002,All Persons,All IMD Quintiles,East Midlands,All Routes,All Stages,All Ages,2017
5,.56,.52999997,.58999997,All Persons,All IMD Quintiles,East Midlands,All Routes,All Stages,All Ages,2017
0,1,1,1,All Persons,All IMD Quintiles,East Midlands,All Routes,All Stages,All Ages,2018
.25,.91000003,.88999999,.93000001,All Persons,All IMD Quintiles,East Midlands,All Routes,All Stages,All Ages,2018
.5,.83999997,.81999999,.87,All Persons,All IMD Quintiles,East Midlands,All Routes,All Stages,All Ages,2018
.75,.79000002,.76999998,.81999999,All Persons,All IMD Quintiles,East Midlands,All Routes,All Stages,All Ages,2018
1,.75999999,.73000002,.79000002,All Persons,All IMD Quintiles,East Midlands,All Routes,All Stages,All Ages,2018
1.25,.74000001,.70999998,.76999998,All Persons,All IMD Quintiles,East Midlands,All Routes,All Stages,All Ages,2018
1.5,.70999998,.68000001,.74000001,All Persons,All IMD Quintiles,East Midlands,All Routes,All Stages,All Ages,2018
1.75,.67000002,.63999999,.70999998,All Persons,All IMD Quintiles,East Midlands,All Routes,All Stages,All Ages,2018
2,.64999998,.62,.68000001,All Persons,All IMD Quintiles,East Midlands,All Routes,All Stages,All Ages,2018
2.25,.63999999,.60000002,.67000002,All Persons,All IMD Quintiles,East Midlands,All Routes,All Stages,All Ages,2018
2.5,.63,.58999997,.66000003,All Persons,All IMD Quintiles,East Midlands,All Routes,All Stages,All Ages,2018
2.75,.61000001,.57999998,.64999998,All Persons,All IMD Quintiles,East Midlands,All Routes,All Stages,All Ages,2018
3,.60000002,.56999999,.63,All Persons,All IMD Quintiles,East Midlands,All Routes,All Stages,All Ages,2018
3.25,.58999997,.56,.62,All Persons,All IMD Quintiles,East Midlands,All Routes,All Stages,All Ages,2018
3.5,.57999998,.55000001,.61000001,All Persons,All IMD Quintiles,East Midlands,All Routes,All Stages,All Ages,2018
3.75,.56999999,.54000002,.60000002,All Persons,All IMD Quintiles,East Midlands,All Routes,All Stages,All Ages,2018
4,.56,.52999997,.58999997,All Persons,All IMD Quintiles,East Midlands,All Routes,All Stages,All Ages,2018
4.25,.55000001,.51999998,.57999998,All Persons,All IMD Quintiles,East Midlands,All Routes,All Stages,All Ages,2018
4.5,.54000002,.50999999,.56999999,All Persons,All IMD Quintiles,East Midlands,All Routes,All Stages,All Ages,2018
4.75,.52999997,.5,.56999999,All Persons,All IMD Quintiles,East Midlands,All Routes,All Stages,All Ages,2018
5,.51999998,.47999999,.56,All Persons,All IMD Quintiles,East Midlands,All Routes,All Stages,All Ages,2018
0,1,1,1,All Persons,All IMD Quintiles,East Midlands,All Routes,All Stages,All Ages,2019
.25,.93000001,.92000002,.94999999,All Persons,All IMD Quintiles,East Midlands,All Routes,All Stages,All Ages,2019
.5,.88999999,.87,.91000003,All Persons,All IMD Quintiles,East Midlands,All Routes,All Stages,All Ages,2019
.75,.85000002,.82999998,.87,All Persons,All IMD Quintiles,East Midlands,All Routes,All Stages,All Ages,2019
1,.80000001,.76999998,.81999999,All Persons,All IMD Quintiles,East Midlands,All Routes,All Stages,All Ages,2019
1.25,.76999998,.74000001,.80000001,All Persons,All IMD Quintiles,East Midlands,All Routes,All Stages,All Ages,2019
1.5,.75,.73000002,.77999997,All Persons,All IMD Quintiles,East Midlands,All Routes,All Stages,All Ages,2019
1.75,.74000001,.70999998,.76999998,All Persons,All IMD Quintiles,East Midlands,All Routes,All Stages,All Ages,2019
2,.72000003,.69,.75,All Persons,All IMD Quintiles,East Midlands,All Routes,All Stages,All Ages,2019
2.25,.69999999,.67000002,.73000002,All Persons,All IMD Quintiles,East Midlands,All Routes,All Stages,All Ages,2019
2.5,.68000001,.64999998,.70999998,All Persons,All IMD Quintiles,East Midlands,All Routes,All Stages,All Ages,2019
2.75,.67000002,.63999999,.69999999,All Persons,All IMD Quintiles,East Midlands,All Routes,All Stages,All Ages,2019
3,.66000003,.63,.69,All Persons,All IMD Quintiles,East Midlands,All Routes,All Stages,All Ages,2019
3.25,.64999998,.61000001,.68000001,All Persons,All IMD Quintiles,East Midlands,All Routes,All Stages,All Ages,2019
3.5,.63,.60000002,.67000002,All Persons,All IMD Quintiles,East Midlands,All Routes,All Stages,All Ages,2019
3.75,.62,.58999997,.64999998,All Persons,All IMD Quintiles,East Midlands,All Routes,All Stages,All Ages,2019
4,.51999998,.37,.67000002,All Persons,All IMD Quintiles,East Midlands,All Routes,All Stages,All Ages,2019
4.75,.41,.20999999,.61000001,All Persons,All IMD Quintiles,East Midlands,All Routes,All Stages,All Ages,2019
5,.41,.20999999,.61000001,All Persons,All IMD Quintiles,East Midlands,All Routes,All Stages,All Ages,2019
0,1,1,1,All Persons,All IMD Quintiles,East Midlands,All Routes,All Stages,All Ages,2020
.25,.92000002,.89999998,.94,All Persons,All IMD Quintiles,East Midlands,All Routes,All Stages,All Ages,2020
.5,.86000001,.82999998,.88,All Persons,All IMD Quintiles,East Midlands,All Routes,All Stages,All Ages,2020
.75,.81,.77999997,.83999997,All Persons,All IMD Quintiles,East Midlands,All Routes,All Stages,All Ages,2020
1,.75999999,.73000002,.79000002,All Persons,All IMD Quintiles,East Midlands,All Routes,All Stages,All Ages,2020
1.25,.74000001,.70999998,.76999998,All Persons,All IMD Quintiles,East Midlands,All Routes,All Stages,All Ages,2020
1.5,.69999999,.67000002,.73000002,All Persons,All IMD Quintiles,East Midlands,All Routes,All Stages,All Ages,2020
1.75,.68000001,.64999998,.72000003,All Persons,All IMD Quintiles,East Midlands,All Routes,All Stages,All Ages,2020
2,.67000002,.63999999,.69999999,All Persons,All IMD Quintiles,East Midlands,All Routes,All Stages,All Ages,2020
2.25,.64999998,.61000001,.68000001,All Persons,All IMD Quintiles,East Midlands,All Routes,All Stages,All Ages,2020
2.5,.63,.60000002,.67000002,All Persons,All IMD Quintiles,East Midlands,All Routes,All Stages,All Ages,2020
2.75,.62,.58999997,.66000003,All Persons,All IMD Quintiles,East Midlands,All Routes,All Stages,All Ages,2020
3,.62,.58999997,.66000003,All Persons,All IMD Quintiles,East Midlands,All Routes,All Stages,All Ages,2020
3.25,.62,.58999997,.66000003,All Persons,All IMD Quintiles,East Midlands,All Routes,All Stages,All Ages,2020
4,.47,.23999999,.69999999,All Persons,All IMD Quintiles,East Midlands,All Routes,All Stages,All Ages,2020
4.5,.47,.23999999,.69999999,All Persons,All IMD Quintiles,East Midlands,All Routes,All Stages,All Ages,2020
0,1,1,1,All Persons,All IMD Quintiles,East Midlands,All Routes,All Stages,All Ages,2021
.25,.92000002,.91000003,.94,All Persons,All IMD Quintiles,East Midlands,All Routes,All Stages,All Ages,2021
.5,.86000001,.83999997,.88,All Persons,All IMD Quintiles,East Midlands,All Routes,All Stages,All Ages,2021
.75,.81,.79000002,.83999997,All Persons,All IMD Quintiles,East Midlands,All Routes,All Stages,All Ages,2021
1,.76999998,.74000001,.79000002,All Persons,All IMD Quintiles,East Midlands,All Routes,All Stages,All Ages,2021
1.25,.75,.72000003,.76999998,All Persons,All IMD Quintiles,East Midlands,All Routes,All Stages,All Ages,2021
1.5,.70999998,.68000001,.74000001,All Persons,All IMD Quintiles,East Midlands,All Routes,All Stages,All Ages,2021
1.75,.69,.66000003,.73000002,All Persons,All IMD Quintiles,East Midlands,All Routes,All Stages,All Ages,2021
2,.68000001,.64999998,.72000003,All Persons,All IMD Quintiles,East Midlands,All Routes,All Stages,All Ages,2021
2.25,.68000001,.64999998,.72000003,All Persons,All IMD Quintiles,East Midlands,All Routes,All Stages,All Ages,2021
3.5,.68000001,.64999998,.72000003,All Persons,All IMD Quintiles,East Midlands,All Routes,All Stages,All Ages,2021
4,.68000001,.64999998,.72000003,All Persons,All IMD Quintiles,East Midlands,All Routes,All Stages,All Ages,2021
0,1,.99000001,1,All Persons,All IMD Quintiles,East of England,Emergency,All Stages,All Ages,All Years
.25,.67000002,.61000001,.74000001,All Persons,All IMD Quintiles,East of England,Emergency,All Stages,All Ages,All Years
.5,.56999999,.5,.63999999,All Persons,All IMD Quintiles,East of England,Emergency,All Stages,All Ages,All Years
.75,.5,.43000001,.56999999,All Persons,All IMD Quintiles,East of England,Emergency,All Stages,All Ages,All Years
1,.44,.37,.50999999,All Persons,All IMD Quintiles,East of England,Emergency,All Stages,All Ages,All Years
1.25,.40000001,.33000001,.47,All Persons,All IMD Quintiles,East of England,Emergency,All Stages,All Ages,All Years
1.5,.36000001,.28999999,.43000001,All Persons,All IMD Quintiles,East of England,Emergency,All Stages,All Ages,All Years
1.75,.33000001,.25999999,.38999999,All Persons,All IMD Quintiles,East of England,Emergency,All Stages,All Ages,All Years
2.25,.31999999,.25,.38,All Persons,All IMD Quintiles,East of England,Emergency,All Stages,All Ages,All Years
2.5,.30000001,.23,.36000001,All Persons,All IMD Quintiles,East of England,Emergency,All Stages,All Ages,All Years
2.75,.28999999,.23,.34999999,All Persons,All IMD Quintiles,East of England,Emergency,All Stages,All Ages,All Years
3,.28999999,.22,.34999999,All Persons,All IMD Quintiles,East of England,Emergency,All Stages,All Ages,All Years
4,.28999999,.22,.34999999,All Persons,All IMD Quintiles,East of England,Emergency,All Stages,All Ages,All Years
4.25,.28,.22,.34,All Persons,All IMD Quintiles,East of England,Emergency,All Stages,All Ages,All Years
4.5,.27000001,.20999999,.33000001,All Persons,All IMD Quintiles,East of England,Emergency,All Stages,All Ages,All Years
4.75,.27000001,.20999999,.33000001,All Persons,All IMD Quintiles,East of England,Emergency,All Stages,All Ages,All Years
5,.25999999,.2,.31999999,All Persons,All IMD Quintiles,East of England,Emergency,All Stages,All Ages,All Years
0,1,1,1,All Persons,All IMD Quintiles,East of England,Non-emergency,All Stages,All Ages,All Years
.25,.95999998,.94999999,.95999998,All Persons,All IMD Quintiles,East of England,Non-emergency,All Stages,All Ages,All Years
.5,.91000003,.88999999,.92000002,All Persons,All IMD Quintiles,East of England,Non-emergency,All Stages,All Ages,All Years
.75,.86000001,.83999997,.87,All Persons,All IMD Quintiles,East of England,Non-emergency,All Stages,All Ages,All Years
1,.81999999,.81,.82999998,All Persons,All IMD Quintiles,East of England,Non-emergency,All Stages,All Ages,All Years
1.25,.77999997,.76999998,.80000001,All Persons,All IMD Quintiles,East of England,Non-emergency,All Stages,All Ages,All Years
1.5,.75999999,.74000001,.76999998,All Persons,All IMD Quintiles,East of England,Non-emergency,All Stages,All Ages,All Years
1.75,.74000001,.72000003,.75,All Persons,All IMD Quintiles,East of England,Non-emergency,All Stages,All Ages,All Years
2,.70999998,.69999999,.73000002,All Persons,All IMD Quintiles,East of England,Non-emergency,All Stages,All Ages,All Years
2.25,.69999999,.68000001,.70999998,All Persons,All IMD Quintiles,East of England,Non-emergency,All Stages,All Ages,All Years
2.5,.68000001,.66000003,.69999999,All Persons,All IMD Quintiles,East of England,Non-emergency,All Stages,All Ages,All Years
2.75,.67000002,.64999998,.69,All Persons,All IMD Quintiles,East of England,Non-emergency,All Stages,All Ages,All Years
3,.66000003,.63999999,.67000002,All Persons,All IMD Quintiles,East of England,Non-emergency,All Stages,All Ages,All Years
3.25,.63999999,.62,.66000003,All Persons,All IMD Quintiles,East of England,Non-emergency,All Stages,All Ages,All Years
3.5,.63,.61000001,.64999998,All Persons,All IMD Quintiles,East of England,Non-emergency,All Stages,All Ages,All Years
3.75,.62,.60000002,.63999999,All Persons,All IMD Quintiles,East of England,Non-emergency,All Stages,All Ages,All Years
4,.61000001,.58999997,.63,All Persons,All IMD Quintiles,East of England,Non-emergency,All Stages,All Ages,All Years
4.25,.60000002,.57999998,.62,All Persons,All IMD Quintiles,East of England,Non-emergency,All Stages,All Ages,All Years
4.5,.58999997,.56999999,.61000001,All Persons,All IMD Quintiles,East of England,Non-emergency,All Stages,All Ages,All Years
4.75,.57999998,.56,.60000002,All Persons,All IMD Quintiles,East of England,Non-emergency,All Stages,All Ages,All Years
5,.57999998,.56,.60000002,All Persons,All IMD Quintiles,East of England,Non-emergency,All Stages,All Ages,All Years
0,1,1,1,All Persons,All IMD Quintiles,East of England,All Routes,Early,All Ages,All Years
.25,.99000001,.99000001,.99000001,All Persons,All IMD Quintiles,East of England,All Routes,Early,All Ages,All Years
.5,.97000003,.95999998,.98000002,All Persons,All IMD Quintiles,East of England,All Routes,Early,All Ages,All Years
.75,.94999999,.94,.95999998,All Persons,All IMD Quintiles,East of England,All Routes,Early,All Ages,All Years
1,.93000001,.92000002,.94,All Persons,All IMD Quintiles,East of England,All Routes,Early,All Ages,All Years
1.25,.91000003,.89999998,.93000001,All Persons,All IMD Quintiles,East of England,All Routes,Early,All Ages,All Years
1.5,.89999998,.88999999,.91000003,All Persons,All IMD Quintiles,East of England,All Routes,Early,All Ages,All Years
1.75,.88,.87,.89999998,All Persons,All IMD Quintiles,East of England,All Routes,Early,All Ages,All Years
2,.86000001,.85000002,.88,All Persons,All IMD Quintiles,East of England,All Routes,Early,All Ages,All Years
2.25,.85000002,.82999998,.86000001,All Persons,All IMD Quintiles,East of England,All Routes,Early,All Ages,All Years
2.5,.82999998,.81,.85000002,All Persons,All IMD Quintiles,East of England,All Routes,Early,All Ages,All Years
2.75,.81999999,.80000001,.83999997,All Persons,All IMD Quintiles,East of England,All Routes,Early,All Ages,All Years
3,.80000001,.79000002,.81999999,All Persons,All IMD Quintiles,East of England,All Routes,Early,All Ages,All Years
3.25,.79000002,.76999998,.81,All Persons,All IMD Quintiles,East of England,All Routes,Early,All Ages,All Years
3.5,.77999997,.75999999,.80000001,All Persons,All IMD Quintiles,East of England,All Routes,Early,All Ages,All Years
3.75,.76999998,.75,.79000002,All Persons,All IMD Quintiles,East of England,All Routes,Early,All Ages,All Years
4,.75999999,.74000001,.77999997,All Persons,All IMD Quintiles,East of England,All Routes,Early,All Ages,All Years
4.25,.74000001,.72000003,.75999999,All Persons,All IMD Quintiles,East of England,All Routes,Early,All Ages,All Years
4.5,.72000003,.69999999,.75,All Persons,All IMD Quintiles,East of England,All Routes,Early,All Ages,All Years
4.75,.70999998,.69,.74000001,All Persons,All IMD Quintiles,East of England,All Routes,Early,All Ages,All Years
5,.70999998,.68000001,.73000002,All Persons,All IMD Quintiles,East of England,All Routes,Early,All Ages,All Years
0,1,1,1,All Persons,All IMD Quintiles,East of England,All Routes,Advanced,All Ages,All Years
.25,.91000003,.89999998,.92000002,All Persons,All IMD Quintiles,East of England,All Routes,Advanced,All Ages,All Years
.5,.82999998,.81,.83999997,All Persons,All IMD Quintiles,East of England,All Routes,Advanced,All Ages,All Years
.75,.75,.73000002,.75999999,All Persons,All IMD Quintiles,East of England,All Routes,Advanced,All Ages,All Years
1,.69,.68000001,.70999998,All Persons,All IMD Quintiles,East of England,All Routes,Advanced,All Ages,All Years
1.25,.64999998,.63,.66000003,All Persons,All IMD Quintiles,East of England,All Routes,Advanced,All Ages,All Years
1.5,.61000001,.58999997,.63,All Persons,All IMD Quintiles,East of England,All Routes,Advanced,All Ages,All Years
1.75,.57999998,.56999999,.60000002,All Persons,All IMD Quintiles,East of England,All Routes,Advanced,All Ages,All Years
2,.56,.54000002,.57999998,All Persons,All IMD Quintiles,East of England,All Routes,Advanced,All Ages,All Years
2.25,.54000002,.51999998,.56,All Persons,All IMD Quintiles,East of England,All Routes,Advanced,All Ages,All Years
2.5,.51999998,.5,.54000002,All Persons,All IMD Quintiles,East of England,All Routes,Advanced,All Ages,All Years
2.75,.50999999,.49000001,.52999997,All Persons,All IMD Quintiles,East of England,All Routes,Advanced,All Ages,All Years
3,.5,.47999999,.50999999,All Persons,All IMD Quintiles,East of England,All Routes,Advanced,All Ages,All Years
3.25,.49000001,.47,.5,All Persons,All IMD Quintiles,East of England,All Routes,Advanced,All Ages,All Years
3.5,.47999999,.46000001,.5,All Persons,All IMD Quintiles,East of England,All Routes,Advanced,All Ages,All Years
3.75,.47,.44999999,.49000001,All Persons,All IMD Quintiles,East of England,All Routes,Advanced,All Ages,All Years
4,.46000001,.44999999,.47999999,All Persons,All IMD Quintiles,East of England,All Routes,Advanced,All Ages,All Years
4.25,.46000001,.44,.47,All Persons,All IMD Quintiles,East of England,All Routes,Advanced,All Ages,All Years
4.5,.44999999,.43000001,.47,All Persons,All IMD Quintiles,East of England,All Routes,Advanced,All Ages,All Years
4.75,.44,.43000001,.46000001,All Persons,All IMD Quintiles,East of England,All Routes,Advanced,All Ages,All Years
5,.44,.41999999,.46000001,All Persons,All IMD Quintiles,East of England,All Routes,Advanced,All Ages,All Years
0,1,1,1,All Persons,All IMD Quintiles,East of England,All Routes,All Stages,0-49,All Years
.25,.98000002,.97000003,.99000001,All Persons,All IMD Quintiles,East of England,All Routes,All Stages,0-49,All Years
.5,.95999998,.94,.97000003,All Persons,All IMD Quintiles,East of England,All Routes,All Stages,0-49,All Years
.75,.92000002,.89999998,.94,All Persons,All IMD Quintiles,East of England,All Routes,All Stages,0-49,All Years
1,.89999998,.87,.92000002,All Persons,All IMD Quintiles,East of England,All Routes,All Stages,0-49,All Years
1.25,.88,.86000001,.91000003,All Persons,All IMD Quintiles,East of England,All Routes,All Stages,0-49,All Years
1.5,.87,.85000002,.89999998,All Persons,All IMD Quintiles,East of England,All Routes,All Stages,0-49,All Years
1.75,.86000001,.82999998,.88,All Persons,All IMD Quintiles,East of England,All Routes,All Stages,0-49,All Years
2,.85000002,.81999999,.88,All Persons,All IMD Quintiles,East of England,All Routes,All Stages,0-49,All Years
2.25,.83999997,.81,.87,All Persons,All IMD Quintiles,East of England,All Routes,All Stages,0-49,All Years
2.5,.81999999,.79000002,.85000002,All Persons,All IMD Quintiles,East of England,All Routes,All Stages,0-49,All Years
2.75,.81999999,.77999997,.85000002,All Persons,All IMD Quintiles,East of England,All Routes,All Stages,0-49,All Years
3,.81,.77999997,.83999997,All Persons,All IMD Quintiles,East of England,All Routes,All Stages,0-49,All Years
3.25,.81,.76999998,.83999997,All Persons,All IMD Quintiles,East of England,All Routes,All Stages,0-49,All Years
3.5,.80000001,.76999998,.82999998,All Persons,All IMD Quintiles,East of England,All Routes,All Stages,0-49,All Years
3.75,.80000001,.76999998,.82999998,All Persons,All IMD Quintiles,East of England,All Routes,All Stages,0-49,All Years
4,.79000002,.75999999,.82999998,All Persons,All IMD Quintiles,East of England,All Routes,All Stages,0-49,All Years
4.25,.79000002,.75999999,.82999998,All Persons,All IMD Quintiles,East of England,All Routes,All Stages,0-49,All Years
4.5,.79000002,.75,.81999999,All Persons,All IMD Quintiles,East of England,All Routes,All Stages,0-49,All Years
4.75,.79000002,.75,.81999999,All Persons,All IMD Quintiles,East of England,All Routes,All Stages,0-49,All Years
5,.79000002,.75,.81999999,All Persons,All IMD Quintiles,East of England,All Routes,All Stages,0-49,All Years
0,1,1,1,All Persons,All IMD Quintiles,East of England,All Routes,All Stages,50-54,All Years
.25,.97000003,.94999999,.98000002,All Persons,All IMD Quintiles,East of England,All Routes,All Stages,50-54,All Years
.5,.94,.92000002,.94999999,All Persons,All IMD Quintiles,East of England,All Routes,All Stages,50-54,All Years
.75,.89999998,.88,.92000002,All Persons,All IMD Quintiles,East of England,All Routes,All Stages,50-54,All Years
1,.88,.85000002,.91000003,All Persons,All IMD Quintiles,East of England,All Routes,All Stages,50-54,All Years
1.25,.86000001,.82999998,.88999999,All Persons,All IMD Quintiles,East of England,All Routes,All Stages,50-54,All Years
1.5,.83999997,.81,.87,All Persons,All IMD Quintiles,East of England,All Routes,All Stages,50-54,All Years
1.75,.81,.77999997,.83999997,All Persons,All IMD Quintiles,East of England,All Routes,All Stages,50-54,All Years
2,.80000001,.76999998,.82999998,All Persons,All IMD Quintiles,East of England,All Routes,All Stages,50-54,All Years
2.25,.77999997,.75,.81999999,All Persons,All IMD Quintiles,East of England,All Routes,All Stages,50-54,All Years
2.5,.77999997,.74000001,.81,All Persons,All IMD Quintiles,East of England,All Routes,All Stages,50-54,All Years
2.75,.76999998,.74000001,.81,All Persons,All IMD Quintiles,East of England,All Routes,All Stages,50-54,All Years
3,.75999999,.73000002,.80000001,All Persons,All IMD Quintiles,East of England,All Routes,All Stages,50-54,All Years
3.25,.75,.72000003,.79000002,All Persons,All IMD Quintiles,East of England,All Routes,All Stages,50-54,All Years
3.5,.75,.72000003,.79000002,All Persons,All IMD Quintiles,East of England,All Routes,All Stages,50-54,All Years
3.75,.75,.70999998,.79000002,All Persons,All IMD Quintiles,East of England,All Routes,All Stages,50-54,All Years
4,.75,.70999998,.77999997,All Persons,All IMD Quintiles,East of England,All Routes,All Stages,50-54,All Years
4.25,.74000001,.69999999,.77999997,All Persons,All IMD Quintiles,East of England,All Routes,All Stages,50-54,All Years
4.5,.74000001,.69999999,.76999998,All Persons,All IMD Quintiles,East of England,All Routes,All Stages,50-54,All Years
4.75,.73000002,.69,.76999998,All Persons,All IMD Quintiles,East of England,All Routes,All Stages,50-54,All Years
5,.73000002,.69,.76999998,All Persons,All IMD Quintiles,East of England,All Routes,All Stages,50-54,All Years
0,1,1,1,All Persons,All IMD Quintiles,East of England,All Routes,All Stages,55-59,All Years
.25,.97000003,.95999998,.98000002,All Persons,All IMD Quintiles,East of England,All Routes,All Stages,55-59,All Years
.5,.94,.93000001,.95999998,All Persons,All IMD Quintiles,East of England,All Routes,All Stages,55-59,All Years
.75,.92000002,.89999998,.94,All Persons,All IMD Quintiles,East of England,All Routes,All Stages,55-59,All Years
1,.88,.86000001,.91000003,All Persons,All IMD Quintiles,East of England,All Routes,All Stages,55-59,All Years
1.25,.85000002,.82999998,.88,All Persons,All IMD Quintiles,East of England,All Routes,All Stages,55-59,All Years
1.5,.83999997,.81,.86000001,All Persons,All IMD Quintiles,East of England,All Routes,All Stages,55-59,All Years
1.75,.81999999,.79000002,.83999997,All Persons,All IMD Quintiles,East of England,All Routes,All Stages,55-59,All Years
2,.80000001,.76999998,.81999999,All Persons,All IMD Quintiles,East of England,All Routes,All Stages,55-59,All Years
2.25,.76999998,.74000001,.81,All Persons,All IMD Quintiles,East of England,All Routes,All Stages,55-59,All Years
2.5,.75999999,.73000002,.79000002,All Persons,All IMD Quintiles,East of England,All Routes,All Stages,55-59,All Years
2.75,.75,.70999998,.77999997,All Persons,All IMD Quintiles,East of England,All Routes,All Stages,55-59,All Years
3,.74000001,.70999998,.76999998,All Persons,All IMD Quintiles,East of England,All Routes,All Stages,55-59,All Years
3.25,.73000002,.69999999,.75999999,All Persons,All IMD Quintiles,East of England,All Routes,All Stages,55-59,All Years
3.5,.72000003,.69,.75999999,All Persons,All IMD Quintiles,East of England,All Routes,All Stages,55-59,All Years
3.75,.70999998,.68000001,.75,All Persons,All IMD Quintiles,East of England,All Routes,All Stages,55-59,All Years
4,.69999999,.67000002,.74000001,All Persons,All IMD Quintiles,East of England,All Routes,All Stages,55-59,All Years
4.25,.69,.66000003,.73000002,All Persons,All IMD Quintiles,East of England,All Routes,All Stages,55-59,All Years
4.5,.68000001,.63999999,.72000003,All Persons,All IMD Quintiles,East of England,All Routes,All Stages,55-59,All Years
4.75,.68000001,.63999999,.70999998,All Persons,All IMD Quintiles,East of England,All Routes,All Stages,55-59,All Years
5,.67000002,.63,.70999998,All Persons,All IMD Quintiles,East of England,All Routes,All Stages,55-59,All Years
0,1,1,1,All Persons,All IMD Quintiles,East of England,All Routes,All Stages,60-64,All Years
.25,.94,.93000001,.95999998,All Persons,All IMD Quintiles,East of England,All Routes,All Stages,60-64,All Years
.5,.88999999,.87,.91000003,All Persons,All IMD Quintiles,East of England,All Routes,All Stages,60-64,All Years
.75,.83999997,.81,.86000001,All Persons,All IMD Quintiles,East of England,All Routes,All Stages,60-64,All Years
1,.81,.77999997,.83999997,All Persons,All IMD Quintiles,East of England,All Routes,All Stages,60-64,All Years
1.25,.79000002,.75999999,.81,All Persons,All IMD Quintiles,East of England,All Routes,All Stages,60-64,All Years
1.5,.75999999,.73000002,.79000002,All Persons,All IMD Quintiles,East of England,All Routes,All Stages,60-64,All Years
1.75,.74000001,.70999998,.76999998,All Persons,All IMD Quintiles,East of England,All Routes,All Stages,60-64,All Years
2,.72000003,.69,.75,All Persons,All IMD Quintiles,East of England,All Routes,All Stages,60-64,All Years
2.25,.69999999,.67000002,.73000002,All Persons,All IMD Quintiles,East of England,All Routes,All Stages,60-64,All Years
2.5,.69,.66000003,.72000003,All Persons,All IMD Quintiles,East of England,All Routes,All Stages,60-64,All Years
2.75,.68000001,.63999999,.70999998,All Persons,All IMD Quintiles,East of England,All Routes,All Stages,60-64,All Years
3,.66000003,.63,.69,All Persons,All IMD Quintiles,East of England,All Routes,All Stages,60-64,All Years
3.25,.63999999,.61000001,.68000001,All Persons,All IMD Quintiles,East of England,All Routes,All Stages,60-64,All Years
3.5,.63999999,.60000002,.67000002,All Persons,All IMD Quintiles,East of England,All Routes,All Stages,60-64,All Years
3.75,.62,.58999997,.66000003,All Persons,All IMD Quintiles,East of England,All Routes,All Stages,60-64,All Years
4,.62,.57999998,.64999998,All Persons,All IMD Quintiles,East of England,All Routes,All Stages,60-64,All Years
4.25,.61000001,.56999999,.63999999,All Persons,All IMD Quintiles,East of England,All Routes,All Stages,60-64,All Years
4.5,.60000002,.56,.63999999,All Persons,All IMD Quintiles,East of England,All Routes,All Stages,60-64,All Years
4.75,.58999997,.55000001,.63,All Persons,All IMD Quintiles,East of England,All Routes,All Stages,60-64,All Years
5,.57999998,.54000002,.62,All Persons,All IMD Quintiles,East of England,All Routes,All Stages,60-64,All Years
0,1,1,1,All Persons,All IMD Quintiles,East of England,All Routes,All Stages,65-69,All Years
.25,.94,.93000001,.95999998,All Persons,All IMD Quintiles,East of England,All Routes,All Stages,65-69,All Years
.5,.88999999,.87,.91000003,All Persons,All IMD Quintiles,East of England,All Routes,All Stages,65-69,All Years
.75,.83999997,.81999999,.87,All Persons,All IMD Quintiles,East of England,All Routes,All Stages,65-69,All Years
1,.79000002,.76999998,.81999999,All Persons,All IMD Quintiles,East of England,All Routes,All Stages,65-69,All Years
1.25,.75,.72000003,.77999997,All Persons,All IMD Quintiles,East of England,All Routes,All Stages,65-69,All Years
1.5,.73000002,.69999999,.75999999,All Persons,All IMD Quintiles,East of England,All Routes,All Stages,65-69,All Years
1.75,.69999999,.67000002,.73000002,All Persons,All IMD Quintiles,East of England,All Routes,All Stages,65-69,All Years
2,.68000001,.64999998,.70999998,All Persons,All IMD Quintiles,East of England,All Routes,All Stages,65-69,All Years
2.25,.66000003,.63,.69,All Persons,All IMD Quintiles,East of England,All Routes,All Stages,65-69,All Years
2.5,.64999998,.62,.68000001,All Persons,All IMD Quintiles,East of England,All Routes,All Stages,65-69,All Years
2.75,.63999999,.60000002,.67000002,All Persons,All IMD Quintiles,East of England,All Routes,All Stages,65-69,All Years
3,.62,.58999997,.64999998,All Persons,All IMD Quintiles,East of England,All Routes,All Stages,65-69,All Years
3.25,.61000001,.57999998,.64999998,All Persons,All IMD Quintiles,East of England,All Routes,All Stages,65-69,All Years
3.5,.60000002,.56999999,.63,All Persons,All IMD Quintiles,East of England,All Routes,All Stages,65-69,All Years
3.75,.57999998,.55000001,.62,All Persons,All IMD Quintiles,East of England,All Routes,All Stages,65-69,All Years
4,.56999999,.54000002,.61000001,All Persons,All IMD Quintiles,East of England,All Routes,All Stages,65-69,All Years
4.25,.56,.51999998,.60000002,All Persons,All IMD Quintiles,East of England,All Routes,All Stages,65-69,All Years
4.5,.56,.51999998,.58999997,All Persons,All IMD Quintiles,East of England,All Routes,All Stages,65-69,All Years
4.75,.55000001,.51999998,.58999997,All Persons,All IMD Quintiles,East of England,All Routes,All Stages,65-69,All Years
5,.54000002,.5,.57999998,All Persons,All IMD Quintiles,East of England,All Routes,All Stages,65-69,All Years
0,1,1,1,All Persons,All IMD Quintiles,East of England,All Routes,All Stages,70-74,All Years
.25,.92000002,.89999998,.94,All Persons,All IMD Quintiles,East of England,All Routes,All Stages,70-74,All Years
.5,.87,.85000002,.88999999,All Persons,All IMD Quintiles,East of England,All Routes,All Stages,70-74,All Years
.75,.80000001,.77999997,.82999998,All Persons,All IMD Quintiles,East of England,All Routes,All Stages,70-74,All Years
1,.76999998,.74000001,.79000002,All Persons,All IMD Quintiles,East of England,All Routes,All Stages,70-74,All Years
1.25,.74000001,.70999998,.75999999,All Persons,All IMD Quintiles,East of England,All Routes,All Stages,70-74,All Years
1.5,.70999998,.68000001,.74000001,All Persons,All IMD Quintiles,East of England,All Routes,All Stages,70-74,All Years
1.75,.69,.64999998,.72000003,All Persons,All IMD Quintiles,East of England,All Routes,All Stages,70-74,All Years
2,.66000003,.63,.69999999,All Persons,All IMD Quintiles,East of England,All Routes,All Stages,70-74,All Years
2.25,.63999999,.61000001,.68000001,All Persons,All IMD Quintiles,East of England,All Routes,All Stages,70-74,All Years
2.5,.62,.58999997,.66000003,All Persons,All IMD Quintiles,East of England,All Routes,All Stages,70-74,All Years
2.75,.60000002,.56999999,.63999999,All Persons,All IMD Quintiles,East of England,All Routes,All Stages,70-74,All Years
3,.58999997,.56,.63,All Persons,All IMD Quintiles,East of England,All Routes,All Stages,70-74,All Years
3.25,.57999998,.54000002,.61000001,All Persons,All IMD Quintiles,East of England,All Routes,All Stages,70-74,All Years
3.5,.56999999,.52999997,.60000002,All Persons,All IMD Quintiles,East of England,All Routes,All Stages,70-74,All Years
3.75,.55000001,.51999998,.58999997,All Persons,All IMD Quintiles,East of England,All Routes,All Stages,70-74,All Years
4,.54000002,.50999999,.57999998,All Persons,All IMD Quintiles,East of England,All Routes,All Stages,70-74,All Years
4.25,.54000002,.5,.56999999,All Persons,All IMD Quintiles,East of England,All Routes,All Stages,70-74,All Years
4.5,.51999998,.47999999,.56,All Persons,All IMD Quintiles,East of England,All Routes,All Stages,70-74,All Years
4.75,.50999999,.47,.55000001,All Persons,All IMD Quintiles,East of England,All Routes,All Stages,70-74,All Years
5,.5,.46000001,.54000002,All Persons,All IMD Quintiles,East of England,All Routes,All Stages,70-74,All Years
0,1,1,1,All Persons,All IMD Quintiles,East of England,All Routes,All Stages,75-79,All Years
.25,.92000002,.89999998,.94,All Persons,All IMD Quintiles,East of England,All Routes,All Stages,75-79,All Years
.5,.85000002,.82999998,.88,All Persons,All IMD Quintiles,East of England,All Routes,All Stages,75-79,All Years
.75,.79000002,.75999999,.81999999,All Persons,All IMD Quintiles,East of England,All Routes,All Stages,75-79,All Years
1,.75,.70999998,.77999997,All Persons,All IMD Quintiles,East of England,All Routes,All Stages,75-79,All Years
1.25,.69,.66000003,.73000002,All Persons,All IMD Quintiles,East of England,All Routes,All Stages,75-79,All Years
1.5,.66000003,.62,.69999999,All Persons,All IMD Quintiles,East of England,All Routes,All Stages,75-79,All Years
1.75,.63,.58999997,.67000002,All Persons,All IMD Quintiles,East of England,All Routes,All Stages,75-79,All Years
2,.58999997,.55000001,.63,All Persons,All IMD Quintiles,East of England,All Routes,All Stages,75-79,All Years
2.25,.57999998,.54000002,.62,All Persons,All IMD Quintiles,East of England,All Routes,All Stages,75-79,All Years
2.5,.56,.51999998,.60000002,All Persons,All IMD Quintiles,East of England,All Routes,All Stages,75-79,All Years
2.75,.54000002,.5,.57999998,All Persons,All IMD Quintiles,East of England,All Routes,All Stages,75-79,All Years
3,.51999998,.47999999,.56,All Persons,All IMD Quintiles,East of England,All Routes,All Stages,75-79,All Years
3.25,.5,.46000001,.54000002,All Persons,All IMD Quintiles,East of England,All Routes,All Stages,75-79,All Years
3.5,.49000001,.44999999,.52999997,All Persons,All IMD Quintiles,East of England,All Routes,All Stages,75-79,All Years
3.75,.47,.43000001,.51999998,All Persons,All IMD Quintiles,East of England,All Routes,All Stages,75-79,All Years
4,.46000001,.41999999,.50999999,All Persons,All IMD Quintiles,East of England,All Routes,All Stages,75-79,All Years
4.25,.44,.40000001,.49000001,All Persons,All IMD Quintiles,East of England,All Routes,All Stages,75-79,All Years
4.5,.43000001,.38,.47,All Persons,All IMD Quintiles,East of England,All Routes,All Stages,75-79,All Years
4.75,.41999999,.38,.47,All Persons,All IMD Quintiles,East of England,All Routes,All Stages,75-79,All Years
5,.41999999,.37,.46000001,All Persons,All IMD Quintiles,East of England,All Routes,All Stages,75-79,All Years
0,1,.99000001,1,All Persons,All IMD Quintiles,East of England,All Routes,All Stages,80-84,All Years
.25,.87,.83999997,.89999998,All Persons,All IMD Quintiles,East of England,All Routes,All Stages,80-84,All Years
.5,.80000001,.75999999,.83999997,All Persons,All IMD Quintiles,East of England,All Routes,All Stages,80-84,All Years
.75,.69999999,.66000003,.75,All Persons,All IMD Quintiles,East of England,All Routes,All Stages,80-84,All Years
1,.63,.57999998,.68000001,All Persons,All IMD Quintiles,East of England,All Routes,All Stages,80-84,All Years
1.25,.58999997,.54000002,.63999999,All Persons,All IMD Quintiles,East of England,All Routes,All Stages,80-84,All Years
1.5,.54000002,.49000001,.58999997,All Persons,All IMD Quintiles,East of England,All Routes,All Stages,80-84,All Years
1.75,.5,.46000001,.55000001,All Persons,All IMD Quintiles,East of England,All Routes,All Stages,80-84,All Years
2,.49000001,.44,.54000002,All Persons,All IMD Quintiles,East of England,All Routes,All Stages,80-84,All Years
2.25,.47,.41999999,.51999998,All Persons,All IMD Quintiles,East of England,All Routes,All Stages,80-84,All Years
2.5,.44,.38999999,.49000001,All Persons,All IMD Quintiles,East of England,All Routes,All Stages,80-84,All Years
2.75,.40000001,.34999999,.46000001,All Persons,All IMD Quintiles,East of England,All Routes,All Stages,80-84,All Years
3,.38,.33000001,.43000001,All Persons,All IMD Quintiles,East of England,All Routes,All Stages,80-84,All Years
3.25,.37,.31,.41999999,All Persons,All IMD Quintiles,East of England,All Routes,All Stages,80-84,All Years
3.5,.36000001,.31,.41,All Persons,All IMD Quintiles,East of England,All Routes,All Stages,80-84,All Years
3.75,.36000001,.30000001,.41,All Persons,All IMD Quintiles,East of England,All Routes,All Stages,80-84,All Years
4,.34999999,.28999999,.40000001,All Persons,All IMD Quintiles,East of England,All Routes,All Stages,80-84,All Years
4.25,.31999999,.25999999,.37,All Persons,All IMD Quintiles,East of England,All Routes,All Stages,80-84,All Years
4.5,.30000001,.25,.36000001,All Persons,All IMD Quintiles,East of England,All Routes,All Stages,80-84,All Years
4.75,.30000001,.23999999,.34999999,All Persons,All IMD Quintiles,East of England,All Routes,All Stages,80-84,All Years
5,.28999999,.23,.34,All Persons,All IMD Quintiles,East of England,All Routes,All Stages,80-84,All Years
0,1,.99000001,1,All Persons,All IMD Quintiles,East of England,All Routes,All Stages,85-89,All Years
.25,.82999998,.77999997,.87,All Persons,All IMD Quintiles,East of England,All Routes,All Stages,85-89,All Years
.5,.69,.63,.75,All Persons,All IMD Quintiles,East of England,All Routes,All Stages,85-89,All Years
.75,.61000001,.55000001,.67000002,All Persons,All IMD Quintiles,East of England,All Routes,All Stages,85-89,All Years
1,.55000001,.49000001,.61000001,All Persons,All IMD Quintiles,East of England,All Routes,All Stages,85-89,All Years
1.25,.49000001,.41999999,.55000001,All Persons,All IMD Quintiles,East of England,All Routes,All Stages,85-89,All Years
1.5,.44,.38,.5,All Persons,All IMD Quintiles,East of England,All Routes,All Stages,85-89,All Years
1.75,.41999999,.36000001,.49000001,All Persons,All IMD Quintiles,East of England,All Routes,All Stages,85-89,All Years
2,.38999999,.33000001,.44999999,All Persons,All IMD Quintiles,East of England,All Routes,All Stages,85-89,All Years
2.25,.37,.31,.44,All Persons,All IMD Quintiles,East of England,All Routes,All Stages,85-89,All Years
2.5,.36000001,.30000001,.43000001,All Persons,All IMD Quintiles,East of England,All Routes,All Stages,85-89,All Years
2.75,.34999999,.28999999,.41999999,All Persons,All IMD Quintiles,East of England,All Routes,All Stages,85-89,All Years
3,.34,.28,.40000001,All Persons,All IMD Quintiles,East of England,All Routes,All Stages,85-89,All Years
3.25,.31999999,.25999999,.38,All Persons,All IMD Quintiles,East of England,All Routes,All Stages,85-89,All Years
3.5,.30000001,.23999999,.36000001,All Persons,All IMD Quintiles,East of England,All Routes,All Stages,85-89,All Years
3.75,.30000001,.23999999,.36000001,All Persons,All IMD Quintiles,East of England,All Routes,All Stages,85-89,All Years
4,.30000001,.23999999,.36000001,All Persons,All IMD Quintiles,East of England,All Routes,All Stages,85-89,All Years
4.25,.27000001,.20999999,.33000001,All Persons,All IMD Quintiles,East of England,All Routes,All Stages,85-89,All Years
4.5,.25999999,.2,.31999999,All Persons,All IMD Quintiles,East of England,All Routes,All Stages,85-89,All Years
4.75,.25,.19,.31,All Persons,All IMD Quintiles,East of England,All Routes,All Stages,85-89,All Years
0,.99000001,.98000002,1.01,All Persons,All IMD Quintiles,East of England,All Routes,All Stages,90+,All Years
.25,.77999997,.70999998,.83999997,All Persons,All IMD Quintiles,East of England,All Routes,All Stages,90+,All Years
.5,.58999997,.50999999,.66000003,All Persons,All IMD Quintiles,East of England,All Routes,All Stages,90+,All Years
.75,.49000001,.41,.56999999,All Persons,All IMD Quintiles,East of England,All Routes,All Stages,90+,All Years
1,.38999999,.31999999,.47,All Persons,All IMD Quintiles,East of England,All Routes,All Stages,90+,All Years
1.25,.33000001,.25,.40000001,All Persons,All IMD Quintiles,East of England,All Routes,All Stages,90+,All Years
1.5,.31,.23999999,.38999999,All Persons,All IMD Quintiles,East of England,All Routes,All Stages,90+,All Years
1.75,.27000001,.2,.34,All Persons,All IMD Quintiles,East of England,All Routes,All Stages,90+,All Years
2,.25,.18000001,.31999999,All Persons,All IMD Quintiles,East of England,All Routes,All Stages,90+,All Years
2.25,.23999999,.17,.31,All Persons,All IMD Quintiles,East of England,All Routes,All Stages,90+,All Years
2.5,.23,.16,.30000001,All Persons,All IMD Quintiles,East of England,All Routes,All Stages,90+,All Years
2.75,.23,.16,.30000001,All Persons,All IMD Quintiles,East of England,All Routes,All Stages,90+,All Years
3,.22,.15000001,.28999999,All Persons,All IMD Quintiles,East of England,All Routes,All Stages,90+,All Years
3.25,.2,.14,.27000001,All Persons,All IMD Quintiles,East of England,All Routes,All Stages,90+,All Years
3.5,.19,.13,.25999999,All Persons,All IMD Quintiles,East of England,All Routes,All Stages,90+,All Years
3.75,.18000001,.12,.25,All Persons,All IMD Quintiles,East of England,All Routes,All Stages,90+,All Years
4.25,.18000001,.12,.25,All Persons,All IMD Quintiles,East of England,All Routes,All Stages,90+,All Years
4.5,.17,.11,.23999999,All Persons,All IMD Quintiles,East of England,All Routes,All Stages,90+,All Years
4.75,.15000001,.090000004,.20999999,All Persons,All IMD Quintiles,East of England,All Routes,All Stages,90+,All Years
5,.14,.07,.2,All Persons,All IMD Quintiles,East of England,All Routes,All Stages,90+,All Years
0,1,1,1,All Persons,All IMD Quintiles,East of England,All Routes,All Stages,All Ages,2016
.25,.94,.93000001,.94999999,All Persons,All IMD Quintiles,East of England,All Routes,All Stages,All Ages,2016
.5,.88999999,.87,.91000003,All Persons,All IMD Quintiles,East of England,All Routes,All Stages,All Ages,2016
.75,.85000002,.82999998,.88,All Persons,All IMD Quintiles,East of England,All Routes,All Stages,All Ages,2016
1,.81,.79000002,.82999998,All Persons,All IMD Quintiles,East of England,All Routes,All Stages,All Ages,2016
1.25,.76999998,.74000001,.79000002,All Persons,All IMD Quintiles,East of England,All Routes,All Stages,All Ages,2016
1.5,.74000001,.70999998,.76999998,All Persons,All IMD Quintiles,East of England,All Routes,All Stages,All Ages,2016
1.75,.72000003,.69,.75,All Persons,All IMD Quintiles,East of England,All Routes,All Stages,All Ages,2016
2,.69,.67000002,.72000003,All Persons,All IMD Quintiles,East of England,All Routes,All Stages,All Ages,2016
2.25,.68000001,.64999998,.70999998,All Persons,All IMD Quintiles,East of England,All Routes,All Stages,All Ages,2016
2.5,.66000003,.63,.69,All Persons,All IMD Quintiles,East of England,All Routes,All Stages,All Ages,2016
2.75,.64999998,.62,.68000001,All Persons,All IMD Quintiles,East of England,All Routes,All Stages,All Ages,2016
3,.63,.60000002,.66000003,All Persons,All IMD Quintiles,East of England,All Routes,All Stages,All Ages,2016
3.25,.62,.58999997,.64999998,All Persons,All IMD Quintiles,East of England,All Routes,All Stages,All Ages,2016
3.5,.61000001,.57999998,.63999999,All Persons,All IMD Quintiles,East of England,All Routes,All Stages,All Ages,2016
3.75,.60000002,.56,.63,All Persons,All IMD Quintiles,East of England,All Routes,All Stages,All Ages,2016
4,.58999997,.56,.62,All Persons,All IMD Quintiles,East of England,All Routes,All Stages,All Ages,2016
4.25,.57999998,.55000001,.61000001,All Persons,All IMD Quintiles,East of England,All Routes,All Stages,All Ages,2016
4.5,.56999999,.54000002,.61000001,All Persons,All IMD Quintiles,East of England,All Routes,All Stages,All Ages,2016
4.75,.56999999,.54000002,.60000002,All Persons,All IMD Quintiles,East of England,All Routes,All Stages,All Ages,2016
5,.56,.52999997,.58999997,All Persons,All IMD Quintiles,East of England,All Routes,All Stages,All Ages,2016
0,1,.99000001,1,All Persons,All IMD Quintiles,East of England,All Routes,All Stages,All Ages,2017
.25,.93000001,.92000002,.94999999,All Persons,All IMD Quintiles,East of England,All Routes,All Stages,All Ages,2017
.5,.88,.86000001,.89999998,All Persons,All IMD Quintiles,East of England,All Routes,All Stages,All Ages,2017
.75,.82999998,.80000001,.85000002,All Persons,All IMD Quintiles,East of England,All Routes,All Stages,All Ages,2017
1,.77999997,.75999999,.81,All Persons,All IMD Quintiles,East of England,All Routes,All Stages,All Ages,2017
1.25,.75,.72000003,.77999997,All Persons,All IMD Quintiles,East of England,All Routes,All Stages,All Ages,2017
1.5,.72000003,.69,.75,All Persons,All IMD Quintiles,East of England,All Routes,All Stages,All Ages,2017
1.75,.69999999,.67000002,.72000003,All Persons,All IMD Quintiles,East of England,All Routes,All Stages,All Ages,2017
2,.68000001,.64999998,.70999998,All Persons,All IMD Quintiles,East of England,All Routes,All Stages,All Ages,2017
2.25,.66000003,.63,.69,All Persons,All IMD Quintiles,East of England,All Routes,All Stages,All Ages,2017
2.5,.63999999,.61000001,.67000002,All Persons,All IMD Quintiles,East of England,All Routes,All Stages,All Ages,2017
2.75,.63,.60000002,.66000003,All Persons,All IMD Quintiles,East of England,All Routes,All Stages,All Ages,2017
3,.62,.58999997,.64999998,All Persons,All IMD Quintiles,East of England,All Routes,All Stages,All Ages,2017
3.25,.61000001,.57999998,.63999999,All Persons,All IMD Quintiles,East of England,All Routes,All Stages,All Ages,2017
3.5,.60000002,.56999999,.63,All Persons,All IMD Quintiles,East of England,All Routes,All Stages,All Ages,2017
3.75,.58999997,.56,.62,All Persons,All IMD Quintiles,East of England,All Routes,All Stages,All Ages,2017
4,.57999998,.55000001,.61000001,All Persons,All IMD Quintiles,East of England,All Routes,All Stages,All Ages,2017
4.25,.56999999,.54000002,.60000002,All Persons,All IMD Quintiles,East of England,All Routes,All Stages,All Ages,2017
4.5,.56,.51999998,.58999997,All Persons,All IMD Quintiles,East of England,All Routes,All Stages,All Ages,2017
4.75,.55000001,.51999998,.57999998,All Persons,All IMD Quintiles,East of England,All Routes,All Stages,All Ages,2017
5,.54000002,.50999999,.56999999,All Persons,All IMD Quintiles,East of England,All Routes,All Stages,All Ages,2017
0,1,1,1,All Persons,All IMD Quintiles,East of England,All Routes,All Stages,All Ages,2018
.25,.94,.93000001,.94999999,All Persons,All IMD Quintiles,East of England,All Routes,All Stages,All Ages,2018
.5,.88,.86000001,.89999998,All Persons,All IMD Quintiles,East of England,All Routes,All Stages,All Ages,2018
.75,.81999999,.80000001,.85000002,All Persons,All IMD Quintiles,East of England,All Routes,All Stages,All Ages,2018
1,.79000002,.76999998,.81999999,All Persons,All IMD Quintiles,East of England,All Routes,All Stages,All Ages,2018
1.25,.75999999,.74000001,.79000002,All Persons,All IMD Quintiles,East of England,All Routes,All Stages,All Ages,2018
1.5,.74000001,.70999998,.76999998,All Persons,All IMD Quintiles,East of England,All Routes,All Stages,All Ages,2018
1.75,.72000003,.69,.75,All Persons,All IMD Quintiles,East of England,All Routes,All Stages,All Ages,2018
2,.69999999,.68000001,.73000002,All Persons,All IMD Quintiles,East of England,All Routes,All Stages,All Ages,2018
2.25,.68000001,.66000003,.70999998,All Persons,All IMD Quintiles,East of England,All Routes,All Stages,All Ages,2018
2.5,.67000002,.63999999,.69999999,All Persons,All IMD Quintiles,East of England,All Routes,All Stages,All Ages,2018
2.75,.66000003,.63,.69,All Persons,All IMD Quintiles,East of England,All Routes,All Stages,All Ages,2018
3,.64999998,.62,.68000001,All Persons,All IMD Quintiles,East of England,All Routes,All Stages,All Ages,2018
3.25,.63999999,.61000001,.67000002,All Persons,All IMD Quintiles,East of England,All Routes,All Stages,All Ages,2018
3.5,.63,.60000002,.66000003,All Persons,All IMD Quintiles,East of England,All Routes,All Stages,All Ages,2018
3.75,.63,.58999997,.66000003,All Persons,All IMD Quintiles,East of England,All Routes,All Stages,All Ages,2018
4,.62,.58999997,.64999998,All Persons,All IMD Quintiles,East of England,All Routes,All Stages,All Ages,2018
4.25,.60000002,.56999999,.63,All Persons,All IMD Quintiles,East of England,All Routes,All Stages,All Ages,2018
4.5,.58999997,.55000001,.62,All Persons,All IMD Quintiles,East of England,All Routes,All Stages,All Ages,2018
4.75,.58999997,.55000001,.62,All Persons,All IMD Quintiles,East of England,All Routes,All Stages,All Ages,2018
5,.58999997,.55000001,.62,All Persons,All IMD Quintiles,East of England,All Routes,All Stages,All Ages,2018
0,1,1,1,All Persons,All IMD Quintiles,East of England,All Routes,All Stages,All Ages,2019
.25,.93000001,.92000002,.94999999,All Persons,All IMD Quintiles,East of England,All Routes,All Stages,All Ages,2019
.5,.88999999,.88,.91000003,All Persons,All IMD Quintiles,East of England,All Routes,All Stages,All Ages,2019
.75,.83999997,.81,.86000001,All Persons,All IMD Quintiles,East of England,All Routes,All Stages,All Ages,2019
1,.79000002,.76999998,.81999999,All Persons,All IMD Quintiles,East of England,All Routes,All Stages,All Ages,2019
1.25,.75,.73000002,.77999997,All Persons,All IMD Quintiles,East of England,All Routes,All Stages,All Ages,2019
1.5,.74000001,.70999998,.75999999,All Persons,All IMD Quintiles,East of England,All Routes,All Stages,All Ages,2019
1.75,.70999998,.68000001,.74000001,All Persons,All IMD Quintiles,East of England,All Routes,All Stages,All Ages,2019
2,.69,.66000003,.72000003,All Persons,All IMD Quintiles,East of England,All Routes,All Stages,All Ages,2019
2.25,.67000002,.63999999,.69999999,All Persons,All IMD Quintiles,East of England,All Routes,All Stages,All Ages,2019
2.5,.66000003,.63,.68000001,All Persons,All IMD Quintiles,East of England,All Routes,All Stages,All Ages,2019
2.75,.63999999,.61000001,.67000002,All Persons,All IMD Quintiles,East of England,All Routes,All Stages,All Ages,2019
3,.63,.60000002,.64999998,All Persons,All IMD Quintiles,East of England,All Routes,All Stages,All Ages,2019
3.25,.62,.58999997,.64999998,All Persons,All IMD Quintiles,East of England,All Routes,All Stages,All Ages,2019
3.5,.60000002,.56999999,.63,All Persons,All IMD Quintiles,East of England,All Routes,All Stages,All Ages,2019
3.75,.60000002,.56999999,.63,All Persons,All IMD Quintiles,East of England,All Routes,All Stages,All Ages,2019
4,.58999997,.56,.63,All Persons,All IMD Quintiles,East of England,All Routes,All Stages,All Ages,2019
4.5,.58999997,.56,.63,All Persons,All IMD Quintiles,East of England,All Routes,All Stages,All Ages,2019
5,.58999997,.56,.63,All Persons,All IMD Quintiles,East of England,All Routes,All Stages,All Ages,2019
0,1,1,1,All Persons,All IMD Quintiles,East of England,All Routes,All Stages,All Ages,2020
.25,.92000002,.91000003,.94,All Persons,All IMD Quintiles,East of England,All Routes,All Stages,All Ages,2020
.5,.86000001,.83999997,.88,All Persons,All IMD Quintiles,East of England,All Routes,All Stages,All Ages,2020
.75,.81,.79000002,.83999997,All Persons,All IMD Quintiles,East of England,All Routes,All Stages,All Ages,2020
1,.76999998,.74000001,.80000001,All Persons,All IMD Quintiles,East of England,All Routes,All Stages,All Ages,2020
1.25,.74000001,.70999998,.75999999,All Persons,All IMD Quintiles,East of England,All Routes,All Stages,All Ages,2020
1.5,.70999998,.68000001,.74000001,All Persons,All IMD Quintiles,East of England,All Routes,All Stages,All Ages,2020
1.75,.69,.66000003,.72000003,All Persons,All IMD Quintiles,East of England,All Routes,All Stages,All Ages,2020
2,.67000002,.63999999,.69999999,All Persons,All IMD Quintiles,East of England,All Routes,All Stages,All Ages,2020
2.25,.64999998,.62,.68000001,All Persons,All IMD Quintiles,East of England,All Routes,All Stages,All Ages,2020
2.5,.63999999,.61000001,.67000002,All Persons,All IMD Quintiles,East of England,All Routes,All Stages,All Ages,2020
2.75,.62,.58999997,.64999998,All Persons,All IMD Quintiles,East of England,All Routes,All Stages,All Ages,2020
3,.60000002,.56,.63999999,All Persons,All IMD Quintiles,East of England,All Routes,All Stages,All Ages,2020
3.25,.51999998,.38999999,.66000003,All Persons,All IMD Quintiles,East of England,All Routes,All Stages,All Ages,2020
4,.44999999,.28,.62,All Persons,All IMD Quintiles,East of England,All Routes,All Stages,All Ages,2020
4.75,.44999999,.28,.62,All Persons,All IMD Quintiles,East of England,All Routes,All Stages,All Ages,2020
0,1,1,1,All Persons,All IMD Quintiles,East of England,All Routes,All Stages,All Ages,2021
.25,.94,.93000001,.94999999,All Persons,All IMD Quintiles,East of England,All Routes,All Stages,All Ages,2021
.5,.88,.86000001,.89999998,All Persons,All IMD Quintiles,East of England,All Routes,All Stages,All Ages,2021
.75,.81999999,.80000001,.83999997,All Persons,All IMD Quintiles,East of England,All Routes,All Stages,All Ages,2021
1,.77999997,.75999999,.81,All Persons,All IMD Quintiles,East of England,All Routes,All Stages,All Ages,2021
1.25,.75,.73000002,.77999997,All Persons,All IMD Quintiles,East of England,All Routes,All Stages,All Ages,2021
1.5,.73000002,.69999999,.75,All Persons,All IMD Quintiles,East of England,All Routes,All Stages,All Ages,2021
1.75,.69,.66000003,.72000003,All Persons,All IMD Quintiles,East of England,All Routes,All Stages,All Ages,2021
2,.68000001,.63999999,.72000003,All Persons,All IMD Quintiles,East of England,All Routes,All Stages,All Ages,2021
2.5,.41999999,.20999999,.63,All Persons,All IMD Quintiles,East of England,All Routes,All Stages,All Ages,2021
2.75,.34,.12,.55000001,All Persons,All IMD Quintiles,East of England,All Routes,All Stages,All Ages,2021
3.25,.25,.050000001,.46000001,All Persons,All IMD Quintiles,East of England,All Routes,All Stages,All Ages,2021
4,.17,-.0099999998,.34,All Persons,All IMD Quintiles,East of England,All Routes,All Stages,All Ages,2021
4.5,.079999998,-.039999999,.2,All Persons,All IMD Quintiles,East of England,All Routes,All Stages,All Ages,2021
0,.99000001,.99000001,1,All Persons,All IMD Quintiles,London,Emergency,All Stages,All Ages,All Years
.25,.74000001,.69999999,.79000002,All Persons,All IMD Quintiles,London,Emergency,All Stages,All Ages,All Years
.5,.63,.56999999,.68000001,All Persons,All IMD Quintiles,London,Emergency,All Stages,All Ages,All Years
.75,.52999997,.47,.57999998,All Persons,All IMD Quintiles,London,Emergency,All Stages,All Ages,All Years
1,.47999999,.41999999,.52999997,All Persons,All IMD Quintiles,London,Emergency,All Stages,All Ages,All Years
1.25,.43000001,.38,.49000001,All Persons,All IMD Quintiles,London,Emergency,All Stages,All Ages,All Years
1.5,.41,.34999999,.46000001,All Persons,All IMD Quintiles,London,Emergency,All Stages,All Ages,All Years
1.75,.38,.31999999,.43000001,All Persons,All IMD Quintiles,London,Emergency,All Stages,All Ages,All Years
2,.36000001,.30000001,.41,All Persons,All IMD Quintiles,London,Emergency,All Stages,All Ages,All Years
2.25,.34,.28999999,.38999999,All Persons,All IMD Quintiles,London,Emergency,All Stages,All Ages,All Years
2.5,.31999999,.27000001,.37,All Persons,All IMD Quintiles,London,Emergency,All Stages,All Ages,All Years
3,.30000001,.25,.34999999,All Persons,All IMD Quintiles,London,Emergency,All Stages,All Ages,All Years
3.25,.28999999,.23999999,.33000001,All Persons,All IMD Quintiles,London,Emergency,All Stages,All Ages,All Years
3.5,.28,.23,.33000001,All Persons,All IMD Quintiles,London,Emergency,All Stages,All Ages,All Years
3.75,.28,.23,.33000001,All Persons,All IMD Quintiles,London,Emergency,All Stages,All Ages,All Years
4,.28,.23,.33000001,All Persons,All IMD Quintiles,London,Emergency,All Stages,All Ages,All Years
4.25,.27000001,.22,.31999999,All Persons,All IMD Quintiles,London,Emergency,All Stages,All Ages,All Years
4.5,.27000001,.22,.31999999,All Persons,All IMD Quintiles,London,Emergency,All Stages,All Ages,All Years
4.75,.25999999,.22,.31,All Persons,All IMD Quintiles,London,Emergency,All Stages,All Ages,All Years
5,.25,.20999999,.30000001,All Persons,All IMD Quintiles,London,Emergency,All Stages,All Ages,All Years
0,1,1,1,All Persons,All IMD Quintiles,London,Non-emergency,All Stages,All Ages,All Years
.25,.95999998,.94999999,.97000003,All Persons,All IMD Quintiles,London,Non-emergency,All Stages,All Ages,All Years
.5,.91000003,.89999998,.92000002,All Persons,All IMD Quintiles,London,Non-emergency,All Stages,All Ages,All Years
.75,.86000001,.85000002,.87,All Persons,All IMD Quintiles,London,Non-emergency,All Stages,All Ages,All Years
1,.81999999,.81,.82999998,All Persons,All IMD Quintiles,London,Non-emergency,All Stages,All Ages,All Years
1.25,.79000002,.76999998,.81,All Persons,All IMD Quintiles,London,Non-emergency,All Stages,All Ages,All Years
1.5,.75999999,.74000001,.77999997,All Persons,All IMD Quintiles,London,Non-emergency,All Stages,All Ages,All Years
1.75,.74000001,.72000003,.75,All Persons,All IMD Quintiles,London,Non-emergency,All Stages,All Ages,All Years
2,.70999998,.69999999,.73000002,All Persons,All IMD Quintiles,London,Non-emergency,All Stages,All Ages,All Years
2.25,.69999999,.68000001,.72000003,All Persons,All IMD Quintiles,London,Non-emergency,All Stages,All Ages,All Years
2.5,.68000001,.66000003,.69999999,All Persons,All IMD Quintiles,London,Non-emergency,All Stages,All Ages,All Years
2.75,.67000002,.64999998,.68000001,All Persons,All IMD Quintiles,London,Non-emergency,All Stages,All Ages,All Years
3,.64999998,.63,.67000002,All Persons,All IMD Quintiles,London,Non-emergency,All Stages,All Ages,All Years
3.25,.63999999,.62,.66000003,All Persons,All IMD Quintiles,London,Non-emergency,All Stages,All Ages,All Years
3.5,.63,.61000001,.64999998,All Persons,All IMD Quintiles,London,Non-emergency,All Stages,All Ages,All Years
3.75,.62,.60000002,.63999999,All Persons,All IMD Quintiles,London,Non-emergency,All Stages,All Ages,All Years
4,.61000001,.58999997,.63,All Persons,All IMD Quintiles,London,Non-emergency,All Stages,All Ages,All Years
4.25,.61000001,.58999997,.62,All Persons,All IMD Quintiles,London,Non-emergency,All Stages,All Ages,All Years
4.5,.58999997,.56999999,.61000001,All Persons,All IMD Quintiles,London,Non-emergency,All Stages,All Ages,All Years
4.75,.57999998,.56,.60000002,All Persons,All IMD Quintiles,London,Non-emergency,All Stages,All Ages,All Years
5,.57999998,.56,.58999997,All Persons,All IMD Quintiles,London,Non-emergency,All Stages,All Ages,All Years
0,1,1,1,All Persons,All IMD Quintiles,London,All Routes,Early,All Ages,All Years
.25,.99000001,.99000001,.99000001,All Persons,All IMD Quintiles,London,All Routes,Early,All Ages,All Years
.5,.98000002,.97000003,.99000001,All Persons,All IMD Quintiles,London,All Routes,Early,All Ages,All Years
.75,.95999998,.94999999,.97000003,All Persons,All IMD Quintiles,London,All Routes,Early,All Ages,All Years
1,.94999999,.93000001,.95999998,All Persons,All IMD Quintiles,London,All Routes,Early,All Ages,All Years
1.25,.93000001,.92000002,.94,All Persons,All IMD Quintiles,London,All Routes,Early,All Ages,All Years
1.5,.91000003,.89999998,.93000001,All Persons,All IMD Quintiles,London,All Routes,Early,All Ages,All Years
1.75,.89999998,.88999999,.92000002,All Persons,All IMD Quintiles,London,All Routes,Early,All Ages,All Years
2,.88999999,.87,.89999998,All Persons,All IMD Quintiles,London,All Routes,Early,All Ages,All Years
2.25,.87,.86000001,.88999999,All Persons,All IMD Quintiles,London,All Routes,Early,All Ages,All Years
2.5,.86000001,.83999997,.88,All Persons,All IMD Quintiles,London,All Routes,Early,All Ages,All Years
2.75,.83999997,.82999998,.86000001,All Persons,All IMD Quintiles,London,All Routes,Early,All Ages,All Years
3,.82999998,.81,.83999997,All Persons,All IMD Quintiles,London,All Routes,Early,All Ages,All Years
3.25,.81999999,.80000001,.83999997,All Persons,All IMD Quintiles,London,All Routes,Early,All Ages,All Years
3.5,.81,.79000002,.82999998,All Persons,All IMD Quintiles,London,All Routes,Early,All Ages,All Years
3.75,.80000001,.77999997,.81999999,All Persons,All IMD Quintiles,London,All Routes,Early,All Ages,All Years
4,.79000002,.76999998,.81,All Persons,All IMD Quintiles,London,All Routes,Early,All Ages,All Years
4.25,.77999997,.75999999,.80000001,All Persons,All IMD Quintiles,London,All Routes,Early,All Ages,All Years
4.5,.76999998,.75,.79000002,All Persons,All IMD Quintiles,London,All Routes,Early,All Ages,All Years
4.75,.75999999,.74000001,.77999997,All Persons,All IMD Quintiles,London,All Routes,Early,All Ages,All Years
5,.75,.72000003,.76999998,All Persons,All IMD Quintiles,London,All Routes,Early,All Ages,All Years
0,1,1,1,All Persons,All IMD Quintiles,London,All Routes,Advanced,All Ages,All Years
.25,.93000001,.92000002,.94,All Persons,All IMD Quintiles,London,All Routes,Advanced,All Ages,All Years
.5,.85000002,.83999997,.86000001,All Persons,All IMD Quintiles,London,All Routes,Advanced,All Ages,All Years
.75,.77999997,.75999999,.79000002,All Persons,All IMD Quintiles,London,All Routes,Advanced,All Ages,All Years
1,.72000003,.69999999,.73000002,All Persons,All IMD Quintiles,London,All Routes,Advanced,All Ages,All Years
1.25,.68000001,.66000003,.69,All Persons,All IMD Quintiles,London,All Routes,Advanced,All Ages,All Years
1.5,.63999999,.62,.66000003,All Persons,All IMD Quintiles,London,All Routes,Advanced,All Ages,All Years
1.75,.61000001,.58999997,.63,All Persons,All IMD Quintiles,London,All Routes,Advanced,All Ages,All Years
2,.57999998,.56999999,.60000002,All Persons,All IMD Quintiles,London,All Routes,Advanced,All Ages,All Years
2.25,.56999999,.55000001,.58999997,All Persons,All IMD Quintiles,London,All Routes,Advanced,All Ages,All Years
2.5,.55000001,.52999997,.56999999,All Persons,All IMD Quintiles,London,All Routes,Advanced,All Ages,All Years
2.75,.54000002,.51999998,.56,All Persons,All IMD Quintiles,London,All Routes,Advanced,All Ages,All Years
3,.52999997,.50999999,.54000002,All Persons,All IMD Quintiles,London,All Routes,Advanced,All Ages,All Years
3.25,.51999998,.5,.52999997,All Persons,All IMD Quintiles,London,All Routes,Advanced,All Ages,All Years
3.5,.5,.49000001,.51999998,All Persons,All IMD Quintiles,London,All Routes,Advanced,All Ages,All Years
3.75,.5,.47999999,.51999998,All Persons,All IMD Quintiles,London,All Routes,Advanced,All Ages,All Years
4,.49000001,.47,.50999999,All Persons,All IMD Quintiles,London,All Routes,Advanced,All Ages,All Years
4.25,.47999999,.47,.5,All Persons,All IMD Quintiles,London,All Routes,Advanced,All Ages,All Years
4.5,.47,.44999999,.49000001,All Persons,All IMD Quintiles,London,All Routes,Advanced,All Ages,All Years
4.75,.46000001,.44,.47999999,All Persons,All IMD Quintiles,London,All Routes,Advanced,All Ages,All Years
5,.46000001,.44,.47999999,All Persons,All IMD Quintiles,London,All Routes,Advanced,All Ages,All Years
0,1,1,1,All Persons,All IMD Quintiles,London,All Routes,All Stages,0-49,All Years
.25,.98000002,.97000003,.99000001,All Persons,All IMD Quintiles,London,All Routes,All Stages,0-49,All Years
.5,.94999999,.94,.97000003,All Persons,All IMD Quintiles,London,All Routes,All Stages,0-49,All Years
.75,.93000001,.91000003,.94999999,All Persons,All IMD Quintiles,London,All Routes,All Stages,0-49,All Years
1,.89999998,.88999999,.92000002,All Persons,All IMD Quintiles,London,All Routes,All Stages,0-49,All Years
1.25,.88999999,.87,.91000003,All Persons,All IMD Quintiles,London,All Routes,All Stages,0-49,All Years
1.5,.87,.85000002,.88999999,All Persons,All IMD Quintiles,London,All Routes,All Stages,0-49,All Years
1.75,.86000001,.83999997,.88,All Persons,All IMD Quintiles,London,All Routes,All Stages,0-49,All Years
2,.83999997,.81999999,.87,All Persons,All IMD Quintiles,London,All Routes,All Stages,0-49,All Years
2.25,.82999998,.81,.86000001,All Persons,All IMD Quintiles,London,All Routes,All Stages,0-49,All Years
2.5,.82999998,.80000001,.85000002,All Persons,All IMD Quintiles,London,All Routes,All Stages,0-49,All Years
2.75,.81999999,.79000002,.85000002,All Persons,All IMD Quintiles,London,All Routes,All Stages,0-49,All Years
3,.81999999,.79000002,.83999997,All Persons,All IMD Quintiles,London,All Routes,All Stages,0-49,All Years
3.25,.81999999,.79000002,.83999997,All Persons,All IMD Quintiles,London,All Routes,All Stages,0-49,All Years
3.5,.81,.77999997,.83999997,All Persons,All IMD Quintiles,London,All Routes,All Stages,0-49,All Years
3.75,.81,.77999997,.83999997,All Persons,All IMD Quintiles,London,All Routes,All Stages,0-49,All Years
4,.81,.77999997,.82999998,All Persons,All IMD Quintiles,London,All Routes,All Stages,0-49,All Years
4.25,.80000001,.77999997,.82999998,All Persons,All IMD Quintiles,London,All Routes,All Stages,0-49,All Years
4.5,.80000001,.76999998,.82999998,All Persons,All IMD Quintiles,London,All Routes,All Stages,0-49,All Years
4.75,.80000001,.76999998,.82999998,All Persons,All IMD Quintiles,London,All Routes,All Stages,0-49,All Years
5,.80000001,.76999998,.82999998,All Persons,All IMD Quintiles,London,All Routes,All Stages,0-49,All Years
0,1,1,1,All Persons,All IMD Quintiles,London,All Routes,All Stages,50-54,All Years
.25,.95999998,.94999999,.98000002,All Persons,All IMD Quintiles,London,All Routes,All Stages,50-54,All Years
.5,.93000001,.91000003,.94999999,All Persons,All IMD Quintiles,London,All Routes,All Stages,50-54,All Years
.75,.88999999,.86000001,.91000003,All Persons,All IMD Quintiles,London,All Routes,All Stages,50-54,All Years
1,.83999997,.81,.87,All Persons,All IMD Quintiles,London,All Routes,All Stages,50-54,All Years
1.25,.81999999,.79000002,.85000002,All Persons,All IMD Quintiles,London,All Routes,All Stages,50-54,All Years
1.5,.80000001,.76999998,.82999998,All Persons,All IMD Quintiles,London,All Routes,All Stages,50-54,All Years
1.75,.79000002,.75,.81999999,All Persons,All IMD Quintiles,London,All Routes,All Stages,50-54,All Years
2,.76999998,.74000001,.80000001,All Persons,All IMD Quintiles,London,All Routes,All Stages,50-54,All Years
2.25,.76999998,.73000002,.80000001,All Persons,All IMD Quintiles,London,All Routes,All Stages,50-54,All Years
2.5,.75999999,.72000003,.79000002,All Persons,All IMD Quintiles,London,All Routes,All Stages,50-54,All Years
2.75,.75,.72000003,.79000002,All Persons,All IMD Quintiles,London,All Routes,All Stages,50-54,All Years
3,.74000001,.70999998,.77999997,All Persons,All IMD Quintiles,London,All Routes,All Stages,50-54,All Years
3.25,.74000001,.69999999,.76999998,All Persons,All IMD Quintiles,London,All Routes,All Stages,50-54,All Years
3.5,.73000002,.69999999,.76999998,All Persons,All IMD Quintiles,London,All Routes,All Stages,50-54,All Years
3.75,.73000002,.69999999,.76999998,All Persons,All IMD Quintiles,London,All Routes,All Stages,50-54,All Years
4,.73000002,.69999999,.76999998,All Persons,All IMD Quintiles,London,All Routes,All Stages,50-54,All Years
4.25,.73000002,.69999999,.76999998,All Persons,All IMD Quintiles,London,All Routes,All Stages,50-54,All Years
4.5,.72000003,.68000001,.75,All Persons,All IMD Quintiles,London,All Routes,All Stages,50-54,All Years
4.75,.70999998,.68000001,.75,All Persons,All IMD Quintiles,London,All Routes,All Stages,50-54,All Years
5,.70999998,.68000001,.75,All Persons,All IMD Quintiles,London,All Routes,All Stages,50-54,All Years
0,1,1,1,All Persons,All IMD Quintiles,London,All Routes,All Stages,55-59,All Years
.25,.95999998,.94999999,.97000003,All Persons,All IMD Quintiles,London,All Routes,All Stages,55-59,All Years
.5,.92000002,.89999998,.93000001,All Persons,All IMD Quintiles,London,All Routes,All Stages,55-59,All Years
.75,.86000001,.83999997,.88,All Persons,All IMD Quintiles,London,All Routes,All Stages,55-59,All Years
1,.81999999,.80000001,.85000002,All Persons,All IMD Quintiles,London,All Routes,All Stages,55-59,All Years
1.25,.80000001,.76999998,.81999999,All Persons,All IMD Quintiles,London,All Routes,All Stages,55-59,All Years
1.5,.77999997,.75999999,.81,All Persons,All IMD Quintiles,London,All Routes,All Stages,55-59,All Years
1.75,.75999999,.73000002,.79000002,All Persons,All IMD Quintiles,London,All Routes,All Stages,55-59,All Years
2,.74000001,.72000003,.76999998,All Persons,All IMD Quintiles,London,All Routes,All Stages,55-59,All Years
2.25,.73000002,.69999999,.75999999,All Persons,All IMD Quintiles,London,All Routes,All Stages,55-59,All Years
2.5,.70999998,.68000001,.74000001,All Persons,All IMD Quintiles,London,All Routes,All Stages,55-59,All Years
2.75,.69999999,.67000002,.73000002,All Persons,All IMD Quintiles,London,All Routes,All Stages,55-59,All Years
3,.69,.66000003,.72000003,All Persons,All IMD Quintiles,London,All Routes,All Stages,55-59,All Years
3.25,.68000001,.64999998,.70999998,All Persons,All IMD Quintiles,London,All Routes,All Stages,55-59,All Years
3.5,.67000002,.63999999,.69999999,All Persons,All IMD Quintiles,London,All Routes,All Stages,55-59,All Years
3.75,.66000003,.63,.69999999,All Persons,All IMD Quintiles,London,All Routes,All Stages,55-59,All Years
4,.66000003,.62,.69,All Persons,All IMD Quintiles,London,All Routes,All Stages,55-59,All Years
4.25,.66000003,.62,.69,All Persons,All IMD Quintiles,London,All Routes,All Stages,55-59,All Years
4.5,.64999998,.61000001,.68000001,All Persons,All IMD Quintiles,London,All Routes,All Stages,55-59,All Years
4.75,.63,.58999997,.67000002,All Persons,All IMD Quintiles,London,All Routes,All Stages,55-59,All Years
5,.63,.58999997,.66000003,All Persons,All IMD Quintiles,London,All Routes,All Stages,55-59,All Years
0,1,1,1,All Persons,All IMD Quintiles,London,All Routes,All Stages,60-64,All Years
.25,.94999999,.94,.95999998,All Persons,All IMD Quintiles,London,All Routes,All Stages,60-64,All Years
.5,.89999998,.88,.92000002,All Persons,All IMD Quintiles,London,All Routes,All Stages,60-64,All Years
.75,.85000002,.82999998,.87,All Persons,All IMD Quintiles,London,All Routes,All Stages,60-64,All Years
1,.81,.79000002,.83999997,All Persons,All IMD Quintiles,London,All Routes,All Stages,60-64,All Years
1.25,.76999998,.75,.80000001,All Persons,All IMD Quintiles,London,All Routes,All Stages,60-64,All Years
1.5,.75,.72000003,.77999997,All Persons,All IMD Quintiles,London,All Routes,All Stages,60-64,All Years
1.75,.72000003,.69,.75,All Persons,All IMD Quintiles,London,All Routes,All Stages,60-64,All Years
2,.70999998,.68000001,.74000001,All Persons,All IMD Quintiles,London,All Routes,All Stages,60-64,All Years
2.25,.69,.66000003,.72000003,All Persons,All IMD Quintiles,London,All Routes,All Stages,60-64,All Years
2.5,.68000001,.64999998,.70999998,All Persons,All IMD Quintiles,London,All Routes,All Stages,60-64,All Years
2.75,.67000002,.63999999,.69999999,All Persons,All IMD Quintiles,London,All Routes,All Stages,60-64,All Years
3,.66000003,.62,.69,All Persons,All IMD Quintiles,London,All Routes,All Stages,60-64,All Years
3.25,.63999999,.61000001,.68000001,All Persons,All IMD Quintiles,London,All Routes,All Stages,60-64,All Years
3.5,.63,.58999997,.66000003,All Persons,All IMD Quintiles,London,All Routes,All Stages,60-64,All Years
3.75,.62,.58999997,.64999998,All Persons,All IMD Quintiles,London,All Routes,All Stages,60-64,All Years
4,.61000001,.56999999,.63999999,All Persons,All IMD Quintiles,London,All Routes,All Stages,60-64,All Years
4.25,.60000002,.56999999,.63999999,All Persons,All IMD Quintiles,London,All Routes,All Stages,60-64,All Years
4.5,.58999997,.55000001,.62,All Persons,All IMD Quintiles,London,All Routes,All Stages,60-64,All Years
4.75,.57999998,.55000001,.62,All Persons,All IMD Quintiles,London,All Routes,All Stages,60-64,All Years
5,.56999999,.54000002,.61000001,All Persons,All IMD Quintiles,London,All Routes,All Stages,60-64,All Years
0,1,1,1,All Persons,All IMD Quintiles,London,All Routes,All Stages,65-69,All Years
.25,.94999999,.93000001,.95999998,All Persons,All IMD Quintiles,London,All Routes,All Stages,65-69,All Years
.5,.88999999,.87,.91000003,All Persons,All IMD Quintiles,London,All Routes,All Stages,65-69,All Years
.75,.83999997,.81999999,.86000001,All Persons,All IMD Quintiles,London,All Routes,All Stages,65-69,All Years
1,.77999997,.75,.81,All Persons,All IMD Quintiles,London,All Routes,All Stages,65-69,All Years
1.25,.74000001,.72000003,.76999998,All Persons,All IMD Quintiles,London,All Routes,All Stages,65-69,All Years
1.5,.72000003,.69,.75,All Persons,All IMD Quintiles,London,All Routes,All Stages,65-69,All Years
1.75,.69,.66000003,.72000003,All Persons,All IMD Quintiles,London,All Routes,All Stages,65-69,All Years
2,.66000003,.63,.69,All Persons,All IMD Quintiles,London,All Routes,All Stages,65-69,All Years
2.25,.64999998,.62,.68000001,All Persons,All IMD Quintiles,London,All Routes,All Stages,65-69,All Years
2.5,.63,.60000002,.66000003,All Persons,All IMD Quintiles,London,All Routes,All Stages,65-69,All Years
2.75,.62,.57999998,.64999998,All Persons,All IMD Quintiles,London,All Routes,All Stages,65-69,All Years
3,.60000002,.56999999,.63999999,All Persons,All IMD Quintiles,London,All Routes,All Stages,65-69,All Years
3.25,.58999997,.56,.63,All Persons,All IMD Quintiles,London,All Routes,All Stages,65-69,All Years
3.5,.57999998,.55000001,.62,All Persons,All IMD Quintiles,London,All Routes,All Stages,65-69,All Years
3.75,.56999999,.52999997,.60000002,All Persons,All IMD Quintiles,London,All Routes,All Stages,65-69,All Years
4,.56,.51999998,.58999997,All Persons,All IMD Quintiles,London,All Routes,All Stages,65-69,All Years
4.25,.55000001,.50999999,.57999998,All Persons,All IMD Quintiles,London,All Routes,All Stages,65-69,All Years
4.5,.54000002,.5,.57999998,All Persons,All IMD Quintiles,London,All Routes,All Stages,65-69,All Years
4.75,.52999997,.5,.56999999,All Persons,All IMD Quintiles,London,All Routes,All Stages,65-69,All Years
5,.52999997,.49000001,.56999999,All Persons,All IMD Quintiles,London,All Routes,All Stages,65-69,All Years
0,1,.99000001,1,All Persons,All IMD Quintiles,London,All Routes,All Stages,70-74,All Years
.25,.92000002,.89999998,.94,All Persons,All IMD Quintiles,London,All Routes,All Stages,70-74,All Years
.5,.83999997,.81999999,.87,All Persons,All IMD Quintiles,London,All Routes,All Stages,70-74,All Years
.75,.79000002,.75999999,.81999999,All Persons,All IMD Quintiles,London,All Routes,All Stages,70-74,All Years
1,.74000001,.70999998,.76999998,All Persons,All IMD Quintiles,London,All Routes,All Stages,70-74,All Years
1.25,.69,.66000003,.72000003,All Persons,All IMD Quintiles,London,All Routes,All Stages,70-74,All Years
1.5,.64999998,.62,.68000001,All Persons,All IMD Quintiles,London,All Routes,All Stages,70-74,All Years
1.75,.63999999,.61000001,.67000002,All Persons,All IMD Quintiles,London,All Routes,All Stages,70-74,All Years
2,.62,.57999998,.64999998,All Persons,All IMD Quintiles,London,All Routes,All Stages,70-74,All Years
2.25,.58999997,.56,.63,All Persons,All IMD Quintiles,London,All Routes,All Stages,70-74,All Years
2.5,.56999999,.54000002,.61000001,All Persons,All IMD Quintiles,London,All Routes,All Stages,70-74,All Years
2.75,.56,.52999997,.60000002,All Persons,All IMD Quintiles,London,All Routes,All Stages,70-74,All Years
3,.54000002,.5,.56999999,All Persons,All IMD Quintiles,London,All Routes,All Stages,70-74,All Years
3.25,.50999999,.47999999,.55000001,All Persons,All IMD Quintiles,London,All Routes,All Stages,70-74,All Years
3.5,.5,.46000001,.54000002,All Persons,All IMD Quintiles,London,All Routes,All Stages,70-74,All Years
3.75,.5,.46000001,.54000002,All Persons,All IMD Quintiles,London,All Routes,All Stages,70-74,All Years
4,.49000001,.44999999,.51999998,All Persons,All IMD Quintiles,London,All Routes,All Stages,70-74,All Years
4.25,.47999999,.44,.50999999,All Persons,All IMD Quintiles,London,All Routes,All Stages,70-74,All Years
4.5,.47,.43000001,.50999999,All Persons,All IMD Quintiles,London,All Routes,All Stages,70-74,All Years
4.75,.46000001,.41999999,.5,All Persons,All IMD Quintiles,London,All Routes,All Stages,70-74,All Years
5,.44,.40000001,.47999999,All Persons,All IMD Quintiles,London,All Routes,All Stages,70-74,All Years
0,1,1,1,All Persons,All IMD Quintiles,London,All Routes,All Stages,75-79,All Years
.25,.89999998,.87,.92000002,All Persons,All IMD Quintiles,London,All Routes,All Stages,75-79,All Years
.5,.81999999,.79000002,.85000002,All Persons,All IMD Quintiles,London,All Routes,All Stages,75-79,All Years
.75,.75999999,.72000003,.79000002,All Persons,All IMD Quintiles,London,All Routes,All Stages,75-79,All Years
1,.70999998,.67000002,.74000001,All Persons,All IMD Quintiles,London,All Routes,All Stages,75-79,All Years
1.25,.68000001,.64999998,.72000003,All Persons,All IMD Quintiles,London,All Routes,All Stages,75-79,All Years
1.5,.64999998,.61000001,.69,All Persons,All IMD Quintiles,London,All Routes,All Stages,75-79,All Years
1.75,.63,.58999997,.67000002,All Persons,All IMD Quintiles,London,All Routes,All Stages,75-79,All Years
2,.60000002,.56,.63999999,All Persons,All IMD Quintiles,London,All Routes,All Stages,75-79,All Years
2.25,.57999998,.54000002,.62,All Persons,All IMD Quintiles,London,All Routes,All Stages,75-79,All Years
2.5,.56,.51999998,.60000002,All Persons,All IMD Quintiles,London,All Routes,All Stages,75-79,All Years
2.75,.52999997,.49000001,.56999999,All Persons,All IMD Quintiles,London,All Routes,All Stages,75-79,All Years
3,.51999998,.47,.56,All Persons,All IMD Quintiles,London,All Routes,All Stages,75-79,All Years
3.25,.5,.44999999,.54000002,All Persons,All IMD Quintiles,London,All Routes,All Stages,75-79,All Years
3.5,.49000001,.44999999,.54000002,All Persons,All IMD Quintiles,London,All Routes,All Stages,75-79,All Years
3.75,.47999999,.43000001,.51999998,All Persons,All IMD Quintiles,London,All Routes,All Stages,75-79,All Years
4,.46000001,.41999999,.50999999,All Persons,All IMD Quintiles,London,All Routes,All Stages,75-79,All Years
4.25,.46000001,.41,.5,All Persons,All IMD Quintiles,London,All Routes,All Stages,75-79,All Years
4.5,.43000001,.38999999,.47999999,All Persons,All IMD Quintiles,London,All Routes,All Stages,75-79,All Years
4.75,.41999999,.37,.47,All Persons,All IMD Quintiles,London,All Routes,All Stages,75-79,All Years
5,.41,.36000001,.46000001,All Persons,All IMD Quintiles,London,All Routes,All Stages,75-79,All Years
0,1,.99000001,1,All Persons,All IMD Quintiles,London,All Routes,All Stages,80-84,All Years
.25,.86000001,.81999999,.88999999,All Persons,All IMD Quintiles,London,All Routes,All Stages,80-84,All Years
.5,.75,.70999998,.79000002,All Persons,All IMD Quintiles,London,All Routes,All Stages,80-84,All Years
.75,.68000001,.63,.72000003,All Persons,All IMD Quintiles,London,All Routes,All Stages,80-84,All Years
1,.63,.57999998,.68000001,All Persons,All IMD Quintiles,London,All Routes,All Stages,80-84,All Years
1.25,.57999998,.52999997,.62,All Persons,All IMD Quintiles,London,All Routes,All Stages,80-84,All Years
1.5,.54000002,.49000001,.58999997,All Persons,All IMD Quintiles,London,All Routes,All Stages,80-84,All Years
1.75,.5,.44999999,.55000001,All Persons,All IMD Quintiles,London,All Routes,All Stages,80-84,All Years
2,.47,.41999999,.51999998,All Persons,All IMD Quintiles,London,All Routes,All Stages,80-84,All Years
2.25,.46000001,.41,.5,All Persons,All IMD Quintiles,London,All Routes,All Stages,80-84,All Years
2.5,.44,.38999999,.49000001,All Persons,All IMD Quintiles,London,All Routes,All Stages,80-84,All Years
2.75,.41999999,.37,.47,All Persons,All IMD Quintiles,London,All Routes,All Stages,80-84,All Years
3,.40000001,.34999999,.44999999,All Persons,All IMD Quintiles,London,All Routes,All Stages,80-84,All Years
3.25,.40000001,.34999999,.44999999,All Persons,All IMD Quintiles,London,All Routes,All Stages,80-84,All Years
3.5,.38999999,.34,.44,All Persons,All IMD Quintiles,London,All Routes,All Stages,80-84,All Years
3.75,.36000001,.31,.41,All Persons,All IMD Quintiles,London,All Routes,All Stages,80-84,All Years
4,.34999999,.28999999,.40000001,All Persons,All IMD Quintiles,London,All Routes,All Stages,80-84,All Years
4.25,.33000001,.28,.38,All Persons,All IMD Quintiles,London,All Routes,All Stages,80-84,All Years
4.5,.31,.25999999,.36000001,All Persons,All IMD Quintiles,London,All Routes,All Stages,80-84,All Years
4.75,.27000001,.20999999,.33000001,All Persons,All IMD Quintiles,London,All Routes,All Stages,80-84,All Years
0,.99000001,.98000002,1,All Persons,All IMD Quintiles,London,All Routes,All Stages,85-89,All Years
.25,.80000001,.75,.85000002,All Persons,All IMD Quintiles,London,All Routes,All Stages,85-89,All Years
.5,.66000003,.60000002,.72000003,All Persons,All IMD Quintiles,London,All Routes,All Stages,85-89,All Years
.75,.54000002,.47999999,.61000001,All Persons,All IMD Quintiles,London,All Routes,All Stages,85-89,All Years
1,.5,.43000001,.56,All Persons,All IMD Quintiles,London,All Routes,All Stages,85-89,All Years
1.25,.44,.37,.5,All Persons,All IMD Quintiles,London,All Routes,All Stages,85-89,All Years
1.5,.38,.31999999,.44999999,All Persons,All IMD Quintiles,London,All Routes,All Stages,85-89,All Years
1.75,.36000001,.30000001,.43000001,All Persons,All IMD Quintiles,London,All Routes,All Stages,85-89,All Years
2,.34999999,.28,.41,All Persons,All IMD Quintiles,London,All Routes,All Stages,85-89,All Years
2.25,.31999999,.25999999,.38999999,All Persons,All IMD Quintiles,London,All Routes,All Stages,85-89,All Years
2.5,.28999999,.23,.34999999,All Persons,All IMD Quintiles,London,All Routes,All Stages,85-89,All Years
2.75,.28,.22,.34,All Persons,All IMD Quintiles,London,All Routes,All Stages,85-89,All Years
3,.25,.19,.31,All Persons,All IMD Quintiles,London,All Routes,All Stages,85-89,All Years
3.25,.23,.17,.28999999,All Persons,All IMD Quintiles,London,All Routes,All Stages,85-89,All Years
3.5,.2,.14,.25999999,All Persons,All IMD Quintiles,London,All Routes,All Stages,85-89,All Years
3.75,.19,.13,.23999999,All Persons,All IMD Quintiles,London,All Routes,All Stages,85-89,All Years
4,.19,.13,.23999999,All Persons,All IMD Quintiles,London,All Routes,All Stages,85-89,All Years
4.25,.16,.11,.22,All Persons,All IMD Quintiles,London,All Routes,All Stages,85-89,All Years
4.5,.15000001,.1,.20999999,All Persons,All IMD Quintiles,London,All Routes,All Stages,85-89,All Years
4.75,.14,.090000004,.2,All Persons,All IMD Quintiles,London,All Routes,All Stages,85-89,All Years
0,.99000001,.98000002,1.01,All Persons,All IMD Quintiles,London,All Routes,All Stages,90+,All Years
.25,.72000003,.63999999,.80000001,All Persons,All IMD Quintiles,London,All Routes,All Stages,90+,All Years
.5,.57999998,.5,.67000002,All Persons,All IMD Quintiles,London,All Routes,All Stages,90+,All Years
.75,.47,.38999999,.55000001,All Persons,All IMD Quintiles,London,All Routes,All Stages,90+,All Years
1,.41999999,.33000001,.5,All Persons,All IMD Quintiles,London,All Routes,All Stages,90+,All Years
1.25,.38999999,.30000001,.47,All Persons,All IMD Quintiles,London,All Routes,All Stages,90+,All Years
1.5,.34999999,.27000001,.43000001,All Persons,All IMD Quintiles,London,All Routes,All Stages,90+,All Years
1.75,.31999999,.23999999,.40000001,All Persons,All IMD Quintiles,London,All Routes,All Stages,90+,All Years
2,.27000001,.19,.34999999,All Persons,All IMD Quintiles,London,All Routes,All Stages,90+,All Years
2.25,.23,.15000001,.30000001,All Persons,All IMD Quintiles,London,All Routes,All Stages,90+,All Years
2.5,.19,.12,.25999999,All Persons,All IMD Quintiles,London,All Routes,All Stages,90+,All Years
2.75,.17,.1,.23999999,All Persons,All IMD Quintiles,London,All Routes,All Stages,90+,All Years
3,.11,.050000001,.17,All Persons,All IMD Quintiles,London,All Routes,All Stages,90+,All Years
3.25,.1,.039999999,.16,All Persons,All IMD Quintiles,London,All Routes,All Stages,90+,All Years
3.5,.1,.039999999,.16,All Persons,All IMD Quintiles,London,All Routes,All Stages,90+,All Years
3.75,.090000004,.029999999,.14,All Persons,All IMD Quintiles,London,All Routes,All Stages,90+,All Years
4,.059999999,.0099999998,.1,All Persons,All IMD Quintiles,London,All Routes,All Stages,90+,All Years
4.75,.039999999,0,.079999998,All Persons,All IMD Quintiles,London,All Routes,All Stages,90+,All Years
5,.029999999,0,.059999999,All Persons,All IMD Quintiles,London,All Routes,All Stages,90+,All Years
0,1,1,1,All Persons,All IMD Quintiles,London,All Routes,All Stages,All Ages,2016
.25,.94999999,.93000001,.95999998,All Persons,All IMD Quintiles,London,All Routes,All Stages,All Ages,2016
.5,.88999999,.87,.91000003,All Persons,All IMD Quintiles,London,All Routes,All Stages,All Ages,2016
.75,.83999997,.81,.86000001,All Persons,All IMD Quintiles,London,All Routes,All Stages,All Ages,2016
1,.80000001,.77999997,.81999999,All Persons,All IMD Quintiles,London,All Routes,All Stages,All Ages,2016
1.25,.76999998,.74000001,.79000002,All Persons,All IMD Quintiles,London,All Routes,All Stages,All Ages,2016
1.5,.73000002,.69999999,.75999999,All Persons,All IMD Quintiles,London,All Routes,All Stages,All Ages,2016
1.75,.69999999,.68000001,.73000002,All Persons,All IMD Quintiles,London,All Routes,All Stages,All Ages,2016
2,.68000001,.64999998,.70999998,All Persons,All IMD Quintiles,London,All Routes,All Stages,All Ages,2016
2.25,.66000003,.63999999,.69,All Persons,All IMD Quintiles,London,All Routes,All Stages,All Ages,2016
2.5,.63999999,.62,.67000002,All Persons,All IMD Quintiles,London,All Routes,All Stages,All Ages,2016
2.75,.63,.60000002,.66000003,All Persons,All IMD Quintiles,London,All Routes,All Stages,All Ages,2016
3,.62,.58999997,.64999998,All Persons,All IMD Quintiles,London,All Routes,All Stages,All Ages,2016
3.25,.61000001,.57999998,.63999999,All Persons,All IMD Quintiles,London,All Routes,All Stages,All Ages,2016
3.5,.60000002,.57999998,.63,All Persons,All IMD Quintiles,London,All Routes,All Stages,All Ages,2016
3.75,.58999997,.56,.62,All Persons,All IMD Quintiles,London,All Routes,All Stages,All Ages,2016
4,.57999998,.55000001,.61000001,All Persons,All IMD Quintiles,London,All Routes,All Stages,All Ages,2016
4.25,.57999998,.55000001,.61000001,All Persons,All IMD Quintiles,London,All Routes,All Stages,All Ages,2016
4.5,.56999999,.54000002,.60000002,All Persons,All IMD Quintiles,London,All Routes,All Stages,All Ages,2016
4.75,.56,.52999997,.58999997,All Persons,All IMD Quintiles,London,All Routes,All Stages,All Ages,2016
0,1,1,1,All Persons,All IMD Quintiles,London,All Routes,All Stages,All Ages,2017
.25,.94,.92000002,.94999999,All Persons,All IMD Quintiles,London,All Routes,All Stages,All Ages,2017
.5,.88,.86000001,.89999998,All Persons,All IMD Quintiles,London,All Routes,All Stages,All Ages,2017
.75,.82999998,.81,.86000001,All Persons,All IMD Quintiles,London,All Routes,All Stages,All Ages,2017
1,.79000002,.76999998,.81999999,All Persons,All IMD Quintiles,London,All Routes,All Stages,All Ages,2017
1.25,.75999999,.73000002,.77999997,All Persons,All IMD Quintiles,London,All Routes,All Stages,All Ages,2017
1.5,.73000002,.69999999,.75999999,All Persons,All IMD Quintiles,London,All Routes,All Stages,All Ages,2017
1.75,.70999998,.68000001,.74000001,All Persons,All IMD Quintiles,London,All Routes,All Stages,All Ages,2017
2,.69,.66000003,.72000003,All Persons,All IMD Quintiles,London,All Routes,All Stages,All Ages,2017
2.25,.67000002,.63999999,.69999999,All Persons,All IMD Quintiles,London,All Routes,All Stages,All Ages,2017
2.5,.64999998,.62,.68000001,All Persons,All IMD Quintiles,London,All Routes,All Stages,All Ages,2017
2.75,.63999999,.61000001,.67000002,All Persons,All IMD Quintiles,London,All Routes,All Stages,All Ages,2017
3,.62,.60000002,.64999998,All Persons,All IMD Quintiles,London,All Routes,All Stages,All Ages,2017
3.25,.61000001,.57999998,.63999999,All Persons,All IMD Quintiles,London,All Routes,All Stages,All Ages,2017
3.5,.58999997,.56,.62,All Persons,All IMD Quintiles,London,All Routes,All Stages,All Ages,2017
3.75,.58999997,.56,.62,All Persons,All IMD Quintiles,London,All Routes,All Stages,All Ages,2017
4,.57999998,.55000001,.61000001,All Persons,All IMD Quintiles,London,All Routes,All Stages,All Ages,2017
4.25,.56999999,.54000002,.60000002,All Persons,All IMD Quintiles,London,All Routes,All Stages,All Ages,2017
4.5,.56,.52999997,.58999997,All Persons,All IMD Quintiles,London,All Routes,All Stages,All Ages,2017
4.75,.55000001,.51999998,.57999998,All Persons,All IMD Quintiles,London,All Routes,All Stages,All Ages,2017
5,.54000002,.50999999,.56999999,All Persons,All IMD Quintiles,London,All Routes,All Stages,All Ages,2017
0,1,.99000001,1,All Persons,All IMD Quintiles,London,All Routes,All Stages,All Ages,2018
.25,.93000001,.91000003,.94,All Persons,All IMD Quintiles,London,All Routes,All Stages,All Ages,2018
.5,.87,.85000002,.88999999,All Persons,All IMD Quintiles,London,All Routes,All Stages,All Ages,2018
.75,.81,.79000002,.83999997,All Persons,All IMD Quintiles,London,All Routes,All Stages,All Ages,2018
1,.76999998,.75,.80000001,All Persons,All IMD Quintiles,London,All Routes,All Stages,All Ages,2018
1.25,.75,.72000003,.76999998,All Persons,All IMD Quintiles,London,All Routes,All Stages,All Ages,2018
1.5,.72000003,.69,.75,All Persons,All IMD Quintiles,London,All Routes,All Stages,All Ages,2018
1.75,.69999999,.67000002,.72000003,All Persons,All IMD Quintiles,London,All Routes,All Stages,All Ages,2018
2,.67000002,.63999999,.69999999,All Persons,All IMD Quintiles,London,All Routes,All Stages,All Ages,2018
2.25,.66000003,.63,.69,All Persons,All IMD Quintiles,London,All Routes,All Stages,All Ages,2018
2.5,.64999998,.62,.68000001,All Persons,All IMD Quintiles,London,All Routes,All Stages,All Ages,2018
2.75,.63,.60000002,.66000003,All Persons,All IMD Quintiles,London,All Routes,All Stages,All Ages,2018
3,.62,.58999997,.63999999,All Persons,All IMD Quintiles,London,All Routes,All Stages,All Ages,2018
3.25,.61000001,.57999998,.63999999,All Persons,All IMD Quintiles,London,All Routes,All Stages,All Ages,2018
3.5,.60000002,.56999999,.63,All Persons,All IMD Quintiles,London,All Routes,All Stages,All Ages,2018
3.75,.58999997,.56,.62,All Persons,All IMD Quintiles,London,All Routes,All Stages,All Ages,2018
4,.57999998,.55000001,.61000001,All Persons,All IMD Quintiles,London,All Routes,All Stages,All Ages,2018
4.25,.57999998,.55000001,.61000001,All Persons,All IMD Quintiles,London,All Routes,All Stages,All Ages,2018
4.5,.56999999,.54000002,.60000002,All Persons,All IMD Quintiles,London,All Routes,All Stages,All Ages,2018
4.75,.56,.52999997,.58999997,All Persons,All IMD Quintiles,London,All Routes,All Stages,All Ages,2018
5,.54000002,.5,.57999998,All Persons,All IMD Quintiles,London,All Routes,All Stages,All Ages,2018
0,1,1,1,All Persons,All IMD Quintiles,London,All Routes,All Stages,All Ages,2019
.25,.94,.92000002,.94999999,All Persons,All IMD Quintiles,London,All Routes,All Stages,All Ages,2019
.5,.88,.86000001,.89999998,All Persons,All IMD Quintiles,London,All Routes,All Stages,All Ages,2019
.75,.81999999,.80000001,.83999997,All Persons,All IMD Quintiles,London,All Routes,All Stages,All Ages,2019
1,.76999998,.75,.80000001,All Persons,All IMD Quintiles,London,All Routes,All Stages,All Ages,2019
1.25,.75,.72000003,.76999998,All Persons,All IMD Quintiles,London,All Routes,All Stages,All Ages,2019
1.5,.72000003,.69,.75,All Persons,All IMD Quintiles,London,All Routes,All Stages,All Ages,2019
1.75,.70999998,.68000001,.73000002,All Persons,All IMD Quintiles,London,All Routes,All Stages,All Ages,2019
2,.68000001,.64999998,.70999998,All Persons,All IMD Quintiles,London,All Routes,All Stages,All Ages,2019
2.25,.66000003,.63999999,.69,All Persons,All IMD Quintiles,London,All Routes,All Stages,All Ages,2019
2.5,.64999998,.63,.68000001,All Persons,All IMD Quintiles,London,All Routes,All Stages,All Ages,2019
2.75,.63999999,.61000001,.67000002,All Persons,All IMD Quintiles,London,All Routes,All Stages,All Ages,2019
3,.62,.60000002,.64999998,All Persons,All IMD Quintiles,London,All Routes,All Stages,All Ages,2019
3.25,.62,.58999997,.63999999,All Persons,All IMD Quintiles,London,All Routes,All Stages,All Ages,2019
3.5,.60000002,.56999999,.63,All Persons,All IMD Quintiles,London,All Routes,All Stages,All Ages,2019
3.75,.60000002,.56999999,.63,All Persons,All IMD Quintiles,London,All Routes,All Stages,All Ages,2019
4,.58999997,.55000001,.62,All Persons,All IMD Quintiles,London,All Routes,All Stages,All Ages,2019
4.25,.44,.22,.66000003,All Persons,All IMD Quintiles,London,All Routes,All Stages,All Ages,2019
4.75,.28999999,.050000001,.52999997,All Persons,All IMD Quintiles,London,All Routes,All Stages,All Ages,2019
0,1,1,1,All Persons,All IMD Quintiles,London,All Routes,All Stages,All Ages,2020
.25,.92000002,.89999998,.94,All Persons,All IMD Quintiles,London,All Routes,All Stages,All Ages,2020
.5,.86000001,.83999997,.88,All Persons,All IMD Quintiles,London,All Routes,All Stages,All Ages,2020
.75,.81,.77999997,.82999998,All Persons,All IMD Quintiles,London,All Routes,All Stages,All Ages,2020
1,.75999999,.74000001,.79000002,All Persons,All IMD Quintiles,London,All Routes,All Stages,All Ages,2020
1.25,.73000002,.69999999,.75999999,All Persons,All IMD Quintiles,London,All Routes,All Stages,All Ages,2020
1.5,.70999998,.69,.74000001,All Persons,All IMD Quintiles,London,All Routes,All Stages,All Ages,2020
1.75,.69,.67000002,.72000003,All Persons,All IMD Quintiles,London,All Routes,All Stages,All Ages,2020
2,.68000001,.64999998,.69999999,All Persons,All IMD Quintiles,London,All Routes,All Stages,All Ages,2020
2.25,.66000003,.63,.69,All Persons,All IMD Quintiles,London,All Routes,All Stages,All Ages,2020
2.5,.63999999,.61000001,.67000002,All Persons,All IMD Quintiles,London,All Routes,All Stages,All Ages,2020
2.75,.63999999,.61000001,.67000002,All Persons,All IMD Quintiles,London,All Routes,All Stages,All Ages,2020
3,.63999999,.60000002,.67000002,All Persons,All IMD Quintiles,London,All Routes,All Stages,All Ages,2020
3.25,.47999999,.23999999,.70999998,All Persons,All IMD Quintiles,London,All Routes,All Stages,All Ages,2020
4.5,.47999999,.23999999,.70999998,All Persons,All IMD Quintiles,London,All Routes,All Stages,All Ages,2020
0,1,1,1,All Persons,All IMD Quintiles,London,All Routes,All Stages,All Ages,2021
.25,.93000001,.92000002,.94,All Persons,All IMD Quintiles,London,All Routes,All Stages,All Ages,2021
.5,.86000001,.83999997,.88,All Persons,All IMD Quintiles,London,All Routes,All Stages,All Ages,2021
.75,.81,.79000002,.82999998,All Persons,All IMD Quintiles,London,All Routes,All Stages,All Ages,2021
1,.75999999,.74000001,.77999997,All Persons,All IMD Quintiles,London,All Routes,All Stages,All Ages,2021
1.25,.72000003,.69,.74000001,All Persons,All IMD Quintiles,London,All Routes,All Stages,All Ages,2021
1.5,.68000001,.66000003,.70999998,All Persons,All IMD Quintiles,London,All Routes,All Stages,All Ages,2021
1.75,.67000002,.63999999,.69,All Persons,All IMD Quintiles,London,All Routes,All Stages,All Ages,2021
2,.66000003,.63,.69,All Persons,All IMD Quintiles,London,All Routes,All Stages,All Ages,2021
2.5,.66000003,.63,.69,All Persons,All IMD Quintiles,London,All Routes,All Stages,All Ages,2021
2.75,.66000003,.63,.69,All Persons,All IMD Quintiles,London,All Routes,All Stages,All Ages,2021
3,.66000003,.63,.69,All Persons,All IMD Quintiles,London,All Routes,All Stages,All Ages,2021
3.75,.66000003,.63,.69,All Persons,All IMD Quintiles,London,All Routes,All Stages,All Ages,2021
4,.66000003,.63,.69,All Persons,All IMD Quintiles,London,All Routes,All Stages,All Ages,2021
4.75,.66000003,.63,.69,All Persons,All IMD Quintiles,London,All Routes,All Stages,All Ages,2021
5,.66000003,.63,.69,All Persons,All IMD Quintiles,London,All Routes,All Stages,All Ages,2021
0,.99000001,.98000002,1.01,All Persons,All IMD Quintiles,North East,Emergency,All Stages,All Ages,All Years
.25,.69,.62,.76999998,All Persons,All IMD Quintiles,North East,Emergency,All Stages,All Ages,All Years
.5,.56999999,.47999999,.64999998,All Persons,All IMD Quintiles,North East,Emergency,All Stages,All Ages,All Years
.75,.47,.38999999,.55000001,All Persons,All IMD Quintiles,North East,Emergency,All Stages,All Ages,All Years
1,.44,.36000001,.51999998,All Persons,All IMD Quintiles,North East,Emergency,All Stages,All Ages,All Years
1.25,.41,.33000001,.49000001,All Persons,All IMD Quintiles,North East,Emergency,All Stages,All Ages,All Years
1.5,.37,.28999999,.44999999,All Persons,All IMD Quintiles,North East,Emergency,All Stages,All Ages,All Years
2,.34999999,.27000001,.43000001,All Persons,All IMD Quintiles,North East,Emergency,All Stages,All Ages,All Years
2.25,.33000001,.25,.41,All Persons,All IMD Quintiles,North East,Emergency,All Stages,All Ages,All Years
3.25,.30000001,.23,.38,All Persons,All IMD Quintiles,North East,Emergency,All Stages,All Ages,All Years
3.5,.30000001,.22,.37,All Persons,All IMD Quintiles,North East,Emergency,All Stages,All Ages,All Years
3.75,.28999999,.20999999,.37,All Persons,All IMD Quintiles,North East,Emergency,All Stages,All Ages,All Years
4,.28999999,.20999999,.37,All Persons,All IMD Quintiles,North East,Emergency,All Stages,All Ages,All Years
4.25,.28,.20999999,.36000001,All Persons,All IMD Quintiles,North East,Emergency,All Stages,All Ages,All Years
4.5,.27000001,.2,.34999999,All Persons,All IMD Quintiles,North East,Emergency,All Stages,All Ages,All Years
4.75,.27000001,.2,.34999999,All Persons,All IMD Quintiles,North East,Emergency,All Stages,All Ages,All Years
5,.27000001,.2,.34999999,All Persons,All IMD Quintiles,North East,Emergency,All Stages,All Ages,All Years
0,1,1,1,All Persons,All IMD Quintiles,North East,Non-emergency,All Stages,All Ages,All Years
.25,.94999999,.93000001,.95999998,All Persons,All IMD Quintiles,North East,Non-emergency,All Stages,All Ages,All Years
.5,.88999999,.88,.91000003,All Persons,All IMD Quintiles,North East,Non-emergency,All Stages,All Ages,All Years
.75,.85000002,.83999997,.87,All Persons,All IMD Quintiles,North East,Non-emergency,All Stages,All Ages,All Years
1,.81,.79000002,.82999998,All Persons,All IMD Quintiles,North East,Non-emergency,All Stages,All Ages,All Years
1.25,.76999998,.75,.79000002,All Persons,All IMD Quintiles,North East,Non-emergency,All Stages,All Ages,All Years
1.5,.75,.73000002,.76999998,All Persons,All IMD Quintiles,North East,Non-emergency,All Stages,All Ages,All Years
1.75,.72000003,.69,.74000001,All Persons,All IMD Quintiles,North East,Non-emergency,All Stages,All Ages,All Years
2,.69999999,.68000001,.72000003,All Persons,All IMD Quintiles,North East,Non-emergency,All Stages,All Ages,All Years
2.25,.68000001,.64999998,.69999999,All Persons,All IMD Quintiles,North East,Non-emergency,All Stages,All Ages,All Years
2.5,.66000003,.63,.68000001,All Persons,All IMD Quintiles,North East,Non-emergency,All Stages,All Ages,All Years
2.75,.64999998,.62,.67000002,All Persons,All IMD Quintiles,North East,Non-emergency,All Stages,All Ages,All Years
3,.63,.61000001,.66000003,All Persons,All IMD Quintiles,North East,Non-emergency,All Stages,All Ages,All Years
3.25,.62,.60000002,.63999999,All Persons,All IMD Quintiles,North East,Non-emergency,All Stages,All Ages,All Years
3.5,.61000001,.58999997,.63,All Persons,All IMD Quintiles,North East,Non-emergency,All Stages,All Ages,All Years
3.75,.60000002,.57999998,.63,All Persons,All IMD Quintiles,North East,Non-emergency,All Stages,All Ages,All Years
4,.58999997,.56999999,.62,All Persons,All IMD Quintiles,North East,Non-emergency,All Stages,All Ages,All Years
4.25,.58999997,.56,.61000001,All Persons,All IMD Quintiles,North East,Non-emergency,All Stages,All Ages,All Years
4.5,.56999999,.55000001,.60000002,All Persons,All IMD Quintiles,North East,Non-emergency,All Stages,All Ages,All Years
4.75,.56999999,.54000002,.58999997,All Persons,All IMD Quintiles,North East,Non-emergency,All Stages,All Ages,All Years
5,.56,.54000002,.58999997,All Persons,All IMD Quintiles,North East,Non-emergency,All Stages,All Ages,All Years
0,1,1,1,All Persons,All IMD Quintiles,North East,All Routes,Early,All Ages,All Years
.25,.99000001,.99000001,1,All Persons,All IMD Quintiles,North East,All Routes,Early,All Ages,All Years
.5,.97000003,.97000003,.98000002,All Persons,All IMD Quintiles,North East,All Routes,Early,All Ages,All Years
.75,.95999998,.94,.97000003,All Persons,All IMD Quintiles,North East,All Routes,Early,All Ages,All Years
1,.94,.93000001,.94999999,All Persons,All IMD Quintiles,North East,All Routes,Early,All Ages,All Years
1.25,.93000001,.91000003,.94,All Persons,All IMD Quintiles,North East,All Routes,Early,All Ages,All Years
1.5,.91000003,.88999999,.92000002,All Persons,All IMD Quintiles,North East,All Routes,Early,All Ages,All Years
1.75,.88999999,.87,.91000003,All Persons,All IMD Quintiles,North East,All Routes,Early,All Ages,All Years
2,.88,.86000001,.88999999,All Persons,All IMD Quintiles,North East,All Routes,Early,All Ages,All Years
2.25,.86000001,.83999997,.88,All Persons,All IMD Quintiles,North East,All Routes,Early,All Ages,All Years
2.5,.85000002,.82999998,.87,All Persons,All IMD Quintiles,North East,All Routes,Early,All Ages,All Years
2.75,.82999998,.81,.85000002,All Persons,All IMD Quintiles,North East,All Routes,Early,All Ages,All Years
3,.81999999,.80000001,.85000002,All Persons,All IMD Quintiles,North East,All Routes,Early,All Ages,All Years
3.25,.81,.77999997,.82999998,All Persons,All IMD Quintiles,North East,All Routes,Early,All Ages,All Years
3.5,.80000001,.76999998,.81999999,All Persons,All IMD Quintiles,North East,All Routes,Early,All Ages,All Years
3.75,.79000002,.75999999,.81,All Persons,All IMD Quintiles,North East,All Routes,Early,All Ages,All Years
4,.77999997,.75,.80000001,All Persons,All IMD Quintiles,North East,All Routes,Early,All Ages,All Years
4.25,.76999998,.74000001,.80000001,All Persons,All IMD Quintiles,North East,All Routes,Early,All Ages,All Years
4.5,.75999999,.73000002,.77999997,All Persons,All IMD Quintiles,North East,All Routes,Early,All Ages,All Years
4.75,.75,.72000003,.77999997,All Persons,All IMD Quintiles,North East,All Routes,Early,All Ages,All Years
5,.75,.70999998,.77999997,All Persons,All IMD Quintiles,North East,All Routes,Early,All Ages,All Years
0,1,1,1,All Persons,All IMD Quintiles,North East,All Routes,Advanced,All Ages,All Years
.25,.91000003,.88999999,.92000002,All Persons,All IMD Quintiles,North East,All Routes,Advanced,All Ages,All Years
.5,.81999999,.80000001,.82999998,All Persons,All IMD Quintiles,North East,All Routes,Advanced,All Ages,All Years
.75,.75,.73000002,.76999998,All Persons,All IMD Quintiles,North East,All Routes,Advanced,All Ages,All Years
1,.69,.67000002,.70999998,All Persons,All IMD Quintiles,North East,All Routes,Advanced,All Ages,All Years
1.25,.64999998,.63,.67000002,All Persons,All IMD Quintiles,North East,All Routes,Advanced,All Ages,All Years
1.5,.62,.58999997,.63999999,All Persons,All IMD Quintiles,North East,All Routes,Advanced,All Ages,All Years
1.75,.58999997,.56,.61000001,All Persons,All IMD Quintiles,North East,All Routes,Advanced,All Ages,All Years
2,.56,.54000002,.58999997,All Persons,All IMD Quintiles,North East,All Routes,Advanced,All Ages,All Years
2.25,.54000002,.51999998,.56,All Persons,All IMD Quintiles,North East,All Routes,Advanced,All Ages,All Years
2.5,.52999997,.5,.55000001,All Persons,All IMD Quintiles,North East,All Routes,Advanced,All Ages,All Years
2.75,.50999999,.49000001,.54000002,All Persons,All IMD Quintiles,North East,All Routes,Advanced,All Ages,All Years
3,.5,.47999999,.52999997,All Persons,All IMD Quintiles,North East,All Routes,Advanced,All Ages,All Years
3.25,.49000001,.47,.50999999,All Persons,All IMD Quintiles,North East,All Routes,Advanced,All Ages,All Years
3.5,.47999999,.46000001,.5,All Persons,All IMD Quintiles,North East,All Routes,Advanced,All Ages,All Years
3.75,.47,.44999999,.5,All Persons,All IMD Quintiles,North East,All Routes,Advanced,All Ages,All Years
4,.47,.44,.49000001,All Persons,All IMD Quintiles,North East,All Routes,Advanced,All Ages,All Years
4.25,.46000001,.44,.47999999,All Persons,All IMD Quintiles,North East,All Routes,Advanced,All Ages,All Years
4.5,.44999999,.41999999,.47,All Persons,All IMD Quintiles,North East,All Routes,Advanced,All Ages,All Years
4.75,.44,.41999999,.46000001,All Persons,All IMD Quintiles,North East,All Routes,Advanced,All Ages,All Years
5,.44,.41,.46000001,All Persons,All IMD Quintiles,North East,All Routes,Advanced,All Ages,All Years
0,1,.99000001,1,All Persons,All IMD Quintiles,North East,All Routes,All Stages,0-49,All Years
.25,.98000002,.97000003,1,All Persons,All IMD Quintiles,North East,All Routes,All Stages,0-49,All Years
.5,.95999998,.93000001,.98000002,All Persons,All IMD Quintiles,North East,All Routes,All Stages,0-49,All Years
.75,.92000002,.88999999,.94999999,All Persons,All IMD Quintiles,North East,All Routes,All Stages,0-49,All Years
1,.89999998,.87,.93000001,All Persons,All IMD Quintiles,North East,All Routes,All Stages,0-49,All Years
1.25,.88,.85000002,.92000002,All Persons,All IMD Quintiles,North East,All Routes,All Stages,0-49,All Years
1.5,.87,.82999998,.89999998,All Persons,All IMD Quintiles,North East,All Routes,All Stages,0-49,All Years
1.75,.86000001,.81999999,.89999998,All Persons,All IMD Quintiles,North East,All Routes,All Stages,0-49,All Years
2,.85000002,.81999999,.88999999,All Persons,All IMD Quintiles,North East,All Routes,All Stages,0-49,All Years
2.25,.82999998,.79000002,.87,All Persons,All IMD Quintiles,North East,All Routes,All Stages,0-49,All Years
2.5,.81,.75999999,.85000002,All Persons,All IMD Quintiles,North East,All Routes,All Stages,0-49,All Years
2.75,.80000001,.75999999,.83999997,All Persons,All IMD Quintiles,North East,All Routes,All Stages,0-49,All Years
3,.79000002,.74000001,.82999998,All Persons,All IMD Quintiles,North East,All Routes,All Stages,0-49,All Years
3.25,.77999997,.74000001,.82999998,All Persons,All IMD Quintiles,North East,All Routes,All Stages,0-49,All Years
3.5,.77999997,.73000002,.81999999,All Persons,All IMD Quintiles,North East,All Routes,All Stages,0-49,All Years
3.75,.77999997,.73000002,.81999999,All Persons,All IMD Quintiles,North East,All Routes,All Stages,0-49,All Years
4,.76999998,.72000003,.81999999,All Persons,All IMD Quintiles,North East,All Routes,All Stages,0-49,All Years
4.25,.75999999,.72000003,.81,All Persons,All IMD Quintiles,North East,All Routes,All Stages,0-49,All Years
4.5,.75999999,.70999998,.81,All Persons,All IMD Quintiles,North East,All Routes,All Stages,0-49,All Years
4.75,.75999999,.70999998,.81,All Persons,All IMD Quintiles,North East,All Routes,All Stages,0-49,All Years
5,.75999999,.70999998,.81,All Persons,All IMD Quintiles,North East,All Routes,All Stages,0-49,All Years
0,1,.99000001,1,All Persons,All IMD Quintiles,North East,All Routes,All Stages,50-54,All Years
.25,.97000003,.94999999,.99000001,All Persons,All IMD Quintiles,North East,All Routes,All Stages,50-54,All Years
.5,.94,.92000002,.95999998,All Persons,All IMD Quintiles,North East,All Routes,All Stages,50-54,All Years
.75,.88999999,.86000001,.92000002,All Persons,All IMD Quintiles,North East,All Routes,All Stages,50-54,All Years
1,.87,.82999998,.89999998,All Persons,All IMD Quintiles,North East,All Routes,All Stages,50-54,All Years
1.25,.82999998,.80000001,.87,All Persons,All IMD Quintiles,North East,All Routes,All Stages,50-54,All Years
1.5,.82999998,.79000002,.86000001,All Persons,All IMD Quintiles,North East,All Routes,All Stages,50-54,All Years
1.75,.79000002,.75,.82999998,All Persons,All IMD Quintiles,North East,All Routes,All Stages,50-54,All Years
2,.77999997,.74000001,.81999999,All Persons,All IMD Quintiles,North East,All Routes,All Stages,50-54,All Years
2.25,.76999998,.73000002,.81999999,All Persons,All IMD Quintiles,North East,All Routes,All Stages,50-54,All Years
2.5,.75999999,.70999998,.80000001,All Persons,All IMD Quintiles,North East,All Routes,All Stages,50-54,All Years
2.75,.74000001,.69999999,.79000002,All Persons,All IMD Quintiles,North East,All Routes,All Stages,50-54,All Years
3,.74000001,.69,.79000002,All Persons,All IMD Quintiles,North East,All Routes,All Stages,50-54,All Years
3.25,.72000003,.67000002,.76999998,All Persons,All IMD Quintiles,North East,All Routes,All Stages,50-54,All Years
3.5,.70999998,.66000003,.75999999,All Persons,All IMD Quintiles,North East,All Routes,All Stages,50-54,All Years
3.75,.70999998,.66000003,.75999999,All Persons,All IMD Quintiles,North East,All Routes,All Stages,50-54,All Years
4,.70999998,.64999998,.75999999,All Persons,All IMD Quintiles,North East,All Routes,All Stages,50-54,All Years
4.25,.69999999,.64999998,.75,All Persons,All IMD Quintiles,North East,All Routes,All Stages,50-54,All Years
4.5,.68000001,.63,.73000002,All Persons,All IMD Quintiles,North East,All Routes,All Stages,50-54,All Years
4.75,.67000002,.62,.73000002,All Persons,All IMD Quintiles,North East,All Routes,All Stages,50-54,All Years
5,.67000002,.61000001,.72000003,All Persons,All IMD Quintiles,North East,All Routes,All Stages,50-54,All Years
0,1,.99000001,1,All Persons,All IMD Quintiles,North East,All Routes,All Stages,55-59,All Years
.25,.97000003,.94999999,.98000002,All Persons,All IMD Quintiles,North East,All Routes,All Stages,55-59,All Years
.5,.93000001,.91000003,.95999998,All Persons,All IMD Quintiles,North East,All Routes,All Stages,55-59,All Years
.75,.89999998,.88,.93000001,All Persons,All IMD Quintiles,North East,All Routes,All Stages,55-59,All Years
1,.88,.85000002,.91000003,All Persons,All IMD Quintiles,North East,All Routes,All Stages,55-59,All Years
1.25,.85000002,.81999999,.88,All Persons,All IMD Quintiles,North East,All Routes,All Stages,55-59,All Years
1.5,.81999999,.79000002,.85000002,All Persons,All IMD Quintiles,North East,All Routes,All Stages,55-59,All Years
1.75,.80000001,.76999998,.83999997,All Persons,All IMD Quintiles,North East,All Routes,All Stages,55-59,All Years
2,.77999997,.74000001,.81999999,All Persons,All IMD Quintiles,North East,All Routes,All Stages,55-59,All Years
2.25,.75999999,.72000003,.80000001,All Persons,All IMD Quintiles,North East,All Routes,All Stages,55-59,All Years
2.5,.74000001,.69999999,.77999997,All Persons,All IMD Quintiles,North East,All Routes,All Stages,55-59,All Years
2.75,.73000002,.69,.76999998,All Persons,All IMD Quintiles,North East,All Routes,All Stages,55-59,All Years
3,.72000003,.68000001,.75999999,All Persons,All IMD Quintiles,North East,All Routes,All Stages,55-59,All Years
3.25,.70999998,.66000003,.75,All Persons,All IMD Quintiles,North East,All Routes,All Stages,55-59,All Years
3.5,.69999999,.64999998,.74000001,All Persons,All IMD Quintiles,North East,All Routes,All Stages,55-59,All Years
3.75,.69,.63999999,.73000002,All Persons,All IMD Quintiles,North East,All Routes,All Stages,55-59,All Years
4,.67000002,.63,.72000003,All Persons,All IMD Quintiles,North East,All Routes,All Stages,55-59,All Years
4.25,.67000002,.63,.72000003,All Persons,All IMD Quintiles,North East,All Routes,All Stages,55-59,All Years
4.5,.64999998,.60000002,.69999999,All Persons,All IMD Quintiles,North East,All Routes,All Stages,55-59,All Years
4.75,.63999999,.58999997,.69,All Persons,All IMD Quintiles,North East,All Routes,All Stages,55-59,All Years
5,.63999999,.58999997,.69,All Persons,All IMD Quintiles,North East,All Routes,All Stages,55-59,All Years
0,1,1,1,All Persons,All IMD Quintiles,North East,All Routes,All Stages,60-64,All Years
.25,.94999999,.93000001,.95999998,All Persons,All IMD Quintiles,North East,All Routes,All Stages,60-64,All Years
.5,.89999998,.88,.93000001,All Persons,All IMD Quintiles,North East,All Routes,All Stages,60-64,All Years
.75,.87,.83999997,.88999999,All Persons,All IMD Quintiles,North East,All Routes,All Stages,60-64,All Years
1,.82999998,.80000001,.86000001,All Persons,All IMD Quintiles,North East,All Routes,All Stages,60-64,All Years
1.25,.80000001,.76999998,.82999998,All Persons,All IMD Quintiles,North East,All Routes,All Stages,60-64,All Years
1.5,.76999998,.74000001,.81,All Persons,All IMD Quintiles,North East,All Routes,All Stages,60-64,All Years
1.75,.75999999,.72000003,.79000002,All Persons,All IMD Quintiles,North East,All Routes,All Stages,60-64,All Years
2,.74000001,.69999999,.76999998,All Persons,All IMD Quintiles,North East,All Routes,All Stages,60-64,All Years
2.25,.70999998,.67000002,.75,All Persons,All IMD Quintiles,North East,All Routes,All Stages,60-64,All Years
2.5,.69999999,.66000003,.74000001,All Persons,All IMD Quintiles,North East,All Routes,All Stages,60-64,All Years
2.75,.68000001,.64999998,.72000003,All Persons,All IMD Quintiles,North East,All Routes,All Stages,60-64,All Years
3,.67000002,.63,.70999998,All Persons,All IMD Quintiles,North East,All Routes,All Stages,60-64,All Years
3.25,.64999998,.61000001,.69,All Persons,All IMD Quintiles,North East,All Routes,All Stages,60-64,All Years
3.5,.63999999,.60000002,.68000001,All Persons,All IMD Quintiles,North East,All Routes,All Stages,60-64,All Years
3.75,.63,.58999997,.67000002,All Persons,All IMD Quintiles,North East,All Routes,All Stages,60-64,All Years
4,.62,.57999998,.66000003,All Persons,All IMD Quintiles,North East,All Routes,All Stages,60-64,All Years
4.25,.61000001,.56999999,.66000003,All Persons,All IMD Quintiles,North East,All Routes,All Stages,60-64,All Years
4.5,.61000001,.56,.64999998,All Persons,All IMD Quintiles,North East,All Routes,All Stages,60-64,All Years
4.75,.58999997,.55000001,.63999999,All Persons,All IMD Quintiles,North East,All Routes,All Stages,60-64,All Years
5,.58999997,.55000001,.63999999,All Persons,All IMD Quintiles,North East,All Routes,All Stages,60-64,All Years
0,1,.99000001,1,All Persons,All IMD Quintiles,North East,All Routes,All Stages,65-69,All Years
.25,.93000001,.91000003,.94999999,All Persons,All IMD Quintiles,North East,All Routes,All Stages,65-69,All Years
.5,.87,.83999997,.89999998,All Persons,All IMD Quintiles,North East,All Routes,All Stages,65-69,All Years
.75,.81,.77999997,.83999997,All Persons,All IMD Quintiles,North East,All Routes,All Stages,65-69,All Years
1,.76999998,.73000002,.80000001,All Persons,All IMD Quintiles,North East,All Routes,All Stages,65-69,All Years
1.25,.73000002,.69,.76999998,All Persons,All IMD Quintiles,North East,All Routes,All Stages,65-69,All Years
1.5,.70999998,.67000002,.75,All Persons,All IMD Quintiles,North East,All Routes,All Stages,65-69,All Years
1.75,.68000001,.63,.72000003,All Persons,All IMD Quintiles,North East,All Routes,All Stages,65-69,All Years
2,.66000003,.62,.69999999,All Persons,All IMD Quintiles,North East,All Routes,All Stages,65-69,All Years
2.25,.63999999,.60000002,.68000001,All Persons,All IMD Quintiles,North East,All Routes,All Stages,65-69,All Years
2.5,.62,.57999998,.66000003,All Persons,All IMD Quintiles,North East,All Routes,All Stages,65-69,All Years
2.75,.60000002,.56,.63999999,All Persons,All IMD Quintiles,North East,All Routes,All Stages,65-69,All Years
3,.58999997,.54000002,.63,All Persons,All IMD Quintiles,North East,All Routes,All Stages,65-69,All Years
3.25,.56999999,.51999998,.62,All Persons,All IMD Quintiles,North East,All Routes,All Stages,65-69,All Years
3.5,.55000001,.5,.60000002,All Persons,All IMD Quintiles,North East,All Routes,All Stages,65-69,All Years
3.75,.54000002,.49000001,.58999997,All Persons,All IMD Quintiles,North East,All Routes,All Stages,65-69,All Years
4,.54000002,.49000001,.57999998,All Persons,All IMD Quintiles,North East,All Routes,All Stages,65-69,All Years
4.25,.54000002,.49000001,.57999998,All Persons,All IMD Quintiles,North East,All Routes,All Stages,65-69,All Years
4.5,.52999997,.47999999,.57999998,All Persons,All IMD Quintiles,North East,All Routes,All Stages,65-69,All Years
4.75,.51999998,.47,.56999999,All Persons,All IMD Quintiles,North East,All Routes,All Stages,65-69,All Years
5,.51999998,.47,.56999999,All Persons,All IMD Quintiles,North East,All Routes,All Stages,65-69,All Years
0,1,.99000001,1,All Persons,All IMD Quintiles,North East,All Routes,All Stages,70-74,All Years
.25,.92000002,.88999999,.94,All Persons,All IMD Quintiles,North East,All Routes,All Stages,70-74,All Years
.5,.85000002,.81,.88,All Persons,All IMD Quintiles,North East,All Routes,All Stages,70-74,All Years
.75,.77999997,.75,.81999999,All Persons,All IMD Quintiles,North East,All Routes,All Stages,70-74,All Years
1,.72000003,.69,.75999999,All Persons,All IMD Quintiles,North East,All Routes,All Stages,70-74,All Years
1.25,.68000001,.63999999,.72000003,All Persons,All IMD Quintiles,North East,All Routes,All Stages,70-74,All Years
1.5,.64999998,.61000001,.69,All Persons,All IMD Quintiles,North East,All Routes,All Stages,70-74,All Years
1.75,.62,.57999998,.66000003,All Persons,All IMD Quintiles,North East,All Routes,All Stages,70-74,All Years
2,.60000002,.56,.63999999,All Persons,All IMD Quintiles,North East,All Routes,All Stages,70-74,All Years
2.25,.57999998,.54000002,.63,All Persons,All IMD Quintiles,North East,All Routes,All Stages,70-74,All Years
2.5,.56999999,.51999998,.61000001,All Persons,All IMD Quintiles,North East,All Routes,All Stages,70-74,All Years
2.75,.56,.50999999,.60000002,All Persons,All IMD Quintiles,North East,All Routes,All Stages,70-74,All Years
3,.54000002,.5,.58999997,All Persons,All IMD Quintiles,North East,All Routes,All Stages,70-74,All Years
3.25,.54000002,.49000001,.57999998,All Persons,All IMD Quintiles,North East,All Routes,All Stages,70-74,All Years
3.5,.52999997,.49000001,.57999998,All Persons,All IMD Quintiles,North East,All Routes,All Stages,70-74,All Years
3.75,.51999998,.47,.56999999,All Persons,All IMD Quintiles,North East,All Routes,All Stages,70-74,All Years
4,.50999999,.46000001,.55000001,All Persons,All IMD Quintiles,North East,All Routes,All Stages,70-74,All Years
4.25,.5,.44999999,.55000001,All Persons,All IMD Quintiles,North East,All Routes,All Stages,70-74,All Years
4.5,.47999999,.43000001,.52999997,All Persons,All IMD Quintiles,North East,All Routes,All Stages,70-74,All Years
4.75,.47999999,.43000001,.52999997,All Persons,All IMD Quintiles,North East,All Routes,All Stages,70-74,All Years
5,.47999999,.43000001,.52999997,All Persons,All IMD Quintiles,North East,All Routes,All Stages,70-74,All Years
0,.99000001,.99000001,1,All Persons,All IMD Quintiles,North East,All Routes,All Stages,75-79,All Years
.25,.86000001,.82999998,.89999998,All Persons,All IMD Quintiles,North East,All Routes,All Stages,75-79,All Years
.5,.76999998,.72000003,.81,All Persons,All IMD Quintiles,North East,All Routes,All Stages,75-79,All Years
.75,.72000003,.68000001,.76999998,All Persons,All IMD Quintiles,North East,All Routes,All Stages,75-79,All Years
1,.67000002,.62,.70999998,All Persons,All IMD Quintiles,North East,All Routes,All Stages,75-79,All Years
1.25,.62,.56999999,.67000002,All Persons,All IMD Quintiles,North East,All Routes,All Stages,75-79,All Years
1.5,.57999998,.52999997,.63,All Persons,All IMD Quintiles,North East,All Routes,All Stages,75-79,All Years
1.75,.55000001,.5,.60000002,All Persons,All IMD Quintiles,North East,All Routes,All Stages,75-79,All Years
2,.54000002,.49000001,.58999997,All Persons,All IMD Quintiles,North East,All Routes,All Stages,75-79,All Years
2.25,.54000002,.47999999,.58999997,All Persons,All IMD Quintiles,North East,All Routes,All Stages,75-79,All Years
2.5,.51999998,.47,.56999999,All Persons,All IMD Quintiles,North East,All Routes,All Stages,75-79,All Years
2.75,.50999999,.46000001,.56999999,All Persons,All IMD Quintiles,North East,All Routes,All Stages,75-79,All Years
3,.50999999,.46000001,.56,All Persons,All IMD Quintiles,North East,All Routes,All Stages,75-79,All Years
3.25,.5,.44999999,.55000001,All Persons,All IMD Quintiles,North East,All Routes,All Stages,75-79,All Years
3.5,.47999999,.43000001,.54000002,All Persons,All IMD Quintiles,North East,All Routes,All Stages,75-79,All Years
3.75,.47999999,.41999999,.52999997,All Persons,All IMD Quintiles,North East,All Routes,All Stages,75-79,All Years
4,.46000001,.41,.51999998,All Persons,All IMD Quintiles,North East,All Routes,All Stages,75-79,All Years
4.25,.43000001,.37,.49000001,All Persons,All IMD Quintiles,North East,All Routes,All Stages,75-79,All Years
4.5,.41999999,.36000001,.47999999,All Persons,All IMD Quintiles,North East,All Routes,All Stages,75-79,All Years
4.75,.40000001,.34,.46000001,All Persons,All IMD Quintiles,North East,All Routes,All Stages,75-79,All Years
0,1,.99000001,1,All Persons,All IMD Quintiles,North East,All Routes,All Stages,80-84,All Years
.25,.83999997,.79000002,.88999999,All Persons,All IMD Quintiles,North East,All Routes,All Stages,80-84,All Years
.5,.74000001,.68000001,.80000001,All Persons,All IMD Quintiles,North East,All Routes,All Stages,80-84,All Years
.75,.66000003,.60000002,.72000003,All Persons,All IMD Quintiles,North East,All Routes,All Stages,80-84,All Years
1,.61000001,.55000001,.68000001,All Persons,All IMD Quintiles,North East,All Routes,All Stages,80-84,All Years
1.25,.56,.5,.63,All Persons,All IMD Quintiles,North East,All Routes,All Stages,80-84,All Years
1.5,.52999997,.46000001,.58999997,All Persons,All IMD Quintiles,North East,All Routes,All Stages,80-84,All Years
1.75,.47999999,.41,.55000001,All Persons,All IMD Quintiles,North East,All Routes,All Stages,80-84,All Years
2,.46000001,.38999999,.52999997,All Persons,All IMD Quintiles,North East,All Routes,All Stages,80-84,All Years
2.25,.41999999,.34999999,.49000001,All Persons,All IMD Quintiles,North East,All Routes,All Stages,80-84,All Years
2.5,.40000001,.33000001,.47,All Persons,All IMD Quintiles,North East,All Routes,All Stages,80-84,All Years
2.75,.38999999,.31999999,.46000001,All Persons,All IMD Quintiles,North East,All Routes,All Stages,80-84,All Years
3,.38999999,.31999999,.46000001,All Persons,All IMD Quintiles,North East,All Routes,All Stages,80-84,All Years
3.25,.38,.31,.44999999,All Persons,All IMD Quintiles,North East,All Routes,All Stages,80-84,All Years
3.5,.37,.30000001,.44,All Persons,All IMD Quintiles,North East,All Routes,All Stages,80-84,All Years
3.75,.36000001,.28999999,.43000001,All Persons,All IMD Quintiles,North East,All Routes,All Stages,80-84,All Years
4,.36000001,.28999999,.43000001,All Persons,All IMD Quintiles,North East,All Routes,All Stages,80-84,All Years
4.25,.36000001,.28999999,.43000001,All Persons,All IMD Quintiles,North East,All Routes,All Stages,80-84,All Years
4.5,.36000001,.28999999,.43000001,All Persons,All IMD Quintiles,North East,All Routes,All Stages,80-84,All Years
4.75,.36000001,.28999999,.43000001,All Persons,All IMD Quintiles,North East,All Routes,All Stages,80-84,All Years
5,.36000001,.28999999,.43000001,All Persons,All IMD Quintiles,North East,All Routes,All Stages,80-84,All Years
0,.99000001,.98000002,1.01,All Persons,All IMD Quintiles,North East,All Routes,All Stages,85-89,All Years
.25,.74000001,.67000002,.81999999,All Persons,All IMD Quintiles,North East,All Routes,All Stages,85-89,All Years
.5,.61000001,.52999997,.69999999,All Persons,All IMD Quintiles,North East,All Routes,All Stages,85-89,All Years
.75,.50999999,.43000001,.60000002,All Persons,All IMD Quintiles,North East,All Routes,All Stages,85-89,All Years
1,.49000001,.40000001,.56999999,All Persons,All IMD Quintiles,North East,All Routes,All Stages,85-89,All Years
1.25,.41999999,.33000001,.5,All Persons,All IMD Quintiles,North East,All Routes,All Stages,85-89,All Years
1.5,.41,.33000001,.49000001,All Persons,All IMD Quintiles,North East,All Routes,All Stages,85-89,All Years
1.75,.36000001,.28,.44,All Persons,All IMD Quintiles,North East,All Routes,All Stages,85-89,All Years
2,.34,.25999999,.41999999,All Persons,All IMD Quintiles,North East,All Routes,All Stages,85-89,All Years
2.25,.30000001,.22,.38,All Persons,All IMD Quintiles,North East,All Routes,All Stages,85-89,All Years
2.5,.30000001,.22,.38,All Persons,All IMD Quintiles,North East,All Routes,All Stages,85-89,All Years
2.75,.28,.2,.36000001,All Persons,All IMD Quintiles,North East,All Routes,All Stages,85-89,All Years
3,.25999999,.18000001,.34,All Persons,All IMD Quintiles,North East,All Routes,All Stages,85-89,All Years
3.25,.25,.17,.33000001,All Persons,All IMD Quintiles,North East,All Routes,All Stages,85-89,All Years
3.5,.25,.17,.33000001,All Persons,All IMD Quintiles,North East,All Routes,All Stages,85-89,All Years
4,.25,.17,.33000001,All Persons,All IMD Quintiles,North East,All Routes,All Stages,85-89,All Years
4.25,.23999999,.16,.31999999,All Persons,All IMD Quintiles,North East,All Routes,All Stages,85-89,All Years
4.5,.22,.14,.30000001,All Persons,All IMD Quintiles,North East,All Routes,All Stages,85-89,All Years
4.75,.22,.14,.30000001,All Persons,All IMD Quintiles,North East,All Routes,All Stages,85-89,All Years
0,.98000002,.94999999,1.02,All Persons,All IMD Quintiles,North East,All Routes,All Stages,90+,All Years
.25,.64999998,.52999997,.77999997,All Persons,All IMD Quintiles,North East,All Routes,All Stages,90+,All Years
.5,.44999999,.33000001,.57999998,All Persons,All IMD Quintiles,North East,All Routes,All Stages,90+,All Years
.75,.36000001,.23999999,.49000001,All Persons,All IMD Quintiles,North East,All Routes,All Stages,90+,All Years
1,.27000001,.16,.38999999,All Persons,All IMD Quintiles,North East,All Routes,All Stages,90+,All Years
1.25,.23999999,.13,.34999999,All Persons,All IMD Quintiles,North East,All Routes,All Stages,90+,All Years
1.5,.22,.11,.31999999,All Persons,All IMD Quintiles,North East,All Routes,All Stages,90+,All Years
1.75,.2,.1,.30000001,All Persons,All IMD Quintiles,North East,All Routes,All Stages,90+,All Years
2,.13,.039999999,.22,All Persons,All IMD Quintiles,North East,All Routes,All Stages,90+,All Years
3,.13,.039999999,.22,All Persons,All IMD Quintiles,North East,All Routes,All Stages,90+,All Years
3.5,.13,.039999999,.22,All Persons,All IMD Quintiles,North East,All Routes,All Stages,90+,All Years
4.75,.13,.039999999,.22,All Persons,All IMD Quintiles,North East,All Routes,All Stages,90+,All Years
0,1,.99000001,1,All Persons,All IMD Quintiles,North East,All Routes,All Stages,All Ages,2016
.25,.91000003,.88999999,.93000001,All Persons,All IMD Quintiles,North East,All Routes,All Stages,All Ages,2016
.5,.86000001,.82999998,.88,All Persons,All IMD Quintiles,North East,All Routes,All Stages,All Ages,2016
.75,.80000001,.76999998,.83999997,All Persons,All IMD Quintiles,North East,All Routes,All Stages,All Ages,2016
1,.75999999,.73000002,.79000002,All Persons,All IMD Quintiles,North East,All Routes,All Stages,All Ages,2016
1.25,.72000003,.68000001,.75999999,All Persons,All IMD Quintiles,North East,All Routes,All Stages,All Ages,2016
1.5,.69,.64999998,.73000002,All Persons,All IMD Quintiles,North East,All Routes,All Stages,All Ages,2016
1.75,.66000003,.62,.69999999,All Persons,All IMD Quintiles,North East,All Routes,All Stages,All Ages,2016
2,.63999999,.60000002,.68000001,All Persons,All IMD Quintiles,North East,All Routes,All Stages,All Ages,2016
2.25,.62,.57999998,.66000003,All Persons,All IMD Quintiles,North East,All Routes,All Stages,All Ages,2016
2.5,.58999997,.55000001,.63,All Persons,All IMD Quintiles,North East,All Routes,All Stages,All Ages,2016
2.75,.58999997,.55000001,.63,All Persons,All IMD Quintiles,North East,All Routes,All Stages,All Ages,2016
3,.57999998,.54000002,.62,All Persons,All IMD Quintiles,North East,All Routes,All Stages,All Ages,2016
3.25,.56999999,.52999997,.61000001,All Persons,All IMD Quintiles,North East,All Routes,All Stages,All Ages,2016
3.5,.55000001,.50999999,.60000002,All Persons,All IMD Quintiles,North East,All Routes,All Stages,All Ages,2016
3.75,.55000001,.50999999,.58999997,All Persons,All IMD Quintiles,North East,All Routes,All Stages,All Ages,2016
4,.54000002,.5,.57999998,All Persons,All IMD Quintiles,North East,All Routes,All Stages,All Ages,2016
4.25,.52999997,.49000001,.56999999,All Persons,All IMD Quintiles,North East,All Routes,All Stages,All Ages,2016
4.5,.51999998,.47999999,.56,All Persons,All IMD Quintiles,North East,All Routes,All Stages,All Ages,2016
4.75,.50999999,.47,.55000001,All Persons,All IMD Quintiles,North East,All Routes,All Stages,All Ages,2016
5,.50999999,.47,.55000001,All Persons,All IMD Quintiles,North East,All Routes,All Stages,All Ages,2016
0,1,.99000001,1,All Persons,All IMD Quintiles,North East,All Routes,All Stages,All Ages,2017
.25,.94,.92000002,.95999998,All Persons,All IMD Quintiles,North East,All Routes,All Stages,All Ages,2017
.5,.88999999,.86000001,.91000003,All Persons,All IMD Quintiles,North East,All Routes,All Stages,All Ages,2017
.75,.86000001,.82999998,.88,All Persons,All IMD Quintiles,North East,All Routes,All Stages,All Ages,2017
1,.80000001,.76999998,.83999997,All Persons,All IMD Quintiles,North East,All Routes,All Stages,All Ages,2017
1.25,.76999998,.74000001,.81,All Persons,All IMD Quintiles,North East,All Routes,All Stages,All Ages,2017
1.5,.74000001,.69999999,.76999998,All Persons,All IMD Quintiles,North East,All Routes,All Stages,All Ages,2017
1.75,.70999998,.68000001,.75,All Persons,All IMD Quintiles,North East,All Routes,All Stages,All Ages,2017
2,.69999999,.66000003,.74000001,All Persons,All IMD Quintiles,North East,All Routes,All Stages,All Ages,2017
2.25,.67000002,.63,.70999998,All Persons,All IMD Quintiles,North East,All Routes,All Stages,All Ages,2017
2.5,.64999998,.61000001,.69,All Persons,All IMD Quintiles,North East,All Routes,All Stages,All Ages,2017
2.75,.63999999,.60000002,.68000001,All Persons,All IMD Quintiles,North East,All Routes,All Stages,All Ages,2017
3,.63,.58999997,.67000002,All Persons,All IMD Quintiles,North East,All Routes,All Stages,All Ages,2017
3.25,.63,.58999997,.67000002,All Persons,All IMD Quintiles,North East,All Routes,All Stages,All Ages,2017
3.5,.62,.57999998,.66000003,All Persons,All IMD Quintiles,North East,All Routes,All Stages,All Ages,2017
3.75,.61000001,.56999999,.64999998,All Persons,All IMD Quintiles,North East,All Routes,All Stages,All Ages,2017
4,.61000001,.56999999,.64999998,All Persons,All IMD Quintiles,North East,All Routes,All Stages,All Ages,2017
4.25,.60000002,.56,.63999999,All Persons,All IMD Quintiles,North East,All Routes,All Stages,All Ages,2017
4.5,.58999997,.55000001,.63,All Persons,All IMD Quintiles,North East,All Routes,All Stages,All Ages,2017
4.75,.57999998,.54000002,.62,All Persons,All IMD Quintiles,North East,All Routes,All Stages,All Ages,2017
5,.56999999,.52999997,.62,All Persons,All IMD Quintiles,North East,All Routes,All Stages,All Ages,2017
0,1,1,1,All Persons,All IMD Quintiles,North East,All Routes,All Stages,All Ages,2018
.25,.92000002,.89999998,.94999999,All Persons,All IMD Quintiles,North East,All Routes,All Stages,All Ages,2018
.5,.86000001,.82999998,.88999999,All Persons,All IMD Quintiles,North East,All Routes,All Stages,All Ages,2018
.75,.81999999,.79000002,.85000002,All Persons,All IMD Quintiles,North East,All Routes,All Stages,All Ages,2018
1,.79000002,.75,.81999999,All Persons,All IMD Quintiles,North East,All Routes,All Stages,All Ages,2018
1.25,.75,.70999998,.77999997,All Persons,All IMD Quintiles,North East,All Routes,All Stages,All Ages,2018
1.5,.72000003,.69,.75999999,All Persons,All IMD Quintiles,North East,All Routes,All Stages,All Ages,2018
1.75,.69999999,.66000003,.73000002,All Persons,All IMD Quintiles,North East,All Routes,All Stages,All Ages,2018
2,.68000001,.63999999,.72000003,All Persons,All IMD Quintiles,North East,All Routes,All Stages,All Ages,2018
2.25,.66000003,.62,.69999999,All Persons,All IMD Quintiles,North East,All Routes,All Stages,All Ages,2018
2.5,.64999998,.61000001,.68000001,All Persons,All IMD Quintiles,North East,All Routes,All Stages,All Ages,2018
2.75,.63,.58999997,.67000002,All Persons,All IMD Quintiles,North East,All Routes,All Stages,All Ages,2018
3,.61000001,.56999999,.64999998,All Persons,All IMD Quintiles,North East,All Routes,All Stages,All Ages,2018
3.25,.60000002,.56,.63,All Persons,All IMD Quintiles,North East,All Routes,All Stages,All Ages,2018
3.5,.57999998,.54000002,.62,All Persons,All IMD Quintiles,North East,All Routes,All Stages,All Ages,2018
3.75,.57999998,.54000002,.61000001,All Persons,All IMD Quintiles,North East,All Routes,All Stages,All Ages,2018
4,.56,.51999998,.60000002,All Persons,All IMD Quintiles,North East,All Routes,All Stages,All Ages,2018
4.25,.56,.51999998,.60000002,All Persons,All IMD Quintiles,North East,All Routes,All Stages,All Ages,2018
4.5,.55000001,.50999999,.58999997,All Persons,All IMD Quintiles,North East,All Routes,All Stages,All Ages,2018
4.75,.55000001,.50999999,.58999997,All Persons,All IMD Quintiles,North East,All Routes,All Stages,All Ages,2018
5,.55000001,.50999999,.58999997,All Persons,All IMD Quintiles,North East,All Routes,All Stages,All Ages,2018
0,1,1,1,All Persons,All IMD Quintiles,North East,All Routes,All Stages,All Ages,2019
.25,.93000001,.91000003,.94999999,All Persons,All IMD Quintiles,North East,All Routes,All Stages,All Ages,2019
.5,.86000001,.83999997,.88999999,All Persons,All IMD Quintiles,North East,All Routes,All Stages,All Ages,2019
.75,.80000001,.76999998,.82999998,All Persons,All IMD Quintiles,North East,All Routes,All Stages,All Ages,2019
1,.75999999,.72000003,.79000002,All Persons,All IMD Quintiles,North East,All Routes,All Stages,All Ages,2019
1.25,.73000002,.69999999,.76999998,All Persons,All IMD Quintiles,North East,All Routes,All Stages,All Ages,2019
1.5,.70999998,.67000002,.74000001,All Persons,All IMD Quintiles,North East,All Routes,All Stages,All Ages,2019
1.75,.68000001,.64999998,.72000003,All Persons,All IMD Quintiles,North East,All Routes,All Stages,All Ages,2019
2,.67000002,.63,.69999999,All Persons,All IMD Quintiles,North East,All Routes,All Stages,All Ages,2019
2.25,.64999998,.62,.69,All Persons,All IMD Quintiles,North East,All Routes,All Stages,All Ages,2019
2.5,.63999999,.60000002,.68000001,All Persons,All IMD Quintiles,North East,All Routes,All Stages,All Ages,2019
2.75,.63,.58999997,.66000003,All Persons,All IMD Quintiles,North East,All Routes,All Stages,All Ages,2019
3,.62,.57999998,.66000003,All Persons,All IMD Quintiles,North East,All Routes,All Stages,All Ages,2019
3.25,.60000002,.56,.63999999,All Persons,All IMD Quintiles,North East,All Routes,All Stages,All Ages,2019
3.5,.58999997,.55000001,.63,All Persons,All IMD Quintiles,North East,All Routes,All Stages,All Ages,2019
3.75,.58999997,.55000001,.63,All Persons,All IMD Quintiles,North East,All Routes,All Stages,All Ages,2019
4,.58999997,.55000001,.63,All Persons,All IMD Quintiles,North East,All Routes,All Stages,All Ages,2019
4.25,.58999997,.55000001,.63,All Persons,All IMD Quintiles,North East,All Routes,All Stages,All Ages,2019
0,1,.99000001,1,All Persons,All IMD Quintiles,North East,All Routes,All Stages,All Ages,2020
.25,.89999998,.88,.93000001,All Persons,All IMD Quintiles,North East,All Routes,All Stages,All Ages,2020
.5,.83999997,.81,.87,All Persons,All IMD Quintiles,North East,All Routes,All Stages,All Ages,2020
.75,.80000001,.76999998,.82999998,All Persons,All IMD Quintiles,North East,All Routes,All Stages,All Ages,2020
1,.75999999,.73000002,.80000001,All Persons,All IMD Quintiles,North East,All Routes,All Stages,All Ages,2020
1.25,.72000003,.68000001,.75999999,All Persons,All IMD Quintiles,North East,All Routes,All Stages,All Ages,2020
1.5,.69,.66000003,.73000002,All Persons,All IMD Quintiles,North East,All Routes,All Stages,All Ages,2020
1.75,.67000002,.63,.70999998,All Persons,All IMD Quintiles,North East,All Routes,All Stages,All Ages,2020
2,.64999998,.61000001,.69,All Persons,All IMD Quintiles,North East,All Routes,All Stages,All Ages,2020
2.25,.63,.58999997,.67000002,All Persons,All IMD Quintiles,North East,All Routes,All Stages,All Ages,2020
2.5,.63,.58999997,.67000002,All Persons,All IMD Quintiles,North East,All Routes,All Stages,All Ages,2020
2.75,.62,.56999999,.66000003,All Persons,All IMD Quintiles,North East,All Routes,All Stages,All Ages,2020
3,.62,.56999999,.66000003,All Persons,All IMD Quintiles,North East,All Routes,All Stages,All Ages,2020
3.5,.62,.56999999,.66000003,All Persons,All IMD Quintiles,North East,All Routes,All Stages,All Ages,2020
4.25,.62,.56999999,.66000003,All Persons,All IMD Quintiles,North East,All Routes,All Stages,All Ages,2020
5,.41,.14,.68000001,All Persons,All IMD Quintiles,North East,All Routes,All Stages,All Ages,2020
0,1,.99000001,1,All Persons,All IMD Quintiles,North East,All Routes,All Stages,All Ages,2021
.25,.94,.93000001,.95999998,All Persons,All IMD Quintiles,North East,All Routes,All Stages,All Ages,2021
.5,.87,.83999997,.88999999,All Persons,All IMD Quintiles,North East,All Routes,All Stages,All Ages,2021
.75,.80000001,.76999998,.82999998,All Persons,All IMD Quintiles,North East,All Routes,All Stages,All Ages,2021
1,.77999997,.75,.81,All Persons,All IMD Quintiles,North East,All Routes,All Stages,All Ages,2021
1.25,.74000001,.70999998,.77999997,All Persons,All IMD Quintiles,North East,All Routes,All Stages,All Ages,2021
1.5,.72000003,.69,.75999999,All Persons,All IMD Quintiles,North East,All Routes,All Stages,All Ages,2021
1.75,.69999999,.66000003,.74000001,All Persons,All IMD Quintiles,North East,All Routes,All Stages,All Ages,2021
2,.69,.64999998,.73000002,All Persons,All IMD Quintiles,North East,All Routes,All Stages,All Ages,2021
2.25,.69,.64999998,.73000002,All Persons,All IMD Quintiles,North East,All Routes,All Stages,All Ages,2021
2.5,.69,.64999998,.73000002,All Persons,All IMD Quintiles,North East,All Routes,All Stages,All Ages,2021
3.25,.58999997,.41999999,.75999999,All Persons,All IMD Quintiles,North East,All Routes,All Stages,All Ages,2021
4.25,.58999997,.41999999,.75999999,All Persons,All IMD Quintiles,North East,All Routes,All Stages,All Ages,2021
4.75,.58999997,.41999999,.75999999,All Persons,All IMD Quintiles,North East,All Routes,All Stages,All Ages,2021
0,1,.99000001,1,All Persons,All IMD Quintiles,North West,Emergency,All Stages,All Ages,All Years
.25,.69999999,.64999998,.75,All Persons,All IMD Quintiles,North West,Emergency,All Stages,All Ages,All Years
.5,.56999999,.51999998,.62,All Persons,All IMD Quintiles,North West,Emergency,All Stages,All Ages,All Years
.75,.49000001,.43000001,.54000002,All Persons,All IMD Quintiles,North West,Emergency,All Stages,All Ages,All Years
1,.44,.38999999,.49000001,All Persons,All IMD Quintiles,North West,Emergency,All Stages,All Ages,All Years
1.25,.38999999,.34,.44999999,All Persons,All IMD Quintiles,North West,Emergency,All Stages,All Ages,All Years
1.5,.36000001,.31,.41,All Persons,All IMD Quintiles,North West,Emergency,All Stages,All Ages,All Years
1.75,.34,.28999999,.38999999,All Persons,All IMD Quintiles,North West,Emergency,All Stages,All Ages,All Years
2,.31,.25999999,.36000001,All Persons,All IMD Quintiles,North West,Emergency,All Stages,All Ages,All Years
2.25,.28999999,.23999999,.34,All Persons,All IMD Quintiles,North West,Emergency,All Stages,All Ages,All Years
2.5,.28999999,.23999999,.33000001,All Persons,All IMD Quintiles,North West,Emergency,All Stages,All Ages,All Years
2.75,.28,.23,.31999999,All Persons,All IMD Quintiles,North West,Emergency,All Stages,All Ages,All Years
3,.27000001,.22,.31,All Persons,All IMD Quintiles,North West,Emergency,All Stages,All Ages,All Years
3.25,.25999999,.20999999,.31,All Persons,All IMD Quintiles,North West,Emergency,All Stages,All Ages,All Years
3.5,.25,.20999999,.30000001,All Persons,All IMD Quintiles,North West,Emergency,All Stages,All Ages,All Years
3.75,.25,.2,.28999999,All Persons,All IMD Quintiles,North West,Emergency,All Stages,All Ages,All Years
4,.25,.2,.28999999,All Persons,All IMD Quintiles,North West,Emergency,All Stages,All Ages,All Years
4.25,.23,.19,.28,All Persons,All IMD Quintiles,North West,Emergency,All Stages,All Ages,All Years
4.5,.22,.18000001,.27000001,All Persons,All IMD Quintiles,North West,Emergency,All Stages,All Ages,All Years
4.75,.22,.18000001,.25999999,All Persons,All IMD Quintiles,North West,Emergency,All Stages,All Ages,All Years
5,.22,.17,.25999999,All Persons,All IMD Quintiles,North West,Emergency,All Stages,All Ages,All Years
0,1,1,1,All Persons,All IMD Quintiles,North West,Non-emergency,All Stages,All Ages,All Years
.25,.94999999,.94999999,.95999998,All Persons,All IMD Quintiles,North West,Non-emergency,All Stages,All Ages,All Years
.5,.89999998,.88999999,.91000003,All Persons,All IMD Quintiles,North West,Non-emergency,All Stages,All Ages,All Years
.75,.86000001,.85000002,.87,All Persons,All IMD Quintiles,North West,Non-emergency,All Stages,All Ages,All Years
1,.81999999,.80000001,.82999998,All Persons,All IMD Quintiles,North West,Non-emergency,All Stages,All Ages,All Years
1.25,.77999997,.76999998,.79000002,All Persons,All IMD Quintiles,North West,Non-emergency,All Stages,All Ages,All Years
1.5,.75999999,.74000001,.76999998,All Persons,All IMD Quintiles,North West,Non-emergency,All Stages,All Ages,All Years
1.75,.73000002,.72000003,.75,All Persons,All IMD Quintiles,North West,Non-emergency,All Stages,All Ages,All Years
2,.70999998,.69999999,.73000002,All Persons,All IMD Quintiles,North West,Non-emergency,All Stages,All Ages,All Years
2.25,.69,.67000002,.69999999,All Persons,All IMD Quintiles,North West,Non-emergency,All Stages,All Ages,All Years
2.5,.67000002,.66000003,.69,All Persons,All IMD Quintiles,North West,Non-emergency,All Stages,All Ages,All Years
2.75,.66000003,.63999999,.67000002,All Persons,All IMD Quintiles,North West,Non-emergency,All Stages,All Ages,All Years
3,.63999999,.63,.66000003,All Persons,All IMD Quintiles,North West,Non-emergency,All Stages,All Ages,All Years
3.25,.63,.62,.64999998,All Persons,All IMD Quintiles,North West,Non-emergency,All Stages,All Ages,All Years
3.5,.62,.60000002,.63,All Persons,All IMD Quintiles,North West,Non-emergency,All Stages,All Ages,All Years
3.75,.61000001,.58999997,.62,All Persons,All IMD Quintiles,North West,Non-emergency,All Stages,All Ages,All Years
4,.58999997,.57999998,.61000001,All Persons,All IMD Quintiles,North West,Non-emergency,All Stages,All Ages,All Years
4.25,.58999997,.56999999,.60000002,All Persons,All IMD Quintiles,North West,Non-emergency,All Stages,All Ages,All Years
4.5,.57999998,.56,.58999997,All Persons,All IMD Quintiles,North West,Non-emergency,All Stages,All Ages,All Years
4.75,.56999999,.55000001,.57999998,All Persons,All IMD Quintiles,North West,Non-emergency,All Stages,All Ages,All Years
5,.56,.54000002,.56999999,All Persons,All IMD Quintiles,North West,Non-emergency,All Stages,All Ages,All Years
0,1,1,1,All Persons,All IMD Quintiles,North West,All Routes,Early,All Ages,All Years
.25,.98000002,.98000002,.99000001,All Persons,All IMD Quintiles,North West,All Routes,Early,All Ages,All Years
.5,.97000003,.95999998,.97000003,All Persons,All IMD Quintiles,North West,All Routes,Early,All Ages,All Years
.75,.94999999,.94,.95999998,All Persons,All IMD Quintiles,North West,All Routes,Early,All Ages,All Years
1,.93000001,.92000002,.94,All Persons,All IMD Quintiles,North West,All Routes,Early,All Ages,All Years
1.25,.91000003,.89999998,.92000002,All Persons,All IMD Quintiles,North West,All Routes,Early,All Ages,All Years
1.5,.88999999,.88,.89999998,All Persons,All IMD Quintiles,North West,All Routes,Early,All Ages,All Years
1.75,.88,.87,.88999999,All Persons,All IMD Quintiles,North West,All Routes,Early,All Ages,All Years
2,.86000001,.85000002,.87,All Persons,All IMD Quintiles,North West,All Routes,Early,All Ages,All Years
2.25,.85000002,.83999997,.86000001,All Persons,All IMD Quintiles,North West,All Routes,Early,All Ages,All Years
2.5,.83999997,.82999998,.85000002,All Persons,All IMD Quintiles,North West,All Routes,Early,All Ages,All Years
2.75,.81999999,.81,.83999997,All Persons,All IMD Quintiles,North West,All Routes,Early,All Ages,All Years
3,.81,.80000001,.82999998,All Persons,All IMD Quintiles,North West,All Routes,Early,All Ages,All Years
3.25,.80000001,.79000002,.81999999,All Persons,All IMD Quintiles,North West,All Routes,Early,All Ages,All Years
3.5,.79000002,.76999998,.81,All Persons,All IMD Quintiles,North West,All Routes,Early,All Ages,All Years
3.75,.77999997,.75999999,.79000002,All Persons,All IMD Quintiles,North West,All Routes,Early,All Ages,All Years
4,.75999999,.74000001,.77999997,All Persons,All IMD Quintiles,North West,All Routes,Early,All Ages,All Years
4.25,.75,.73000002,.75999999,All Persons,All IMD Quintiles,North West,All Routes,Early,All Ages,All Years
4.5,.73000002,.70999998,.75,All Persons,All IMD Quintiles,North West,All Routes,Early,All Ages,All Years
4.75,.72000003,.69999999,.74000001,All Persons,All IMD Quintiles,North West,All Routes,Early,All Ages,All Years
5,.70999998,.69,.73000002,All Persons,All IMD Quintiles,North West,All Routes,Early,All Ages,All Years
0,1,1,1,All Persons,All IMD Quintiles,North West,All Routes,Advanced,All Ages,All Years
.25,.91000003,.89999998,.92000002,All Persons,All IMD Quintiles,North West,All Routes,Advanced,All Ages,All Years
.5,.82999998,.81999999,.83999997,All Persons,All IMD Quintiles,North West,All Routes,Advanced,All Ages,All Years
.75,.75999999,.75,.76999998,All Persons,All IMD Quintiles,North West,All Routes,Advanced,All Ages,All Years
1,.69999999,.69,.70999998,All Persons,All IMD Quintiles,North West,All Routes,Advanced,All Ages,All Years
1.25,.66000003,.63999999,.67000002,All Persons,All IMD Quintiles,North West,All Routes,Advanced,All Ages,All Years
1.5,.63,.61000001,.63999999,All Persons,All IMD Quintiles,North West,All Routes,Advanced,All Ages,All Years
1.75,.60000002,.57999998,.61000001,All Persons,All IMD Quintiles,North West,All Routes,Advanced,All Ages,All Years
2,.56999999,.56,.57999998,All Persons,All IMD Quintiles,North West,All Routes,Advanced,All Ages,All Years
2.25,.55000001,.52999997,.56,All Persons,All IMD Quintiles,North West,All Routes,Advanced,All Ages,All Years
2.5,.52999997,.50999999,.54000002,All Persons,All IMD Quintiles,North West,All Routes,Advanced,All Ages,All Years
2.75,.51999998,.5,.52999997,All Persons,All IMD Quintiles,North West,All Routes,Advanced,All Ages,All Years
3,.5,.49000001,.51999998,All Persons,All IMD Quintiles,North West,All Routes,Advanced,All Ages,All Years
3.25,.49000001,.47,.5,All Persons,All IMD Quintiles,North West,All Routes,Advanced,All Ages,All Years
3.5,.47999999,.46000001,.49000001,All Persons,All IMD Quintiles,North West,All Routes,Advanced,All Ages,All Years
3.75,.47,.44999999,.47999999,All Persons,All IMD Quintiles,North West,All Routes,Advanced,All Ages,All Years
4,.46000001,.44,.47,All Persons,All IMD Quintiles,North West,All Routes,Advanced,All Ages,All Years
4.25,.44999999,.44,.47,All Persons,All IMD Quintiles,North West,All Routes,Advanced,All Ages,All Years
4.5,.44999999,.43000001,.46000001,All Persons,All IMD Quintiles,North West,All Routes,Advanced,All Ages,All Years
4.75,.44,.41999999,.44999999,All Persons,All IMD Quintiles,North West,All Routes,Advanced,All Ages,All Years
5,.43000001,.41,.44,All Persons,All IMD Quintiles,North West,All Routes,Advanced,All Ages,All Years
0,1,1,1,All Persons,All IMD Quintiles,North West,All Routes,All Stages,0-49,All Years
.25,.97000003,.95999998,.98000002,All Persons,All IMD Quintiles,North West,All Routes,All Stages,0-49,All Years
.5,.94,.93000001,.95999998,All Persons,All IMD Quintiles,North West,All Routes,All Stages,0-49,All Years
.75,.91000003,.89999998,.93000001,All Persons,All IMD Quintiles,North West,All Routes,All Stages,0-49,All Years
1,.88999999,.87,.91000003,All Persons,All IMD Quintiles,North West,All Routes,All Stages,0-49,All Years
1.25,.86000001,.83999997,.88,All Persons,All IMD Quintiles,North West,All Routes,All Stages,0-49,All Years
1.5,.83999997,.81,.86000001,All Persons,All IMD Quintiles,North West,All Routes,All Stages,0-49,All Years
1.75,.81,.79000002,.83999997,All Persons,All IMD Quintiles,North West,All Routes,All Stages,0-49,All Years
2,.81,.77999997,.82999998,All Persons,All IMD Quintiles,North West,All Routes,All Stages,0-49,All Years
2.25,.79000002,.76999998,.81999999,All Persons,All IMD Quintiles,North West,All Routes,All Stages,0-49,All Years
2.5,.77999997,.75,.81,All Persons,All IMD Quintiles,North West,All Routes,All Stages,0-49,All Years
2.75,.76999998,.75,.80000001,All Persons,All IMD Quintiles,North West,All Routes,All Stages,0-49,All Years
3,.75999999,.73000002,.79000002,All Persons,All IMD Quintiles,North West,All Routes,All Stages,0-49,All Years
3.25,.75999999,.73000002,.79000002,All Persons,All IMD Quintiles,North West,All Routes,All Stages,0-49,All Years
3.5,.75999999,.73000002,.79000002,All Persons,All IMD Quintiles,North West,All Routes,All Stages,0-49,All Years
3.75,.75,.72000003,.77999997,All Persons,All IMD Quintiles,North West,All Routes,All Stages,0-49,All Years
4,.74000001,.70999998,.77999997,All Persons,All IMD Quintiles,North West,All Routes,All Stages,0-49,All Years
4.25,.74000001,.70999998,.76999998,All Persons,All IMD Quintiles,North West,All Routes,All Stages,0-49,All Years
4.5,.74000001,.70999998,.76999998,All Persons,All IMD Quintiles,North West,All Routes,All Stages,0-49,All Years
4.75,.73000002,.69999999,.75999999,All Persons,All IMD Quintiles,North West,All Routes,All Stages,0-49,All Years
5,.73000002,.69,.75999999,All Persons,All IMD Quintiles,North West,All Routes,All Stages,0-49,All Years
0,1,1,1,All Persons,All IMD Quintiles,North West,All Routes,All Stages,50-54,All Years
.25,.97000003,.95999998,.98000002,All Persons,All IMD Quintiles,North West,All Routes,All Stages,50-54,All Years
.5,.94,.93000001,.95999998,All Persons,All IMD Quintiles,North West,All Routes,All Stages,50-54,All Years
.75,.89999998,.88,.92000002,All Persons,All IMD Quintiles,North West,All Routes,All Stages,50-54,All Years
1,.87,.85000002,.88999999,All Persons,All IMD Quintiles,North West,All Routes,All Stages,50-54,All Years
1.25,.85000002,.82999998,.87,All Persons,All IMD Quintiles,North West,All Routes,All Stages,50-54,All Years
1.5,.82999998,.81,.85000002,All Persons,All IMD Quintiles,North West,All Routes,All Stages,50-54,All Years
1.75,.81,.79000002,.83999997,All Persons,All IMD Quintiles,North West,All Routes,All Stages,50-54,All Years
2,.79000002,.75999999,.81999999,All Persons,All IMD Quintiles,North West,All Routes,All Stages,50-54,All Years
2.25,.76999998,.74000001,.80000001,All Persons,All IMD Quintiles,North West,All Routes,All Stages,50-54,All Years
2.5,.75999999,.73000002,.79000002,All Persons,All IMD Quintiles,North West,All Routes,All Stages,50-54,All Years
2.75,.74000001,.70999998,.76999998,All Persons,All IMD Quintiles,North West,All Routes,All Stages,50-54,All Years
3,.73000002,.69999999,.75999999,All Persons,All IMD Quintiles,North West,All Routes,All Stages,50-54,All Years
3.25,.73000002,.69999999,.75999999,All Persons,All IMD Quintiles,North West,All Routes,All Stages,50-54,All Years
3.5,.70999998,.68000001,.74000001,All Persons,All IMD Quintiles,North West,All Routes,All Stages,50-54,All Years
3.75,.70999998,.67000002,.74000001,All Persons,All IMD Quintiles,North West,All Routes,All Stages,50-54,All Years
4,.69999999,.67000002,.73000002,All Persons,All IMD Quintiles,North West,All Routes,All Stages,50-54,All Years
4.25,.69999999,.66000003,.73000002,All Persons,All IMD Quintiles,North West,All Routes,All Stages,50-54,All Years
4.5,.69,.64999998,.72000003,All Persons,All IMD Quintiles,North West,All Routes,All Stages,50-54,All Years
4.75,.68000001,.63999999,.70999998,All Persons,All IMD Quintiles,North West,All Routes,All Stages,50-54,All Years
5,.67000002,.63999999,.70999998,All Persons,All IMD Quintiles,North West,All Routes,All Stages,50-54,All Years
0,1,1,1,All Persons,All IMD Quintiles,North West,All Routes,All Stages,55-59,All Years
.25,.94999999,.94,.95999998,All Persons,All IMD Quintiles,North West,All Routes,All Stages,55-59,All Years
.5,.91000003,.88999999,.92000002,All Persons,All IMD Quintiles,North West,All Routes,All Stages,55-59,All Years
.75,.87,.85000002,.88,All Persons,All IMD Quintiles,North West,All Routes,All Stages,55-59,All Years
1,.83999997,.81,.86000001,All Persons,All IMD Quintiles,North West,All Routes,All Stages,55-59,All Years
1.25,.81,.79000002,.83999997,All Persons,All IMD Quintiles,North West,All Routes,All Stages,55-59,All Years
1.5,.79000002,.76999998,.81999999,All Persons,All IMD Quintiles,North West,All Routes,All Stages,55-59,All Years
1.75,.76999998,.75,.80000001,All Persons,All IMD Quintiles,North West,All Routes,All Stages,55-59,All Years
2,.75,.73000002,.77999997,All Persons,All IMD Quintiles,North West,All Routes,All Stages,55-59,All Years
2.25,.74000001,.70999998,.75999999,All Persons,All IMD Quintiles,North West,All Routes,All Stages,55-59,All Years
2.5,.73000002,.69999999,.75,All Persons,All IMD Quintiles,North West,All Routes,All Stages,55-59,All Years
2.75,.70999998,.69,.74000001,All Persons,All IMD Quintiles,North West,All Routes,All Stages,55-59,All Years
3,.69,.67000002,.72000003,All Persons,All IMD Quintiles,North West,All Routes,All Stages,55-59,All Years
3.25,.68000001,.64999998,.70999998,All Persons,All IMD Quintiles,North West,All Routes,All Stages,55-59,All Years
3.5,.66000003,.63999999,.69,All Persons,All IMD Quintiles,North West,All Routes,All Stages,55-59,All Years
3.75,.66000003,.63,.68000001,All Persons,All IMD Quintiles,North West,All Routes,All Stages,55-59,All Years
4,.63999999,.61000001,.67000002,All Persons,All IMD Quintiles,North West,All Routes,All Stages,55-59,All Years
4.25,.63999999,.61000001,.67000002,All Persons,All IMD Quintiles,North West,All Routes,All Stages,55-59,All Years
4.5,.63,.60000002,.66000003,All Persons,All IMD Quintiles,North West,All Routes,All Stages,55-59,All Years
4.75,.62,.58999997,.64999998,All Persons,All IMD Quintiles,North West,All Routes,All Stages,55-59,All Years
5,.62,.58999997,.64999998,All Persons,All IMD Quintiles,North West,All Routes,All Stages,55-59,All Years
0,1,1,1,All Persons,All IMD Quintiles,North West,All Routes,All Stages,60-64,All Years
.25,.95999998,.94999999,.97000003,All Persons,All IMD Quintiles,North West,All Routes,All Stages,60-64,All Years
.5,.91000003,.89999998,.93000001,All Persons,All IMD Quintiles,North West,All Routes,All Stages,60-64,All Years
.75,.87,.85000002,.88999999,All Persons,All IMD Quintiles,North West,All Routes,All Stages,60-64,All Years
1,.81999999,.80000001,.83999997,All Persons,All IMD Quintiles,North West,All Routes,All Stages,60-64,All Years
1.25,.79000002,.76999998,.81,All Persons,All IMD Quintiles,North West,All Routes,All Stages,60-64,All Years
1.5,.75999999,.74000001,.79000002,All Persons,All IMD Quintiles,North West,All Routes,All Stages,60-64,All Years
1.75,.74000001,.72000003,.76999998,All Persons,All IMD Quintiles,North West,All Routes,All Stages,60-64,All Years
2,.72000003,.69999999,.75,All Persons,All IMD Quintiles,North West,All Routes,All Stages,60-64,All Years
2.25,.70999998,.68000001,.73000002,All Persons,All IMD Quintiles,North West,All Routes,All Stages,60-64,All Years
2.5,.69,.67000002,.72000003,All Persons,All IMD Quintiles,North West,All Routes,All Stages,60-64,All Years
2.75,.68000001,.64999998,.70999998,All Persons,All IMD Quintiles,North West,All Routes,All Stages,60-64,All Years
3,.67000002,.63999999,.69999999,All Persons,All IMD Quintiles,North West,All Routes,All Stages,60-64,All Years
3.25,.66000003,.63,.69,All Persons,All IMD Quintiles,North West,All Routes,All Stages,60-64,All Years
3.5,.64999998,.62,.68000001,All Persons,All IMD Quintiles,North West,All Routes,All Stages,60-64,All Years
3.75,.63999999,.61000001,.67000002,All Persons,All IMD Quintiles,North West,All Routes,All Stages,60-64,All Years
4,.63,.60000002,.66000003,All Persons,All IMD Quintiles,North West,All Routes,All Stages,60-64,All Years
4.25,.62,.58999997,.64999998,All Persons,All IMD Quintiles,North West,All Routes,All Stages,60-64,All Years
4.5,.61000001,.57999998,.64999998,All Persons,All IMD Quintiles,North West,All Routes,All Stages,60-64,All Years
4.75,.61000001,.57999998,.63999999,All Persons,All IMD Quintiles,North West,All Routes,All Stages,60-64,All Years
5,.60000002,.56999999,.63,All Persons,All IMD Quintiles,North West,All Routes,All Stages,60-64,All Years
0,1,1,1,All Persons,All IMD Quintiles,North West,All Routes,All Stages,65-69,All Years
.25,.93000001,.92000002,.94,All Persons,All IMD Quintiles,North West,All Routes,All Stages,65-69,All Years
.5,.88,.86000001,.88999999,All Persons,All IMD Quintiles,North West,All Routes,All Stages,65-69,All Years
.75,.82999998,.81,.85000002,All Persons,All IMD Quintiles,North West,All Routes,All Stages,65-69,All Years
1,.79000002,.76999998,.81,All Persons,All IMD Quintiles,North West,All Routes,All Stages,65-69,All Years
1.25,.74000001,.72000003,.76999998,All Persons,All IMD Quintiles,North West,All Routes,All Stages,65-69,All Years
1.5,.72000003,.69999999,.74000001,All Persons,All IMD Quintiles,North West,All Routes,All Stages,65-69,All Years
1.75,.69,.67000002,.72000003,All Persons,All IMD Quintiles,North West,All Routes,All Stages,65-69,All Years
2,.66000003,.63999999,.69,All Persons,All IMD Quintiles,North West,All Routes,All Stages,65-69,All Years
2.25,.64999998,.62,.67000002,All Persons,All IMD Quintiles,North West,All Routes,All Stages,65-69,All Years
2.5,.63,.60000002,.64999998,All Persons,All IMD Quintiles,North West,All Routes,All Stages,65-69,All Years
2.75,.61000001,.58999997,.63999999,All Persons,All IMD Quintiles,North West,All Routes,All Stages,65-69,All Years
3,.60000002,.57999998,.63,All Persons,All IMD Quintiles,North West,All Routes,All Stages,65-69,All Years
3.25,.60000002,.56999999,.62,All Persons,All IMD Quintiles,North West,All Routes,All Stages,65-69,All Years
3.5,.58999997,.56,.61000001,All Persons,All IMD Quintiles,North West,All Routes,All Stages,65-69,All Years
3.75,.57999998,.55000001,.60000002,All Persons,All IMD Quintiles,North West,All Routes,All Stages,65-69,All Years
4,.56999999,.54000002,.60000002,All Persons,All IMD Quintiles,North West,All Routes,All Stages,65-69,All Years
4.25,.56,.52999997,.57999998,All Persons,All IMD Quintiles,North West,All Routes,All Stages,65-69,All Years
4.5,.55000001,.51999998,.57999998,All Persons,All IMD Quintiles,North West,All Routes,All Stages,65-69,All Years
4.75,.52999997,.5,.56,All Persons,All IMD Quintiles,North West,All Routes,All Stages,65-69,All Years
5,.51999998,.49000001,.55000001,All Persons,All IMD Quintiles,North West,All Routes,All Stages,65-69,All Years
0,1,1,1,All Persons,All IMD Quintiles,North West,All Routes,All Stages,70-74,All Years
.25,.91000003,.88999999,.92000002,All Persons,All IMD Quintiles,North West,All Routes,All Stages,70-74,All Years
.5,.83999997,.81999999,.86000001,All Persons,All IMD Quintiles,North West,All Routes,All Stages,70-74,All Years
.75,.77999997,.75999999,.80000001,All Persons,All IMD Quintiles,North West,All Routes,All Stages,70-74,All Years
1,.74000001,.70999998,.75999999,All Persons,All IMD Quintiles,North West,All Routes,All Stages,70-74,All Years
1.25,.69999999,.67000002,.72000003,All Persons,All IMD Quintiles,North West,All Routes,All Stages,70-74,All Years
1.5,.67000002,.63999999,.69999999,All Persons,All IMD Quintiles,North West,All Routes,All Stages,70-74,All Years
1.75,.64999998,.62,.67000002,All Persons,All IMD Quintiles,North West,All Routes,All Stages,70-74,All Years
2,.62,.60000002,.64999998,All Persons,All IMD Quintiles,North West,All Routes,All Stages,70-74,All Years
2.25,.60000002,.56999999,.63,All Persons,All IMD Quintiles,North West,All Routes,All Stages,70-74,All Years
2.5,.57999998,.55000001,.61000001,All Persons,All IMD Quintiles,North West,All Routes,All Stages,70-74,All Years
2.75,.56,.52999997,.58999997,All Persons,All IMD Quintiles,North West,All Routes,All Stages,70-74,All Years
3,.55000001,.51999998,.57999998,All Persons,All IMD Quintiles,North West,All Routes,All Stages,70-74,All Years
3.25,.52999997,.5,.56,All Persons,All IMD Quintiles,North West,All Routes,All Stages,70-74,All Years
3.5,.51999998,.49000001,.55000001,All Persons,All IMD Quintiles,North West,All Routes,All Stages,70-74,All Years
3.75,.5,.47,.52999997,All Persons,All IMD Quintiles,North West,All Routes,All Stages,70-74,All Years
4,.49000001,.46000001,.51999998,All Persons,All IMD Quintiles,North West,All Routes,All Stages,70-74,All Years
4.25,.47999999,.44999999,.50999999,All Persons,All IMD Quintiles,North West,All Routes,All Stages,70-74,All Years
4.5,.47,.44,.5,All Persons,All IMD Quintiles,North West,All Routes,All Stages,70-74,All Years
4.75,.46000001,.43000001,.49000001,All Persons,All IMD Quintiles,North West,All Routes,All Stages,70-74,All Years
5,.44999999,.41,.47999999,All Persons,All IMD Quintiles,North West,All Routes,All Stages,70-74,All Years
0,1,.99000001,1,All Persons,All IMD Quintiles,North West,All Routes,All Stages,75-79,All Years
.25,.88,.86000001,.89999998,All Persons,All IMD Quintiles,North West,All Routes,All Stages,75-79,All Years
.5,.81,.77999997,.83999997,All Persons,All IMD Quintiles,North West,All Routes,All Stages,75-79,All Years
.75,.75999999,.73000002,.79000002,All Persons,All IMD Quintiles,North West,All Routes,All Stages,75-79,All Years
1,.70999998,.68000001,.74000001,All Persons,All IMD Quintiles,North West,All Routes,All Stages,75-79,All Years
1.25,.67000002,.63999999,.69999999,All Persons,All IMD Quintiles,North West,All Routes,All Stages,75-79,All Years
1.5,.63,.60000002,.66000003,All Persons,All IMD Quintiles,North West,All Routes,All Stages,75-79,All Years
1.75,.61000001,.56999999,.63999999,All Persons,All IMD Quintiles,North West,All Routes,All Stages,75-79,All Years
2,.57999998,.55000001,.62,All Persons,All IMD Quintiles,North West,All Routes,All Stages,75-79,All Years
2.25,.56,.51999998,.58999997,All Persons,All IMD Quintiles,North West,All Routes,All Stages,75-79,All Years
2.5,.55000001,.50999999,.57999998,All Persons,All IMD Quintiles,North West,All Routes,All Stages,75-79,All Years
2.75,.54000002,.5,.56999999,All Persons,All IMD Quintiles,North West,All Routes,All Stages,75-79,All Years
3,.51999998,.47999999,.56,All Persons,All IMD Quintiles,North West,All Routes,All Stages,75-79,All Years
3.25,.5,.46000001,.52999997,All Persons,All IMD Quintiles,North West,All Routes,All Stages,75-79,All Years
3.5,.49000001,.44999999,.51999998,All Persons,All IMD Quintiles,North West,All Routes,All Stages,75-79,All Years
3.75,.47999999,.44,.50999999,All Persons,All IMD Quintiles,North West,All Routes,All Stages,75-79,All Years
4,.46000001,.41999999,.5,All Persons,All IMD Quintiles,North West,All Routes,All Stages,75-79,All Years
4.25,.44,.40000001,.47999999,All Persons,All IMD Quintiles,North West,All Routes,All Stages,75-79,All Years
4.5,.43000001,.38999999,.47,All Persons,All IMD Quintiles,North West,All Routes,All Stages,75-79,All Years
4.75,.41,.37,.44999999,All Persons,All IMD Quintiles,North West,All Routes,All Stages,75-79,All Years
5,.40000001,.36000001,.44,All Persons,All IMD Quintiles,North West,All Routes,All Stages,75-79,All Years
0,1,.99000001,1,All Persons,All IMD Quintiles,North West,All Routes,All Stages,80-84,All Years
.25,.88,.85000002,.89999998,All Persons,All IMD Quintiles,North West,All Routes,All Stages,80-84,All Years
.5,.79000002,.75999999,.82999998,All Persons,All IMD Quintiles,North West,All Routes,All Stages,80-84,All Years
.75,.73000002,.69,.75999999,All Persons,All IMD Quintiles,North West,All Routes,All Stages,80-84,All Years
1,.67000002,.63,.70999998,All Persons,All IMD Quintiles,North West,All Routes,All Stages,80-84,All Years
1.25,.63,.58999997,.67000002,All Persons,All IMD Quintiles,North West,All Routes,All Stages,80-84,All Years
1.5,.58999997,.55000001,.63,All Persons,All IMD Quintiles,North West,All Routes,All Stages,80-84,All Years
1.75,.56,.51999998,.60000002,All Persons,All IMD Quintiles,North West,All Routes,All Stages,80-84,All Years
2,.52999997,.47999999,.56999999,All Persons,All IMD Quintiles,North West,All Routes,All Stages,80-84,All Years
2.25,.5,.46000001,.55000001,All Persons,All IMD Quintiles,North West,All Routes,All Stages,80-84,All Years
2.5,.47999999,.44,.52999997,All Persons,All IMD Quintiles,North West,All Routes,All Stages,80-84,All Years
2.75,.47,.41999999,.50999999,All Persons,All IMD Quintiles,North West,All Routes,All Stages,80-84,All Years
3,.44,.40000001,.49000001,All Persons,All IMD Quintiles,North West,All Routes,All Stages,80-84,All Years
3.25,.43000001,.38999999,.47999999,All Persons,All IMD Quintiles,North West,All Routes,All Stages,80-84,All Years
3.5,.40000001,.36000001,.44999999,All Persons,All IMD Quintiles,North West,All Routes,All Stages,80-84,All Years
3.75,.38,.34,.43000001,All Persons,All IMD Quintiles,North West,All Routes,All Stages,80-84,All Years
4,.37,.31999999,.41999999,All Persons,All IMD Quintiles,North West,All Routes,All Stages,80-84,All Years
4.25,.36000001,.31,.40000001,All Persons,All IMD Quintiles,North West,All Routes,All Stages,80-84,All Years
4.5,.34999999,.30000001,.40000001,All Persons,All IMD Quintiles,North West,All Routes,All Stages,80-84,All Years
4.75,.34,.28999999,.38999999,All Persons,All IMD Quintiles,North West,All Routes,All Stages,80-84,All Years
5,.31999999,.27000001,.37,All Persons,All IMD Quintiles,North West,All Routes,All Stages,80-84,All Years
0,1,.99000001,1,All Persons,All IMD Quintiles,North West,All Routes,All Stages,85-89,All Years
.25,.79000002,.75,.83999997,All Persons,All IMD Quintiles,North West,All Routes,All Stages,85-89,All Years
.5,.64999998,.58999997,.69999999,All Persons,All IMD Quintiles,North West,All Routes,All Stages,85-89,All Years
.75,.57999998,.51999998,.63,All Persons,All IMD Quintiles,North West,All Routes,All Stages,85-89,All Years
1,.51999998,.46000001,.57999998,All Persons,All IMD Quintiles,North West,All Routes,All Stages,85-89,All Years
1.25,.47999999,.41999999,.52999997,All Persons,All IMD Quintiles,North West,All Routes,All Stages,85-89,All Years
1.5,.44999999,.38999999,.5,All Persons,All IMD Quintiles,North West,All Routes,All Stages,85-89,All Years
1.75,.41999999,.36000001,.47,All Persons,All IMD Quintiles,North West,All Routes,All Stages,85-89,All Years
2,.41,.34999999,.47,All Persons,All IMD Quintiles,North West,All Routes,All Stages,85-89,All Years
2.25,.38,.31999999,.44,All Persons,All IMD Quintiles,North West,All Routes,All Stages,85-89,All Years
2.5,.37,.31,.41999999,All Persons,All IMD Quintiles,North West,All Routes,All Stages,85-89,All Years
2.75,.34999999,.28999999,.41,All Persons,All IMD Quintiles,North West,All Routes,All Stages,85-89,All Years
3,.34,.28,.40000001,All Persons,All IMD Quintiles,North West,All Routes,All Stages,85-89,All Years
3.25,.33000001,.27000001,.38999999,All Persons,All IMD Quintiles,North West,All Routes,All Stages,85-89,All Years
3.5,.31999999,.25999999,.37,All Persons,All IMD Quintiles,North West,All Routes,All Stages,85-89,All Years
3.75,.31999999,.25999999,.37,All Persons,All IMD Quintiles,North West,All Routes,All Stages,85-89,All Years
4,.28,.23,.34,All Persons,All IMD Quintiles,North West,All Routes,All Stages,85-89,All Years
4.25,.23999999,.19,.30000001,All Persons,All IMD Quintiles,North West,All Routes,All Stages,85-89,All Years
4.5,.20999999,.16,.27000001,All Persons,All IMD Quintiles,North West,All Routes,All Stages,85-89,All Years
4.75,.20999999,.16,.27000001,All Persons,All IMD Quintiles,North West,All Routes,All Stages,85-89,All Years
5,.19,.13,.25,All Persons,All IMD Quintiles,North West,All Routes,All Stages,85-89,All Years
0,.99000001,.98000002,1.01,All Persons,All IMD Quintiles,North West,All Routes,All Stages,90+,All Years
.25,.67000002,.58999997,.75,All Persons,All IMD Quintiles,North West,All Routes,All Stages,90+,All Years
.5,.49000001,.40000001,.56999999,All Persons,All IMD Quintiles,North West,All Routes,All Stages,90+,All Years
.75,.43000001,.34,.50999999,All Persons,All IMD Quintiles,North West,All Routes,All Stages,90+,All Years
1,.38999999,.30000001,.47,All Persons,All IMD Quintiles,North West,All Routes,All Stages,90+,All Years
1.25,.38,.30000001,.46000001,All Persons,All IMD Quintiles,North West,All Routes,All Stages,90+,All Years
1.5,.34999999,.27000001,.44,All Persons,All IMD Quintiles,North West,All Routes,All Stages,90+,All Years
1.75,.33000001,.25,.41999999,All Persons,All IMD Quintiles,North West,All Routes,All Stages,90+,All Years
2,.31999999,.23999999,.41,All Persons,All IMD Quintiles,North West,All Routes,All Stages,90+,All Years
2.25,.28,.2,.36000001,All Persons,All IMD Quintiles,North West,All Routes,All Stages,90+,All Years
2.5,.25999999,.18000001,.34,All Persons,All IMD Quintiles,North West,All Routes,All Stages,90+,All Years
2.75,.23,.15000001,.31,All Persons,All IMD Quintiles,North West,All Routes,All Stages,90+,All Years
3,.22,.14,.30000001,All Persons,All IMD Quintiles,North West,All Routes,All Stages,90+,All Years
3.25,.20999999,.13,.28999999,All Persons,All IMD Quintiles,North West,All Routes,All Stages,90+,All Years
3.5,.18000001,.11,.25999999,All Persons,All IMD Quintiles,North West,All Routes,All Stages,90+,All Years
3.75,.17,.090000004,.23999999,All Persons,All IMD Quintiles,North West,All Routes,All Stages,90+,All Years
4,.15000001,.079999998,.23,All Persons,All IMD Quintiles,North West,All Routes,All Stages,90+,All Years
4.25,.14,.07,.20999999,All Persons,All IMD Quintiles,North West,All Routes,All Stages,90+,All Years
5,.14,.07,.20999999,All Persons,All IMD Quintiles,North West,All Routes,All Stages,90+,All Years
0,1,1,1,All Persons,All IMD Quintiles,North West,All Routes,All Stages,All Ages,2016
.25,.92000002,.91000003,.93000001,All Persons,All IMD Quintiles,North West,All Routes,All Stages,All Ages,2016
.5,.86000001,.83999997,.88,All Persons,All IMD Quintiles,North West,All Routes,All Stages,All Ages,2016
.75,.81999999,.80000001,.83999997,All Persons,All IMD Quintiles,North West,All Routes,All Stages,All Ages,2016
1,.76999998,.75,.80000001,All Persons,All IMD Quintiles,North West,All Routes,All Stages,All Ages,2016
1.25,.74000001,.70999998,.75999999,All Persons,All IMD Quintiles,North West,All Routes,All Stages,All Ages,2016
1.5,.70999998,.68000001,.73000002,All Persons,All IMD Quintiles,North West,All Routes,All Stages,All Ages,2016
1.75,.69,.66000003,.70999998,All Persons,All IMD Quintiles,North West,All Routes,All Stages,All Ages,2016
2,.66000003,.63999999,.68000001,All Persons,All IMD Quintiles,North West,All Routes,All Stages,All Ages,2016
2.25,.63999999,.61000001,.66000003,All Persons,All IMD Quintiles,North West,All Routes,All Stages,All Ages,2016
2.5,.62,.60000002,.64999998,All Persons,All IMD Quintiles,North West,All Routes,All Stages,All Ages,2016
2.75,.61000001,.57999998,.63,All Persons,All IMD Quintiles,North West,All Routes,All Stages,All Ages,2016
3,.58999997,.56999999,.62,All Persons,All IMD Quintiles,North West,All Routes,All Stages,All Ages,2016
3.25,.57999998,.56,.61000001,All Persons,All IMD Quintiles,North West,All Routes,All Stages,All Ages,2016
3.5,.56999999,.55000001,.60000002,All Persons,All IMD Quintiles,North West,All Routes,All Stages,All Ages,2016
3.75,.56,.52999997,.57999998,All Persons,All IMD Quintiles,North West,All Routes,All Stages,All Ages,2016
4,.55000001,.51999998,.56999999,All Persons,All IMD Quintiles,North West,All Routes,All Stages,All Ages,2016
4.25,.54000002,.50999999,.56,All Persons,All IMD Quintiles,North West,All Routes,All Stages,All Ages,2016
4.5,.52999997,.50999999,.56,All Persons,All IMD Quintiles,North West,All Routes,All Stages,All Ages,2016
4.75,.52999997,.5,.55000001,All Persons,All IMD Quintiles,North West,All Routes,All Stages,All Ages,2016
5,.51999998,.49000001,.54000002,All Persons,All IMD Quintiles,North West,All Routes,All Stages,All Ages,2016
0,1,1,1,All Persons,All IMD Quintiles,North West,All Routes,All Stages,All Ages,2017
.25,.94999999,.93000001,.95999998,All Persons,All IMD Quintiles,North West,All Routes,All Stages,All Ages,2017
.5,.88999999,.87,.89999998,All Persons,All IMD Quintiles,North West,All Routes,All Stages,All Ages,2017
.75,.83999997,.81999999,.86000001,All Persons,All IMD Quintiles,North West,All Routes,All Stages,All Ages,2017
1,.80000001,.77999997,.81999999,All Persons,All IMD Quintiles,North West,All Routes,All Stages,All Ages,2017
1.25,.76999998,.74000001,.79000002,All Persons,All IMD Quintiles,North West,All Routes,All Stages,All Ages,2017
1.5,.74000001,.70999998,.75999999,All Persons,All IMD Quintiles,North West,All Routes,All Stages,All Ages,2017
1.75,.70999998,.69,.73000002,All Persons,All IMD Quintiles,North West,All Routes,All Stages,All Ages,2017
2,.69,.67000002,.70999998,All Persons,All IMD Quintiles,North West,All Routes,All Stages,All Ages,2017
2.25,.67000002,.63999999,.69,All Persons,All IMD Quintiles,North West,All Routes,All Stages,All Ages,2017
2.5,.64999998,.63,.68000001,All Persons,All IMD Quintiles,North West,All Routes,All Stages,All Ages,2017
2.75,.63999999,.62,.66000003,All Persons,All IMD Quintiles,North West,All Routes,All Stages,All Ages,2017
3,.63,.60000002,.64999998,All Persons,All IMD Quintiles,North West,All Routes,All Stages,All Ages,2017
3.25,.62,.58999997,.63999999,All Persons,All IMD Quintiles,North West,All Routes,All Stages,All Ages,2017
3.5,.60000002,.57999998,.63,All Persons,All IMD Quintiles,North West,All Routes,All Stages,All Ages,2017
3.75,.58999997,.56999999,.62,All Persons,All IMD Quintiles,North West,All Routes,All Stages,All Ages,2017
4,.57999998,.56,.61000001,All Persons,All IMD Quintiles,North West,All Routes,All Stages,All Ages,2017
4.25,.56999999,.55000001,.60000002,All Persons,All IMD Quintiles,North West,All Routes,All Stages,All Ages,2017
4.5,.56,.54000002,.58999997,All Persons,All IMD Quintiles,North West,All Routes,All Stages,All Ages,2017
4.75,.55000001,.52999997,.57999998,All Persons,All IMD Quintiles,North West,All Routes,All Stages,All Ages,2017
5,.54000002,.51999998,.56999999,All Persons,All IMD Quintiles,North West,All Routes,All Stages,All Ages,2017
0,1,1,1,All Persons,All IMD Quintiles,North West,All Routes,All Stages,All Ages,2018
.25,.93000001,.92000002,.94,All Persons,All IMD Quintiles,North West,All Routes,All Stages,All Ages,2018
.5,.87,.86000001,.88999999,All Persons,All IMD Quintiles,North West,All Routes,All Stages,All Ages,2018
.75,.82999998,.81,.85000002,All Persons,All IMD Quintiles,North West,All Routes,All Stages,All Ages,2018
1,.79000002,.76999998,.81,All Persons,All IMD Quintiles,North West,All Routes,All Stages,All Ages,2018
1.25,.75999999,.73000002,.77999997,All Persons,All IMD Quintiles,North West,All Routes,All Stages,All Ages,2018
1.5,.73000002,.70999998,.75,All Persons,All IMD Quintiles,North West,All Routes,All Stages,All Ages,2018
1.75,.72000003,.69999999,.74000001,All Persons,All IMD Quintiles,North West,All Routes,All Stages,All Ages,2018
2,.69999999,.67000002,.72000003,All Persons,All IMD Quintiles,North West,All Routes,All Stages,All Ages,2018
2.25,.67000002,.64999998,.69,All Persons,All IMD Quintiles,North West,All Routes,All Stages,All Ages,2018
2.5,.64999998,.62,.67000002,All Persons,All IMD Quintiles,North West,All Routes,All Stages,All Ages,2018
2.75,.63,.61000001,.66000003,All Persons,All IMD Quintiles,North West,All Routes,All Stages,All Ages,2018
3,.62,.60000002,.64999998,All Persons,All IMD Quintiles,North West,All Routes,All Stages,All Ages,2018
3.25,.61000001,.58999997,.63,All Persons,All IMD Quintiles,North West,All Routes,All Stages,All Ages,2018
3.5,.60000002,.56999999,.62,All Persons,All IMD Quintiles,North West,All Routes,All Stages,All Ages,2018
3.75,.58999997,.56,.61000001,All Persons,All IMD Quintiles,North West,All Routes,All Stages,All Ages,2018
4,.57999998,.55000001,.60000002,All Persons,All IMD Quintiles,North West,All Routes,All Stages,All Ages,2018
4.25,.56,.54000002,.58999997,All Persons,All IMD Quintiles,North West,All Routes,All Stages,All Ages,2018
4.5,.56,.52999997,.57999998,All Persons,All IMD Quintiles,North West,All Routes,All Stages,All Ages,2018
4.75,.54000002,.51999998,.56999999,All Persons,All IMD Quintiles,North West,All Routes,All Stages,All Ages,2018
5,.54000002,.50999999,.56999999,All Persons,All IMD Quintiles,North West,All Routes,All Stages,All Ages,2018
0,1,1,1,All Persons,All IMD Quintiles,North West,All Routes,All Stages,All Ages,2019
.25,.93000001,.91000003,.94,All Persons,All IMD Quintiles,North West,All Routes,All Stages,All Ages,2019
.5,.88,.86000001,.88999999,All Persons,All IMD Quintiles,North West,All Routes,All Stages,All Ages,2019
.75,.81999999,.80000001,.83999997,All Persons,All IMD Quintiles,North West,All Routes,All Stages,All Ages,2019
1,.76999998,.74000001,.79000002,All Persons,All IMD Quintiles,North West,All Routes,All Stages,All Ages,2019
1.25,.74000001,.70999998,.75999999,All Persons,All IMD Quintiles,North West,All Routes,All Stages,All Ages,2019
1.5,.70999998,.69,.74000001,All Persons,All IMD Quintiles,North West,All Routes,All Stages,All Ages,2019
1.75,.69,.66000003,.70999998,All Persons,All IMD Quintiles,North West,All Routes,All Stages,All Ages,2019
2,.67000002,.64999998,.69999999,All Persons,All IMD Quintiles,North West,All Routes,All Stages,All Ages,2019
2.25,.66000003,.63999999,.69,All Persons,All IMD Quintiles,North West,All Routes,All Stages,All Ages,2019
2.5,.64999998,.62,.67000002,All Persons,All IMD Quintiles,North West,All Routes,All Stages,All Ages,2019
2.75,.63999999,.61000001,.66000003,All Persons,All IMD Quintiles,North West,All Routes,All Stages,All Ages,2019
3,.62,.60000002,.64999998,All Persons,All IMD Quintiles,North West,All Routes,All Stages,All Ages,2019
3.25,.61000001,.58999997,.63999999,All Persons,All IMD Quintiles,North West,All Routes,All Stages,All Ages,2019
3.5,.58999997,.56999999,.62,All Persons,All IMD Quintiles,North West,All Routes,All Stages,All Ages,2019
3.75,.58999997,.56,.61000001,All Persons,All IMD Quintiles,North West,All Routes,All Stages,All Ages,2019
4,.56999999,.52999997,.60000002,All Persons,All IMD Quintiles,North West,All Routes,All Stages,All Ages,2019
4.5,.56999999,.52999997,.60000002,All Persons,All IMD Quintiles,North West,All Routes,All Stages,All Ages,2019
4.75,.56999999,.52999997,.60000002,All Persons,All IMD Quintiles,North West,All Routes,All Stages,All Ages,2019
5,.44999999,.27000001,.63,All Persons,All IMD Quintiles,North West,All Routes,All Stages,All Ages,2019
0,1,1,1,All Persons,All IMD Quintiles,North West,All Routes,All Stages,All Ages,2020
.25,.92000002,.89999998,.93000001,All Persons,All IMD Quintiles,North West,All Routes,All Stages,All Ages,2020
.5,.85000002,.82999998,.87,All Persons,All IMD Quintiles,North West,All Routes,All Stages,All Ages,2020
.75,.80000001,.77999997,.81999999,All Persons,All IMD Quintiles,North West,All Routes,All Stages,All Ages,2020
1,.75999999,.74000001,.77999997,All Persons,All IMD Quintiles,North West,All Routes,All Stages,All Ages,2020
1.25,.73000002,.70999998,.75,All Persons,All IMD Quintiles,North West,All Routes,All Stages,All Ages,2020
1.5,.69999999,.67000002,.72000003,All Persons,All IMD Quintiles,North West,All Routes,All Stages,All Ages,2020
1.75,.67000002,.64999998,.69999999,All Persons,All IMD Quintiles,North West,All Routes,All Stages,All Ages,2020
2,.66000003,.63,.68000001,All Persons,All IMD Quintiles,North West,All Routes,All Stages,All Ages,2020
2.25,.63999999,.61000001,.66000003,All Persons,All IMD Quintiles,North West,All Routes,All Stages,All Ages,2020
2.5,.62,.60000002,.64999998,All Persons,All IMD Quintiles,North West,All Routes,All Stages,All Ages,2020
2.75,.62,.58999997,.63999999,All Persons,All IMD Quintiles,North West,All Routes,All Stages,All Ages,2020
3,.61000001,.57999998,.63999999,All Persons,All IMD Quintiles,North West,All Routes,All Stages,All Ages,2020
3.25,.61000001,.57999998,.63999999,All Persons,All IMD Quintiles,North West,All Routes,All Stages,All Ages,2020
4.25,.61000001,.57999998,.63999999,All Persons,All IMD Quintiles,North West,All Routes,All Stages,All Ages,2020
5,.61000001,.57999998,.63999999,All Persons,All IMD Quintiles,North West,All Routes,All Stages,All Ages,2020
0,1,1,1,All Persons,All IMD Quintiles,North West,All Routes,All Stages,All Ages,2021
.25,.92000002,.91000003,.94,All Persons,All IMD Quintiles,North West,All Routes,All Stages,All Ages,2021
.5,.87,.85000002,.88,All Persons,All IMD Quintiles,North West,All Routes,All Stages,All Ages,2021
.75,.82999998,.81,.85000002,All Persons,All IMD Quintiles,North West,All Routes,All Stages,All Ages,2021
1,.80000001,.77999997,.81999999,All Persons,All IMD Quintiles,North West,All Routes,All Stages,All Ages,2021
1.25,.76999998,.75,.79000002,All Persons,All IMD Quintiles,North West,All Routes,All Stages,All Ages,2021
1.5,.74000001,.72000003,.75999999,All Persons,All IMD Quintiles,North West,All Routes,All Stages,All Ages,2021
1.75,.72000003,.69,.74000001,All Persons,All IMD Quintiles,North West,All Routes,All Stages,All Ages,2021
2,.69,.66000003,.72000003,All Persons,All IMD Quintiles,North West,All Routes,All Stages,All Ages,2021
2.25,.69,.66000003,.72000003,All Persons,All IMD Quintiles,North West,All Routes,All Stages,All Ages,2021
3,.69,.66000003,.72000003,All Persons,All IMD Quintiles,North West,All Routes,All Stages,All Ages,2021
3.25,.69,.66000003,.72000003,All Persons,All IMD Quintiles,North West,All Routes,All Stages,All Ages,2021
4.25,.69,.66000003,.72000003,All Persons,All IMD Quintiles,North West,All Routes,All Stages,All Ages,2021
4.5,.61000001,.47999999,.75,All Persons,All IMD Quintiles,North West,All Routes,All Stages,All Ages,2021
4.75,.61000001,.47999999,.75,All Persons,All IMD Quintiles,North West,All Routes,All Stages,All Ages,2021
5,.61000001,.47999999,.75,All Persons,All IMD Quintiles,North West,All Routes,All Stages,All Ages,2021
0,.99000001,.98000002,1,All Persons,All IMD Quintiles,South East,Emergency,All Stages,All Ages,All Years
.25,.67000002,.62,.73000002,All Persons,All IMD Quintiles,South East,Emergency,All Stages,All Ages,All Years
.5,.56,.5,.61000001,All Persons,All IMD Quintiles,South East,Emergency,All Stages,All Ages,All Years
.75,.49000001,.44,.55000001,All Persons,All IMD Quintiles,South East,Emergency,All Stages,All Ages,All Years
1,.44,.38,.49000001,All Persons,All IMD Quintiles,South East,Emergency,All Stages,All Ages,All Years
1.25,.40000001,.34,.46000001,All Persons,All IMD Quintiles,South East,Emergency,All Stages,All Ages,All Years
1.5,.38,.31999999,.44,All Persons,All IMD Quintiles,South East,Emergency,All Stages,All Ages,All Years
1.75,.37,.31,.41999999,All Persons,All IMD Quintiles,South East,Emergency,All Stages,All Ages,All Years
2,.36000001,.30000001,.41,All Persons,All IMD Quintiles,South East,Emergency,All Stages,All Ages,All Years
2.25,.34,.28999999,.40000001,All Persons,All IMD Quintiles,South East,Emergency,All Stages,All Ages,All Years
2.5,.31999999,.27000001,.38,All Persons,All IMD Quintiles,South East,Emergency,All Stages,All Ages,All Years
2.75,.31999999,.27000001,.37,All Persons,All IMD Quintiles,South East,Emergency,All Stages,All Ages,All Years
3,.31,.25,.36000001,All Persons,All IMD Quintiles,South East,Emergency,All Stages,All Ages,All Years
3.25,.31,.25,.36000001,All Persons,All IMD Quintiles,South East,Emergency,All Stages,All Ages,All Years
3.5,.30000001,.25,.36000001,All Persons,All IMD Quintiles,South East,Emergency,All Stages,All Ages,All Years
3.75,.28999999,.23999999,.34,All Persons,All IMD Quintiles,South East,Emergency,All Stages,All Ages,All Years
4,.28999999,.23999999,.34,All Persons,All IMD Quintiles,South East,Emergency,All Stages,All Ages,All Years
4.25,.28999999,.23,.34,All Persons,All IMD Quintiles,South East,Emergency,All Stages,All Ages,All Years
4.5,.28,.23,.33000001,All Persons,All IMD Quintiles,South East,Emergency,All Stages,All Ages,All Years
4.75,.27000001,.22,.33000001,All Persons,All IMD Quintiles,South East,Emergency,All Stages,All Ages,All Years
5,.27000001,.22,.31999999,All Persons,All IMD Quintiles,South East,Emergency,All Stages,All Ages,All Years
0,1,1,1,All Persons,All IMD Quintiles,South East,Non-emergency,All Stages,All Ages,All Years
.25,.94999999,.94999999,.95999998,All Persons,All IMD Quintiles,South East,Non-emergency,All Stages,All Ages,All Years
.5,.89999998,.88999999,.91000003,All Persons,All IMD Quintiles,South East,Non-emergency,All Stages,All Ages,All Years
.75,.85000002,.83999997,.86000001,All Persons,All IMD Quintiles,South East,Non-emergency,All Stages,All Ages,All Years
1,.81999999,.80000001,.82999998,All Persons,All IMD Quintiles,South East,Non-emergency,All Stages,All Ages,All Years
1.25,.79000002,.76999998,.80000001,All Persons,All IMD Quintiles,South East,Non-emergency,All Stages,All Ages,All Years
1.5,.75999999,.75,.77999997,All Persons,All IMD Quintiles,South East,Non-emergency,All Stages,All Ages,All Years
1.75,.74000001,.73000002,.75,All Persons,All IMD Quintiles,South East,Non-emergency,All Stages,All Ages,All Years
2,.72000003,.69999999,.73000002,All Persons,All IMD Quintiles,South East,Non-emergency,All Stages,All Ages,All Years
2.25,.69999999,.69,.70999998,All Persons,All IMD Quintiles,South East,Non-emergency,All Stages,All Ages,All Years
2.5,.69,.67000002,.69999999,All Persons,All IMD Quintiles,South East,Non-emergency,All Stages,All Ages,All Years
2.75,.68000001,.66000003,.69,All Persons,All IMD Quintiles,South East,Non-emergency,All Stages,All Ages,All Years
3,.66000003,.64999998,.68000001,All Persons,All IMD Quintiles,South East,Non-emergency,All Stages,All Ages,All Years
3.25,.64999998,.63999999,.67000002,All Persons,All IMD Quintiles,South East,Non-emergency,All Stages,All Ages,All Years
3.5,.63999999,.63,.66000003,All Persons,All IMD Quintiles,South East,Non-emergency,All Stages,All Ages,All Years
3.75,.63,.62,.64999998,All Persons,All IMD Quintiles,South East,Non-emergency,All Stages,All Ages,All Years
4,.62,.60000002,.63,All Persons,All IMD Quintiles,South East,Non-emergency,All Stages,All Ages,All Years
4.25,.61000001,.60000002,.63,All Persons,All IMD Quintiles,South East,Non-emergency,All Stages,All Ages,All Years
4.5,.60000002,.58999997,.62,All Persons,All IMD Quintiles,South East,Non-emergency,All Stages,All Ages,All Years
4.75,.58999997,.57999998,.61000001,All Persons,All IMD Quintiles,South East,Non-emergency,All Stages,All Ages,All Years
5,.57999998,.56999999,.60000002,All Persons,All IMD Quintiles,South East,Non-emergency,All Stages,All Ages,All Years
0,1,1,1,All Persons,All IMD Quintiles,South East,All Routes,Early,All Ages,All Years
.25,.99000001,.99000001,.99000001,All Persons,All IMD Quintiles,South East,All Routes,Early,All Ages,All Years
.5,.97000003,.97000003,.98000002,All Persons,All IMD Quintiles,South East,All Routes,Early,All Ages,All Years
.75,.95999998,.94999999,.97000003,All Persons,All IMD Quintiles,South East,All Routes,Early,All Ages,All Years
1,.94,.93000001,.94999999,All Persons,All IMD Quintiles,South East,All Routes,Early,All Ages,All Years
1.25,.93000001,.92000002,.93000001,All Persons,All IMD Quintiles,South East,All Routes,Early,All Ages,All Years
1.5,.91000003,.89999998,.92000002,All Persons,All IMD Quintiles,South East,All Routes,Early,All Ages,All Years
1.75,.88999999,.88,.89999998,All Persons,All IMD Quintiles,South East,All Routes,Early,All Ages,All Years
2,.88,.86000001,.88999999,All Persons,All IMD Quintiles,South East,All Routes,Early,All Ages,All Years
2.25,.86000001,.85000002,.87,All Persons,All IMD Quintiles,South East,All Routes,Early,All Ages,All Years
2.5,.85000002,.83999997,.87,All Persons,All IMD Quintiles,South East,All Routes,Early,All Ages,All Years
2.75,.83999997,.82999998,.86000001,All Persons,All IMD Quintiles,South East,All Routes,Early,All Ages,All Years
3,.82999998,.81999999,.83999997,All Persons,All IMD Quintiles,South East,All Routes,Early,All Ages,All Years
3.25,.81999999,.80000001,.82999998,All Persons,All IMD Quintiles,South East,All Routes,Early,All Ages,All Years
3.5,.81,.79000002,.81999999,All Persons,All IMD Quintiles,South East,All Routes,Early,All Ages,All Years
3.75,.80000001,.77999997,.81,All Persons,All IMD Quintiles,South East,All Routes,Early,All Ages,All Years
4,.77999997,.75999999,.80000001,All Persons,All IMD Quintiles,South East,All Routes,Early,All Ages,All Years
4.25,.76999998,.75,.79000002,All Persons,All IMD Quintiles,South East,All Routes,Early,All Ages,All Years
4.5,.75,.73000002,.76999998,All Persons,All IMD Quintiles,South East,All Routes,Early,All Ages,All Years
4.75,.74000001,.72000003,.75999999,All Persons,All IMD Quintiles,South East,All Routes,Early,All Ages,All Years
5,.73000002,.70999998,.75,All Persons,All IMD Quintiles,South East,All Routes,Early,All Ages,All Years
0,1,1,1,All Persons,All IMD Quintiles,South East,All Routes,Advanced,All Ages,All Years
.25,.92000002,.91000003,.93000001,All Persons,All IMD Quintiles,South East,All Routes,Advanced,All Ages,All Years
.5,.83999997,.82999998,.85000002,All Persons,All IMD Quintiles,South East,All Routes,Advanced,All Ages,All Years
.75,.77999997,.76999998,.79000002,All Persons,All IMD Quintiles,South East,All Routes,Advanced,All Ages,All Years
1,.73000002,.72000003,.74000001,All Persons,All IMD Quintiles,South East,All Routes,Advanced,All Ages,All Years
1.25,.69,.68000001,.69999999,All Persons,All IMD Quintiles,South East,All Routes,Advanced,All Ages,All Years
1.5,.66000003,.63999999,.67000002,All Persons,All IMD Quintiles,South East,All Routes,Advanced,All Ages,All Years
1.75,.63,.61000001,.63999999,All Persons,All IMD Quintiles,South East,All Routes,Advanced,All Ages,All Years
2,.61000001,.58999997,.62,All Persons,All IMD Quintiles,South East,All Routes,Advanced,All Ages,All Years
2.25,.58999997,.56999999,.60000002,All Persons,All IMD Quintiles,South East,All Routes,Advanced,All Ages,All Years
2.5,.56999999,.55000001,.57999998,All Persons,All IMD Quintiles,South East,All Routes,Advanced,All Ages,All Years
2.75,.56,.54000002,.56999999,All Persons,All IMD Quintiles,South East,All Routes,Advanced,All Ages,All Years
3,.54000002,.52999997,.56,All Persons,All IMD Quintiles,South East,All Routes,Advanced,All Ages,All Years
3.25,.52999997,.51999998,.55000001,All Persons,All IMD Quintiles,South East,All Routes,Advanced,All Ages,All Years
3.5,.51999998,.50999999,.54000002,All Persons,All IMD Quintiles,South East,All Routes,Advanced,All Ages,All Years
3.75,.50999999,.5,.52999997,All Persons,All IMD Quintiles,South East,All Routes,Advanced,All Ages,All Years
4,.5,.49000001,.51999998,All Persons,All IMD Quintiles,South East,All Routes,Advanced,All Ages,All Years
4.25,.5,.47999999,.50999999,All Persons,All IMD Quintiles,South East,All Routes,Advanced,All Ages,All Years
4.5,.49000001,.47,.5,All Persons,All IMD Quintiles,South East,All Routes,Advanced,All Ages,All Years
4.75,.47999999,.46000001,.5,All Persons,All IMD Quintiles,South East,All Routes,Advanced,All Ages,All Years
5,.47,.46000001,.49000001,All Persons,All IMD Quintiles,South East,All Routes,Advanced,All Ages,All Years
0,1,1,1,All Persons,All IMD Quintiles,South East,All Routes,All Stages,0-49,All Years
.25,.98000002,.97000003,.99000001,All Persons,All IMD Quintiles,South East,All Routes,All Stages,0-49,All Years
.5,.94999999,.94,.97000003,All Persons,All IMD Quintiles,South East,All Routes,All Stages,0-49,All Years
.75,.94,.92000002,.94999999,All Persons,All IMD Quintiles,South East,All Routes,All Stages,0-49,All Years
1,.91000003,.88999999,.93000001,All Persons,All IMD Quintiles,South East,All Routes,All Stages,0-49,All Years
1.25,.88999999,.87,.91000003,All Persons,All IMD Quintiles,South East,All Routes,All Stages,0-49,All Years
1.5,.88,.86000001,.89999998,All Persons,All IMD Quintiles,South East,All Routes,All Stages,0-49,All Years
1.75,.85000002,.82999998,.88,All Persons,All IMD Quintiles,South East,All Routes,All Stages,0-49,All Years
2,.83999997,.81999999,.86000001,All Persons,All IMD Quintiles,South East,All Routes,All Stages,0-49,All Years
2.25,.82999998,.80000001,.85000002,All Persons,All IMD Quintiles,South East,All Routes,All Stages,0-49,All Years
2.5,.81999999,.80000001,.85000002,All Persons,All IMD Quintiles,South East,All Routes,All Stages,0-49,All Years
2.75,.81999999,.79000002,.83999997,All Persons,All IMD Quintiles,South East,All Routes,All Stages,0-49,All Years
3,.81,.79000002,.83999997,All Persons,All IMD Quintiles,South East,All Routes,All Stages,0-49,All Years
3.25,.80000001,.76999998,.82999998,All Persons,All IMD Quintiles,South East,All Routes,All Stages,0-49,All Years
3.5,.80000001,.76999998,.81999999,All Persons,All IMD Quintiles,South East,All Routes,All Stages,0-49,All Years
3.75,.79000002,.75999999,.81999999,All Persons,All IMD Quintiles,South East,All Routes,All Stages,0-49,All Years
4,.79000002,.75999999,.81999999,All Persons,All IMD Quintiles,South East,All Routes,All Stages,0-49,All Years
4.25,.77999997,.75999999,.81,All Persons,All IMD Quintiles,South East,All Routes,All Stages,0-49,All Years
4.5,.77999997,.75,.81,All Persons,All IMD Quintiles,South East,All Routes,All Stages,0-49,All Years
4.75,.76999998,.74000001,.80000001,All Persons,All IMD Quintiles,South East,All Routes,All Stages,0-49,All Years
5,.76999998,.73000002,.80000001,All Persons,All IMD Quintiles,South East,All Routes,All Stages,0-49,All Years
0,1,1,1,All Persons,All IMD Quintiles,South East,All Routes,All Stages,50-54,All Years
.25,.98000002,.97000003,.99000001,All Persons,All IMD Quintiles,South East,All Routes,All Stages,50-54,All Years
.5,.94999999,.94,.97000003,All Persons,All IMD Quintiles,South East,All Routes,All Stages,50-54,All Years
.75,.93000001,.91000003,.94,All Persons,All IMD Quintiles,South East,All Routes,All Stages,50-54,All Years
1,.89999998,.88,.92000002,All Persons,All IMD Quintiles,South East,All Routes,All Stages,50-54,All Years
1.25,.88,.86000001,.89999998,All Persons,All IMD Quintiles,South East,All Routes,All Stages,50-54,All Years
1.5,.86000001,.83999997,.88999999,All Persons,All IMD Quintiles,South East,All Routes,All Stages,50-54,All Years
1.75,.85000002,.81999999,.87,All Persons,All IMD Quintiles,South East,All Routes,All Stages,50-54,All Years
2,.82999998,.81,.86000001,All Persons,All IMD Quintiles,South East,All Routes,All Stages,50-54,All Years
2.25,.81999999,.79000002,.83999997,All Persons,All IMD Quintiles,South East,All Routes,All Stages,50-54,All Years
2.5,.81,.77999997,.83999997,All Persons,All IMD Quintiles,South East,All Routes,All Stages,50-54,All Years
2.75,.81,.77999997,.82999998,All Persons,All IMD Quintiles,South East,All Routes,All Stages,50-54,All Years
3,.79000002,.75999999,.81999999,All Persons,All IMD Quintiles,South East,All Routes,All Stages,50-54,All Years
3.25,.77999997,.75999999,.81,All Persons,All IMD Quintiles,South East,All Routes,All Stages,50-54,All Years
3.5,.76999998,.74000001,.80000001,All Persons,All IMD Quintiles,South East,All Routes,All Stages,50-54,All Years
3.75,.76999998,.74000001,.80000001,All Persons,All IMD Quintiles,South East,All Routes,All Stages,50-54,All Years
4,.76999998,.74000001,.80000001,All Persons,All IMD Quintiles,South East,All Routes,All Stages,50-54,All Years
4.25,.75,.72000003,.77999997,All Persons,All IMD Quintiles,South East,All Routes,All Stages,50-54,All Years
4.5,.75,.72000003,.77999997,All Persons,All IMD Quintiles,South East,All Routes,All Stages,50-54,All Years
4.75,.73000002,.69999999,.76999998,All Persons,All IMD Quintiles,South East,All Routes,All Stages,50-54,All Years
5,.73000002,.69999999,.75999999,All Persons,All IMD Quintiles,South East,All Routes,All Stages,50-54,All Years
0,1,1,1,All Persons,All IMD Quintiles,South East,All Routes,All Stages,55-59,All Years
.25,.97000003,.95999998,.98000002,All Persons,All IMD Quintiles,South East,All Routes,All Stages,55-59,All Years
.5,.94,.93000001,.94999999,All Persons,All IMD Quintiles,South East,All Routes,All Stages,55-59,All Years
.75,.91000003,.88999999,.92000002,All Persons,All IMD Quintiles,South East,All Routes,All Stages,55-59,All Years
1,.87,.85000002,.88999999,All Persons,All IMD Quintiles,South East,All Routes,All Stages,55-59,All Years
1.25,.85000002,.82999998,.87,All Persons,All IMD Quintiles,South East,All Routes,All Stages,55-59,All Years
1.5,.82999998,.81,.85000002,All Persons,All IMD Quintiles,South East,All Routes,All Stages,55-59,All Years
1.75,.81,.79000002,.82999998,All Persons,All IMD Quintiles,South East,All Routes,All Stages,55-59,All Years
2,.79000002,.76999998,.81999999,All Persons,All IMD Quintiles,South East,All Routes,All Stages,55-59,All Years
2.25,.77999997,.75,.80000001,All Persons,All IMD Quintiles,South East,All Routes,All Stages,55-59,All Years
2.5,.75999999,.74000001,.79000002,All Persons,All IMD Quintiles,South East,All Routes,All Stages,55-59,All Years
2.75,.75999999,.73000002,.77999997,All Persons,All IMD Quintiles,South East,All Routes,All Stages,55-59,All Years
3,.74000001,.70999998,.75999999,All Persons,All IMD Quintiles,South East,All Routes,All Stages,55-59,All Years
3.25,.73000002,.70999998,.75999999,All Persons,All IMD Quintiles,South East,All Routes,All Stages,55-59,All Years
3.5,.73000002,.69999999,.75,All Persons,All IMD Quintiles,South East,All Routes,All Stages,55-59,All Years
3.75,.70999998,.69,.74000001,All Persons,All IMD Quintiles,South East,All Routes,All Stages,55-59,All Years
4,.70999998,.68000001,.73000002,All Persons,All IMD Quintiles,South East,All Routes,All Stages,55-59,All Years
4.25,.69999999,.67000002,.73000002,All Persons,All IMD Quintiles,South East,All Routes,All Stages,55-59,All Years
4.5,.69,.66000003,.72000003,All Persons,All IMD Quintiles,South East,All Routes,All Stages,55-59,All Years
4.75,.68000001,.64999998,.70999998,All Persons,All IMD Quintiles,South East,All Routes,All Stages,55-59,All Years
5,.68000001,.63999999,.70999998,All Persons,All IMD Quintiles,South East,All Routes,All Stages,55-59,All Years
0,1,1,1,All Persons,All IMD Quintiles,South East,All Routes,All Stages,60-64,All Years
.25,.94999999,.94,.97000003,All Persons,All IMD Quintiles,South East,All Routes,All Stages,60-64,All Years
.5,.92000002,.89999998,.93000001,All Persons,All IMD Quintiles,South East,All Routes,All Stages,60-64,All Years
.75,.88,.86000001,.88999999,All Persons,All IMD Quintiles,South East,All Routes,All Stages,60-64,All Years
1,.85000002,.82999998,.86000001,All Persons,All IMD Quintiles,South East,All Routes,All Stages,60-64,All Years
1.25,.81,.79000002,.82999998,All Persons,All IMD Quintiles,South East,All Routes,All Stages,60-64,All Years
1.5,.79000002,.76999998,.81,All Persons,All IMD Quintiles,South East,All Routes,All Stages,60-64,All Years
1.75,.76999998,.75,.79000002,All Persons,All IMD Quintiles,South East,All Routes,All Stages,60-64,All Years
2,.75,.72000003,.76999998,All Persons,All IMD Quintiles,South East,All Routes,All Stages,60-64,All Years
2.25,.73000002,.70999998,.75999999,All Persons,All IMD Quintiles,South East,All Routes,All Stages,60-64,All Years
2.5,.72000003,.69,.74000001,All Persons,All IMD Quintiles,South East,All Routes,All Stages,60-64,All Years
2.75,.69999999,.68000001,.73000002,All Persons,All IMD Quintiles,South East,All Routes,All Stages,60-64,All Years
3,.69,.66000003,.72000003,All Persons,All IMD Quintiles,South East,All Routes,All Stages,60-64,All Years
3.25,.68000001,.64999998,.70999998,All Persons,All IMD Quintiles,South East,All Routes,All Stages,60-64,All Years
3.5,.68000001,.64999998,.70999998,All Persons,All IMD Quintiles,South East,All Routes,All Stages,60-64,All Years
3.75,.67000002,.63999999,.69,All Persons,All IMD Quintiles,South East,All Routes,All Stages,60-64,All Years
4,.64999998,.62,.68000001,All Persons,All IMD Quintiles,South East,All Routes,All Stages,60-64,All Years
4.25,.63999999,.61000001,.67000002,All Persons,All IMD Quintiles,South East,All Routes,All Stages,60-64,All Years
4.5,.63,.60000002,.66000003,All Persons,All IMD Quintiles,South East,All Routes,All Stages,60-64,All Years
4.75,.62,.57999998,.64999998,All Persons,All IMD Quintiles,South East,All Routes,All Stages,60-64,All Years
5,.61000001,.56999999,.63999999,All Persons,All IMD Quintiles,South East,All Routes,All Stages,60-64,All Years
0,1,1,1,All Persons,All IMD Quintiles,South East,All Routes,All Stages,65-69,All Years
.25,.94,.93000001,.94999999,All Persons,All IMD Quintiles,South East,All Routes,All Stages,65-69,All Years
.5,.88,.87,.89999998,All Persons,All IMD Quintiles,South East,All Routes,All Stages,65-69,All Years
.75,.85000002,.82999998,.87,All Persons,All IMD Quintiles,South East,All Routes,All Stages,65-69,All Years
1,.80000001,.77999997,.81999999,All Persons,All IMD Quintiles,South East,All Routes,All Stages,65-69,All Years
1.25,.77999997,.75,.80000001,All Persons,All IMD Quintiles,South East,All Routes,All Stages,65-69,All Years
1.5,.75,.73000002,.76999998,All Persons,All IMD Quintiles,South East,All Routes,All Stages,65-69,All Years
1.75,.72000003,.69,.74000001,All Persons,All IMD Quintiles,South East,All Routes,All Stages,65-69,All Years
2,.69999999,.68000001,.73000002,All Persons,All IMD Quintiles,South East,All Routes,All Stages,65-69,All Years
2.25,.69,.66000003,.70999998,All Persons,All IMD Quintiles,South East,All Routes,All Stages,65-69,All Years
2.5,.68000001,.64999998,.69999999,All Persons,All IMD Quintiles,South East,All Routes,All Stages,65-69,All Years
2.75,.67000002,.63999999,.69999999,All Persons,All IMD Quintiles,South East,All Routes,All Stages,65-69,All Years
3,.66000003,.63,.69,All Persons,All IMD Quintiles,South East,All Routes,All Stages,65-69,All Years
3.25,.64999998,.62,.68000001,All Persons,All IMD Quintiles,South East,All Routes,All Stages,65-69,All Years
3.5,.63999999,.61000001,.67000002,All Persons,All IMD Quintiles,South East,All Routes,All Stages,65-69,All Years
3.75,.63,.60000002,.66000003,All Persons,All IMD Quintiles,South East,All Routes,All Stages,65-69,All Years
4,.62,.58999997,.64999998,All Persons,All IMD Quintiles,South East,All Routes,All Stages,65-69,All Years
4.25,.62,.58999997,.64999998,All Persons,All IMD Quintiles,South East,All Routes,All Stages,65-69,All Years
4.5,.61000001,.57999998,.63999999,All Persons,All IMD Quintiles,South East,All Routes,All Stages,65-69,All Years
4.75,.60000002,.56999999,.63999999,All Persons,All IMD Quintiles,South East,All Routes,All Stages,65-69,All Years
5,.60000002,.56999999,.63,All Persons,All IMD Quintiles,South East,All Routes,All Stages,65-69,All Years
0,1,1,1,All Persons,All IMD Quintiles,South East,All Routes,All Stages,70-74,All Years
.25,.92000002,.91000003,.94,All Persons,All IMD Quintiles,South East,All Routes,All Stages,70-74,All Years
.5,.86000001,.85000002,.88,All Persons,All IMD Quintiles,South East,All Routes,All Stages,70-74,All Years
.75,.81999999,.80000001,.83999997,All Persons,All IMD Quintiles,South East,All Routes,All Stages,70-74,All Years
1,.77999997,.75999999,.81,All Persons,All IMD Quintiles,South East,All Routes,All Stages,70-74,All Years
1.25,.75,.73000002,.76999998,All Persons,All IMD Quintiles,South East,All Routes,All Stages,70-74,All Years
1.5,.72000003,.69999999,.75,All Persons,All IMD Quintiles,South East,All Routes,All Stages,70-74,All Years
1.75,.69999999,.68000001,.73000002,All Persons,All IMD Quintiles,South East,All Routes,All Stages,70-74,All Years
2,.68000001,.64999998,.69999999,All Persons,All IMD Quintiles,South East,All Routes,All Stages,70-74,All Years
2.25,.64999998,.62,.68000001,All Persons,All IMD Quintiles,South East,All Routes,All Stages,70-74,All Years
2.5,.63,.60000002,.64999998,All Persons,All IMD Quintiles,South East,All Routes,All Stages,70-74,All Years
2.75,.61000001,.57999998,.63999999,All Persons,All IMD Quintiles,South East,All Routes,All Stages,70-74,All Years
3,.58999997,.56999999,.62,All Persons,All IMD Quintiles,South East,All Routes,All Stages,70-74,All Years
3.25,.57999998,.55000001,.61000001,All Persons,All IMD Quintiles,South East,All Routes,All Stages,70-74,All Years
3.5,.56999999,.54000002,.60000002,All Persons,All IMD Quintiles,South East,All Routes,All Stages,70-74,All Years
3.75,.55000001,.51999998,.57999998,All Persons,All IMD Quintiles,South East,All Routes,All Stages,70-74,All Years
4,.54000002,.50999999,.56999999,All Persons,All IMD Quintiles,South East,All Routes,All Stages,70-74,All Years
4.25,.51999998,.49000001,.56,All Persons,All IMD Quintiles,South East,All Routes,All Stages,70-74,All Years
4.5,.51999998,.49000001,.55000001,All Persons,All IMD Quintiles,South East,All Routes,All Stages,70-74,All Years
4.75,.50999999,.47999999,.54000002,All Persons,All IMD Quintiles,South East,All Routes,All Stages,70-74,All Years
5,.5,.47,.54000002,All Persons,All IMD Quintiles,South East,All Routes,All Stages,70-74,All Years
0,1,1,1,All Persons,All IMD Quintiles,South East,All Routes,All Stages,75-79,All Years
.25,.91000003,.88999999,.93000001,All Persons,All IMD Quintiles,South East,All Routes,All Stages,75-79,All Years
.5,.83999997,.81999999,.87,All Persons,All IMD Quintiles,South East,All Routes,All Stages,75-79,All Years
.75,.79000002,.76999998,.81999999,All Persons,All IMD Quintiles,South East,All Routes,All Stages,75-79,All Years
1,.75,.72000003,.77999997,All Persons,All IMD Quintiles,South East,All Routes,All Stages,75-79,All Years
1.25,.70999998,.68000001,.74000001,All Persons,All IMD Quintiles,South East,All Routes,All Stages,75-79,All Years
1.5,.67000002,.63999999,.69999999,All Persons,All IMD Quintiles,South East,All Routes,All Stages,75-79,All Years
1.75,.63999999,.61000001,.67000002,All Persons,All IMD Quintiles,South East,All Routes,All Stages,75-79,All Years
2,.62,.58999997,.64999998,All Persons,All IMD Quintiles,South East,All Routes,All Stages,75-79,All Years
2.25,.60000002,.56999999,.63,All Persons,All IMD Quintiles,South East,All Routes,All Stages,75-79,All Years
2.5,.57999998,.55000001,.61000001,All Persons,All IMD Quintiles,South East,All Routes,All Stages,75-79,All Years
2.75,.56,.52999997,.60000002,All Persons,All IMD Quintiles,South East,All Routes,All Stages,75-79,All Years
3,.55000001,.51999998,.57999998,All Persons,All IMD Quintiles,South East,All Routes,All Stages,75-79,All Years
3.25,.54000002,.5,.56999999,All Persons,All IMD Quintiles,South East,All Routes,All Stages,75-79,All Years
3.5,.51999998,.49000001,.56,All Persons,All IMD Quintiles,South East,All Routes,All Stages,75-79,All Years
3.75,.50999999,.47,.54000002,All Persons,All IMD Quintiles,South East,All Routes,All Stages,75-79,All Years
4,.47999999,.44999999,.51999998,All Persons,All IMD Quintiles,South East,All Routes,All Stages,75-79,All Years
4.25,.47999999,.44,.51999998,All Persons,All IMD Quintiles,South East,All Routes,All Stages,75-79,All Years
4.5,.47,.43000001,.50999999,All Persons,All IMD Quintiles,South East,All Routes,All Stages,75-79,All Years
4.75,.44999999,.41,.49000001,All Persons,All IMD Quintiles,South East,All Routes,All Stages,75-79,All Years
5,.44,.40000001,.47999999,All Persons,All IMD Quintiles,South East,All Routes,All Stages,75-79,All Years
0,1,1,1,All Persons,All IMD Quintiles,South East,All Routes,All Stages,80-84,All Years
.25,.89999998,.88,.93000001,All Persons,All IMD Quintiles,South East,All Routes,All Stages,80-84,All Years
.5,.81,.76999998,.83999997,All Persons,All IMD Quintiles,South East,All Routes,All Stages,80-84,All Years
.75,.72000003,.68000001,.75,All Persons,All IMD Quintiles,South East,All Routes,All Stages,80-84,All Years
1,.66000003,.63,.69999999,All Persons,All IMD Quintiles,South East,All Routes,All Stages,80-84,All Years
1.25,.62,.57999998,.64999998,All Persons,All IMD Quintiles,South East,All Routes,All Stages,80-84,All Years
1.5,.57999998,.54000002,.62,All Persons,All IMD Quintiles,South East,All Routes,All Stages,80-84,All Years
1.75,.56999999,.52999997,.60000002,All Persons,All IMD Quintiles,South East,All Routes,All Stages,80-84,All Years
2,.54000002,.5,.57999998,All Persons,All IMD Quintiles,South East,All Routes,All Stages,80-84,All Years
2.25,.52999997,.49000001,.56999999,All Persons,All IMD Quintiles,South East,All Routes,All Stages,80-84,All Years
2.5,.5,.46000001,.54000002,All Persons,All IMD Quintiles,South East,All Routes,All Stages,80-84,All Years
2.75,.47999999,.44,.51999998,All Persons,All IMD Quintiles,South East,All Routes,All Stages,80-84,All Years
3,.46000001,.41999999,.5,All Persons,All IMD Quintiles,South East,All Routes,All Stages,80-84,All Years
3.25,.44999999,.41,.49000001,All Persons,All IMD Quintiles,South East,All Routes,All Stages,80-84,All Years
3.5,.44,.40000001,.47999999,All Persons,All IMD Quintiles,South East,All Routes,All Stages,80-84,All Years
3.75,.41,.36000001,.44999999,All Persons,All IMD Quintiles,South East,All Routes,All Stages,80-84,All Years
4,.38999999,.34999999,.44,All Persons,All IMD Quintiles,South East,All Routes,All Stages,80-84,All Years
4.25,.38999999,.34,.43000001,All Persons,All IMD Quintiles,South East,All Routes,All Stages,80-84,All Years
4.5,.38,.33000001,.41999999,All Persons,All IMD Quintiles,South East,All Routes,All Stages,80-84,All Years
4.75,.38,.33000001,.41999999,All Persons,All IMD Quintiles,South East,All Routes,All Stages,80-84,All Years
5,.34999999,.30000001,.40000001,All Persons,All IMD Quintiles,South East,All Routes,All Stages,80-84,All Years
0,1,.99000001,1,All Persons,All IMD Quintiles,South East,All Routes,All Stages,85-89,All Years
.25,.82999998,.79000002,.86000001,All Persons,All IMD Quintiles,South East,All Routes,All Stages,85-89,All Years
.5,.69999999,.66000003,.74000001,All Persons,All IMD Quintiles,South East,All Routes,All Stages,85-89,All Years
.75,.62,.56999999,.66000003,All Persons,All IMD Quintiles,South East,All Routes,All Stages,85-89,All Years
1,.55000001,.50999999,.60000002,All Persons,All IMD Quintiles,South East,All Routes,All Stages,85-89,All Years
1.25,.50999999,.46000001,.56,All Persons,All IMD Quintiles,South East,All Routes,All Stages,85-89,All Years
1.5,.47,.41999999,.50999999,All Persons,All IMD Quintiles,South East,All Routes,All Stages,85-89,All Years
1.75,.43000001,.38,.47999999,All Persons,All IMD Quintiles,South East,All Routes,All Stages,85-89,All Years
2,.41,.36000001,.46000001,All Persons,All IMD Quintiles,South East,All Routes,All Stages,85-89,All Years
2.25,.38999999,.34,.44,All Persons,All IMD Quintiles,South East,All Routes,All Stages,85-89,All Years
2.5,.38,.33000001,.43000001,All Persons,All IMD Quintiles,South East,All Routes,All Stages,85-89,All Years
2.75,.34999999,.31,.40000001,All Persons,All IMD Quintiles,South East,All Routes,All Stages,85-89,All Years
3,.34,.28999999,.38999999,All Persons,All IMD Quintiles,South East,All Routes,All Stages,85-89,All Years
3.25,.31999999,.28,.37,All Persons,All IMD Quintiles,South East,All Routes,All Stages,85-89,All Years
3.5,.30000001,.25,.34999999,All Persons,All IMD Quintiles,South East,All Routes,All Stages,85-89,All Years
3.75,.28999999,.23999999,.34,All Persons,All IMD Quintiles,South East,All Routes,All Stages,85-89,All Years
4,.27000001,.22,.31999999,All Persons,All IMD Quintiles,South East,All Routes,All Stages,85-89,All Years
4.25,.25999999,.20999999,.31,All Persons,All IMD Quintiles,South East,All Routes,All Stages,85-89,All Years
4.5,.23,.18000001,.28,All Persons,All IMD Quintiles,South East,All Routes,All Stages,85-89,All Years
4.75,.23,.18000001,.28,All Persons,All IMD Quintiles,South East,All Routes,All Stages,85-89,All Years
5,.2,.15000001,.25,All Persons,All IMD Quintiles,South East,All Routes,All Stages,85-89,All Years
0,1,.99000001,1,All Persons,All IMD Quintiles,South East,All Routes,All Stages,90+,All Years
.25,.72000003,.67000002,.77999997,All Persons,All IMD Quintiles,South East,All Routes,All Stages,90+,All Years
.5,.58999997,.52999997,.64999998,All Persons,All IMD Quintiles,South East,All Routes,All Stages,90+,All Years
.75,.49000001,.41999999,.55000001,All Persons,All IMD Quintiles,South East,All Routes,All Stages,90+,All Years
1,.41,.34999999,.47999999,All Persons,All IMD Quintiles,South East,All Routes,All Stages,90+,All Years
1.25,.34999999,.28999999,.41,All Persons,All IMD Quintiles,South East,All Routes,All Stages,90+,All Years
1.5,.31999999,.27000001,.38,All Persons,All IMD Quintiles,South East,All Routes,All Stages,90+,All Years
1.75,.28999999,.23999999,.34999999,All Persons,All IMD Quintiles,South East,All Routes,All Stages,90+,All Years
2,.27000001,.20999999,.33000001,All Persons,All IMD Quintiles,South East,All Routes,All Stages,90+,All Years
2.25,.23999999,.19,.30000001,All Persons,All IMD Quintiles,South East,All Routes,All Stages,90+,All Years
2.5,.23,.18000001,.28999999,All Persons,All IMD Quintiles,South East,All Routes,All Stages,90+,All Years
2.75,.20999999,.16,.27000001,All Persons,All IMD Quintiles,South East,All Routes,All Stages,90+,All Years
3,.20999999,.16,.25999999,All Persons,All IMD Quintiles,South East,All Routes,All Stages,90+,All Years
3.25,.19,.14,.23999999,All Persons,All IMD Quintiles,South East,All Routes,All Stages,90+,All Years
3.5,.18000001,.13,.23,All Persons,All IMD Quintiles,South East,All Routes,All Stages,90+,All Years
3.75,.17,.12,.22,All Persons,All IMD Quintiles,South East,All Routes,All Stages,90+,All Years
4,.15000001,.1,.20999999,All Persons,All IMD Quintiles,South East,All Routes,All Stages,90+,All Years
4.25,.14,.090000004,.19,All Persons,All IMD Quintiles,South East,All Routes,All Stages,90+,All Years
4.5,.11,.059999999,.15000001,All Persons,All IMD Quintiles,South East,All Routes,All Stages,90+,All Years
4.75,.11,.059999999,.15000001,All Persons,All IMD Quintiles,South East,All Routes,All Stages,90+,All Years
0,1,1,1,All Persons,All IMD Quintiles,South East,All Routes,All Stages,All Ages,2016
.25,.93000001,.92000002,.94999999,All Persons,All IMD Quintiles,South East,All Routes,All Stages,All Ages,2016
.5,.88,.86000001,.89999998,All Persons,All IMD Quintiles,South East,All Routes,All Stages,All Ages,2016
.75,.82999998,.81,.85000002,All Persons,All IMD Quintiles,South East,All Routes,All Stages,All Ages,2016
1,.79000002,.76999998,.81,All Persons,All IMD Quintiles,South East,All Routes,All Stages,All Ages,2016
1.25,.75999999,.74000001,.77999997,All Persons,All IMD Quintiles,South East,All Routes,All Stages,All Ages,2016
1.5,.74000001,.70999998,.75999999,All Persons,All IMD Quintiles,South East,All Routes,All Stages,All Ages,2016
1.75,.70999998,.69,.74000001,All Persons,All IMD Quintiles,South East,All Routes,All Stages,All Ages,2016
2,.69,.67000002,.72000003,All Persons,All IMD Quintiles,South East,All Routes,All Stages,All Ages,2016
2.25,.68000001,.64999998,.69999999,All Persons,All IMD Quintiles,South East,All Routes,All Stages,All Ages,2016
2.5,.66000003,.63999999,.69,All Persons,All IMD Quintiles,South East,All Routes,All Stages,All Ages,2016
2.75,.64999998,.63,.67000002,All Persons,All IMD Quintiles,South East,All Routes,All Stages,All Ages,2016
3,.63999999,.61000001,.66000003,All Persons,All IMD Quintiles,South East,All Routes,All Stages,All Ages,2016
3.25,.63,.60000002,.64999998,All Persons,All IMD Quintiles,South East,All Routes,All Stages,All Ages,2016
3.5,.62,.58999997,.63999999,All Persons,All IMD Quintiles,South East,All Routes,All Stages,All Ages,2016
3.75,.61000001,.57999998,.63,All Persons,All IMD Quintiles,South East,All Routes,All Stages,All Ages,2016
4,.60000002,.56999999,.62,All Persons,All IMD Quintiles,South East,All Routes,All Stages,All Ages,2016
4.25,.58999997,.56,.61000001,All Persons,All IMD Quintiles,South East,All Routes,All Stages,All Ages,2016
4.5,.57999998,.56,.61000001,All Persons,All IMD Quintiles,South East,All Routes,All Stages,All Ages,2016
4.75,.56999999,.54000002,.58999997,All Persons,All IMD Quintiles,South East,All Routes,All Stages,All Ages,2016
5,.56,.54000002,.58999997,All Persons,All IMD Quintiles,South East,All Routes,All Stages,All Ages,2016
0,1,1,1,All Persons,All IMD Quintiles,South East,All Routes,All Stages,All Ages,2017
.25,.94,.92000002,.94999999,All Persons,All IMD Quintiles,South East,All Routes,All Stages,All Ages,2017
.5,.87,.85000002,.88999999,All Persons,All IMD Quintiles,South East,All Routes,All Stages,All Ages,2017
.75,.81999999,.80000001,.83999997,All Persons,All IMD Quintiles,South East,All Routes,All Stages,All Ages,2017
1,.77999997,.75999999,.81,All Persons,All IMD Quintiles,South East,All Routes,All Stages,All Ages,2017
1.25,.75999999,.74000001,.77999997,All Persons,All IMD Quintiles,South East,All Routes,All Stages,All Ages,2017
1.5,.73000002,.70999998,.75999999,All Persons,All IMD Quintiles,South East,All Routes,All Stages,All Ages,2017
1.75,.70999998,.69,.73000002,All Persons,All IMD Quintiles,South East,All Routes,All Stages,All Ages,2017
2,.69,.66000003,.70999998,All Persons,All IMD Quintiles,South East,All Routes,All Stages,All Ages,2017
2.25,.67000002,.64999998,.69999999,All Persons,All IMD Quintiles,South East,All Routes,All Stages,All Ages,2017
2.5,.66000003,.63999999,.68000001,All Persons,All IMD Quintiles,South East,All Routes,All Stages,All Ages,2017
2.75,.64999998,.63,.67000002,All Persons,All IMD Quintiles,South East,All Routes,All Stages,All Ages,2017
3,.63999999,.62,.66000003,All Persons,All IMD Quintiles,South East,All Routes,All Stages,All Ages,2017
3.25,.63,.61000001,.66000003,All Persons,All IMD Quintiles,South East,All Routes,All Stages,All Ages,2017
3.5,.62,.60000002,.64999998,All Persons,All IMD Quintiles,South East,All Routes,All Stages,All Ages,2017
3.75,.61000001,.58999997,.63999999,All Persons,All IMD Quintiles,South East,All Routes,All Stages,All Ages,2017
4,.60000002,.56999999,.63,All Persons,All IMD Quintiles,South East,All Routes,All Stages,All Ages,2017
4.25,.58999997,.56,.61000001,All Persons,All IMD Quintiles,South East,All Routes,All Stages,All Ages,2017
4.5,.57999998,.56,.61000001,All Persons,All IMD Quintiles,South East,All Routes,All Stages,All Ages,2017
4.75,.57999998,.55000001,.60000002,All Persons,All IMD Quintiles,South East,All Routes,All Stages,All Ages,2017
5,.56999999,.54000002,.58999997,All Persons,All IMD Quintiles,South East,All Routes,All Stages,All Ages,2017
0,1,1,1,All Persons,All IMD Quintiles,South East,All Routes,All Stages,All Ages,2018
.25,.94,.93000001,.94999999,All Persons,All IMD Quintiles,South East,All Routes,All Stages,All Ages,2018
.5,.88,.87,.89999998,All Persons,All IMD Quintiles,South East,All Routes,All Stages,All Ages,2018
.75,.83999997,.81999999,.86000001,All Persons,All IMD Quintiles,South East,All Routes,All Stages,All Ages,2018
1,.80000001,.77999997,.81999999,All Persons,All IMD Quintiles,South East,All Routes,All Stages,All Ages,2018
1.25,.77999997,.75999999,.80000001,All Persons,All IMD Quintiles,South East,All Routes,All Stages,All Ages,2018
1.5,.75,.73000002,.77999997,All Persons,All IMD Quintiles,South East,All Routes,All Stages,All Ages,2018
1.75,.73000002,.70999998,.75999999,All Persons,All IMD Quintiles,South East,All Routes,All Stages,All Ages,2018
2,.72000003,.69,.74000001,All Persons,All IMD Quintiles,South East,All Routes,All Stages,All Ages,2018
2.25,.69999999,.67000002,.72000003,All Persons,All IMD Quintiles,South East,All Routes,All Stages,All Ages,2018
2.5,.68000001,.66000003,.70999998,All Persons,All IMD Quintiles,South East,All Routes,All Stages,All Ages,2018
2.75,.67000002,.64999998,.69,All Persons,All IMD Quintiles,South East,All Routes,All Stages,All Ages,2018
3,.66000003,.63,.68000001,All Persons,All IMD Quintiles,South East,All Routes,All Stages,All Ages,2018
3.25,.63999999,.62,.67000002,All Persons,All IMD Quintiles,South East,All Routes,All Stages,All Ages,2018
3.5,.63,.61000001,.66000003,All Persons,All IMD Quintiles,South East,All Routes,All Stages,All Ages,2018
3.75,.62,.60000002,.64999998,All Persons,All IMD Quintiles,South East,All Routes,All Stages,All Ages,2018
4,.61000001,.58999997,.63999999,All Persons,All IMD Quintiles,South East,All Routes,All Stages,All Ages,2018
4.25,.61000001,.57999998,.63,All Persons,All IMD Quintiles,South East,All Routes,All Stages,All Ages,2018
4.5,.58999997,.56999999,.62,All Persons,All IMD Quintiles,South East,All Routes,All Stages,All Ages,2018
4.75,.57999998,.55000001,.60000002,All Persons,All IMD Quintiles,South East,All Routes,All Stages,All Ages,2018
5,.56999999,.54000002,.60000002,All Persons,All IMD Quintiles,South East,All Routes,All Stages,All Ages,2018
0,1,1,1,All Persons,All IMD Quintiles,South East,All Routes,All Stages,All Ages,2019
.25,.94,.93000001,.94999999,All Persons,All IMD Quintiles,South East,All Routes,All Stages,All Ages,2019
.5,.88999999,.88,.91000003,All Persons,All IMD Quintiles,South East,All Routes,All Stages,All Ages,2019
.75,.83999997,.82999998,.86000001,All Persons,All IMD Quintiles,South East,All Routes,All Stages,All Ages,2019
1,.81,.79000002,.82999998,All Persons,All IMD Quintiles,South East,All Routes,All Stages,All Ages,2019
1.25,.77999997,.75999999,.80000001,All Persons,All IMD Quintiles,South East,All Routes,All Stages,All Ages,2019
1.5,.75999999,.73000002,.77999997,All Persons,All IMD Quintiles,South East,All Routes,All Stages,All Ages,2019
1.75,.73000002,.70999998,.75,All Persons,All IMD Quintiles,South East,All Routes,All Stages,All Ages,2019
2,.70999998,.69,.73000002,All Persons,All IMD Quintiles,South East,All Routes,All Stages,All Ages,2019
2.25,.69,.67000002,.70999998,All Persons,All IMD Quintiles,South East,All Routes,All Stages,All Ages,2019
2.5,.67000002,.64999998,.69999999,All Persons,All IMD Quintiles,South East,All Routes,All Stages,All Ages,2019
2.75,.66000003,.63,.68000001,All Persons,All IMD Quintiles,South East,All Routes,All Stages,All Ages,2019
3,.63999999,.62,.67000002,All Persons,All IMD Quintiles,South East,All Routes,All Stages,All Ages,2019
3.25,.63,.61000001,.64999998,All Persons,All IMD Quintiles,South East,All Routes,All Stages,All Ages,2019
3.5,.62,.60000002,.63999999,All Persons,All IMD Quintiles,South East,All Routes,All Stages,All Ages,2019
3.75,.60000002,.56999999,.63,All Persons,All IMD Quintiles,South East,All Routes,All Stages,All Ages,2019
4,.57999998,.55000001,.62,All Persons,All IMD Quintiles,South East,All Routes,All Stages,All Ages,2019
4.75,.47,.28,.64999998,All Persons,All IMD Quintiles,South East,All Routes,All Stages,All Ages,2019
0,1,1,1,All Persons,All IMD Quintiles,South East,All Routes,All Stages,All Ages,2020
.25,.93000001,.92000002,.94,All Persons,All IMD Quintiles,South East,All Routes,All Stages,All Ages,2020
.5,.88,.86000001,.88999999,All Persons,All IMD Quintiles,South East,All Routes,All Stages,All Ages,2020
.75,.83999997,.81999999,.85000002,All Persons,All IMD Quintiles,South East,All Routes,All Stages,All Ages,2020
1,.80000001,.77999997,.81999999,All Persons,All IMD Quintiles,South East,All Routes,All Stages,All Ages,2020
1.25,.76999998,.75,.79000002,All Persons,All IMD Quintiles,South East,All Routes,All Stages,All Ages,2020
1.5,.74000001,.72000003,.75999999,All Persons,All IMD Quintiles,South East,All Routes,All Stages,All Ages,2020
1.75,.72000003,.69999999,.74000001,All Persons,All IMD Quintiles,South East,All Routes,All Stages,All Ages,2020
2,.69999999,.68000001,.73000002,All Persons,All IMD Quintiles,South East,All Routes,All Stages,All Ages,2020
2.25,.68000001,.66000003,.70999998,All Persons,All IMD Quintiles,South East,All Routes,All Stages,All Ages,2020
2.5,.67000002,.64999998,.69999999,All Persons,All IMD Quintiles,South East,All Routes,All Stages,All Ages,2020
2.75,.66000003,.63999999,.69,All Persons,All IMD Quintiles,South East,All Routes,All Stages,All Ages,2020
3,.63999999,.58999997,.68000001,All Persons,All IMD Quintiles,South East,All Routes,All Stages,All Ages,2020
3.25,.56,.44999999,.66000003,All Persons,All IMD Quintiles,South East,All Routes,All Stages,All Ages,2020
3.5,.5,.34999999,.63999999,All Persons,All IMD Quintiles,South East,All Routes,All Stages,All Ages,2020
4,.43000001,.25999999,.60000002,All Persons,All IMD Quintiles,South East,All Routes,All Stages,All Ages,2020
4.75,.34,.15000001,.52999997,All Persons,All IMD Quintiles,South East,All Routes,All Stages,All Ages,2020
5,.34,.15000001,.52999997,All Persons,All IMD Quintiles,South East,All Routes,All Stages,All Ages,2020
0,1,1,1,All Persons,All IMD Quintiles,South East,All Routes,All Stages,All Ages,2021
.25,.93000001,.91000003,.94,All Persons,All IMD Quintiles,South East,All Routes,All Stages,All Ages,2021
.5,.88,.86000001,.88999999,All Persons,All IMD Quintiles,South East,All Routes,All Stages,All Ages,2021
.75,.83999997,.81999999,.86000001,All Persons,All IMD Quintiles,South East,All Routes,All Stages,All Ages,2021
1,.80000001,.79000002,.81999999,All Persons,All IMD Quintiles,South East,All Routes,All Stages,All Ages,2021
1.25,.75999999,.74000001,.77999997,All Persons,All IMD Quintiles,South East,All Routes,All Stages,All Ages,2021
1.5,.74000001,.70999998,.75999999,All Persons,All IMD Quintiles,South East,All Routes,All Stages,All Ages,2021
1.75,.70999998,.68000001,.73000002,All Persons,All IMD Quintiles,South East,All Routes,All Stages,All Ages,2021
2,.68000001,.64999998,.72000003,All Persons,All IMD Quintiles,South East,All Routes,All Stages,All Ages,2021
2.75,.63,.54000002,.73000002,All Persons,All IMD Quintiles,South East,All Routes,All Stages,All Ages,2021
3.25,.63,.54000002,.73000002,All Persons,All IMD Quintiles,South East,All Routes,All Stages,All Ages,2021
3.5,.56,.40000001,.70999998,All Persons,All IMD Quintiles,South East,All Routes,All Stages,All Ages,2021
4,.47999999,.28999999,.67000002,All Persons,All IMD Quintiles,South East,All Routes,All Stages,All Ages,2021
4.75,.47999999,.28999999,.67000002,All Persons,All IMD Quintiles,South East,All Routes,All Stages,All Ages,2021
0,.99000001,.98000002,1.01,All Persons,All IMD Quintiles,South West,Emergency,All Stages,All Ages,All Years
.25,.72000003,.64999998,.77999997,All Persons,All IMD Quintiles,South West,Emergency,All Stages,All Ages,All Years
.5,.56999999,.5,.64999998,All Persons,All IMD Quintiles,South West,Emergency,All Stages,All Ages,All Years
.75,.50999999,.43000001,.57999998,All Persons,All IMD Quintiles,South West,Emergency,All Stages,All Ages,All Years
1,.43000001,.36000001,.50999999,All Persons,All IMD Quintiles,South West,Emergency,All Stages,All Ages,All Years
1.25,.38,.31,.46000001,All Persons,All IMD Quintiles,South West,Emergency,All Stages,All Ages,All Years
1.5,.34999999,.28,.41999999,All Persons,All IMD Quintiles,South West,Emergency,All Stages,All Ages,All Years
1.75,.31,.23999999,.38,All Persons,All IMD Quintiles,South West,Emergency,All Stages,All Ages,All Years
2,.30000001,.23,.36000001,All Persons,All IMD Quintiles,South West,Emergency,All Stages,All Ages,All Years
2.25,.28,.20999999,.34999999,All Persons,All IMD Quintiles,South West,Emergency,All Stages,All Ages,All Years
2.5,.25999999,.19,.33000001,All Persons,All IMD Quintiles,South West,Emergency,All Stages,All Ages,All Years
2.75,.25,.18000001,.31,All Persons,All IMD Quintiles,South West,Emergency,All Stages,All Ages,All Years
3,.23999999,.18000001,.31,All Persons,All IMD Quintiles,South West,Emergency,All Stages,All Ages,All Years
3.25,.23999999,.17,.30000001,All Persons,All IMD Quintiles,South West,Emergency,All Stages,All Ages,All Years
3.5,.22,.16,.28999999,All Persons,All IMD Quintiles,South West,Emergency,All Stages,All Ages,All Years
3.75,.22,.16,.28,All Persons,All IMD Quintiles,South West,Emergency,All Stages,All Ages,All Years
4,.20999999,.15000001,.27000001,All Persons,All IMD Quintiles,South West,Emergency,All Stages,All Ages,All Years
4.25,.20999999,.15000001,.27000001,All Persons,All IMD Quintiles,South West,Emergency,All Stages,All Ages,All Years
4.75,.20999999,.15000001,.27000001,All Persons,All IMD Quintiles,South West,Emergency,All Stages,All Ages,All Years
5,.20999999,.15000001,.27000001,All Persons,All IMD Quintiles,South West,Emergency,All Stages,All Ages,All Years
0,1,1,1,All Persons,All IMD Quintiles,South West,Non-emergency,All Stages,All Ages,All Years
.25,.94999999,.94,.95999998,All Persons,All IMD Quintiles,South West,Non-emergency,All Stages,All Ages,All Years
.5,.91000003,.88999999,.92000002,All Persons,All IMD Quintiles,South West,Non-emergency,All Stages,All Ages,All Years
.75,.87,.86000001,.88,All Persons,All IMD Quintiles,South West,Non-emergency,All Stages,All Ages,All Years
1,.82999998,.81999999,.85000002,All Persons,All IMD Quintiles,South West,Non-emergency,All Stages,All Ages,All Years
1.25,.80000001,.79000002,.81999999,All Persons,All IMD Quintiles,South West,Non-emergency,All Stages,All Ages,All Years
1.5,.77999997,.75999999,.80000001,All Persons,All IMD Quintiles,South West,Non-emergency,All Stages,All Ages,All Years
1.75,.75999999,.74000001,.76999998,All Persons,All IMD Quintiles,South West,Non-emergency,All Stages,All Ages,All Years
2,.74000001,.72000003,.75,All Persons,All IMD Quintiles,South West,Non-emergency,All Stages,All Ages,All Years
2.25,.72000003,.69999999,.74000001,All Persons,All IMD Quintiles,South West,Non-emergency,All Stages,All Ages,All Years
2.5,.69999999,.69,.72000003,All Persons,All IMD Quintiles,South West,Non-emergency,All Stages,All Ages,All Years
2.75,.69,.67000002,.70999998,All Persons,All IMD Quintiles,South West,Non-emergency,All Stages,All Ages,All Years
3,.68000001,.66000003,.69,All Persons,All IMD Quintiles,South West,Non-emergency,All Stages,All Ages,All Years
3.25,.66000003,.64999998,.68000001,All Persons,All IMD Quintiles,South West,Non-emergency,All Stages,All Ages,All Years
3.5,.64999998,.63,.67000002,All Persons,All IMD Quintiles,South West,Non-emergency,All Stages,All Ages,All Years
3.75,.63999999,.62,.66000003,All Persons,All IMD Quintiles,South West,Non-emergency,All Stages,All Ages,All Years
4,.63,.61000001,.64999998,All Persons,All IMD Quintiles,South West,Non-emergency,All Stages,All Ages,All Years
4.25,.62,.61000001,.63999999,All Persons,All IMD Quintiles,South West,Non-emergency,All Stages,All Ages,All Years
4.5,.61000001,.58999997,.63,All Persons,All IMD Quintiles,South West,Non-emergency,All Stages,All Ages,All Years
4.75,.60000002,.58999997,.62,All Persons,All IMD Quintiles,South West,Non-emergency,All Stages,All Ages,All Years
5,.60000002,.57999998,.61000001,All Persons,All IMD Quintiles,South West,Non-emergency,All Stages,All Ages,All Years
0,1,1,1,All Persons,All IMD Quintiles,South West,All Routes,Early,All Ages,All Years
.25,.99000001,.99000001,1,All Persons,All IMD Quintiles,South West,All Routes,Early,All Ages,All Years
.5,.98000002,.97000003,.98000002,All Persons,All IMD Quintiles,South West,All Routes,Early,All Ages,All Years
.75,.95999998,.95999998,.97000003,All Persons,All IMD Quintiles,South West,All Routes,Early,All Ages,All Years
1,.94999999,.94,.95999998,All Persons,All IMD Quintiles,South West,All Routes,Early,All Ages,All Years
1.25,.93000001,.92000002,.94,All Persons,All IMD Quintiles,South West,All Routes,Early,All Ages,All Years
1.5,.91000003,.89999998,.93000001,All Persons,All IMD Quintiles,South West,All Routes,Early,All Ages,All Years
1.75,.89999998,.88999999,.91000003,All Persons,All IMD Quintiles,South West,All Routes,Early,All Ages,All Years
2,.88,.87,.89999998,All Persons,All IMD Quintiles,South West,All Routes,Early,All Ages,All Years
2.25,.87,.85000002,.88,All Persons,All IMD Quintiles,South West,All Routes,Early,All Ages,All Years
2.5,.85000002,.83999997,.87,All Persons,All IMD Quintiles,South West,All Routes,Early,All Ages,All Years
2.75,.83999997,.81999999,.85000002,All Persons,All IMD Quintiles,South West,All Routes,Early,All Ages,All Years
3,.81999999,.81,.83999997,All Persons,All IMD Quintiles,South West,All Routes,Early,All Ages,All Years
3.25,.81999999,.80000001,.82999998,All Persons,All IMD Quintiles,South West,All Routes,Early,All Ages,All Years
3.5,.80000001,.77999997,.81999999,All Persons,All IMD Quintiles,South West,All Routes,Early,All Ages,All Years
3.75,.79000002,.76999998,.81,All Persons,All IMD Quintiles,South West,All Routes,Early,All Ages,All Years
4,.77999997,.75999999,.80000001,All Persons,All IMD Quintiles,South West,All Routes,Early,All Ages,All Years
4.25,.75999999,.74000001,.79000002,All Persons,All IMD Quintiles,South West,All Routes,Early,All Ages,All Years
4.5,.75,.73000002,.76999998,All Persons,All IMD Quintiles,South West,All Routes,Early,All Ages,All Years
4.75,.74000001,.70999998,.75999999,All Persons,All IMD Quintiles,South West,All Routes,Early,All Ages,All Years
5,.73000002,.69999999,.75,All Persons,All IMD Quintiles,South West,All Routes,Early,All Ages,All Years
0,1,1,1,All Persons,All IMD Quintiles,South West,All Routes,Advanced,All Ages,All Years
.25,.92000002,.91000003,.93000001,All Persons,All IMD Quintiles,South West,All Routes,Advanced,All Ages,All Years
.5,.83999997,.82999998,.85000002,All Persons,All IMD Quintiles,South West,All Routes,Advanced,All Ages,All Years
.75,.77999997,.75999999,.79000002,All Persons,All IMD Quintiles,South West,All Routes,Advanced,All Ages,All Years
1,.72000003,.70999998,.74000001,All Persons,All IMD Quintiles,South West,All Routes,Advanced,All Ages,All Years
1.25,.69,.67000002,.69999999,All Persons,All IMD Quintiles,South West,All Routes,Advanced,All Ages,All Years
1.5,.64999998,.63999999,.67000002,All Persons,All IMD Quintiles,South West,All Routes,Advanced,All Ages,All Years
1.75,.62,.61000001,.63999999,All Persons,All IMD Quintiles,South West,All Routes,Advanced,All Ages,All Years
2,.60000002,.58999997,.62,All Persons,All IMD Quintiles,South West,All Routes,Advanced,All Ages,All Years
2.25,.58999997,.56999999,.60000002,All Persons,All IMD Quintiles,South West,All Routes,Advanced,All Ages,All Years
2.5,.56999999,.55000001,.58999997,All Persons,All IMD Quintiles,South West,All Routes,Advanced,All Ages,All Years
2.75,.55000001,.54000002,.56999999,All Persons,All IMD Quintiles,South West,All Routes,Advanced,All Ages,All Years
3,.54000002,.52999997,.56,All Persons,All IMD Quintiles,South West,All Routes,Advanced,All Ages,All Years
3.25,.52999997,.50999999,.55000001,All Persons,All IMD Quintiles,South West,All Routes,Advanced,All Ages,All Years
3.5,.51999998,.5,.54000002,All Persons,All IMD Quintiles,South West,All Routes,Advanced,All Ages,All Years
3.75,.50999999,.49000001,.52999997,All Persons,All IMD Quintiles,South West,All Routes,Advanced,All Ages,All Years
4,.5,.49000001,.51999998,All Persons,All IMD Quintiles,South West,All Routes,Advanced,All Ages,All Years
4.25,.5,.47999999,.51999998,All Persons,All IMD Quintiles,South West,All Routes,Advanced,All Ages,All Years
4.5,.49000001,.47,.50999999,All Persons,All IMD Quintiles,South West,All Routes,Advanced,All Ages,All Years
4.75,.47999999,.46000001,.5,All Persons,All IMD Quintiles,South West,All Routes,Advanced,All Ages,All Years
5,.47999999,.46000001,.5,All Persons,All IMD Quintiles,South West,All Routes,Advanced,All Ages,All Years
.25,.99000001,.98000002,1,All Persons,All IMD Quintiles,South West,All Routes,All Stages,0-49,All Years
.5,.98000002,.97000003,.99000001,All Persons,All IMD Quintiles,South West,All Routes,All Stages,0-49,All Years
.75,.95999998,.94,.98000002,All Persons,All IMD Quintiles,South West,All Routes,All Stages,0-49,All Years
1,.92000002,.89999998,.94,All Persons,All IMD Quintiles,South West,All Routes,All Stages,0-49,All Years
1.25,.91000003,.88,.93000001,All Persons,All IMD Quintiles,South West,All Routes,All Stages,0-49,All Years
1.5,.88999999,.86000001,.91000003,All Persons,All IMD Quintiles,South West,All Routes,All Stages,0-49,All Years
1.75,.87,.83999997,.89999998,All Persons,All IMD Quintiles,South West,All Routes,All Stages,0-49,All Years
2,.85000002,.81999999,.88,All Persons,All IMD Quintiles,South West,All Routes,All Stages,0-49,All Years
2.25,.85000002,.81999999,.88,All Persons,All IMD Quintiles,South West,All Routes,All Stages,0-49,All Years
2.5,.82999998,.80000001,.87,All Persons,All IMD Quintiles,South West,All Routes,All Stages,0-49,All Years
2.75,.82999998,.79000002,.86000001,All Persons,All IMD Quintiles,South West,All Routes,All Stages,0-49,All Years
3,.81999999,.77999997,.85000002,All Persons,All IMD Quintiles,South West,All Routes,All Stages,0-49,All Years
3.25,.80000001,.76999998,.83999997,All Persons,All IMD Quintiles,South West,All Routes,All Stages,0-49,All Years
3.5,.80000001,.75999999,.82999998,All Persons,All IMD Quintiles,South West,All Routes,All Stages,0-49,All Years
3.75,.79000002,.75,.82999998,All Persons,All IMD Quintiles,South West,All Routes,All Stages,0-49,All Years
4,.79000002,.75,.81999999,All Persons,All IMD Quintiles,South West,All Routes,All Stages,0-49,All Years
4.25,.77999997,.75,.81999999,All Persons,All IMD Quintiles,South West,All Routes,All Stages,0-49,All Years
4.5,.77999997,.74000001,.81,All Persons,All IMD Quintiles,South West,All Routes,All Stages,0-49,All Years
4.75,.76999998,.73000002,.81,All Persons,All IMD Quintiles,South West,All Routes,All Stages,0-49,All Years
5,.76999998,.73000002,.81,All Persons,All IMD Quintiles,South West,All Routes,All Stages,0-49,All Years
0,1,.99000001,1,All Persons,All IMD Quintiles,South West,All Routes,All Stages,50-54,All Years
.25,.98000002,.97000003,.99000001,All Persons,All IMD Quintiles,South West,All Routes,All Stages,50-54,All Years
.5,.94999999,.93000001,.97000003,All Persons,All IMD Quintiles,South West,All Routes,All Stages,50-54,All Years
.75,.92000002,.88999999,.94,All Persons,All IMD Quintiles,South West,All Routes,All Stages,50-54,All Years
1,.89999998,.87,.92000002,All Persons,All IMD Quintiles,South West,All Routes,All Stages,50-54,All Years
1.25,.87,.83999997,.89999998,All Persons,All IMD Quintiles,South West,All Routes,All Stages,50-54,All Years
1.5,.86000001,.82999998,.88999999,All Persons,All IMD Quintiles,South West,All Routes,All Stages,50-54,All Years
1.75,.82999998,.80000001,.86000001,All Persons,All IMD Quintiles,South West,All Routes,All Stages,50-54,All Years
2,.81999999,.79000002,.85000002,All Persons,All IMD Quintiles,South West,All Routes,All Stages,50-54,All Years
2.25,.81,.77999997,.83999997,All Persons,All IMD Quintiles,South West,All Routes,All Stages,50-54,All Years
2.5,.80000001,.76999998,.83999997,All Persons,All IMD Quintiles,South West,All Routes,All Stages,50-54,All Years
2.75,.79000002,.75999999,.81999999,All Persons,All IMD Quintiles,South West,All Routes,All Stages,50-54,All Years
3,.77999997,.75,.81,All Persons,All IMD Quintiles,South West,All Routes,All Stages,50-54,All Years
3.25,.77999997,.75,.81,All Persons,All IMD Quintiles,South West,All Routes,All Stages,50-54,All Years
3.5,.76999998,.73000002,.80000001,All Persons,All IMD Quintiles,South West,All Routes,All Stages,50-54,All Years
3.75,.75999999,.72000003,.80000001,All Persons,All IMD Quintiles,South West,All Routes,All Stages,50-54,All Years
4,.75,.72000003,.79000002,All Persons,All IMD Quintiles,South West,All Routes,All Stages,50-54,All Years
4.25,.75,.72000003,.79000002,All Persons,All IMD Quintiles,South West,All Routes,All Stages,50-54,All Years
4.5,.74000001,.69999999,.77999997,All Persons,All IMD Quintiles,South West,All Routes,All Stages,50-54,All Years
4.75,.73000002,.69,.76999998,All Persons,All IMD Quintiles,South West,All Routes,All Stages,50-54,All Years
5,.72000003,.68000001,.76999998,All Persons,All IMD Quintiles,South West,All Routes,All Stages,50-54,All Years
0,1,1,1,All Persons,All IMD Quintiles,South West,All Routes,All Stages,55-59,All Years
.25,.97000003,.95999998,.98000002,All Persons,All IMD Quintiles,South West,All Routes,All Stages,55-59,All Years
.5,.94,.92000002,.95999998,All Persons,All IMD Quintiles,South West,All Routes,All Stages,55-59,All Years
.75,.91000003,.88999999,.93000001,All Persons,All IMD Quintiles,South West,All Routes,All Stages,55-59,All Years
1,.88,.86000001,.91000003,All Persons,All IMD Quintiles,South West,All Routes,All Stages,55-59,All Years
1.25,.86000001,.83999997,.88,All Persons,All IMD Quintiles,South West,All Routes,All Stages,55-59,All Years
1.5,.83999997,.81999999,.87,All Persons,All IMD Quintiles,South West,All Routes,All Stages,55-59,All Years
1.75,.81999999,.79000002,.85000002,All Persons,All IMD Quintiles,South West,All Routes,All Stages,55-59,All Years
2,.80000001,.76999998,.82999998,All Persons,All IMD Quintiles,South West,All Routes,All Stages,55-59,All Years
2.25,.79000002,.75999999,.81,All Persons,All IMD Quintiles,South West,All Routes,All Stages,55-59,All Years
2.5,.77999997,.75,.81,All Persons,All IMD Quintiles,South West,All Routes,All Stages,55-59,All Years
2.75,.76999998,.74000001,.80000001,All Persons,All IMD Quintiles,South West,All Routes,All Stages,55-59,All Years
3,.75999999,.73000002,.79000002,All Persons,All IMD Quintiles,South West,All Routes,All Stages,55-59,All Years
3.25,.75999999,.72000003,.79000002,All Persons,All IMD Quintiles,South West,All Routes,All Stages,55-59,All Years
3.5,.75,.70999998,.77999997,All Persons,All IMD Quintiles,South West,All Routes,All Stages,55-59,All Years
3.75,.74000001,.69999999,.76999998,All Persons,All IMD Quintiles,South West,All Routes,All Stages,55-59,All Years
4,.73000002,.69999999,.75999999,All Persons,All IMD Quintiles,South West,All Routes,All Stages,55-59,All Years
4.25,.72000003,.68000001,.75,All Persons,All IMD Quintiles,South West,All Routes,All Stages,55-59,All Years
4.5,.70999998,.67000002,.74000001,All Persons,All IMD Quintiles,South West,All Routes,All Stages,55-59,All Years
4.75,.69,.64999998,.73000002,All Persons,All IMD Quintiles,South West,All Routes,All Stages,55-59,All Years
5,.68000001,.64999998,.72000003,All Persons,All IMD Quintiles,South West,All Routes,All Stages,55-59,All Years
0,1,1,1,All Persons,All IMD Quintiles,South West,All Routes,All Stages,60-64,All Years
.25,.95999998,.94999999,.97000003,All Persons,All IMD Quintiles,South West,All Routes,All Stages,60-64,All Years
.5,.93000001,.91000003,.94,All Persons,All IMD Quintiles,South West,All Routes,All Stages,60-64,All Years
.75,.89999998,.88,.92000002,All Persons,All IMD Quintiles,South West,All Routes,All Stages,60-64,All Years
1,.87,.85000002,.88999999,All Persons,All IMD Quintiles,South West,All Routes,All Stages,60-64,All Years
1.25,.85000002,.82999998,.87,All Persons,All IMD Quintiles,South West,All Routes,All Stages,60-64,All Years
1.5,.82999998,.81,.86000001,All Persons,All IMD Quintiles,South West,All Routes,All Stages,60-64,All Years
1.75,.81,.77999997,.82999998,All Persons,All IMD Quintiles,South West,All Routes,All Stages,60-64,All Years
2,.77999997,.75999999,.81,All Persons,All IMD Quintiles,South West,All Routes,All Stages,60-64,All Years
2.25,.76999998,.74000001,.79000002,All Persons,All IMD Quintiles,South West,All Routes,All Stages,60-64,All Years
2.5,.75,.72000003,.77999997,All Persons,All IMD Quintiles,South West,All Routes,All Stages,60-64,All Years
2.75,.73000002,.69999999,.75999999,All Persons,All IMD Quintiles,South West,All Routes,All Stages,60-64,All Years
3,.72000003,.69,.75,All Persons,All IMD Quintiles,South West,All Routes,All Stages,60-64,All Years
3.25,.70999998,.68000001,.74000001,All Persons,All IMD Quintiles,South West,All Routes,All Stages,60-64,All Years
3.5,.69999999,.67000002,.73000002,All Persons,All IMD Quintiles,South West,All Routes,All Stages,60-64,All Years
3.75,.69999999,.66000003,.73000002,All Persons,All IMD Quintiles,South West,All Routes,All Stages,60-64,All Years
4,.69,.64999998,.72000003,All Persons,All IMD Quintiles,South West,All Routes,All Stages,60-64,All Years
4.25,.68000001,.64999998,.72000003,All Persons,All IMD Quintiles,South West,All Routes,All Stages,60-64,All Years
4.5,.68000001,.63999999,.70999998,All Persons,All IMD Quintiles,South West,All Routes,All Stages,60-64,All Years
4.75,.67000002,.63,.69999999,All Persons,All IMD Quintiles,South West,All Routes,All Stages,60-64,All Years
5,.66000003,.63,.69999999,All Persons,All IMD Quintiles,South West,All Routes,All Stages,60-64,All Years
0,1,1,1,All Persons,All IMD Quintiles,South West,All Routes,All Stages,65-69,All Years
.25,.94999999,.94,.95999998,All Persons,All IMD Quintiles,South West,All Routes,All Stages,65-69,All Years
.5,.89999998,.88,.92000002,All Persons,All IMD Quintiles,South West,All Routes,All Stages,65-69,All Years
.75,.87,.83999997,.88999999,All Persons,All IMD Quintiles,South West,All Routes,All Stages,65-69,All Years
1,.82999998,.81,.85000002,All Persons,All IMD Quintiles,South West,All Routes,All Stages,65-69,All Years
1.25,.80000001,.77999997,.82999998,All Persons,All IMD Quintiles,South West,All Routes,All Stages,65-69,All Years
1.5,.77999997,.75,.80000001,All Persons,All IMD Quintiles,South West,All Routes,All Stages,65-69,All Years
1.75,.75999999,.73000002,.77999997,All Persons,All IMD Quintiles,South West,All Routes,All Stages,65-69,All Years
2,.75,.72000003,.76999998,All Persons,All IMD Quintiles,South West,All Routes,All Stages,65-69,All Years
2.25,.74000001,.70999998,.75999999,All Persons,All IMD Quintiles,South West,All Routes,All Stages,65-69,All Years
2.5,.72000003,.69,.75,All Persons,All IMD Quintiles,South West,All Routes,All Stages,65-69,All Years
2.75,.70999998,.68000001,.74000001,All Persons,All IMD Quintiles,South West,All Routes,All Stages,65-69,All Years
3,.69999999,.67000002,.73000002,All Persons,All IMD Quintiles,South West,All Routes,All Stages,65-69,All Years
3.25,.68000001,.64999998,.70999998,All Persons,All IMD Quintiles,South West,All Routes,All Stages,65-69,All Years
3.5,.68000001,.64999998,.70999998,All Persons,All IMD Quintiles,South West,All Routes,All Stages,65-69,All Years
3.75,.67000002,.63999999,.69999999,All Persons,All IMD Quintiles,South West,All Routes,All Stages,65-69,All Years
4,.66000003,.63,.69,All Persons,All IMD Quintiles,South West,All Routes,All Stages,65-69,All Years
4.25,.64999998,.62,.68000001,All Persons,All IMD Quintiles,South West,All Routes,All Stages,65-69,All Years
4.5,.63999999,.60000002,.67000002,All Persons,All IMD Quintiles,South West,All Routes,All Stages,65-69,All Years
4.75,.63999999,.60000002,.67000002,All Persons,All IMD Quintiles,South West,All Routes,All Stages,65-69,All Years
5,.63999999,.60000002,.67000002,All Persons,All IMD Quintiles,South West,All Routes,All Stages,65-69,All Years
0,1,1,1,All Persons,All IMD Quintiles,South West,All Routes,All Stages,70-74,All Years
.25,.94,.92000002,.94999999,All Persons,All IMD Quintiles,South West,All Routes,All Stages,70-74,All Years
.5,.88,.86000001,.89999998,All Persons,All IMD Quintiles,South West,All Routes,All Stages,70-74,All Years
.75,.85000002,.81999999,.87,All Persons,All IMD Quintiles,South West,All Routes,All Stages,70-74,All Years
1,.81,.77999997,.82999998,All Persons,All IMD Quintiles,South West,All Routes,All Stages,70-74,All Years
1.25,.75999999,.74000001,.79000002,All Persons,All IMD Quintiles,South West,All Routes,All Stages,70-74,All Years
1.5,.74000001,.70999998,.76999998,All Persons,All IMD Quintiles,South West,All Routes,All Stages,70-74,All Years
1.75,.72000003,.69,.75,All Persons,All IMD Quintiles,South West,All Routes,All Stages,70-74,All Years
2,.69999999,.67000002,.73000002,All Persons,All IMD Quintiles,South West,All Routes,All Stages,70-74,All Years
2.25,.68000001,.64999998,.70999998,All Persons,All IMD Quintiles,South West,All Routes,All Stages,70-74,All Years
2.5,.66000003,.63,.69,All Persons,All IMD Quintiles,South West,All Routes,All Stages,70-74,All Years
2.75,.64999998,.61000001,.68000001,All Persons,All IMD Quintiles,South West,All Routes,All Stages,70-74,All Years
3,.63,.60000002,.66000003,All Persons,All IMD Quintiles,South West,All Routes,All Stages,70-74,All Years
3.25,.61000001,.57999998,.64999998,All Persons,All IMD Quintiles,South West,All Routes,All Stages,70-74,All Years
3.5,.60000002,.56999999,.63,All Persons,All IMD Quintiles,South West,All Routes,All Stages,70-74,All Years
3.75,.57999998,.55000001,.62,All Persons,All IMD Quintiles,South West,All Routes,All Stages,70-74,All Years
4,.56999999,.52999997,.61000001,All Persons,All IMD Quintiles,South West,All Routes,All Stages,70-74,All Years
4.25,.56,.51999998,.60000002,All Persons,All IMD Quintiles,South West,All Routes,All Stages,70-74,All Years
4.5,.54000002,.5,.57999998,All Persons,All IMD Quintiles,South West,All Routes,All Stages,70-74,All Years
4.75,.54000002,.5,.57999998,All Persons,All IMD Quintiles,South West,All Routes,All Stages,70-74,All Years
5,.52999997,.49000001,.56999999,All Persons,All IMD Quintiles,South West,All Routes,All Stages,70-74,All Years
0,1,1,1,All Persons,All IMD Quintiles,South West,All Routes,All Stages,75-79,All Years
.25,.91000003,.88999999,.93000001,All Persons,All IMD Quintiles,South West,All Routes,All Stages,75-79,All Years
.5,.83999997,.81,.87,All Persons,All IMD Quintiles,South West,All Routes,All Stages,75-79,All Years
.75,.80000001,.76999998,.82999998,All Persons,All IMD Quintiles,South West,All Routes,All Stages,75-79,All Years
1,.74000001,.70999998,.77999997,All Persons,All IMD Quintiles,South West,All Routes,All Stages,75-79,All Years
1.25,.69999999,.67000002,.74000001,All Persons,All IMD Quintiles,South West,All Routes,All Stages,75-79,All Years
1.5,.68000001,.63999999,.70999998,All Persons,All IMD Quintiles,South West,All Routes,All Stages,75-79,All Years
1.75,.66000003,.62,.69,All Persons,All IMD Quintiles,South West,All Routes,All Stages,75-79,All Years
2,.63,.60000002,.67000002,All Persons,All IMD Quintiles,South West,All Routes,All Stages,75-79,All Years
2.25,.61000001,.56999999,.63999999,All Persons,All IMD Quintiles,South West,All Routes,All Stages,75-79,All Years
2.5,.57999998,.54000002,.62,All Persons,All IMD Quintiles,South West,All Routes,All Stages,75-79,All Years
2.75,.55000001,.50999999,.58999997,All Persons,All IMD Quintiles,South West,All Routes,All Stages,75-79,All Years
3,.54000002,.5,.57999998,All Persons,All IMD Quintiles,South West,All Routes,All Stages,75-79,All Years
3.25,.50999999,.47,.56,All Persons,All IMD Quintiles,South West,All Routes,All Stages,75-79,All Years
3.5,.50999999,.47,.55000001,All Persons,All IMD Quintiles,South West,All Routes,All Stages,75-79,All Years
3.75,.5,.44999999,.54000002,All Persons,All IMD Quintiles,South West,All Routes,All Stages,75-79,All Years
4,.47,.41999999,.50999999,All Persons,All IMD Quintiles,South West,All Routes,All Stages,75-79,All Years
4.25,.44999999,.41,.5,All Persons,All IMD Quintiles,South West,All Routes,All Stages,75-79,All Years
4.5,.44999999,.40000001,.49000001,All Persons,All IMD Quintiles,South West,All Routes,All Stages,75-79,All Years
4.75,.43000001,.38,.47,All Persons,All IMD Quintiles,South West,All Routes,All Stages,75-79,All Years
5,.41,.36000001,.44999999,All Persons,All IMD Quintiles,South West,All Routes,All Stages,75-79,All Years
0,1,.99000001,1,All Persons,All IMD Quintiles,South West,All Routes,All Stages,80-84,All Years
.25,.88,.85000002,.91000003,All Persons,All IMD Quintiles,South West,All Routes,All Stages,80-84,All Years
.5,.75999999,.73000002,.80000001,All Persons,All IMD Quintiles,South West,All Routes,All Stages,80-84,All Years
.75,.69999999,.66000003,.74000001,All Persons,All IMD Quintiles,South West,All Routes,All Stages,80-84,All Years
1,.64999998,.61000001,.69,All Persons,All IMD Quintiles,South West,All Routes,All Stages,80-84,All Years
1.25,.62,.57999998,.67000002,All Persons,All IMD Quintiles,South West,All Routes,All Stages,80-84,All Years
1.5,.57999998,.54000002,.63,All Persons,All IMD Quintiles,South West,All Routes,All Stages,80-84,All Years
1.75,.56999999,.51999998,.61000001,All Persons,All IMD Quintiles,South West,All Routes,All Stages,80-84,All Years
2,.54000002,.49000001,.57999998,All Persons,All IMD Quintiles,South West,All Routes,All Stages,80-84,All Years
2.25,.51999998,.47,.56,All Persons,All IMD Quintiles,South West,All Routes,All Stages,80-84,All Years
2.5,.5,.44999999,.54000002,All Persons,All IMD Quintiles,South West,All Routes,All Stages,80-84,All Years
2.75,.47999999,.43000001,.52999997,All Persons,All IMD Quintiles,South West,All Routes,All Stages,80-84,All Years
3,.47,.41999999,.50999999,All Persons,All IMD Quintiles,South West,All Routes,All Stages,80-84,All Years
3.25,.46000001,.41,.5,All Persons,All IMD Quintiles,South West,All Routes,All Stages,80-84,All Years
3.5,.44,.38999999,.49000001,All Persons,All IMD Quintiles,South West,All Routes,All Stages,80-84,All Years
3.75,.43000001,.38,.47999999,All Persons,All IMD Quintiles,South West,All Routes,All Stages,80-84,All Years
4,.41,.36000001,.46000001,All Persons,All IMD Quintiles,South West,All Routes,All Stages,80-84,All Years
4.25,.40000001,.34999999,.44999999,All Persons,All IMD Quintiles,South West,All Routes,All Stages,80-84,All Years
4.5,.38,.33000001,.43000001,All Persons,All IMD Quintiles,South West,All Routes,All Stages,80-84,All Years
4.75,.37,.31999999,.41999999,All Persons,All IMD Quintiles,South West,All Routes,All Stages,80-84,All Years
5,.34999999,.30000001,.41,All Persons,All IMD Quintiles,South West,All Routes,All Stages,80-84,All Years
0,1,.99000001,1,All Persons,All IMD Quintiles,South West,All Routes,All Stages,85-89,All Years
.25,.83999997,.80000001,.88,All Persons,All IMD Quintiles,South West,All Routes,All Stages,85-89,All Years
.5,.72000003,.67000002,.76999998,All Persons,All IMD Quintiles,South West,All Routes,All Stages,85-89,All Years
.75,.62,.56,.67000002,All Persons,All IMD Quintiles,South West,All Routes,All Stages,85-89,All Years
1,.57999998,.51999998,.63,All Persons,All IMD Quintiles,South West,All Routes,All Stages,85-89,All Years
1.25,.52999997,.47999999,.58999997,All Persons,All IMD Quintiles,South West,All Routes,All Stages,85-89,All Years
1.5,.49000001,.44,.55000001,All Persons,All IMD Quintiles,South West,All Routes,All Stages,85-89,All Years
1.75,.44999999,.38999999,.50999999,All Persons,All IMD Quintiles,South West,All Routes,All Stages,85-89,All Years
2,.44,.38,.49000001,All Persons,All IMD Quintiles,South West,All Routes,All Stages,85-89,All Years
2.25,.41999999,.36000001,.47,All Persons,All IMD Quintiles,South West,All Routes,All Stages,85-89,All Years
2.5,.38,.31999999,.43000001,All Persons,All IMD Quintiles,South West,All Routes,All Stages,85-89,All Years
2.75,.36000001,.31,.41999999,All Persons,All IMD Quintiles,South West,All Routes,All Stages,85-89,All Years
3,.34,.28999999,.40000001,All Persons,All IMD Quintiles,South West,All Routes,All Stages,85-89,All Years
3.25,.30000001,.25,.36000001,All Persons,All IMD Quintiles,South West,All Routes,All Stages,85-89,All Years
3.5,.28999999,.23999999,.34999999,All Persons,All IMD Quintiles,South West,All Routes,All Stages,85-89,All Years
3.75,.25999999,.20999999,.31999999,All Persons,All IMD Quintiles,South West,All Routes,All Stages,85-89,All Years
4,.25,.19,.31,All Persons,All IMD Quintiles,South West,All Routes,All Stages,85-89,All Years
4.25,.25,.19,.31,All Persons,All IMD Quintiles,South West,All Routes,All Stages,85-89,All Years
4.5,.23999999,.19,.30000001,All Persons,All IMD Quintiles,South West,All Routes,All Stages,85-89,All Years
4.75,.23,.18000001,.28999999,All Persons,All IMD Quintiles,South West,All Routes,All Stages,85-89,All Years
0,.99000001,.98000002,1.01,All Persons,All IMD Quintiles,South West,All Routes,All Stages,90+,All Years
.25,.76999998,.69999999,.82999998,All Persons,All IMD Quintiles,South West,All Routes,All Stages,90+,All Years
.5,.57999998,.5,.66000003,All Persons,All IMD Quintiles,South West,All Routes,All Stages,90+,All Years
.75,.49000001,.41,.56,All Persons,All IMD Quintiles,South West,All Routes,All Stages,90+,All Years
1,.41,.33000001,.47999999,All Persons,All IMD Quintiles,South West,All Routes,All Stages,90+,All Years
1.25,.34999999,.28,.41999999,All Persons,All IMD Quintiles,South West,All Routes,All Stages,90+,All Years
1.5,.30000001,.23,.37,All Persons,All IMD Quintiles,South West,All Routes,All Stages,90+,All Years
1.75,.28999999,.22,.36000001,All Persons,All IMD Quintiles,South West,All Routes,All Stages,90+,All Years
2,.23999999,.17,.31,All Persons,All IMD Quintiles,South West,All Routes,All Stages,90+,All Years
2.25,.23,.16,.28999999,All Persons,All IMD Quintiles,South West,All Routes,All Stages,90+,All Years
2.5,.2,.13,.25999999,All Persons,All IMD Quintiles,South West,All Routes,All Stages,90+,All Years
2.75,.19,.13,.25,All Persons,All IMD Quintiles,South West,All Routes,All Stages,90+,All Years
3,.18000001,.12,.23999999,All Persons,All IMD Quintiles,South West,All Routes,All Stages,90+,All Years
3.25,.18000001,.12,.23999999,All Persons,All IMD Quintiles,South West,All Routes,All Stages,90+,All Years
3.5,.16,.11,.22,All Persons,All IMD Quintiles,South West,All Routes,All Stages,90+,All Years
3.75,.14,.079999998,.2,All Persons,All IMD Quintiles,South West,All Routes,All Stages,90+,All Years
4,.11,.059999999,.17,All Persons,All IMD Quintiles,South West,All Routes,All Stages,90+,All Years
4.75,.1,.039999999,.16,All Persons,All IMD Quintiles,South West,All Routes,All Stages,90+,All Years
0,1,1,1,All Persons,All IMD Quintiles,South West,All Routes,All Stages,All Ages,2016
.25,.94,.92000002,.94999999,All Persons,All IMD Quintiles,South West,All Routes,All Stages,All Ages,2016
.5,.88999999,.87,.91000003,All Persons,All IMD Quintiles,South West,All Routes,All Stages,All Ages,2016
.75,.83999997,.81,.86000001,All Persons,All IMD Quintiles,South West,All Routes,All Stages,All Ages,2016
1,.79000002,.76999998,.81999999,All Persons,All IMD Quintiles,South West,All Routes,All Stages,All Ages,2016
1.25,.76999998,.74000001,.79000002,All Persons,All IMD Quintiles,South West,All Routes,All Stages,All Ages,2016
1.5,.74000001,.72000003,.76999998,All Persons,All IMD Quintiles,South West,All Routes,All Stages,All Ages,2016
1.75,.70999998,.69,.74000001,All Persons,All IMD Quintiles,South West,All Routes,All Stages,All Ages,2016
2,.69,.66000003,.72000003,All Persons,All IMD Quintiles,South West,All Routes,All Stages,All Ages,2016
2.25,.67000002,.63999999,.69999999,All Persons,All IMD Quintiles,South West,All Routes,All Stages,All Ages,2016
2.5,.66000003,.63,.69,All Persons,All IMD Quintiles,South West,All Routes,All Stages,All Ages,2016
2.75,.63999999,.61000001,.67000002,All Persons,All IMD Quintiles,South West,All Routes,All Stages,All Ages,2016
3,.63,.60000002,.66000003,All Persons,All IMD Quintiles,South West,All Routes,All Stages,All Ages,2016
3.25,.62,.58999997,.64999998,All Persons,All IMD Quintiles,South West,All Routes,All Stages,All Ages,2016
3.5,.60000002,.56999999,.63,All Persons,All IMD Quintiles,South West,All Routes,All Stages,All Ages,2016
3.75,.58999997,.56,.62,All Persons,All IMD Quintiles,South West,All Routes,All Stages,All Ages,2016
4,.57999998,.55000001,.61000001,All Persons,All IMD Quintiles,South West,All Routes,All Stages,All Ages,2016
4.25,.56999999,.54000002,.60000002,All Persons,All IMD Quintiles,South West,All Routes,All Stages,All Ages,2016
4.5,.56999999,.54000002,.60000002,All Persons,All IMD Quintiles,South West,All Routes,All Stages,All Ages,2016
4.75,.56,.52999997,.58999997,All Persons,All IMD Quintiles,South West,All Routes,All Stages,All Ages,2016
5,.55000001,.51999998,.57999998,All Persons,All IMD Quintiles,South West,All Routes,All Stages,All Ages,2016
0,1,1,1,All Persons,All IMD Quintiles,South West,All Routes,All Stages,All Ages,2017
.25,.94,.93000001,.95999998,All Persons,All IMD Quintiles,South West,All Routes,All Stages,All Ages,2017
.5,.88999999,.87,.91000003,All Persons,All IMD Quintiles,South West,All Routes,All Stages,All Ages,2017
.75,.85000002,.82999998,.87,All Persons,All IMD Quintiles,South West,All Routes,All Stages,All Ages,2017
1,.81999999,.80000001,.83999997,All Persons,All IMD Quintiles,South West,All Routes,All Stages,All Ages,2017
1.25,.79000002,.76999998,.81999999,All Persons,All IMD Quintiles,South West,All Routes,All Stages,All Ages,2017
1.5,.75999999,.73000002,.79000002,All Persons,All IMD Quintiles,South West,All Routes,All Stages,All Ages,2017
1.75,.74000001,.70999998,.76999998,All Persons,All IMD Quintiles,South West,All Routes,All Stages,All Ages,2017
2,.72000003,.69,.75,All Persons,All IMD Quintiles,South West,All Routes,All Stages,All Ages,2017
2.25,.70999998,.68000001,.74000001,All Persons,All IMD Quintiles,South West,All Routes,All Stages,All Ages,2017
2.5,.69,.66000003,.72000003,All Persons,All IMD Quintiles,South West,All Routes,All Stages,All Ages,2017
2.75,.67000002,.63999999,.69999999,All Persons,All IMD Quintiles,South West,All Routes,All Stages,All Ages,2017
3,.66000003,.63,.69,All Persons,All IMD Quintiles,South West,All Routes,All Stages,All Ages,2017
3.25,.64999998,.62,.68000001,All Persons,All IMD Quintiles,South West,All Routes,All Stages,All Ages,2017
3.5,.63999999,.61000001,.67000002,All Persons,All IMD Quintiles,South West,All Routes,All Stages,All Ages,2017
3.75,.63,.60000002,.66000003,All Persons,All IMD Quintiles,South West,All Routes,All Stages,All Ages,2017
4,.62,.58999997,.64999998,All Persons,All IMD Quintiles,South West,All Routes,All Stages,All Ages,2017
4.25,.61000001,.57999998,.63999999,All Persons,All IMD Quintiles,South West,All Routes,All Stages,All Ages,2017
4.5,.58999997,.56,.62,All Persons,All IMD Quintiles,South West,All Routes,All Stages,All Ages,2017
4.75,.58999997,.56,.62,All Persons,All IMD Quintiles,South West,All Routes,All Stages,All Ages,2017
5,.57999998,.55000001,.61000001,All Persons,All IMD Quintiles,South West,All Routes,All Stages,All Ages,2017
0,1,1,1,All Persons,All IMD Quintiles,South West,All Routes,All Stages,All Ages,2018
.25,.93000001,.92000002,.94999999,All Persons,All IMD Quintiles,South West,All Routes,All Stages,All Ages,2018
.5,.88,.86000001,.89999998,All Persons,All IMD Quintiles,South West,All Routes,All Stages,All Ages,2018
.75,.85000002,.82999998,.87,All Persons,All IMD Quintiles,South West,All Routes,All Stages,All Ages,2018
1,.81,.79000002,.83999997,All Persons,All IMD Quintiles,South West,All Routes,All Stages,All Ages,2018
1.25,.77999997,.75999999,.81,All Persons,All IMD Quintiles,South West,All Routes,All Stages,All Ages,2018
1.5,.75999999,.74000001,.79000002,All Persons,All IMD Quintiles,South West,All Routes,All Stages,All Ages,2018
1.75,.74000001,.72000003,.76999998,All Persons,All IMD Quintiles,South West,All Routes,All Stages,All Ages,2018
2,.72000003,.69999999,.75,All Persons,All IMD Quintiles,South West,All Routes,All Stages,All Ages,2018
2.25,.70999998,.68000001,.73000002,All Persons,All IMD Quintiles,South West,All Routes,All Stages,All Ages,2018
2.5,.69,.66000003,.72000003,All Persons,All IMD Quintiles,South West,All Routes,All Stages,All Ages,2018
2.75,.68000001,.64999998,.69999999,All Persons,All IMD Quintiles,South West,All Routes,All Stages,All Ages,2018
3,.67000002,.63999999,.69,All Persons,All IMD Quintiles,South West,All Routes,All Stages,All Ages,2018
3.25,.66000003,.63,.68000001,All Persons,All IMD Quintiles,South West,All Routes,All Stages,All Ages,2018
3.5,.63999999,.61000001,.67000002,All Persons,All IMD Quintiles,South West,All Routes,All Stages,All Ages,2018
3.75,.63999999,.61000001,.67000002,All Persons,All IMD Quintiles,South West,All Routes,All Stages,All Ages,2018
4,.63,.60000002,.66000003,All Persons,All IMD Quintiles,South West,All Routes,All Stages,All Ages,2018
4.25,.62,.58999997,.64999998,All Persons,All IMD Quintiles,South West,All Routes,All Stages,All Ages,2018
4.5,.61000001,.57999998,.63999999,All Persons,All IMD Quintiles,South West,All Routes,All Stages,All Ages,2018
4.75,.58999997,.56,.63,All Persons,All IMD Quintiles,South West,All Routes,All Stages,All Ages,2018
5,.58999997,.56,.62,All Persons,All IMD Quintiles,South West,All Routes,All Stages,All Ages,2018
0,1,1,1,All Persons,All IMD Quintiles,South West,All Routes,All Stages,All Ages,2019
.25,.94999999,.94,.97000003,All Persons,All IMD Quintiles,South West,All Routes,All Stages,All Ages,2019
.5,.89999998,.88,.91000003,All Persons,All IMD Quintiles,South West,All Routes,All Stages,All Ages,2019
.75,.85000002,.82999998,.87,All Persons,All IMD Quintiles,South West,All Routes,All Stages,All Ages,2019
1,.81999999,.80000001,.85000002,All Persons,All IMD Quintiles,South West,All Routes,All Stages,All Ages,2019
1.25,.79000002,.76999998,.81999999,All Persons,All IMD Quintiles,South West,All Routes,All Stages,All Ages,2019
1.5,.76999998,.75,.80000001,All Persons,All IMD Quintiles,South West,All Routes,All Stages,All Ages,2019
1.75,.75,.73000002,.77999997,All Persons,All IMD Quintiles,South West,All Routes,All Stages,All Ages,2019
2,.73000002,.70999998,.75999999,All Persons,All IMD Quintiles,South West,All Routes,All Stages,All Ages,2019
2.25,.72000003,.69,.74000001,All Persons,All IMD Quintiles,South West,All Routes,All Stages,All Ages,2019
2.5,.69999999,.67000002,.73000002,All Persons,All IMD Quintiles,South West,All Routes,All Stages,All Ages,2019
2.75,.68000001,.66000003,.70999998,All Persons,All IMD Quintiles,South West,All Routes,All Stages,All Ages,2019
3,.67000002,.63999999,.69999999,All Persons,All IMD Quintiles,South West,All Routes,All Stages,All Ages,2019
3.25,.66000003,.63999999,.69,All Persons,All IMD Quintiles,South West,All Routes,All Stages,All Ages,2019
3.5,.64999998,.63,.68000001,All Persons,All IMD Quintiles,South West,All Routes,All Stages,All Ages,2019
3.75,.64999998,.62,.67000002,All Persons,All IMD Quintiles,South West,All Routes,All Stages,All Ages,2019
4,.56999999,.47,.68000001,All Persons,All IMD Quintiles,South West,All Routes,All Stages,All Ages,2019
4.25,.56999999,.47,.68000001,All Persons,All IMD Quintiles,South West,All Routes,All Stages,All Ages,2019
4.5,.43000001,.2,.64999998,All Persons,All IMD Quintiles,South West,All Routes,All Stages,All Ages,2019
0,1,1,1,All Persons,All IMD Quintiles,South West,All Routes,All Stages,All Ages,2020
.25,.94,.93000001,.95999998,All Persons,All IMD Quintiles,South West,All Routes,All Stages,All Ages,2020
.5,.88999999,.87,.91000003,All Persons,All IMD Quintiles,South West,All Routes,All Stages,All Ages,2020
.75,.85000002,.82999998,.88,All Persons,All IMD Quintiles,South West,All Routes,All Stages,All Ages,2020
1,.81,.79000002,.83999997,All Persons,All IMD Quintiles,South West,All Routes,All Stages,All Ages,2020
1.25,.77999997,.75,.81,All Persons,All IMD Quintiles,South West,All Routes,All Stages,All Ages,2020
1.5,.75,.72000003,.76999998,All Persons,All IMD Quintiles,South West,All Routes,All Stages,All Ages,2020
1.75,.72000003,.69999999,.75,All Persons,All IMD Quintiles,South West,All Routes,All Stages,All Ages,2020
2,.70999998,.68000001,.73000002,All Persons,All IMD Quintiles,South West,All Routes,All Stages,All Ages,2020
2.25,.69,.66000003,.72000003,All Persons,All IMD Quintiles,South West,All Routes,All Stages,All Ages,2020
2.5,.68000001,.64999998,.70999998,All Persons,All IMD Quintiles,South West,All Routes,All Stages,All Ages,2020
2.75,.66000003,.63,.69,All Persons,All IMD Quintiles,South West,All Routes,All Stages,All Ages,2020
3,.66000003,.63,.69,All Persons,All IMD Quintiles,South West,All Routes,All Stages,All Ages,2020
3.25,.61000001,.5,.70999998,All Persons,All IMD Quintiles,South West,All Routes,All Stages,All Ages,2020
3.5,.55000001,.41999999,.69,All Persons,All IMD Quintiles,South West,All Routes,All Stages,All Ages,2020
3.75,.5,.34,.64999998,All Persons,All IMD Quintiles,South West,All Routes,All Stages,All Ages,2020
4.5,.38999999,.22,.56,All Persons,All IMD Quintiles,South West,All Routes,All Stages,All Ages,2020
0,1,1,1,All Persons,All IMD Quintiles,South West,All Routes,All Stages,All Ages,2021
.25,.93000001,.92000002,.94999999,All Persons,All IMD Quintiles,South West,All Routes,All Stages,All Ages,2021
.5,.88,.86000001,.89999998,All Persons,All IMD Quintiles,South West,All Routes,All Stages,All Ages,2021
.75,.82999998,.81,.85000002,All Persons,All IMD Quintiles,South West,All Routes,All Stages,All Ages,2021
1,.80000001,.77999997,.81999999,All Persons,All IMD Quintiles,South West,All Routes,All Stages,All Ages,2021
1.25,.76999998,.74000001,.79000002,All Persons,All IMD Quintiles,South West,All Routes,All Stages,All Ages,2021
1.5,.75,.73000002,.77999997,All Persons,All IMD Quintiles,South West,All Routes,All Stages,All Ages,2021
1.75,.73000002,.69999999,.75,All Persons,All IMD Quintiles,South West,All Routes,All Stages,All Ages,2021
2,.72000003,.69,.75,All Persons,All IMD Quintiles,South West,All Routes,All Stages,All Ages,2021
2.25,.72000003,.69,.75,All Persons,All IMD Quintiles,South West,All Routes,All Stages,All Ages,2021
3,.63999999,.5,.77999997,All Persons,All IMD Quintiles,South West,All Routes,All Stages,All Ages,2021
3.25,.56,.37,.74000001,All Persons,All IMD Quintiles,South West,All Routes,All Stages,All Ages,2021
3.75,.47999999,.27000001,.69,All Persons,All IMD Quintiles,South West,All Routes,All Stages,All Ages,2021
4.25,.47999999,.27000001,.69,All Persons,All IMD Quintiles,South West,All Routes,All Stages,All Ages,2021
0,1,.99000001,1,All Persons,All IMD Quintiles,West Midlands,Emergency,All Stages,All Ages,All Years
.25,.63999999,.57999998,.70999998,All Persons,All IMD Quintiles,West Midlands,Emergency,All Stages,All Ages,All Years
.5,.5,.43000001,.56999999,All Persons,All IMD Quintiles,West Midlands,Emergency,All Stages,All Ages,All Years
.75,.41,.34,.47,All Persons,All IMD Quintiles,West Midlands,Emergency,All Stages,All Ages,All Years
1,.36000001,.28999999,.41999999,All Persons,All IMD Quintiles,West Midlands,Emergency,All Stages,All Ages,All Years
1.25,.33000001,.27000001,.40000001,All Persons,All IMD Quintiles,West Midlands,Emergency,All Stages,All Ages,All Years
1.5,.31999999,.25999999,.38,All Persons,All IMD Quintiles,West Midlands,Emergency,All Stages,All Ages,All Years
1.75,.30000001,.23999999,.36000001,All Persons,All IMD Quintiles,West Midlands,Emergency,All Stages,All Ages,All Years
2,.28999999,.23,.34999999,All Persons,All IMD Quintiles,West Midlands,Emergency,All Stages,All Ages,All Years
2.25,.28999999,.23,.34999999,All Persons,All IMD Quintiles,West Midlands,Emergency,All Stages,All Ages,All Years
2.5,.27000001,.20999999,.33000001,All Persons,All IMD Quintiles,West Midlands,Emergency,All Stages,All Ages,All Years
2.75,.25999999,.2,.31,All Persons,All IMD Quintiles,West Midlands,Emergency,All Stages,All Ages,All Years
3.25,.25,.19,.30000001,All Persons,All IMD Quintiles,West Midlands,Emergency,All Stages,All Ages,All Years
3.5,.23,.18000001,.28999999,All Persons,All IMD Quintiles,West Midlands,Emergency,All Stages,All Ages,All Years
4,.23,.17,.28,All Persons,All IMD Quintiles,West Midlands,Emergency,All Stages,All Ages,All Years
4.25,.23,.17,.28,All Persons,All IMD Quintiles,West Midlands,Emergency,All Stages,All Ages,All Years
4.5,.22,.17,.28,All Persons,All IMD Quintiles,West Midlands,Emergency,All Stages,All Ages,All Years
4.75,.22,.16,.27000001,All Persons,All IMD Quintiles,West Midlands,Emergency,All Stages,All Ages,All Years
5,.22,.16,.27000001,All Persons,All IMD Quintiles,West Midlands,Emergency,All Stages,All Ages,All Years
0,1,1,1,All Persons,All IMD Quintiles,West Midlands,Non-emergency,All Stages,All Ages,All Years
.25,.94,.93000001,.94999999,All Persons,All IMD Quintiles,West Midlands,Non-emergency,All Stages,All Ages,All Years
.5,.88,.87,.88999999,All Persons,All IMD Quintiles,West Midlands,Non-emergency,All Stages,All Ages,All Years
.75,.82999998,.81,.83999997,All Persons,All IMD Quintiles,West Midlands,Non-emergency,All Stages,All Ages,All Years
1,.79000002,.77999997,.81,All Persons,All IMD Quintiles,West Midlands,Non-emergency,All Stages,All Ages,All Years
1.25,.75999999,.74000001,.76999998,All Persons,All IMD Quintiles,West Midlands,Non-emergency,All Stages,All Ages,All Years
1.5,.73000002,.70999998,.75,All Persons,All IMD Quintiles,West Midlands,Non-emergency,All Stages,All Ages,All Years
1.75,.70999998,.69,.73000002,All Persons,All IMD Quintiles,West Midlands,Non-emergency,All Stages,All Ages,All Years
2,.69,.67000002,.70999998,All Persons,All IMD Quintiles,West Midlands,Non-emergency,All Stages,All Ages,All Years
2.25,.68000001,.66000003,.69,All Persons,All IMD Quintiles,West Midlands,Non-emergency,All Stages,All Ages,All Years
2.5,.66000003,.63999999,.67000002,All Persons,All IMD Quintiles,West Midlands,Non-emergency,All Stages,All Ages,All Years
2.75,.63999999,.62,.66000003,All Persons,All IMD Quintiles,West Midlands,Non-emergency,All Stages,All Ages,All Years
3,.62,.60000002,.63999999,All Persons,All IMD Quintiles,West Midlands,Non-emergency,All Stages,All Ages,All Years
3.25,.61000001,.58999997,.63,All Persons,All IMD Quintiles,West Midlands,Non-emergency,All Stages,All Ages,All Years
3.5,.60000002,.57999998,.62,All Persons,All IMD Quintiles,West Midlands,Non-emergency,All Stages,All Ages,All Years
3.75,.58999997,.56999999,.61000001,All Persons,All IMD Quintiles,West Midlands,Non-emergency,All Stages,All Ages,All Years
4,.56999999,.55000001,.58999997,All Persons,All IMD Quintiles,West Midlands,Non-emergency,All Stages,All Ages,All Years
4.25,.56,.54000002,.57999998,All Persons,All IMD Quintiles,West Midlands,Non-emergency,All Stages,All Ages,All Years
4.5,.55000001,.52999997,.56999999,All Persons,All IMD Quintiles,West Midlands,Non-emergency,All Stages,All Ages,All Years
4.75,.54000002,.51999998,.56,All Persons,All IMD Quintiles,West Midlands,Non-emergency,All Stages,All Ages,All Years
5,.52999997,.50999999,.55000001,All Persons,All IMD Quintiles,West Midlands,Non-emergency,All Stages,All Ages,All Years
0,1,1,1,All Persons,All IMD Quintiles,West Midlands,All Routes,Early,All Ages,All Years
.25,.99000001,.98000002,.99000001,All Persons,All IMD Quintiles,West Midlands,All Routes,Early,All Ages,All Years
.5,.97000003,.97000003,.98000002,All Persons,All IMD Quintiles,West Midlands,All Routes,Early,All Ages,All Years
.75,.94999999,.94,.95999998,All Persons,All IMD Quintiles,West Midlands,All Routes,Early,All Ages,All Years
1,.94,.93000001,.94999999,All Persons,All IMD Quintiles,West Midlands,All Routes,Early,All Ages,All Years
1.25,.92000002,.91000003,.93000001,All Persons,All IMD Quintiles,West Midlands,All Routes,Early,All Ages,All Years
1.5,.89999998,.88999999,.91000003,All Persons,All IMD Quintiles,West Midlands,All Routes,Early,All Ages,All Years
1.75,.88,.87,.89999998,All Persons,All IMD Quintiles,West Midlands,All Routes,Early,All Ages,All Years
2,.87,.86000001,.88999999,All Persons,All IMD Quintiles,West Midlands,All Routes,Early,All Ages,All Years
2.25,.86000001,.85000002,.88,All Persons,All IMD Quintiles,West Midlands,All Routes,Early,All Ages,All Years
2.5,.85000002,.82999998,.86000001,All Persons,All IMD Quintiles,West Midlands,All Routes,Early,All Ages,All Years
2.75,.82999998,.81,.85000002,All Persons,All IMD Quintiles,West Midlands,All Routes,Early,All Ages,All Years
3,.81999999,.80000001,.83999997,All Persons,All IMD Quintiles,West Midlands,All Routes,Early,All Ages,All Years
3.25,.81,.79000002,.81999999,All Persons,All IMD Quintiles,West Midlands,All Routes,Early,All Ages,All Years
3.5,.79000002,.76999998,.81,All Persons,All IMD Quintiles,West Midlands,All Routes,Early,All Ages,All Years
3.75,.77999997,.75999999,.80000001,All Persons,All IMD Quintiles,West Midlands,All Routes,Early,All Ages,All Years
4,.76999998,.74000001,.79000002,All Persons,All IMD Quintiles,West Midlands,All Routes,Early,All Ages,All Years
4.25,.75999999,.73000002,.77999997,All Persons,All IMD Quintiles,West Midlands,All Routes,Early,All Ages,All Years
4.5,.75,.72000003,.76999998,All Persons,All IMD Quintiles,West Midlands,All Routes,Early,All Ages,All Years
4.75,.73000002,.70999998,.75999999,All Persons,All IMD Quintiles,West Midlands,All Routes,Early,All Ages,All Years
5,.72000003,.69999999,.75,All Persons,All IMD Quintiles,West Midlands,All Routes,Early,All Ages,All Years
0,1,1,1,All Persons,All IMD Quintiles,West Midlands,All Routes,Advanced,All Ages,All Years
.25,.88999999,.88,.89999998,All Persons,All IMD Quintiles,West Midlands,All Routes,Advanced,All Ages,All Years
.5,.79000002,.77999997,.81,All Persons,All IMD Quintiles,West Midlands,All Routes,Advanced,All Ages,All Years
.75,.72000003,.70999998,.74000001,All Persons,All IMD Quintiles,West Midlands,All Routes,Advanced,All Ages,All Years
1,.67000002,.64999998,.69,All Persons,All IMD Quintiles,West Midlands,All Routes,Advanced,All Ages,All Years
1.25,.62,.61000001,.63999999,All Persons,All IMD Quintiles,West Midlands,All Routes,Advanced,All Ages,All Years
1.5,.60000002,.57999998,.61000001,All Persons,All IMD Quintiles,West Midlands,All Routes,Advanced,All Ages,All Years
1.75,.56999999,.56,.58999997,All Persons,All IMD Quintiles,West Midlands,All Routes,Advanced,All Ages,All Years
2,.55000001,.54000002,.56999999,All Persons,All IMD Quintiles,West Midlands,All Routes,Advanced,All Ages,All Years
2.25,.52999997,.51999998,.55000001,All Persons,All IMD Quintiles,West Midlands,All Routes,Advanced,All Ages,All Years
2.5,.51999998,.5,.52999997,All Persons,All IMD Quintiles,West Midlands,All Routes,Advanced,All Ages,All Years
2.75,.5,.47999999,.51999998,All Persons,All IMD Quintiles,West Midlands,All Routes,Advanced,All Ages,All Years
3,.47999999,.47,.5,All Persons,All IMD Quintiles,West Midlands,All Routes,Advanced,All Ages,All Years
3.25,.47,.44999999,.49000001,All Persons,All IMD Quintiles,West Midlands,All Routes,Advanced,All Ages,All Years
3.5,.46000001,.44,.47999999,All Persons,All IMD Quintiles,West Midlands,All Routes,Advanced,All Ages,All Years
3.75,.44999999,.43000001,.47,All Persons,All IMD Quintiles,West Midlands,All Routes,Advanced,All Ages,All Years
4,.44,.41999999,.44999999,All Persons,All IMD Quintiles,West Midlands,All Routes,Advanced,All Ages,All Years
4.25,.41999999,.40000001,.44,All Persons,All IMD Quintiles,West Midlands,All Routes,Advanced,All Ages,All Years
4.5,.41,.38999999,.43000001,All Persons,All IMD Quintiles,West Midlands,All Routes,Advanced,All Ages,All Years
4.75,.41,.38999999,.41999999,All Persons,All IMD Quintiles,West Midlands,All Routes,Advanced,All Ages,All Years
5,.40000001,.38,.41999999,All Persons,All IMD Quintiles,West Midlands,All Routes,Advanced,All Ages,All Years
0,1,1,1,All Persons,All IMD Quintiles,West Midlands,All Routes,All Stages,0-49,All Years
.25,.98000002,.97000003,.99000001,All Persons,All IMD Quintiles,West Midlands,All Routes,All Stages,0-49,All Years
.5,.94999999,.93000001,.97000003,All Persons,All IMD Quintiles,West Midlands,All Routes,All Stages,0-49,All Years
.75,.93000001,.91000003,.94999999,All Persons,All IMD Quintiles,West Midlands,All Routes,All Stages,0-49,All Years
1,.89999998,.88,.92000002,All Persons,All IMD Quintiles,West Midlands,All Routes,All Stages,0-49,All Years
1.25,.88,.85000002,.89999998,All Persons,All IMD Quintiles,West Midlands,All Routes,All Stages,0-49,All Years
1.5,.87,.83999997,.88999999,All Persons,All IMD Quintiles,West Midlands,All Routes,All Stages,0-49,All Years
1.75,.83999997,.81,.87,All Persons,All IMD Quintiles,West Midlands,All Routes,All Stages,0-49,All Years
2,.83999997,.81,.87,All Persons,All IMD Quintiles,West Midlands,All Routes,All Stages,0-49,All Years
2.25,.81999999,.79000002,.85000002,All Persons,All IMD Quintiles,West Midlands,All Routes,All Stages,0-49,All Years
2.5,.81999999,.79000002,.85000002,All Persons,All IMD Quintiles,West Midlands,All Routes,All Stages,0-49,All Years
2.75,.81,.77999997,.83999997,All Persons,All IMD Quintiles,West Midlands,All Routes,All Stages,0-49,All Years
3,.81,.76999998,.83999997,All Persons,All IMD Quintiles,West Midlands,All Routes,All Stages,0-49,All Years
3.25,.80000001,.76999998,.82999998,All Persons,All IMD Quintiles,West Midlands,All Routes,All Stages,0-49,All Years
3.5,.77999997,.75,.81999999,All Persons,All IMD Quintiles,West Midlands,All Routes,All Stages,0-49,All Years
3.75,.77999997,.75,.81999999,All Persons,All IMD Quintiles,West Midlands,All Routes,All Stages,0-49,All Years
4,.76999998,.74000001,.81,All Persons,All IMD Quintiles,West Midlands,All Routes,All Stages,0-49,All Years
4.25,.76999998,.73000002,.80000001,All Persons,All IMD Quintiles,West Midlands,All Routes,All Stages,0-49,All Years
4.5,.76999998,.73000002,.80000001,All Persons,All IMD Quintiles,West Midlands,All Routes,All Stages,0-49,All Years
4.75,.75999999,.72000003,.80000001,All Persons,All IMD Quintiles,West Midlands,All Routes,All Stages,0-49,All Years
5,.75999999,.72000003,.80000001,All Persons,All IMD Quintiles,West Midlands,All Routes,All Stages,0-49,All Years
0,1,.99000001,1,All Persons,All IMD Quintiles,West Midlands,All Routes,All Stages,50-54,All Years
.25,.95999998,.94,.97000003,All Persons,All IMD Quintiles,West Midlands,All Routes,All Stages,50-54,All Years
.5,.89999998,.87,.92000002,All Persons,All IMD Quintiles,West Midlands,All Routes,All Stages,50-54,All Years
.75,.85000002,.81999999,.88,All Persons,All IMD Quintiles,West Midlands,All Routes,All Stages,50-54,All Years
1,.81999999,.79000002,.85000002,All Persons,All IMD Quintiles,West Midlands,All Routes,All Stages,50-54,All Years
1.25,.80000001,.76999998,.83999997,All Persons,All IMD Quintiles,West Midlands,All Routes,All Stages,50-54,All Years
1.5,.77999997,.74000001,.81,All Persons,All IMD Quintiles,West Midlands,All Routes,All Stages,50-54,All Years
1.75,.75999999,.73000002,.80000001,All Persons,All IMD Quintiles,West Midlands,All Routes,All Stages,50-54,All Years
2,.75999999,.72000003,.79000002,All Persons,All IMD Quintiles,West Midlands,All Routes,All Stages,50-54,All Years
2.25,.74000001,.69999999,.77999997,All Persons,All IMD Quintiles,West Midlands,All Routes,All Stages,50-54,All Years
2.5,.73000002,.69999999,.76999998,All Persons,All IMD Quintiles,West Midlands,All Routes,All Stages,50-54,All Years
2.75,.72000003,.68000001,.75999999,All Persons,All IMD Quintiles,West Midlands,All Routes,All Stages,50-54,All Years
3,.70999998,.67000002,.75,All Persons,All IMD Quintiles,West Midlands,All Routes,All Stages,50-54,All Years
3.25,.69999999,.66000003,.74000001,All Persons,All IMD Quintiles,West Midlands,All Routes,All Stages,50-54,All Years
3.5,.69999999,.66000003,.74000001,All Persons,All IMD Quintiles,West Midlands,All Routes,All Stages,50-54,All Years
3.75,.69,.63999999,.73000002,All Persons,All IMD Quintiles,West Midlands,All Routes,All Stages,50-54,All Years
4,.68000001,.63,.72000003,All Persons,All IMD Quintiles,West Midlands,All Routes,All Stages,50-54,All Years
4.25,.66000003,.62,.70999998,All Persons,All IMD Quintiles,West Midlands,All Routes,All Stages,50-54,All Years
4.5,.64999998,.61000001,.69999999,All Persons,All IMD Quintiles,West Midlands,All Routes,All Stages,50-54,All Years
4.75,.64999998,.60000002,.69,All Persons,All IMD Quintiles,West Midlands,All Routes,All Stages,50-54,All Years
5,.63999999,.58999997,.68000001,All Persons,All IMD Quintiles,West Midlands,All Routes,All Stages,50-54,All Years
0,1,1,1,All Persons,All IMD Quintiles,West Midlands,All Routes,All Stages,55-59,All Years
.25,.94999999,.94,.97000003,All Persons,All IMD Quintiles,West Midlands,All Routes,All Stages,55-59,All Years
.5,.92000002,.89999998,.93000001,All Persons,All IMD Quintiles,West Midlands,All Routes,All Stages,55-59,All Years
.75,.88,.86000001,.91000003,All Persons,All IMD Quintiles,West Midlands,All Routes,All Stages,55-59,All Years
1,.85000002,.81999999,.87,All Persons,All IMD Quintiles,West Midlands,All Routes,All Stages,55-59,All Years
1.25,.81999999,.79000002,.85000002,All Persons,All IMD Quintiles,West Midlands,All Routes,All Stages,55-59,All Years
1.5,.80000001,.76999998,.82999998,All Persons,All IMD Quintiles,West Midlands,All Routes,All Stages,55-59,All Years
1.75,.77999997,.75,.81,All Persons,All IMD Quintiles,West Midlands,All Routes,All Stages,55-59,All Years
2,.76999998,.74000001,.80000001,All Persons,All IMD Quintiles,West Midlands,All Routes,All Stages,55-59,All Years
2.25,.75,.72000003,.77999997,All Persons,All IMD Quintiles,West Midlands,All Routes,All Stages,55-59,All Years
2.5,.74000001,.69999999,.76999998,All Persons,All IMD Quintiles,West Midlands,All Routes,All Stages,55-59,All Years
2.75,.72000003,.69,.75,All Persons,All IMD Quintiles,West Midlands,All Routes,All Stages,55-59,All Years
3,.69999999,.67000002,.73000002,All Persons,All IMD Quintiles,West Midlands,All Routes,All Stages,55-59,All Years
3.25,.69,.64999998,.72000003,All Persons,All IMD Quintiles,West Midlands,All Routes,All Stages,55-59,All Years
3.5,.67000002,.63999999,.70999998,All Persons,All IMD Quintiles,West Midlands,All Routes,All Stages,55-59,All Years
3.75,.66000003,.63,.69999999,All Persons,All IMD Quintiles,West Midlands,All Routes,All Stages,55-59,All Years
4,.63999999,.61000001,.68000001,All Persons,All IMD Quintiles,West Midlands,All Routes,All Stages,55-59,All Years
4.25,.63999999,.60000002,.68000001,All Persons,All IMD Quintiles,West Midlands,All Routes,All Stages,55-59,All Years
4.5,.63,.60000002,.67000002,All Persons,All IMD Quintiles,West Midlands,All Routes,All Stages,55-59,All Years
4.75,.62,.57999998,.66000003,All Persons,All IMD Quintiles,West Midlands,All Routes,All Stages,55-59,All Years
5,.62,.57999998,.66000003,All Persons,All IMD Quintiles,West Midlands,All Routes,All Stages,55-59,All Years
0,1,1,1,All Persons,All IMD Quintiles,West Midlands,All Routes,All Stages,60-64,All Years
.25,.93000001,.91000003,.94,All Persons,All IMD Quintiles,West Midlands,All Routes,All Stages,60-64,All Years
.5,.88,.86000001,.91000003,All Persons,All IMD Quintiles,West Midlands,All Routes,All Stages,60-64,All Years
.75,.83999997,.81,.86000001,All Persons,All IMD Quintiles,West Midlands,All Routes,All Stages,60-64,All Years
1,.81,.79000002,.83999997,All Persons,All IMD Quintiles,West Midlands,All Routes,All Stages,60-64,All Years
1.25,.77999997,.75,.81,All Persons,All IMD Quintiles,West Midlands,All Routes,All Stages,60-64,All Years
1.5,.75999999,.73000002,.79000002,All Persons,All IMD Quintiles,West Midlands,All Routes,All Stages,60-64,All Years
1.75,.74000001,.70999998,.76999998,All Persons,All IMD Quintiles,West Midlands,All Routes,All Stages,60-64,All Years
2,.72000003,.69,.75,All Persons,All IMD Quintiles,West Midlands,All Routes,All Stages,60-64,All Years
2.25,.70999998,.68000001,.74000001,All Persons,All IMD Quintiles,West Midlands,All Routes,All Stages,60-64,All Years
2.5,.69,.66000003,.73000002,All Persons,All IMD Quintiles,West Midlands,All Routes,All Stages,60-64,All Years
2.75,.68000001,.64999998,.70999998,All Persons,All IMD Quintiles,West Midlands,All Routes,All Stages,60-64,All Years
3,.67000002,.63,.69999999,All Persons,All IMD Quintiles,West Midlands,All Routes,All Stages,60-64,All Years
3.25,.64999998,.62,.69,All Persons,All IMD Quintiles,West Midlands,All Routes,All Stages,60-64,All Years
3.5,.63,.60000002,.67000002,All Persons,All IMD Quintiles,West Midlands,All Routes,All Stages,60-64,All Years
3.75,.61000001,.57999998,.64999998,All Persons,All IMD Quintiles,West Midlands,All Routes,All Stages,60-64,All Years
4,.61000001,.57999998,.64999998,All Persons,All IMD Quintiles,West Midlands,All Routes,All Stages,60-64,All Years
4.25,.60000002,.56,.63999999,All Persons,All IMD Quintiles,West Midlands,All Routes,All Stages,60-64,All Years
4.5,.60000002,.56,.63,All Persons,All IMD Quintiles,West Midlands,All Routes,All Stages,60-64,All Years
4.75,.58999997,.56,.63,All Persons,All IMD Quintiles,West Midlands,All Routes,All Stages,60-64,All Years
5,.58999997,.55000001,.62,All Persons,All IMD Quintiles,West Midlands,All Routes,All Stages,60-64,All Years
0,1,1,1,All Persons,All IMD Quintiles,West Midlands,All Routes,All Stages,65-69,All Years
.25,.93000001,.91000003,.94999999,All Persons,All IMD Quintiles,West Midlands,All Routes,All Stages,65-69,All Years
.5,.87,.85000002,.88999999,All Persons,All IMD Quintiles,West Midlands,All Routes,All Stages,65-69,All Years
.75,.81999999,.79000002,.83999997,All Persons,All IMD Quintiles,West Midlands,All Routes,All Stages,65-69,All Years
1,.77999997,.75,.81,All Persons,All IMD Quintiles,West Midlands,All Routes,All Stages,65-69,All Years
1.25,.75,.73000002,.77999997,All Persons,All IMD Quintiles,West Midlands,All Routes,All Stages,65-69,All Years
1.5,.73000002,.69999999,.75999999,All Persons,All IMD Quintiles,West Midlands,All Routes,All Stages,65-69,All Years
1.75,.69999999,.67000002,.73000002,All Persons,All IMD Quintiles,West Midlands,All Routes,All Stages,65-69,All Years
2,.68000001,.63999999,.70999998,All Persons,All IMD Quintiles,West Midlands,All Routes,All Stages,65-69,All Years
2.25,.66000003,.63,.69,All Persons,All IMD Quintiles,West Midlands,All Routes,All Stages,65-69,All Years
2.5,.63,.60000002,.66000003,All Persons,All IMD Quintiles,West Midlands,All Routes,All Stages,65-69,All Years
2.75,.62,.58999997,.64999998,All Persons,All IMD Quintiles,West Midlands,All Routes,All Stages,65-69,All Years
3,.60000002,.56,.63,All Persons,All IMD Quintiles,West Midlands,All Routes,All Stages,65-69,All Years
3.25,.58999997,.55000001,.62,All Persons,All IMD Quintiles,West Midlands,All Routes,All Stages,65-69,All Years
3.5,.56,.52999997,.60000002,All Persons,All IMD Quintiles,West Midlands,All Routes,All Stages,65-69,All Years
3.75,.55000001,.50999999,.57999998,All Persons,All IMD Quintiles,West Midlands,All Routes,All Stages,65-69,All Years
4,.52999997,.5,.56999999,All Persons,All IMD Quintiles,West Midlands,All Routes,All Stages,65-69,All Years
4.25,.51999998,.47999999,.56,All Persons,All IMD Quintiles,West Midlands,All Routes,All Stages,65-69,All Years
4.5,.50999999,.47,.54000002,All Persons,All IMD Quintiles,West Midlands,All Routes,All Stages,65-69,All Years
4.75,.5,.46000001,.54000002,All Persons,All IMD Quintiles,West Midlands,All Routes,All Stages,65-69,All Years
5,.49000001,.44999999,.52999997,All Persons,All IMD Quintiles,West Midlands,All Routes,All Stages,65-69,All Years
0,1,1,1,All Persons,All IMD Quintiles,West Midlands,All Routes,All Stages,70-74,All Years
.25,.92000002,.89999998,.94,All Persons,All IMD Quintiles,West Midlands,All Routes,All Stages,70-74,All Years
.5,.85000002,.81999999,.87,All Persons,All IMD Quintiles,West Midlands,All Routes,All Stages,70-74,All Years
.75,.77999997,.75,.80000001,All Persons,All IMD Quintiles,West Midlands,All Routes,All Stages,70-74,All Years
1,.74000001,.70999998,.76999998,All Persons,All IMD Quintiles,West Midlands,All Routes,All Stages,70-74,All Years
1.25,.69,.64999998,.72000003,All Persons,All IMD Quintiles,West Midlands,All Routes,All Stages,70-74,All Years
1.5,.66000003,.62,.69,All Persons,All IMD Quintiles,West Midlands,All Routes,All Stages,70-74,All Years
1.75,.63999999,.60000002,.67000002,All Persons,All IMD Quintiles,West Midlands,All Routes,All Stages,70-74,All Years
2,.61000001,.57999998,.64999998,All Persons,All IMD Quintiles,West Midlands,All Routes,All Stages,70-74,All Years
2.25,.60000002,.56,.63,All Persons,All IMD Quintiles,West Midlands,All Routes,All Stages,70-74,All Years
2.5,.57999998,.54000002,.61000001,All Persons,All IMD Quintiles,West Midlands,All Routes,All Stages,70-74,All Years
2.75,.55000001,.50999999,.57999998,All Persons,All IMD Quintiles,West Midlands,All Routes,All Stages,70-74,All Years
3,.52999997,.5,.56999999,All Persons,All IMD Quintiles,West Midlands,All Routes,All Stages,70-74,All Years
3.25,.51999998,.47999999,.55000001,All Persons,All IMD Quintiles,West Midlands,All Routes,All Stages,70-74,All Years
3.5,.50999999,.47,.55000001,All Persons,All IMD Quintiles,West Midlands,All Routes,All Stages,70-74,All Years
3.75,.49000001,.44999999,.52999997,All Persons,All IMD Quintiles,West Midlands,All Routes,All Stages,70-74,All Years
4,.47,.43000001,.50999999,All Persons,All IMD Quintiles,West Midlands,All Routes,All Stages,70-74,All Years
4.25,.47,.43000001,.5,All Persons,All IMD Quintiles,West Midlands,All Routes,All Stages,70-74,All Years
4.5,.44,.40000001,.47999999,All Persons,All IMD Quintiles,West Midlands,All Routes,All Stages,70-74,All Years
4.75,.41999999,.38,.47,All Persons,All IMD Quintiles,West Midlands,All Routes,All Stages,70-74,All Years
5,.41,.37,.46000001,All Persons,All IMD Quintiles,West Midlands,All Routes,All Stages,70-74,All Years
0,1,.99000001,1,All Persons,All IMD Quintiles,West Midlands,All Routes,All Stages,75-79,All Years
.25,.87,.83999997,.89999998,All Persons,All IMD Quintiles,West Midlands,All Routes,All Stages,75-79,All Years
.5,.76999998,.74000001,.80000001,All Persons,All IMD Quintiles,West Midlands,All Routes,All Stages,75-79,All Years
.75,.70999998,.67000002,.75,All Persons,All IMD Quintiles,West Midlands,All Routes,All Stages,75-79,All Years
1,.66000003,.62,.69,All Persons,All IMD Quintiles,West Midlands,All Routes,All Stages,75-79,All Years
1.25,.60000002,.56,.63999999,All Persons,All IMD Quintiles,West Midlands,All Routes,All Stages,75-79,All Years
1.5,.57999998,.54000002,.62,All Persons,All IMD Quintiles,West Midlands,All Routes,All Stages,75-79,All Years
1.75,.56,.51999998,.60000002,All Persons,All IMD Quintiles,West Midlands,All Routes,All Stages,75-79,All Years
2,.55000001,.50999999,.58999997,All Persons,All IMD Quintiles,West Midlands,All Routes,All Stages,75-79,All Years
2.25,.51999998,.47999999,.56999999,All Persons,All IMD Quintiles,West Midlands,All Routes,All Stages,75-79,All Years
2.5,.50999999,.47,.56,All Persons,All IMD Quintiles,West Midlands,All Routes,All Stages,75-79,All Years
2.75,.49000001,.44999999,.52999997,All Persons,All IMD Quintiles,West Midlands,All Routes,All Stages,75-79,All Years
3,.47999999,.44,.52999997,All Persons,All IMD Quintiles,West Midlands,All Routes,All Stages,75-79,All Years
3.25,.46000001,.41999999,.50999999,All Persons,All IMD Quintiles,West Midlands,All Routes,All Stages,75-79,All Years
3.5,.46000001,.41,.5,All Persons,All IMD Quintiles,West Midlands,All Routes,All Stages,75-79,All Years
3.75,.44,.40000001,.49000001,All Persons,All IMD Quintiles,West Midlands,All Routes,All Stages,75-79,All Years
4,.41,.37,.46000001,All Persons,All IMD Quintiles,West Midlands,All Routes,All Stages,75-79,All Years
4.25,.38999999,.34,.44,All Persons,All IMD Quintiles,West Midlands,All Routes,All Stages,75-79,All Years
4.5,.36000001,.31,.41,All Persons,All IMD Quintiles,West Midlands,All Routes,All Stages,75-79,All Years
4.75,.36000001,.31,.41,All Persons,All IMD Quintiles,West Midlands,All Routes,All Stages,75-79,All Years
5,.34999999,.30000001,.40000001,All Persons,All IMD Quintiles,West Midlands,All Routes,All Stages,75-79,All Years
0,1,.99000001,1,All Persons,All IMD Quintiles,West Midlands,All Routes,All Stages,80-84,All Years
.25,.85000002,.81999999,.88,All Persons,All IMD Quintiles,West Midlands,All Routes,All Stages,80-84,All Years
.5,.72000003,.68000001,.76999998,All Persons,All IMD Quintiles,West Midlands,All Routes,All Stages,80-84,All Years
.75,.64999998,.61000001,.69999999,All Persons,All IMD Quintiles,West Midlands,All Routes,All Stages,80-84,All Years
1,.61000001,.56,.66000003,All Persons,All IMD Quintiles,West Midlands,All Routes,All Stages,80-84,All Years
1.25,.56,.50999999,.61000001,All Persons,All IMD Quintiles,West Midlands,All Routes,All Stages,80-84,All Years
1.5,.50999999,.46000001,.56,All Persons,All IMD Quintiles,West Midlands,All Routes,All Stages,80-84,All Years
1.75,.5,.44999999,.55000001,All Persons,All IMD Quintiles,West Midlands,All Routes,All Stages,80-84,All Years
2,.46000001,.41,.50999999,All Persons,All IMD Quintiles,West Midlands,All Routes,All Stages,80-84,All Years
2.25,.44999999,.40000001,.5,All Persons,All IMD Quintiles,West Midlands,All Routes,All Stages,80-84,All Years
2.5,.41999999,.37,.47,All Persons,All IMD Quintiles,West Midlands,All Routes,All Stages,80-84,All Years
2.75,.41,.36000001,.46000001,All Persons,All IMD Quintiles,West Midlands,All Routes,All Stages,80-84,All Years
3,.38,.33000001,.43000001,All Persons,All IMD Quintiles,West Midlands,All Routes,All Stages,80-84,All Years
3.25,.38,.33000001,.43000001,All Persons,All IMD Quintiles,West Midlands,All Routes,All Stages,80-84,All Years
3.5,.37,.31999999,.41999999,All Persons,All IMD Quintiles,West Midlands,All Routes,All Stages,80-84,All Years
3.75,.36000001,.31,.41,All Persons,All IMD Quintiles,West Midlands,All Routes,All Stages,80-84,All Years
4,.34999999,.30000001,.41,All Persons,All IMD Quintiles,West Midlands,All Routes,All Stages,80-84,All Years
4.25,.31999999,.27000001,.38,All Persons,All IMD Quintiles,West Midlands,All Routes,All Stages,80-84,All Years
4.5,.31,.25999999,.37,All Persons,All IMD Quintiles,West Midlands,All Routes,All Stages,80-84,All Years
4.75,.28999999,.23999999,.34,All Persons,All IMD Quintiles,West Midlands,All Routes,All Stages,80-84,All Years
5,.28999999,.23999999,.34,All Persons,All IMD Quintiles,West Midlands,All Routes,All Stages,80-84,All Years
0,1,.99000001,1,All Persons,All IMD Quintiles,West Midlands,All Routes,All Stages,85-89,All Years
.25,.75999999,.70999998,.81999999,All Persons,All IMD Quintiles,West Midlands,All Routes,All Stages,85-89,All Years
.5,.60000002,.54000002,.67000002,All Persons,All IMD Quintiles,West Midlands,All Routes,All Stages,85-89,All Years
.75,.51999998,.46000001,.57999998,All Persons,All IMD Quintiles,West Midlands,All Routes,All Stages,85-89,All Years
1,.44999999,.38999999,.50999999,All Persons,All IMD Quintiles,West Midlands,All Routes,All Stages,85-89,All Years
1.25,.43000001,.37,.49000001,All Persons,All IMD Quintiles,West Midlands,All Routes,All Stages,85-89,All Years
1.5,.38999999,.33000001,.44999999,All Persons,All IMD Quintiles,West Midlands,All Routes,All Stages,85-89,All Years
1.75,.36000001,.30000001,.43000001,All Persons,All IMD Quintiles,West Midlands,All Routes,All Stages,85-89,All Years
2,.34999999,.28999999,.41,All Persons,All IMD Quintiles,West Midlands,All Routes,All Stages,85-89,All Years
2.25,.33000001,.27000001,.38999999,All Persons,All IMD Quintiles,West Midlands,All Routes,All Stages,85-89,All Years
2.5,.30000001,.23999999,.36000001,All Persons,All IMD Quintiles,West Midlands,All Routes,All Stages,85-89,All Years
2.75,.28999999,.23,.34999999,All Persons,All IMD Quintiles,West Midlands,All Routes,All Stages,85-89,All Years
3,.28,.22,.34999999,All Persons,All IMD Quintiles,West Midlands,All Routes,All Stages,85-89,All Years
3.25,.27000001,.20999999,.33000001,All Persons,All IMD Quintiles,West Midlands,All Routes,All Stages,85-89,All Years
3.5,.25,.18000001,.31,All Persons,All IMD Quintiles,West Midlands,All Routes,All Stages,85-89,All Years
3.75,.23,.17,.28999999,All Persons,All IMD Quintiles,West Midlands,All Routes,All Stages,85-89,All Years
4,.22,.16,.28,All Persons,All IMD Quintiles,West Midlands,All Routes,All Stages,85-89,All Years
4.25,.22,.16,.28,All Persons,All IMD Quintiles,West Midlands,All Routes,All Stages,85-89,All Years
4.5,.22,.16,.28,All Persons,All IMD Quintiles,West Midlands,All Routes,All Stages,85-89,All Years
4.75,.22,.16,.28,All Persons,All IMD Quintiles,West Midlands,All Routes,All Stages,85-89,All Years
5,.2,.14,.27000001,All Persons,All IMD Quintiles,West Midlands,All Routes,All Stages,85-89,All Years
0,.99000001,.97000003,1.01,All Persons,All IMD Quintiles,West Midlands,All Routes,All Stages,90+,All Years
.25,.62,.52999997,.72000003,All Persons,All IMD Quintiles,West Midlands,All Routes,All Stages,90+,All Years
.5,.41999999,.31999999,.50999999,All Persons,All IMD Quintiles,West Midlands,All Routes,All Stages,90+,All Years
.75,.34999999,.25,.44,All Persons,All IMD Quintiles,West Midlands,All Routes,All Stages,90+,All Years
1,.31,.22,.40000001,All Persons,All IMD Quintiles,West Midlands,All Routes,All Stages,90+,All Years
1.25,.25,.16,.33000001,All Persons,All IMD Quintiles,West Midlands,All Routes,All Stages,90+,All Years
1.5,.20999999,.13,.28,All Persons,All IMD Quintiles,West Midlands,All Routes,All Stages,90+,All Years
1.75,.2,.12,.27000001,All Persons,All IMD Quintiles,West Midlands,All Routes,All Stages,90+,All Years
2,.17,.1,.25,All Persons,All IMD Quintiles,West Midlands,All Routes,All Stages,90+,All Years
2.25,.16,.090000004,.23,All Persons,All IMD Quintiles,West Midlands,All Routes,All Stages,90+,All Years
2.5,.15000001,.079999998,.22,All Persons,All IMD Quintiles,West Midlands,All Routes,All Stages,90+,All Years
2.75,.14,.07,.20999999,All Persons,All IMD Quintiles,West Midlands,All Routes,All Stages,90+,All Years
3,.12,.059999999,.18000001,All Persons,All IMD Quintiles,West Midlands,All Routes,All Stages,90+,All Years
3.5,.11,.050000001,.17,All Persons,All IMD Quintiles,West Midlands,All Routes,All Stages,90+,All Years
3.75,.090000004,.039999999,.15000001,All Persons,All IMD Quintiles,West Midlands,All Routes,All Stages,90+,All Years
4.25,.079999998,.029999999,.14,All Persons,All IMD Quintiles,West Midlands,All Routes,All Stages,90+,All Years
4.5,.07,.02,.12,All Persons,All IMD Quintiles,West Midlands,All Routes,All Stages,90+,All Years
4.75,.07,.02,.12,All Persons,All IMD Quintiles,West Midlands,All Routes,All Stages,90+,All Years
0,1,1,1,All Persons,All IMD Quintiles,West Midlands,All Routes,All Stages,All Ages,2016
.25,.92000002,.89999998,.93000001,All Persons,All IMD Quintiles,West Midlands,All Routes,All Stages,All Ages,2016
.5,.83999997,.81999999,.87,All Persons,All IMD Quintiles,West Midlands,All Routes,All Stages,All Ages,2016
.75,.77999997,.75,.81,All Persons,All IMD Quintiles,West Midlands,All Routes,All Stages,All Ages,2016
1,.74000001,.72000003,.76999998,All Persons,All IMD Quintiles,West Midlands,All Routes,All Stages,All Ages,2016
1.25,.72000003,.69,.75,All Persons,All IMD Quintiles,West Midlands,All Routes,All Stages,All Ages,2016
1.5,.69,.66000003,.72000003,All Persons,All IMD Quintiles,West Midlands,All Routes,All Stages,All Ages,2016
1.75,.67000002,.63999999,.69999999,All Persons,All IMD Quintiles,West Midlands,All Routes,All Stages,All Ages,2016
2,.64999998,.61000001,.68000001,All Persons,All IMD Quintiles,West Midlands,All Routes,All Stages,All Ages,2016
2.25,.63,.60000002,.66000003,All Persons,All IMD Quintiles,West Midlands,All Routes,All Stages,All Ages,2016
2.5,.61000001,.56999999,.63999999,All Persons,All IMD Quintiles,West Midlands,All Routes,All Stages,All Ages,2016
2.75,.58999997,.56,.62,All Persons,All IMD Quintiles,West Midlands,All Routes,All Stages,All Ages,2016
3,.56999999,.54000002,.60000002,All Persons,All IMD Quintiles,West Midlands,All Routes,All Stages,All Ages,2016
3.25,.56,.52999997,.58999997,All Persons,All IMD Quintiles,West Midlands,All Routes,All Stages,All Ages,2016
3.5,.55000001,.51999998,.57999998,All Persons,All IMD Quintiles,West Midlands,All Routes,All Stages,All Ages,2016
3.75,.54000002,.5,.56999999,All Persons,All IMD Quintiles,West Midlands,All Routes,All Stages,All Ages,2016
4,.52999997,.5,.56,All Persons,All IMD Quintiles,West Midlands,All Routes,All Stages,All Ages,2016
4.25,.51999998,.49000001,.55000001,All Persons,All IMD Quintiles,West Midlands,All Routes,All Stages,All Ages,2016
4.5,.50999999,.47999999,.54000002,All Persons,All IMD Quintiles,West Midlands,All Routes,All Stages,All Ages,2016
4.75,.50999999,.47,.54000002,All Persons,All IMD Quintiles,West Midlands,All Routes,All Stages,All Ages,2016
5,.5,.47,.52999997,All Persons,All IMD Quintiles,West Midlands,All Routes,All Stages,All Ages,2016
0,1,.99000001,1,All Persons,All IMD Quintiles,West Midlands,All Routes,All Stages,All Ages,2017
.25,.91000003,.88999999,.93000001,All Persons,All IMD Quintiles,West Midlands,All Routes,All Stages,All Ages,2017
.5,.85000002,.81999999,.87,All Persons,All IMD Quintiles,West Midlands,All Routes,All Stages,All Ages,2017
.75,.79000002,.75999999,.81,All Persons,All IMD Quintiles,West Midlands,All Routes,All Stages,All Ages,2017
1,.75999999,.73000002,.77999997,All Persons,All IMD Quintiles,West Midlands,All Routes,All Stages,All Ages,2017
1.25,.72000003,.69,.75,All Persons,All IMD Quintiles,West Midlands,All Routes,All Stages,All Ages,2017
1.5,.69,.66000003,.72000003,All Persons,All IMD Quintiles,West Midlands,All Routes,All Stages,All Ages,2017
1.75,.67000002,.63999999,.69999999,All Persons,All IMD Quintiles,West Midlands,All Routes,All Stages,All Ages,2017
2,.66000003,.63,.69,All Persons,All IMD Quintiles,West Midlands,All Routes,All Stages,All Ages,2017
2.25,.64999998,.62,.68000001,All Persons,All IMD Quintiles,West Midlands,All Routes,All Stages,All Ages,2017
2.5,.63999999,.60000002,.67000002,All Persons,All IMD Quintiles,West Midlands,All Routes,All Stages,All Ages,2017
2.75,.62,.58999997,.66000003,All Persons,All IMD Quintiles,West Midlands,All Routes,All Stages,All Ages,2017
3,.61000001,.56999999,.63999999,All Persons,All IMD Quintiles,West Midlands,All Routes,All Stages,All Ages,2017
3.25,.58999997,.56,.63,All Persons,All IMD Quintiles,West Midlands,All Routes,All Stages,All Ages,2017
3.5,.57999998,.55000001,.61000001,All Persons,All IMD Quintiles,West Midlands,All Routes,All Stages,All Ages,2017
3.75,.56999999,.54000002,.60000002,All Persons,All IMD Quintiles,West Midlands,All Routes,All Stages,All Ages,2017
4,.56,.51999998,.58999997,All Persons,All IMD Quintiles,West Midlands,All Routes,All Stages,All Ages,2017
4.25,.54000002,.50999999,.56999999,All Persons,All IMD Quintiles,West Midlands,All Routes,All Stages,All Ages,2017
4.5,.52999997,.49000001,.56,All Persons,All IMD Quintiles,West Midlands,All Routes,All Stages,All Ages,2017
4.75,.51999998,.49000001,.55000001,All Persons,All IMD Quintiles,West Midlands,All Routes,All Stages,All Ages,2017
5,.50999999,.47999999,.54000002,All Persons,All IMD Quintiles,West Midlands,All Routes,All Stages,All Ages,2017
0,1,1,1,All Persons,All IMD Quintiles,West Midlands,All Routes,All Stages,All Ages,2018
.25,.92000002,.89999998,.94,All Persons,All IMD Quintiles,West Midlands,All Routes,All Stages,All Ages,2018
.5,.87,.85000002,.88999999,All Persons,All IMD Quintiles,West Midlands,All Routes,All Stages,All Ages,2018
.75,.81999999,.80000001,.85000002,All Persons,All IMD Quintiles,West Midlands,All Routes,All Stages,All Ages,2018
1,.77999997,.75,.80000001,All Persons,All IMD Quintiles,West Midlands,All Routes,All Stages,All Ages,2018
1.25,.74000001,.70999998,.75999999,All Persons,All IMD Quintiles,West Midlands,All Routes,All Stages,All Ages,2018
1.5,.70999998,.68000001,.74000001,All Persons,All IMD Quintiles,West Midlands,All Routes,All Stages,All Ages,2018
1.75,.69,.66000003,.72000003,All Persons,All IMD Quintiles,West Midlands,All Routes,All Stages,All Ages,2018
2,.68000001,.64999998,.70999998,All Persons,All IMD Quintiles,West Midlands,All Routes,All Stages,All Ages,2018
2.25,.66000003,.63,.69,All Persons,All IMD Quintiles,West Midlands,All Routes,All Stages,All Ages,2018
2.5,.63999999,.61000001,.67000002,All Persons,All IMD Quintiles,West Midlands,All Routes,All Stages,All Ages,2018
2.75,.62,.58999997,.64999998,All Persons,All IMD Quintiles,West Midlands,All Routes,All Stages,All Ages,2018
3,.61000001,.56999999,.63999999,All Persons,All IMD Quintiles,West Midlands,All Routes,All Stages,All Ages,2018
3.25,.60000002,.56999999,.63,All Persons,All IMD Quintiles,West Midlands,All Routes,All Stages,All Ages,2018
3.5,.58999997,.56,.62,All Persons,All IMD Quintiles,West Midlands,All Routes,All Stages,All Ages,2018
3.75,.57999998,.54000002,.61000001,All Persons,All IMD Quintiles,West Midlands,All Routes,All Stages,All Ages,2018
4,.56,.52999997,.58999997,All Persons,All IMD Quintiles,West Midlands,All Routes,All Stages,All Ages,2018
4.25,.55000001,.50999999,.57999998,All Persons,All IMD Quintiles,West Midlands,All Routes,All Stages,All Ages,2018
4.5,.54000002,.50999999,.56999999,All Persons,All IMD Quintiles,West Midlands,All Routes,All Stages,All Ages,2018
4.75,.51999998,.49000001,.56,All Persons,All IMD Quintiles,West Midlands,All Routes,All Stages,All Ages,2018
5,.51999998,.47999999,.55000001,All Persons,All IMD Quintiles,West Midlands,All Routes,All Stages,All Ages,2018
0,1,1,1,All Persons,All IMD Quintiles,West Midlands,All Routes,All Stages,All Ages,2019
.25,.92000002,.91000003,.94,All Persons,All IMD Quintiles,West Midlands,All Routes,All Stages,All Ages,2019
.5,.85000002,.82999998,.87,All Persons,All IMD Quintiles,West Midlands,All Routes,All Stages,All Ages,2019
.75,.79000002,.76999998,.81999999,All Persons,All IMD Quintiles,West Midlands,All Routes,All Stages,All Ages,2019
1,.75999999,.73000002,.79000002,All Persons,All IMD Quintiles,West Midlands,All Routes,All Stages,All Ages,2019
1.25,.72000003,.69,.75,All Persons,All IMD Quintiles,West Midlands,All Routes,All Stages,All Ages,2019
1.5,.69999999,.67000002,.73000002,All Persons,All IMD Quintiles,West Midlands,All Routes,All Stages,All Ages,2019
1.75,.68000001,.64999998,.70999998,All Persons,All IMD Quintiles,West Midlands,All Routes,All Stages,All Ages,2019
2,.67000002,.63999999,.69999999,All Persons,All IMD Quintiles,West Midlands,All Routes,All Stages,All Ages,2019
2.25,.64999998,.62,.68000001,All Persons,All IMD Quintiles,West Midlands,All Routes,All Stages,All Ages,2019
2.5,.63999999,.61000001,.67000002,All Persons,All IMD Quintiles,West Midlands,All Routes,All Stages,All Ages,2019
2.75,.63,.60000002,.66000003,All Persons,All IMD Quintiles,West Midlands,All Routes,All Stages,All Ages,2019
3,.62,.58999997,.64999998,All Persons,All IMD Quintiles,West Midlands,All Routes,All Stages,All Ages,2019
3.25,.60000002,.56999999,.63,All Persons,All IMD Quintiles,West Midlands,All Routes,All Stages,All Ages,2019
3.5,.57999998,.55000001,.62,All Persons,All IMD Quintiles,West Midlands,All Routes,All Stages,All Ages,2019
3.75,.56,.52999997,.60000002,All Persons,All IMD Quintiles,West Midlands,All Routes,All Stages,All Ages,2019
4,.52999997,.47999999,.58999997,All Persons,All IMD Quintiles,West Midlands,All Routes,All Stages,All Ages,2019
4.25,.52999997,.47999999,.58999997,All Persons,All IMD Quintiles,West Midlands,All Routes,All Stages,All Ages,2019
4.5,.27000001,0,.52999997,All Persons,All IMD Quintiles,West Midlands,All Routes,All Stages,All Ages,2019
4.75,.27000001,0,.52999997,All Persons,All IMD Quintiles,West Midlands,All Routes,All Stages,All Ages,2019
0,1,.99000001,1,All Persons,All IMD Quintiles,West Midlands,All Routes,All Stages,All Ages,2020
.25,.92000002,.89999998,.93000001,All Persons,All IMD Quintiles,West Midlands,All Routes,All Stages,All Ages,2020
.5,.83999997,.81999999,.86000001,All Persons,All IMD Quintiles,West Midlands,All Routes,All Stages,All Ages,2020
.75,.79000002,.76999998,.81999999,All Persons,All IMD Quintiles,West Midlands,All Routes,All Stages,All Ages,2020
1,.75999999,.73000002,.79000002,All Persons,All IMD Quintiles,West Midlands,All Routes,All Stages,All Ages,2020
1.25,.73000002,.69999999,.75,All Persons,All IMD Quintiles,West Midlands,All Routes,All Stages,All Ages,2020
1.5,.70999998,.68000001,.74000001,All Persons,All IMD Quintiles,West Midlands,All Routes,All Stages,All Ages,2020
1.75,.68000001,.64999998,.70999998,All Persons,All IMD Quintiles,West Midlands,All Routes,All Stages,All Ages,2020
2,.67000002,.63999999,.69999999,All Persons,All IMD Quintiles,West Midlands,All Routes,All Stages,All Ages,2020
2.25,.64999998,.61000001,.68000001,All Persons,All IMD Quintiles,West Midlands,All Routes,All Stages,All Ages,2020
2.5,.63,.60000002,.67000002,All Persons,All IMD Quintiles,West Midlands,All Routes,All Stages,All Ages,2020
2.75,.61000001,.56999999,.63999999,All Persons,All IMD Quintiles,West Midlands,All Routes,All Stages,All Ages,2020
3,.61000001,.56999999,.63999999,All Persons,All IMD Quintiles,West Midlands,All Routes,All Stages,All Ages,2020
3.25,.61000001,.56999999,.63999999,All Persons,All IMD Quintiles,West Midlands,All Routes,All Stages,All Ages,2020
3.5,.61000001,.56999999,.63999999,All Persons,All IMD Quintiles,West Midlands,All Routes,All Stages,All Ages,2020
0,1,1,1,All Persons,All IMD Quintiles,West Midlands,All Routes,All Stages,All Ages,2021
.25,.91000003,.89999998,.93000001,All Persons,All IMD Quintiles,West Midlands,All Routes,All Stages,All Ages,2021
.5,.83999997,.81999999,.87,All Persons,All IMD Quintiles,West Midlands,All Routes,All Stages,All Ages,2021
.75,.81,.77999997,.82999998,All Persons,All IMD Quintiles,West Midlands,All Routes,All Stages,All Ages,2021
1,.76999998,.74000001,.79000002,All Persons,All IMD Quintiles,West Midlands,All Routes,All Stages,All Ages,2021
1.25,.73000002,.70999998,.75999999,All Persons,All IMD Quintiles,West Midlands,All Routes,All Stages,All Ages,2021
1.5,.69,.67000002,.72000003,All Persons,All IMD Quintiles,West Midlands,All Routes,All Stages,All Ages,2021
1.75,.68000001,.63999999,.70999998,All Persons,All IMD Quintiles,West Midlands,All Routes,All Stages,All Ages,2021
2,.66000003,.63,.69999999,All Persons,All IMD Quintiles,West Midlands,All Routes,All Stages,All Ages,2021
2.5,.66000003,.63,.69999999,All Persons,All IMD Quintiles,West Midlands,All Routes,All Stages,All Ages,2021
2.75,.63,.56,.69999999,All Persons,All IMD Quintiles,West Midlands,All Routes,All Stages,All Ages,2021
3,.60000002,.50999999,.69,All Persons,All IMD Quintiles,West Midlands,All Routes,All Stages,All Ages,2021
3.25,.60000002,.50999999,.69,All Persons,All IMD Quintiles,West Midlands,All Routes,All Stages,All Ages,2021
3.5,.55000001,.44,.67000002,All Persons,All IMD Quintiles,West Midlands,All Routes,All Stages,All Ages,2021
3.75,.50999999,.38,.63999999,All Persons,All IMD Quintiles,West Midlands,All Routes,All Stages,All Ages,2021
4,.47,.33000001,.61000001,All Persons,All IMD Quintiles,West Midlands,All Routes,All Stages,All Ages,2021
4.25,.47,.33000001,.61000001,All Persons,All IMD Quintiles,West Midlands,All Routes,All Stages,All Ages,2021
4.5,.41999999,.25999999,.56999999,All Persons,All IMD Quintiles,West Midlands,All Routes,All Stages,All Ages,2021
4.75,.41999999,.25999999,.56999999,All Persons,All IMD Quintiles,West Midlands,All Routes,All Stages,All Ages,2021
5,.41999999,.25999999,.56999999,All Persons,All IMD Quintiles,West Midlands,All Routes,All Stages,All Ages,2021
0,.99000001,.98000002,1,All Persons,All IMD Quintiles,Yorkshire and The Humber,Emergency,All Stages,All Ages,All Years
.25,.73000002,.67000002,.77999997,All Persons,All IMD Quintiles,Yorkshire and The Humber,Emergency,All Stages,All Ages,All Years
.5,.62,.56,.68000001,All Persons,All IMD Quintiles,Yorkshire and The Humber,Emergency,All Stages,All Ages,All Years
.75,.52999997,.47,.58999997,All Persons,All IMD Quintiles,Yorkshire and The Humber,Emergency,All Stages,All Ages,All Years
1,.46000001,.40000001,.52999997,All Persons,All IMD Quintiles,Yorkshire and The Humber,Emergency,All Stages,All Ages,All Years
1.25,.44999999,.38999999,.50999999,All Persons,All IMD Quintiles,Yorkshire and The Humber,Emergency,All Stages,All Ages,All Years
1.5,.41999999,.36000001,.47999999,All Persons,All IMD Quintiles,Yorkshire and The Humber,Emergency,All Stages,All Ages,All Years
1.75,.38999999,.33000001,.44999999,All Persons,All IMD Quintiles,Yorkshire and The Humber,Emergency,All Stages,All Ages,All Years
2,.37,.31,.43000001,All Persons,All IMD Quintiles,Yorkshire and The Humber,Emergency,All Stages,All Ages,All Years
2.25,.34,.28999999,.40000001,All Persons,All IMD Quintiles,Yorkshire and The Humber,Emergency,All Stages,All Ages,All Years
2.5,.33000001,.27000001,.38999999,All Persons,All IMD Quintiles,Yorkshire and The Humber,Emergency,All Stages,All Ages,All Years
2.75,.31999999,.25999999,.37,All Persons,All IMD Quintiles,Yorkshire and The Humber,Emergency,All Stages,All Ages,All Years
3,.30000001,.25,.36000001,All Persons,All IMD Quintiles,Yorkshire and The Humber,Emergency,All Stages,All Ages,All Years
3.25,.30000001,.23999999,.34999999,All Persons,All IMD Quintiles,Yorkshire and The Humber,Emergency,All Stages,All Ages,All Years
3.5,.28,.23,.34,All Persons,All IMD Quintiles,Yorkshire and The Humber,Emergency,All Stages,All Ages,All Years
3.75,.28,.22,.33000001,All Persons,All IMD Quintiles,Yorkshire and The Humber,Emergency,All Stages,All Ages,All Years
4,.25999999,.20999999,.31,All Persons,All IMD Quintiles,Yorkshire and The Humber,Emergency,All Stages,All Ages,All Years
4.25,.23999999,.19,.28999999,All Persons,All IMD Quintiles,Yorkshire and The Humber,Emergency,All Stages,All Ages,All Years
4.5,.23,.18000001,.28,All Persons,All IMD Quintiles,Yorkshire and The Humber,Emergency,All Stages,All Ages,All Years
4.75,.23,.17,.28,All Persons,All IMD Quintiles,Yorkshire and The Humber,Emergency,All Stages,All Ages,All Years
5,.23,.17,.28,All Persons,All IMD Quintiles,Yorkshire and The Humber,Emergency,All Stages,All Ages,All Years
0,1,1,1,All Persons,All IMD Quintiles,Yorkshire and The Humber,Non-emergency,All Stages,All Ages,All Years
.25,.94999999,.94,.95999998,All Persons,All IMD Quintiles,Yorkshire and The Humber,Non-emergency,All Stages,All Ages,All Years
.5,.89999998,.88999999,.91000003,All Persons,All IMD Quintiles,Yorkshire and The Humber,Non-emergency,All Stages,All Ages,All Years
.75,.85000002,.83999997,.86000001,All Persons,All IMD Quintiles,Yorkshire and The Humber,Non-emergency,All Stages,All Ages,All Years
1,.81,.79000002,.81999999,All Persons,All IMD Quintiles,Yorkshire and The Humber,Non-emergency,All Stages,All Ages,All Years
1.25,.77999997,.75999999,.79000002,All Persons,All IMD Quintiles,Yorkshire and The Humber,Non-emergency,All Stages,All Ages,All Years
1.5,.75,.73000002,.75999999,All Persons,All IMD Quintiles,Yorkshire and The Humber,Non-emergency,All Stages,All Ages,All Years
1.75,.73000002,.70999998,.74000001,All Persons,All IMD Quintiles,Yorkshire and The Humber,Non-emergency,All Stages,All Ages,All Years
2,.69999999,.69,.72000003,All Persons,All IMD Quintiles,Yorkshire and The Humber,Non-emergency,All Stages,All Ages,All Years
2.25,.69,.67000002,.69999999,All Persons,All IMD Quintiles,Yorkshire and The Humber,Non-emergency,All Stages,All Ages,All Years
2.5,.67000002,.64999998,.69,All Persons,All IMD Quintiles,Yorkshire and The Humber,Non-emergency,All Stages,All Ages,All Years
2.75,.64999998,.63999999,.67000002,All Persons,All IMD Quintiles,Yorkshire and The Humber,Non-emergency,All Stages,All Ages,All Years
3,.63999999,.62,.66000003,All Persons,All IMD Quintiles,Yorkshire and The Humber,Non-emergency,All Stages,All Ages,All Years
3.25,.63,.61000001,.64999998,All Persons,All IMD Quintiles,Yorkshire and The Humber,Non-emergency,All Stages,All Ages,All Years
3.5,.62,.60000002,.63999999,All Persons,All IMD Quintiles,Yorkshire and The Humber,Non-emergency,All Stages,All Ages,All Years
3.75,.61000001,.58999997,.63,All Persons,All IMD Quintiles,Yorkshire and The Humber,Non-emergency,All Stages,All Ages,All Years
4,.60000002,.57999998,.62,All Persons,All IMD Quintiles,Yorkshire and The Humber,Non-emergency,All Stages,All Ages,All Years
4.25,.58999997,.56999999,.61000001,All Persons,All IMD Quintiles,Yorkshire and The Humber,Non-emergency,All Stages,All Ages,All Years
4.5,.57999998,.56,.60000002,All Persons,All IMD Quintiles,Yorkshire and The Humber,Non-emergency,All Stages,All Ages,All Years
4.75,.56999999,.55000001,.58999997,All Persons,All IMD Quintiles,Yorkshire and The Humber,Non-emergency,All Stages,All Ages,All Years
5,.56,.54000002,.57999998,All Persons,All IMD Quintiles,Yorkshire and The Humber,Non-emergency,All Stages,All Ages,All Years
0,1,1,1,All Persons,All IMD Quintiles,Yorkshire and The Humber,All Routes,Early,All Ages,All Years
.25,.98000002,.98000002,.99000001,All Persons,All IMD Quintiles,Yorkshire and The Humber,All Routes,Early,All Ages,All Years
.5,.97000003,.95999998,.98000002,All Persons,All IMD Quintiles,Yorkshire and The Humber,All Routes,Early,All Ages,All Years
.75,.94999999,.94999999,.95999998,All Persons,All IMD Quintiles,Yorkshire and The Humber,All Routes,Early,All Ages,All Years
1,.93000001,.92000002,.94,All Persons,All IMD Quintiles,Yorkshire and The Humber,All Routes,Early,All Ages,All Years
1.25,.92000002,.91000003,.93000001,All Persons,All IMD Quintiles,Yorkshire and The Humber,All Routes,Early,All Ages,All Years
1.5,.89999998,.88999999,.91000003,All Persons,All IMD Quintiles,Yorkshire and The Humber,All Routes,Early,All Ages,All Years
1.75,.88999999,.87,.89999998,All Persons,All IMD Quintiles,Yorkshire and The Humber,All Routes,Early,All Ages,All Years
2,.87,.86000001,.88999999,All Persons,All IMD Quintiles,Yorkshire and The Humber,All Routes,Early,All Ages,All Years
2.25,.85000002,.83999997,.87,All Persons,All IMD Quintiles,Yorkshire and The Humber,All Routes,Early,All Ages,All Years
2.5,.83999997,.81999999,.85000002,All Persons,All IMD Quintiles,Yorkshire and The Humber,All Routes,Early,All Ages,All Years
2.75,.81999999,.80000001,.82999998,All Persons,All IMD Quintiles,Yorkshire and The Humber,All Routes,Early,All Ages,All Years
3,.81,.79000002,.81999999,All Persons,All IMD Quintiles,Yorkshire and The Humber,All Routes,Early,All Ages,All Years
3.25,.80000001,.77999997,.81999999,All Persons,All IMD Quintiles,Yorkshire and The Humber,All Routes,Early,All Ages,All Years
3.5,.79000002,.76999998,.81,All Persons,All IMD Quintiles,Yorkshire and The Humber,All Routes,Early,All Ages,All Years
3.75,.77999997,.75999999,.80000001,All Persons,All IMD Quintiles,Yorkshire and The Humber,All Routes,Early,All Ages,All Years
4,.75999999,.74000001,.77999997,All Persons,All IMD Quintiles,Yorkshire and The Humber,All Routes,Early,All Ages,All Years
4.25,.75,.73000002,.76999998,All Persons,All IMD Quintiles,Yorkshire and The Humber,All Routes,Early,All Ages,All Years
4.5,.74000001,.72000003,.75999999,All Persons,All IMD Quintiles,Yorkshire and The Humber,All Routes,Early,All Ages,All Years
4.75,.73000002,.70999998,.75,All Persons,All IMD Quintiles,Yorkshire and The Humber,All Routes,Early,All Ages,All Years
5,.72000003,.69999999,.75,All Persons,All IMD Quintiles,Yorkshire and The Humber,All Routes,Early,All Ages,All Years
0,1,1,1,All Persons,All IMD Quintiles,Yorkshire and The Humber,All Routes,Advanced,All Ages,All Years
.25,.89999998,.89999998,.91000003,All Persons,All IMD Quintiles,Yorkshire and The Humber,All Routes,Advanced,All Ages,All Years
.5,.81999999,.81,.82999998,All Persons,All IMD Quintiles,Yorkshire and The Humber,All Routes,Advanced,All Ages,All Years
.75,.74000001,.73000002,.75999999,All Persons,All IMD Quintiles,Yorkshire and The Humber,All Routes,Advanced,All Ages,All Years
1,.69,.67000002,.69999999,All Persons,All IMD Quintiles,Yorkshire and The Humber,All Routes,Advanced,All Ages,All Years
1.25,.64999998,.63,.67000002,All Persons,All IMD Quintiles,Yorkshire and The Humber,All Routes,Advanced,All Ages,All Years
1.5,.62,.60000002,.63,All Persons,All IMD Quintiles,Yorkshire and The Humber,All Routes,Advanced,All Ages,All Years
1.75,.58999997,.57999998,.61000001,All Persons,All IMD Quintiles,Yorkshire and The Humber,All Routes,Advanced,All Ages,All Years
2,.56999999,.55000001,.57999998,All Persons,All IMD Quintiles,Yorkshire and The Humber,All Routes,Advanced,All Ages,All Years
2.25,.55000001,.52999997,.56999999,All Persons,All IMD Quintiles,Yorkshire and The Humber,All Routes,Advanced,All Ages,All Years
2.5,.52999997,.51999998,.55000001,All Persons,All IMD Quintiles,Yorkshire and The Humber,All Routes,Advanced,All Ages,All Years
2.75,.51999998,.5,.52999997,All Persons,All IMD Quintiles,Yorkshire and The Humber,All Routes,Advanced,All Ages,All Years
3,.5,.49000001,.51999998,All Persons,All IMD Quintiles,Yorkshire and The Humber,All Routes,Advanced,All Ages,All Years
3.25,.49000001,.47999999,.50999999,All Persons,All IMD Quintiles,Yorkshire and The Humber,All Routes,Advanced,All Ages,All Years
3.5,.47999999,.46000001,.5,All Persons,All IMD Quintiles,Yorkshire and The Humber,All Routes,Advanced,All Ages,All Years
3.75,.47,.44999999,.49000001,All Persons,All IMD Quintiles,Yorkshire and The Humber,All Routes,Advanced,All Ages,All Years
4,.46000001,.44999999,.47999999,All Persons,All IMD Quintiles,Yorkshire and The Humber,All Routes,Advanced,All Ages,All Years
4.25,.44999999,.43000001,.47,All Persons,All IMD Quintiles,Yorkshire and The Humber,All Routes,Advanced,All Ages,All Years
4.5,.44999999,.43000001,.46000001,All Persons,All IMD Quintiles,Yorkshire and The Humber,All Routes,Advanced,All Ages,All Years
4.75,.44,.41999999,.46000001,All Persons,All IMD Quintiles,Yorkshire and The Humber,All Routes,Advanced,All Ages,All Years
5,.43000001,.41,.44999999,All Persons,All IMD Quintiles,Yorkshire and The Humber,All Routes,Advanced,All Ages,All Years
0,1,1,1,All Persons,All IMD Quintiles,Yorkshire and The Humber,All Routes,All Stages,0-49,All Years
.25,.97000003,.95999998,.98000002,All Persons,All IMD Quintiles,Yorkshire and The Humber,All Routes,All Stages,0-49,All Years
.5,.94999999,.93000001,.95999998,All Persons,All IMD Quintiles,Yorkshire and The Humber,All Routes,All Stages,0-49,All Years
.75,.91000003,.88999999,.93000001,All Persons,All IMD Quintiles,Yorkshire and The Humber,All Routes,All Stages,0-49,All Years
1,.88,.86000001,.91000003,All Persons,All IMD Quintiles,Yorkshire and The Humber,All Routes,All Stages,0-49,All Years
1.25,.87,.83999997,.88999999,All Persons,All IMD Quintiles,Yorkshire and The Humber,All Routes,All Stages,0-49,All Years
1.5,.85000002,.82999998,.88,All Persons,All IMD Quintiles,Yorkshire and The Humber,All Routes,All Stages,0-49,All Years
1.75,.83999997,.81,.87,All Persons,All IMD Quintiles,Yorkshire and The Humber,All Routes,All Stages,0-49,All Years
2,.81999999,.79000002,.85000002,All Persons,All IMD Quintiles,Yorkshire and The Humber,All Routes,All Stages,0-49,All Years
2.25,.81,.77999997,.83999997,All Persons,All IMD Quintiles,Yorkshire and The Humber,All Routes,All Stages,0-49,All Years
2.5,.80000001,.76999998,.82999998,All Persons,All IMD Quintiles,Yorkshire and The Humber,All Routes,All Stages,0-49,All Years
2.75,.77999997,.75,.81999999,All Persons,All IMD Quintiles,Yorkshire and The Humber,All Routes,All Stages,0-49,All Years
3,.76999998,.74000001,.80000001,All Persons,All IMD Quintiles,Yorkshire and The Humber,All Routes,All Stages,0-49,All Years
3.25,.76999998,.73000002,.80000001,All Persons,All IMD Quintiles,Yorkshire and The Humber,All Routes,All Stages,0-49,All Years
3.5,.75999999,.73000002,.80000001,All Persons,All IMD Quintiles,Yorkshire and The Humber,All Routes,All Stages,0-49,All Years
3.75,.75999999,.73000002,.80000001,All Persons,All IMD Quintiles,Yorkshire and The Humber,All Routes,All Stages,0-49,All Years
4,.74000001,.70999998,.77999997,All Persons,All IMD Quintiles,Yorkshire and The Humber,All Routes,All Stages,0-49,All Years
4.25,.74000001,.69999999,.77999997,All Persons,All IMD Quintiles,Yorkshire and The Humber,All Routes,All Stages,0-49,All Years
4.5,.73000002,.69999999,.76999998,All Persons,All IMD Quintiles,Yorkshire and The Humber,All Routes,All Stages,0-49,All Years
4.75,.73000002,.69,.76999998,All Persons,All IMD Quintiles,Yorkshire and The Humber,All Routes,All Stages,0-49,All Years
5,.73000002,.69,.76999998,All Persons,All IMD Quintiles,Yorkshire and The Humber,All Routes,All Stages,0-49,All Years
0,1,1,1,All Persons,All IMD Quintiles,Yorkshire and The Humber,All Routes,All Stages,50-54,All Years
.25,.95999998,.94,.97000003,All Persons,All IMD Quintiles,Yorkshire and The Humber,All Routes,All Stages,50-54,All Years
.5,.92000002,.89999998,.94,All Persons,All IMD Quintiles,Yorkshire and The Humber,All Routes,All Stages,50-54,All Years
.75,.88999999,.86000001,.91000003,All Persons,All IMD Quintiles,Yorkshire and The Humber,All Routes,All Stages,50-54,All Years
1,.85000002,.81999999,.88,All Persons,All IMD Quintiles,Yorkshire and The Humber,All Routes,All Stages,50-54,All Years
1.25,.82999998,.80000001,.86000001,All Persons,All IMD Quintiles,Yorkshire and The Humber,All Routes,All Stages,50-54,All Years
1.5,.81,.77999997,.83999997,All Persons,All IMD Quintiles,Yorkshire and The Humber,All Routes,All Stages,50-54,All Years
1.75,.80000001,.76999998,.83999997,All Persons,All IMD Quintiles,Yorkshire and The Humber,All Routes,All Stages,50-54,All Years
2,.79000002,.75,.81999999,All Persons,All IMD Quintiles,Yorkshire and The Humber,All Routes,All Stages,50-54,All Years
2.25,.76999998,.73000002,.80000001,All Persons,All IMD Quintiles,Yorkshire and The Humber,All Routes,All Stages,50-54,All Years
2.5,.75999999,.72000003,.79000002,All Persons,All IMD Quintiles,Yorkshire and The Humber,All Routes,All Stages,50-54,All Years
2.75,.75,.72000003,.79000002,All Persons,All IMD Quintiles,Yorkshire and The Humber,All Routes,All Stages,50-54,All Years
3,.75,.70999998,.77999997,All Persons,All IMD Quintiles,Yorkshire and The Humber,All Routes,All Stages,50-54,All Years
3.25,.74000001,.69999999,.76999998,All Persons,All IMD Quintiles,Yorkshire and The Humber,All Routes,All Stages,50-54,All Years
3.5,.73000002,.69999999,.76999998,All Persons,All IMD Quintiles,Yorkshire and The Humber,All Routes,All Stages,50-54,All Years
3.75,.73000002,.69,.75999999,All Persons,All IMD Quintiles,Yorkshire and The Humber,All Routes,All Stages,50-54,All Years
4,.72000003,.68000001,.75999999,All Persons,All IMD Quintiles,Yorkshire and The Humber,All Routes,All Stages,50-54,All Years
4.25,.70999998,.67000002,.74000001,All Persons,All IMD Quintiles,Yorkshire and The Humber,All Routes,All Stages,50-54,All Years
4.5,.69,.64999998,.73000002,All Persons,All IMD Quintiles,Yorkshire and The Humber,All Routes,All Stages,50-54,All Years
4.75,.69,.63999999,.73000002,All Persons,All IMD Quintiles,Yorkshire and The Humber,All Routes,All Stages,50-54,All Years
5,.68000001,.63999999,.72000003,All Persons,All IMD Quintiles,Yorkshire and The Humber,All Routes,All Stages,50-54,All Years
0,1,.99000001,1,All Persons,All IMD Quintiles,Yorkshire and The Humber,All Routes,All Stages,55-59,All Years
.25,.97000003,.94999999,.98000002,All Persons,All IMD Quintiles,Yorkshire and The Humber,All Routes,All Stages,55-59,All Years
.5,.93000001,.91000003,.94,All Persons,All IMD Quintiles,Yorkshire and The Humber,All Routes,All Stages,55-59,All Years
.75,.88999999,.87,.91000003,All Persons,All IMD Quintiles,Yorkshire and The Humber,All Routes,All Stages,55-59,All Years
1,.85000002,.82999998,.87,All Persons,All IMD Quintiles,Yorkshire and The Humber,All Routes,All Stages,55-59,All Years
1.25,.83999997,.81,.86000001,All Persons,All IMD Quintiles,Yorkshire and The Humber,All Routes,All Stages,55-59,All Years
1.5,.81,.77999997,.83999997,All Persons,All IMD Quintiles,Yorkshire and The Humber,All Routes,All Stages,55-59,All Years
1.75,.79000002,.76999998,.81999999,All Persons,All IMD Quintiles,Yorkshire and The Humber,All Routes,All Stages,55-59,All Years
2,.76999998,.74000001,.80000001,All Persons,All IMD Quintiles,Yorkshire and The Humber,All Routes,All Stages,55-59,All Years
2.25,.75999999,.74000001,.79000002,All Persons,All IMD Quintiles,Yorkshire and The Humber,All Routes,All Stages,55-59,All Years
2.5,.75,.72000003,.77999997,All Persons,All IMD Quintiles,Yorkshire and The Humber,All Routes,All Stages,55-59,All Years
2.75,.74000001,.70999998,.76999998,All Persons,All IMD Quintiles,Yorkshire and The Humber,All Routes,All Stages,55-59,All Years
3,.73000002,.69999999,.75999999,All Persons,All IMD Quintiles,Yorkshire and The Humber,All Routes,All Stages,55-59,All Years
3.25,.70999998,.68000001,.75,All Persons,All IMD Quintiles,Yorkshire and The Humber,All Routes,All Stages,55-59,All Years
3.5,.69999999,.67000002,.74000001,All Persons,All IMD Quintiles,Yorkshire and The Humber,All Routes,All Stages,55-59,All Years
3.75,.69999999,.67000002,.73000002,All Persons,All IMD Quintiles,Yorkshire and The Humber,All Routes,All Stages,55-59,All Years
4,.69,.66000003,.72000003,All Persons,All IMD Quintiles,Yorkshire and The Humber,All Routes,All Stages,55-59,All Years
4.25,.68000001,.64999998,.70999998,All Persons,All IMD Quintiles,Yorkshire and The Humber,All Routes,All Stages,55-59,All Years
4.5,.68000001,.64999998,.70999998,All Persons,All IMD Quintiles,Yorkshire and The Humber,All Routes,All Stages,55-59,All Years
4.75,.67000002,.63,.69999999,All Persons,All IMD Quintiles,Yorkshire and The Humber,All Routes,All Stages,55-59,All Years
5,.64999998,.62,.69,All Persons,All IMD Quintiles,Yorkshire and The Humber,All Routes,All Stages,55-59,All Years
0,1,1,1,All Persons,All IMD Quintiles,Yorkshire and The Humber,All Routes,All Stages,60-64,All Years
.25,.94999999,.94,.95999998,All Persons,All IMD Quintiles,Yorkshire and The Humber,All Routes,All Stages,60-64,All Years
.5,.92000002,.89999998,.93000001,All Persons,All IMD Quintiles,Yorkshire and The Humber,All Routes,All Stages,60-64,All Years
.75,.87,.85000002,.88999999,All Persons,All IMD Quintiles,Yorkshire and The Humber,All Routes,All Stages,60-64,All Years
1,.83999997,.81,.86000001,All Persons,All IMD Quintiles,Yorkshire and The Humber,All Routes,All Stages,60-64,All Years
1.25,.81,.77999997,.82999998,All Persons,All IMD Quintiles,Yorkshire and The Humber,All Routes,All Stages,60-64,All Years
1.5,.77999997,.75,.81,All Persons,All IMD Quintiles,Yorkshire and The Humber,All Routes,All Stages,60-64,All Years
1.75,.75999999,.73000002,.77999997,All Persons,All IMD Quintiles,Yorkshire and The Humber,All Routes,All Stages,60-64,All Years
2,.74000001,.70999998,.76999998,All Persons,All IMD Quintiles,Yorkshire and The Humber,All Routes,All Stages,60-64,All Years
2.25,.72000003,.69999999,.75,All Persons,All IMD Quintiles,Yorkshire and The Humber,All Routes,All Stages,60-64,All Years
2.5,.69999999,.67000002,.73000002,All Persons,All IMD Quintiles,Yorkshire and The Humber,All Routes,All Stages,60-64,All Years
2.75,.68000001,.64999998,.70999998,All Persons,All IMD Quintiles,Yorkshire and The Humber,All Routes,All Stages,60-64,All Years
3,.67000002,.63999999,.69999999,All Persons,All IMD Quintiles,Yorkshire and The Humber,All Routes,All Stages,60-64,All Years
3.25,.66000003,.63,.69,All Persons,All IMD Quintiles,Yorkshire and The Humber,All Routes,All Stages,60-64,All Years
3.5,.64999998,.61000001,.68000001,All Persons,All IMD Quintiles,Yorkshire and The Humber,All Routes,All Stages,60-64,All Years
3.75,.63,.60000002,.67000002,All Persons,All IMD Quintiles,Yorkshire and The Humber,All Routes,All Stages,60-64,All Years
4,.62,.58999997,.66000003,All Persons,All IMD Quintiles,Yorkshire and The Humber,All Routes,All Stages,60-64,All Years
4.25,.61000001,.57999998,.64999998,All Persons,All IMD Quintiles,Yorkshire and The Humber,All Routes,All Stages,60-64,All Years
4.5,.61000001,.57999998,.64999998,All Persons,All IMD Quintiles,Yorkshire and The Humber,All Routes,All Stages,60-64,All Years
4.75,.60000002,.56,.63999999,All Persons,All IMD Quintiles,Yorkshire and The Humber,All Routes,All Stages,60-64,All Years
5,.58999997,.56,.63,All Persons,All IMD Quintiles,Yorkshire and The Humber,All Routes,All Stages,60-64,All Years
0,1,1,1,All Persons,All IMD Quintiles,Yorkshire and The Humber,All Routes,All Stages,65-69,All Years
.25,.93000001,.91000003,.94,All Persons,All IMD Quintiles,Yorkshire and The Humber,All Routes,All Stages,65-69,All Years
.5,.87,.85000002,.88999999,All Persons,All IMD Quintiles,Yorkshire and The Humber,All Routes,All Stages,65-69,All Years
.75,.81999999,.80000001,.83999997,All Persons,All IMD Quintiles,Yorkshire and The Humber,All Routes,All Stages,65-69,All Years
1,.77999997,.75,.80000001,All Persons,All IMD Quintiles,Yorkshire and The Humber,All Routes,All Stages,65-69,All Years
1.25,.74000001,.72000003,.76999998,All Persons,All IMD Quintiles,Yorkshire and The Humber,All Routes,All Stages,65-69,All Years
1.5,.70999998,.68000001,.74000001,All Persons,All IMD Quintiles,Yorkshire and The Humber,All Routes,All Stages,65-69,All Years
1.75,.69,.66000003,.72000003,All Persons,All IMD Quintiles,Yorkshire and The Humber,All Routes,All Stages,65-69,All Years
2,.66000003,.63999999,.69,All Persons,All IMD Quintiles,Yorkshire and The Humber,All Routes,All Stages,65-69,All Years
2.25,.63999999,.61000001,.67000002,All Persons,All IMD Quintiles,Yorkshire and The Humber,All Routes,All Stages,65-69,All Years
2.5,.63,.60000002,.66000003,All Persons,All IMD Quintiles,Yorkshire and The Humber,All Routes,All Stages,65-69,All Years
2.75,.61000001,.57999998,.63999999,All Persons,All IMD Quintiles,Yorkshire and The Humber,All Routes,All Stages,65-69,All Years
3,.60000002,.56999999,.63,All Persons,All IMD Quintiles,Yorkshire and The Humber,All Routes,All Stages,65-69,All Years
3.25,.58999997,.56,.62,All Persons,All IMD Quintiles,Yorkshire and The Humber,All Routes,All Stages,65-69,All Years
3.5,.57999998,.55000001,.61000001,All Persons,All IMD Quintiles,Yorkshire and The Humber,All Routes,All Stages,65-69,All Years
3.75,.56999999,.54000002,.61000001,All Persons,All IMD Quintiles,Yorkshire and The Humber,All Routes,All Stages,65-69,All Years
4,.56999999,.52999997,.60000002,All Persons,All IMD Quintiles,Yorkshire and The Humber,All Routes,All Stages,65-69,All Years
4.25,.56,.51999998,.58999997,All Persons,All IMD Quintiles,Yorkshire and The Humber,All Routes,All Stages,65-69,All Years
4.5,.55000001,.51999998,.58999997,All Persons,All IMD Quintiles,Yorkshire and The Humber,All Routes,All Stages,65-69,All Years
4.75,.55000001,.50999999,.57999998,All Persons,All IMD Quintiles,Yorkshire and The Humber,All Routes,All Stages,65-69,All Years
5,.54000002,.5,.56999999,All Persons,All IMD Quintiles,Yorkshire and The Humber,All Routes,All Stages,65-69,All Years
0,1,1,1,All Persons,All IMD Quintiles,Yorkshire and The Humber,All Routes,All Stages,70-74,All Years
.25,.92000002,.89999998,.94,All Persons,All IMD Quintiles,Yorkshire and The Humber,All Routes,All Stages,70-74,All Years
.5,.83999997,.81999999,.87,All Persons,All IMD Quintiles,Yorkshire and The Humber,All Routes,All Stages,70-74,All Years
.75,.80000001,.76999998,.81999999,All Persons,All IMD Quintiles,Yorkshire and The Humber,All Routes,All Stages,70-74,All Years
1,.74000001,.72000003,.76999998,All Persons,All IMD Quintiles,Yorkshire and The Humber,All Routes,All Stages,70-74,All Years
1.25,.72000003,.69,.74000001,All Persons,All IMD Quintiles,Yorkshire and The Humber,All Routes,All Stages,70-74,All Years
1.5,.69999999,.67000002,.73000002,All Persons,All IMD Quintiles,Yorkshire and The Humber,All Routes,All Stages,70-74,All Years
1.75,.68000001,.64999998,.70999998,All Persons,All IMD Quintiles,Yorkshire and The Humber,All Routes,All Stages,70-74,All Years
2,.66000003,.63,.69,All Persons,All IMD Quintiles,Yorkshire and The Humber,All Routes,All Stages,70-74,All Years
2.25,.63999999,.61000001,.67000002,All Persons,All IMD Quintiles,Yorkshire and The Humber,All Routes,All Stages,70-74,All Years
2.5,.62,.58999997,.64999998,All Persons,All IMD Quintiles,Yorkshire and The Humber,All Routes,All Stages,70-74,All Years
2.75,.58999997,.56,.63,All Persons,All IMD Quintiles,Yorkshire and The Humber,All Routes,All Stages,70-74,All Years
3,.56999999,.54000002,.61000001,All Persons,All IMD Quintiles,Yorkshire and The Humber,All Routes,All Stages,70-74,All Years
3.25,.56,.52999997,.60000002,All Persons,All IMD Quintiles,Yorkshire and The Humber,All Routes,All Stages,70-74,All Years
3.5,.55000001,.51999998,.58999997,All Persons,All IMD Quintiles,Yorkshire and The Humber,All Routes,All Stages,70-74,All Years
3.75,.54000002,.5,.56999999,All Persons,All IMD Quintiles,Yorkshire and The Humber,All Routes,All Stages,70-74,All Years
4,.51999998,.47999999,.56,All Persons,All IMD Quintiles,Yorkshire and The Humber,All Routes,All Stages,70-74,All Years
4.25,.50999999,.47,.54000002,All Persons,All IMD Quintiles,Yorkshire and The Humber,All Routes,All Stages,70-74,All Years
4.5,.49000001,.44999999,.52999997,All Persons,All IMD Quintiles,Yorkshire and The Humber,All Routes,All Stages,70-74,All Years
4.75,.47999999,.44,.50999999,All Persons,All IMD Quintiles,Yorkshire and The Humber,All Routes,All Stages,70-74,All Years
5,.46000001,.43000001,.5,All Persons,All IMD Quintiles,Yorkshire and The Humber,All Routes,All Stages,70-74,All Years
0,1,1,1,All Persons,All IMD Quintiles,Yorkshire and The Humber,All Routes,All Stages,75-79,All Years
.25,.88999999,.86000001,.91000003,All Persons,All IMD Quintiles,Yorkshire and The Humber,All Routes,All Stages,75-79,All Years
.5,.80000001,.76999998,.82999998,All Persons,All IMD Quintiles,Yorkshire and The Humber,All Routes,All Stages,75-79,All Years
.75,.74000001,.70999998,.77999997,All Persons,All IMD Quintiles,Yorkshire and The Humber,All Routes,All Stages,75-79,All Years
1,.69,.64999998,.73000002,All Persons,All IMD Quintiles,Yorkshire and The Humber,All Routes,All Stages,75-79,All Years
1.25,.64999998,.62,.69,All Persons,All IMD Quintiles,Yorkshire and The Humber,All Routes,All Stages,75-79,All Years
1.5,.62,.57999998,.64999998,All Persons,All IMD Quintiles,Yorkshire and The Humber,All Routes,All Stages,75-79,All Years
1.75,.56999999,.52999997,.61000001,All Persons,All IMD Quintiles,Yorkshire and The Humber,All Routes,All Stages,75-79,All Years
2,.56,.51999998,.60000002,All Persons,All IMD Quintiles,Yorkshire and The Humber,All Routes,All Stages,75-79,All Years
2.25,.52999997,.49000001,.56999999,All Persons,All IMD Quintiles,Yorkshire and The Humber,All Routes,All Stages,75-79,All Years
2.5,.50999999,.47,.55000001,All Persons,All IMD Quintiles,Yorkshire and The Humber,All Routes,All Stages,75-79,All Years
2.75,.5,.46000001,.54000002,All Persons,All IMD Quintiles,Yorkshire and The Humber,All Routes,All Stages,75-79,All Years
3,.49000001,.44999999,.52999997,All Persons,All IMD Quintiles,Yorkshire and The Humber,All Routes,All Stages,75-79,All Years
3.25,.47,.43000001,.51999998,All Persons,All IMD Quintiles,Yorkshire and The Humber,All Routes,All Stages,75-79,All Years
3.5,.44999999,.41,.5,All Persons,All IMD Quintiles,Yorkshire and The Humber,All Routes,All Stages,75-79,All Years
3.75,.44,.38999999,.47999999,All Persons,All IMD Quintiles,Yorkshire and The Humber,All Routes,All Stages,75-79,All Years
4,.41999999,.38,.47,All Persons,All IMD Quintiles,Yorkshire and The Humber,All Routes,All Stages,75-79,All Years
4.25,.41,.36000001,.44999999,All Persons,All IMD Quintiles,Yorkshire and The Humber,All Routes,All Stages,75-79,All Years
4.5,.38999999,.34999999,.44,All Persons,All IMD Quintiles,Yorkshire and The Humber,All Routes,All Stages,75-79,All Years
4.75,.38999999,.34999999,.44,All Persons,All IMD Quintiles,Yorkshire and The Humber,All Routes,All Stages,75-79,All Years
5,.38,.33000001,.41999999,All Persons,All IMD Quintiles,Yorkshire and The Humber,All Routes,All Stages,75-79,All Years
0,1,.99000001,1,All Persons,All IMD Quintiles,Yorkshire and The Humber,All Routes,All Stages,80-84,All Years
.25,.82999998,.80000001,.87,All Persons,All IMD Quintiles,Yorkshire and The Humber,All Routes,All Stages,80-84,All Years
.5,.74000001,.69999999,.79000002,All Persons,All IMD Quintiles,Yorkshire and The Humber,All Routes,All Stages,80-84,All Years
.75,.66000003,.61000001,.69999999,All Persons,All IMD Quintiles,Yorkshire and The Humber,All Routes,All Stages,80-84,All Years
1,.61000001,.56,.66000003,All Persons,All IMD Quintiles,Yorkshire and The Humber,All Routes,All Stages,80-84,All Years
1.25,.56999999,.51999998,.62,All Persons,All IMD Quintiles,Yorkshire and The Humber,All Routes,All Stages,80-84,All Years
1.5,.51999998,.47,.56999999,All Persons,All IMD Quintiles,Yorkshire and The Humber,All Routes,All Stages,80-84,All Years
1.75,.5,.44999999,.55000001,All Persons,All IMD Quintiles,Yorkshire and The Humber,All Routes,All Stages,80-84,All Years
2,.47999999,.43000001,.52999997,All Persons,All IMD Quintiles,Yorkshire and The Humber,All Routes,All Stages,80-84,All Years
2.25,.44999999,.40000001,.5,All Persons,All IMD Quintiles,Yorkshire and The Humber,All Routes,All Stages,80-84,All Years
2.5,.43000001,.38,.47999999,All Persons,All IMD Quintiles,Yorkshire and The Humber,All Routes,All Stages,80-84,All Years
2.75,.41,.36000001,.46000001,All Persons,All IMD Quintiles,Yorkshire and The Humber,All Routes,All Stages,80-84,All Years
3,.40000001,.34999999,.44999999,All Persons,All IMD Quintiles,Yorkshire and The Humber,All Routes,All Stages,80-84,All Years
3.25,.38999999,.34,.44,All Persons,All IMD Quintiles,Yorkshire and The Humber,All Routes,All Stages,80-84,All Years
3.5,.38,.31999999,.43000001,All Persons,All IMD Quintiles,Yorkshire and The Humber,All Routes,All Stages,80-84,All Years
3.75,.36000001,.30000001,.41,All Persons,All IMD Quintiles,Yorkshire and The Humber,All Routes,All Stages,80-84,All Years
4,.34,.28,.38999999,All Persons,All IMD Quintiles,Yorkshire and The Humber,All Routes,All Stages,80-84,All Years
4.25,.31999999,.27000001,.37,All Persons,All IMD Quintiles,Yorkshire and The Humber,All Routes,All Stages,80-84,All Years
4.5,.31,.25999999,.37,All Persons,All IMD Quintiles,Yorkshire and The Humber,All Routes,All Stages,80-84,All Years
4.75,.31,.25999999,.37,All Persons,All IMD Quintiles,Yorkshire and The Humber,All Routes,All Stages,80-84,All Years
5,.30000001,.23999999,.34999999,All Persons,All IMD Quintiles,Yorkshire and The Humber,All Routes,All Stages,80-84,All Years
0,1,.99000001,1,All Persons,All IMD Quintiles,Yorkshire and The Humber,All Routes,All Stages,85-89,All Years
.25,.82999998,.79000002,.88,All Persons,All IMD Quintiles,Yorkshire and The Humber,All Routes,All Stages,85-89,All Years
.5,.69,.63999999,.75,All Persons,All IMD Quintiles,Yorkshire and The Humber,All Routes,All Stages,85-89,All Years
.75,.60000002,.52999997,.66000003,All Persons,All IMD Quintiles,Yorkshire and The Humber,All Routes,All Stages,85-89,All Years
1,.52999997,.47,.58999997,All Persons,All IMD Quintiles,Yorkshire and The Humber,All Routes,All Stages,85-89,All Years
1.25,.49000001,.43000001,.55000001,All Persons,All IMD Quintiles,Yorkshire and The Humber,All Routes,All Stages,85-89,All Years
1.5,.47,.41,.52999997,All Persons,All IMD Quintiles,Yorkshire and The Humber,All Routes,All Stages,85-89,All Years
1.75,.44999999,.38,.50999999,All Persons,All IMD Quintiles,Yorkshire and The Humber,All Routes,All Stages,85-89,All Years
2,.40000001,.34,.46000001,All Persons,All IMD Quintiles,Yorkshire and The Humber,All Routes,All Stages,85-89,All Years
2.25,.38,.31999999,.44999999,All Persons,All IMD Quintiles,Yorkshire and The Humber,All Routes,All Stages,85-89,All Years
2.5,.36000001,.30000001,.43000001,All Persons,All IMD Quintiles,Yorkshire and The Humber,All Routes,All Stages,85-89,All Years
2.75,.31,.25,.38,All Persons,All IMD Quintiles,Yorkshire and The Humber,All Routes,All Stages,85-89,All Years
3,.30000001,.23999999,.36000001,All Persons,All IMD Quintiles,Yorkshire and The Humber,All Routes,All Stages,85-89,All Years
3.25,.30000001,.23999999,.36000001,All Persons,All IMD Quintiles,Yorkshire and The Humber,All Routes,All Stages,85-89,All Years
3.5,.28999999,.22,.34999999,All Persons,All IMD Quintiles,Yorkshire and The Humber,All Routes,All Stages,85-89,All Years
3.75,.28,.22,.34,All Persons,All IMD Quintiles,Yorkshire and The Humber,All Routes,All Stages,85-89,All Years
4,.25999999,.2,.31999999,All Persons,All IMD Quintiles,Yorkshire and The Humber,All Routes,All Stages,85-89,All Years
4.25,.25,.19,.31,All Persons,All IMD Quintiles,Yorkshire and The Humber,All Routes,All Stages,85-89,All Years
4.5,.25,.19,.31,All Persons,All IMD Quintiles,Yorkshire and The Humber,All Routes,All Stages,85-89,All Years
4.75,.23999999,.18000001,.30000001,All Persons,All IMD Quintiles,Yorkshire and The Humber,All Routes,All Stages,85-89,All Years
5,.23,.16,.28999999,All Persons,All IMD Quintiles,Yorkshire and The Humber,All Routes,All Stages,85-89,All Years
0,.99000001,.97000003,1.01,All Persons,All IMD Quintiles,Yorkshire and The Humber,All Routes,All Stages,90+,All Years
.25,.72000003,.63,.80000001,All Persons,All IMD Quintiles,Yorkshire and The Humber,All Routes,All Stages,90+,All Years
.5,.50999999,.41999999,.61000001,All Persons,All IMD Quintiles,Yorkshire and The Humber,All Routes,All Stages,90+,All Years
.75,.38999999,.30000001,.47999999,All Persons,All IMD Quintiles,Yorkshire and The Humber,All Routes,All Stages,90+,All Years
1,.28999999,.20999999,.38,All Persons,All IMD Quintiles,Yorkshire and The Humber,All Routes,All Stages,90+,All Years
1.25,.25,.17,.34,All Persons,All IMD Quintiles,Yorkshire and The Humber,All Routes,All Stages,90+,All Years
1.5,.23999999,.16,.31999999,All Persons,All IMD Quintiles,Yorkshire and The Humber,All Routes,All Stages,90+,All Years
1.75,.22,.15000001,.30000001,All Persons,All IMD Quintiles,Yorkshire and The Humber,All Routes,All Stages,90+,All Years
2,.2,.12,.28,All Persons,All IMD Quintiles,Yorkshire and The Humber,All Routes,All Stages,90+,All Years
2.25,.18000001,.11,.25,All Persons,All IMD Quintiles,Yorkshire and The Humber,All Routes,All Stages,90+,All Years
2.5,.13,.07,.2,All Persons,All IMD Quintiles,Yorkshire and The Humber,All Routes,All Stages,90+,All Years
3.25,.12,.059999999,.18000001,All Persons,All IMD Quintiles,Yorkshire and The Humber,All Routes,All Stages,90+,All Years
3.5,.12,.059999999,.18000001,All Persons,All IMD Quintiles,Yorkshire and The Humber,All Routes,All Stages,90+,All Years
3.75,.1,.039999999,.17,All Persons,All IMD Quintiles,Yorkshire and The Humber,All Routes,All Stages,90+,All Years
4,.07,.02,.13,All Persons,All IMD Quintiles,Yorkshire and The Humber,All Routes,All Stages,90+,All Years
4.25,.059999999,.0099999998,.11,All Persons,All IMD Quintiles,Yorkshire and The Humber,All Routes,All Stages,90+,All Years
0,1,1,1,All Persons,All IMD Quintiles,Yorkshire and The Humber,All Routes,All Stages,All Ages,2016
.25,.93000001,.92000002,.94999999,All Persons,All IMD Quintiles,Yorkshire and The Humber,All Routes,All Stages,All Ages,2016
.5,.87,.85000002,.88999999,All Persons,All IMD Quintiles,Yorkshire and The Humber,All Routes,All Stages,All Ages,2016
.75,.82999998,.80000001,.85000002,All Persons,All IMD Quintiles,Yorkshire and The Humber,All Routes,All Stages,All Ages,2016
1,.76999998,.74000001,.80000001,All Persons,All IMD Quintiles,Yorkshire and The Humber,All Routes,All Stages,All Ages,2016
1.25,.73000002,.69999999,.75999999,All Persons,All IMD Quintiles,Yorkshire and The Humber,All Routes,All Stages,All Ages,2016
1.5,.70999998,.68000001,.73000002,All Persons,All IMD Quintiles,Yorkshire and The Humber,All Routes,All Stages,All Ages,2016
1.75,.69,.66000003,.70999998,All Persons,All IMD Quintiles,Yorkshire and The Humber,All Routes,All Stages,All Ages,2016
2,.67000002,.63999999,.69999999,All Persons,All IMD Quintiles,Yorkshire and The Humber,All Routes,All Stages,All Ages,2016
2.25,.64999998,.62,.68000001,All Persons,All IMD Quintiles,Yorkshire and The Humber,All Routes,All Stages,All Ages,2016
2.5,.63,.60000002,.66000003,All Persons,All IMD Quintiles,Yorkshire and The Humber,All Routes,All Stages,All Ages,2016
2.75,.61000001,.57999998,.63999999,All Persons,All IMD Quintiles,Yorkshire and The Humber,All Routes,All Stages,All Ages,2016
3,.61000001,.57999998,.63999999,All Persons,All IMD Quintiles,Yorkshire and The Humber,All Routes,All Stages,All Ages,2016
3.25,.58999997,.56,.62,All Persons,All IMD Quintiles,Yorkshire and The Humber,All Routes,All Stages,All Ages,2016
3.5,.57999998,.55000001,.61000001,All Persons,All IMD Quintiles,Yorkshire and The Humber,All Routes,All Stages,All Ages,2016
3.75,.56999999,.54000002,.60000002,All Persons,All IMD Quintiles,Yorkshire and The Humber,All Routes,All Stages,All Ages,2016
4,.56,.52999997,.58999997,All Persons,All IMD Quintiles,Yorkshire and The Humber,All Routes,All Stages,All Ages,2016
4.25,.55000001,.51999998,.57999998,All Persons,All IMD Quintiles,Yorkshire and The Humber,All Routes,All Stages,All Ages,2016
4.5,.54000002,.50999999,.56999999,All Persons,All IMD Quintiles,Yorkshire and The Humber,All Routes,All Stages,All Ages,2016
4.75,.52999997,.5,.56,All Persons,All IMD Quintiles,Yorkshire and The Humber,All Routes,All Stages,All Ages,2016
5,.51999998,.49000001,.55000001,All Persons,All IMD Quintiles,Yorkshire and The Humber,All Routes,All Stages,All Ages,2016
0,1,1,1,All Persons,All IMD Quintiles,Yorkshire and The Humber,All Routes,All Stages,All Ages,2017
.25,.93000001,.92000002,.94999999,All Persons,All IMD Quintiles,Yorkshire and The Humber,All Routes,All Stages,All Ages,2017
.5,.87,.85000002,.88999999,All Persons,All IMD Quintiles,Yorkshire and The Humber,All Routes,All Stages,All Ages,2017
.75,.81999999,.80000001,.85000002,All Persons,All IMD Quintiles,Yorkshire and The Humber,All Routes,All Stages,All Ages,2017
1,.77999997,.75999999,.81,All Persons,All IMD Quintiles,Yorkshire and The Humber,All Routes,All Stages,All Ages,2017
1.25,.75,.72000003,.77999997,All Persons,All IMD Quintiles,Yorkshire and The Humber,All Routes,All Stages,All Ages,2017
1.5,.72000003,.69999999,.75,All Persons,All IMD Quintiles,Yorkshire and The Humber,All Routes,All Stages,All Ages,2017
1.75,.69999999,.67000002,.73000002,All Persons,All IMD Quintiles,Yorkshire and The Humber,All Routes,All Stages,All Ages,2017
2,.68000001,.64999998,.70999998,All Persons,All IMD Quintiles,Yorkshire and The Humber,All Routes,All Stages,All Ages,2017
2.25,.67000002,.63999999,.69,All Persons,All IMD Quintiles,Yorkshire and The Humber,All Routes,All Stages,All Ages,2017
2.5,.66000003,.63,.69,All Persons,All IMD Quintiles,Yorkshire and The Humber,All Routes,All Stages,All Ages,2017
2.75,.63999999,.61000001,.67000002,All Persons,All IMD Quintiles,Yorkshire and The Humber,All Routes,All Stages,All Ages,2017
3,.62,.58999997,.64999998,All Persons,All IMD Quintiles,Yorkshire and The Humber,All Routes,All Stages,All Ages,2017
3.25,.62,.58999997,.64999998,All Persons,All IMD Quintiles,Yorkshire and The Humber,All Routes,All Stages,All Ages,2017
3.5,.61000001,.57999998,.63999999,All Persons,All IMD Quintiles,Yorkshire and The Humber,All Routes,All Stages,All Ages,2017
3.75,.60000002,.56999999,.63,All Persons,All IMD Quintiles,Yorkshire and The Humber,All Routes,All Stages,All Ages,2017
4,.57999998,.55000001,.61000001,All Persons,All IMD Quintiles,Yorkshire and The Humber,All Routes,All Stages,All Ages,2017
4.25,.56999999,.54000002,.60000002,All Persons,All IMD Quintiles,Yorkshire and The Humber,All Routes,All Stages,All Ages,2017
4.5,.56,.52999997,.58999997,All Persons,All IMD Quintiles,Yorkshire and The Humber,All Routes,All Stages,All Ages,2017
4.75,.56,.52999997,.58999997,All Persons,All IMD Quintiles,Yorkshire and The Humber,All Routes,All Stages,All Ages,2017
5,.55000001,.51999998,.57999998,All Persons,All IMD Quintiles,Yorkshire and The Humber,All Routes,All Stages,All Ages,2017
0,1,1,1,All Persons,All IMD Quintiles,Yorkshire and The Humber,All Routes,All Stages,All Ages,2018
.25,.93000001,.92000002,.94999999,All Persons,All IMD Quintiles,Yorkshire and The Humber,All Routes,All Stages,All Ages,2018
.5,.88,.86000001,.89999998,All Persons,All IMD Quintiles,Yorkshire and The Humber,All Routes,All Stages,All Ages,2018
.75,.81999999,.80000001,.83999997,All Persons,All IMD Quintiles,Yorkshire and The Humber,All Routes,All Stages,All Ages,2018
1,.77999997,.75999999,.81,All Persons,All IMD Quintiles,Yorkshire and The Humber,All Routes,All Stages,All Ages,2018
1.25,.76999998,.74000001,.79000002,All Persons,All IMD Quintiles,Yorkshire and The Humber,All Routes,All Stages,All Ages,2018
1.5,.74000001,.70999998,.75999999,All Persons,All IMD Quintiles,Yorkshire and The Humber,All Routes,All Stages,All Ages,2018
1.75,.70999998,.69,.74000001,All Persons,All IMD Quintiles,Yorkshire and The Humber,All Routes,All Stages,All Ages,2018
2,.69,.66000003,.70999998,All Persons,All IMD Quintiles,Yorkshire and The Humber,All Routes,All Stages,All Ages,2018
2.25,.66000003,.63,.69,All Persons,All IMD Quintiles,Yorkshire and The Humber,All Routes,All Stages,All Ages,2018
2.5,.63999999,.61000001,.67000002,All Persons,All IMD Quintiles,Yorkshire and The Humber,All Routes,All Stages,All Ages,2018
2.75,.62,.60000002,.64999998,All Persons,All IMD Quintiles,Yorkshire and The Humber,All Routes,All Stages,All Ages,2018
3,.61000001,.57999998,.63999999,All Persons,All IMD Quintiles,Yorkshire and The Humber,All Routes,All Stages,All Ages,2018
3.25,.61000001,.57999998,.63,All Persons,All IMD Quintiles,Yorkshire and The Humber,All Routes,All Stages,All Ages,2018
3.5,.60000002,.56999999,.63,All Persons,All IMD Quintiles,Yorkshire and The Humber,All Routes,All Stages,All Ages,2018
3.75,.58999997,.56,.62,All Persons,All IMD Quintiles,Yorkshire and The Humber,All Routes,All Stages,All Ages,2018
4,.57999998,.55000001,.61000001,All Persons,All IMD Quintiles,Yorkshire and The Humber,All Routes,All Stages,All Ages,2018
4.25,.56999999,.54000002,.60000002,All Persons,All IMD Quintiles,Yorkshire and The Humber,All Routes,All Stages,All Ages,2018
4.5,.56,.52999997,.58999997,All Persons,All IMD Quintiles,Yorkshire and The Humber,All Routes,All Stages,All Ages,2018
4.75,.55000001,.51999998,.57999998,All Persons,All IMD Quintiles,Yorkshire and The Humber,All Routes,All Stages,All Ages,2018
5,.54000002,.50999999,.57999998,All Persons,All IMD Quintiles,Yorkshire and The Humber,All Routes,All Stages,All Ages,2018
0,1,1,1,All Persons,All IMD Quintiles,Yorkshire and The Humber,All Routes,All Stages,All Ages,2019
.25,.92000002,.91000003,.94,All Persons,All IMD Quintiles,Yorkshire and The Humber,All Routes,All Stages,All Ages,2019
.5,.86000001,.83999997,.88999999,All Persons,All IMD Quintiles,Yorkshire and The Humber,All Routes,All Stages,All Ages,2019
.75,.81999999,.80000001,.83999997,All Persons,All IMD Quintiles,Yorkshire and The Humber,All Routes,All Stages,All Ages,2019
1,.77999997,.75,.80000001,All Persons,All IMD Quintiles,Yorkshire and The Humber,All Routes,All Stages,All Ages,2019
1.25,.75,.73000002,.77999997,All Persons,All IMD Quintiles,Yorkshire and The Humber,All Routes,All Stages,All Ages,2019
1.5,.72000003,.69999999,.75,All Persons,All IMD Quintiles,Yorkshire and The Humber,All Routes,All Stages,All Ages,2019
1.75,.70999998,.68000001,.73000002,All Persons,All IMD Quintiles,Yorkshire and The Humber,All Routes,All Stages,All Ages,2019
2,.69999999,.67000002,.72000003,All Persons,All IMD Quintiles,Yorkshire and The Humber,All Routes,All Stages,All Ages,2019
2.25,.68000001,.64999998,.69999999,All Persons,All IMD Quintiles,Yorkshire and The Humber,All Routes,All Stages,All Ages,2019
2.5,.66000003,.63999999,.69,All Persons,All IMD Quintiles,Yorkshire and The Humber,All Routes,All Stages,All Ages,2019
2.75,.64999998,.62,.68000001,All Persons,All IMD Quintiles,Yorkshire and The Humber,All Routes,All Stages,All Ages,2019
3,.63,.61000001,.66000003,All Persons,All IMD Quintiles,Yorkshire and The Humber,All Routes,All Stages,All Ages,2019
3.25,.62,.58999997,.64999998,All Persons,All IMD Quintiles,Yorkshire and The Humber,All Routes,All Stages,All Ages,2019
3.5,.61000001,.57999998,.63999999,All Persons,All IMD Quintiles,Yorkshire and The Humber,All Routes,All Stages,All Ages,2019
3.75,.60000002,.56999999,.63,All Persons,All IMD Quintiles,Yorkshire and The Humber,All Routes,All Stages,All Ages,2019
4,.57999998,.54000002,.62,All Persons,All IMD Quintiles,Yorkshire and The Humber,All Routes,All Stages,All Ages,2019
4.75,.57999998,.54000002,.62,All Persons,All IMD Quintiles,Yorkshire and The Humber,All Routes,All Stages,All Ages,2019
0,1,1,1,All Persons,All IMD Quintiles,Yorkshire and The Humber,All Routes,All Stages,All Ages,2020
.25,.92000002,.89999998,.94,All Persons,All IMD Quintiles,Yorkshire and The Humber,All Routes,All Stages,All Ages,2020
.5,.85000002,.82999998,.87,All Persons,All IMD Quintiles,Yorkshire and The Humber,All Routes,All Stages,All Ages,2020
.75,.79000002,.76999998,.81999999,All Persons,All IMD Quintiles,Yorkshire and The Humber,All Routes,All Stages,All Ages,2020
1,.75999999,.74000001,.79000002,All Persons,All IMD Quintiles,Yorkshire and The Humber,All Routes,All Stages,All Ages,2020
1.25,.74000001,.70999998,.75999999,All Persons,All IMD Quintiles,Yorkshire and The Humber,All Routes,All Stages,All Ages,2020
1.5,.70999998,.69,.74000001,All Persons,All IMD Quintiles,Yorkshire and The Humber,All Routes,All Stages,All Ages,2020
1.75,.69,.66000003,.72000003,All Persons,All IMD Quintiles,Yorkshire and The Humber,All Routes,All Stages,All Ages,2020
2,.66000003,.63999999,.69,All Persons,All IMD Quintiles,Yorkshire and The Humber,All Routes,All Stages,All Ages,2020
2.25,.64999998,.62,.68000001,All Persons,All IMD Quintiles,Yorkshire and The Humber,All Routes,All Stages,All Ages,2020
2.5,.63,.60000002,.66000003,All Persons,All IMD Quintiles,Yorkshire and The Humber,All Routes,All Stages,All Ages,2020
2.75,.60000002,.56999999,.63999999,All Persons,All IMD Quintiles,Yorkshire and The Humber,All Routes,All Stages,All Ages,2020
3,.60000002,.56999999,.63999999,All Persons,All IMD Quintiles,Yorkshire and The Humber,All Routes,All Stages,All Ages,2020
3.25,.60000002,.56999999,.63999999,All Persons,All IMD Quintiles,Yorkshire and The Humber,All Routes,All Stages,All Ages,2020
3.75,.52999997,.40000001,.66000003,All Persons,All IMD Quintiles,Yorkshire and The Humber,All Routes,All Stages,All Ages,2020
4.75,.52999997,.40000001,.66000003,All Persons,All IMD Quintiles,Yorkshire and The Humber,All Routes,All Stages,All Ages,2020
5,.52999997,.40000001,.66000003,All Persons,All IMD Quintiles,Yorkshire and The Humber,All Routes,All Stages,All Ages,2020
0,1,1,1,All Persons,All IMD Quintiles,Yorkshire and The Humber,All Routes,All Stages,All Ages,2021
.25,.92000002,.91000003,.94,All Persons,All IMD Quintiles,Yorkshire and The Humber,All Routes,All Stages,All Ages,2021
.5,.87,.85000002,.88999999,All Persons,All IMD Quintiles,Yorkshire and The Humber,All Routes,All Stages,All Ages,2021
.75,.81,.79000002,.82999998,All Persons,All IMD Quintiles,Yorkshire and The Humber,All Routes,All Stages,All Ages,2021
1,.76999998,.75,.79000002,All Persons,All IMD Quintiles,Yorkshire and The Humber,All Routes,All Stages,All Ages,2021
1.25,.74000001,.70999998,.75999999,All Persons,All IMD Quintiles,Yorkshire and The Humber,All Routes,All Stages,All Ages,2021
1.5,.72000003,.69999999,.75,All Persons,All IMD Quintiles,Yorkshire and The Humber,All Routes,All Stages,All Ages,2021
1.75,.69999999,.67000002,.73000002,All Persons,All IMD Quintiles,Yorkshire and The Humber,All Routes,All Stages,All Ages,2021
2,.68000001,.64999998,.72000003,All Persons,All IMD Quintiles,Yorkshire and The Humber,All Routes,All Stages,All Ages,2021
2.25,.68000001,.64999998,.72000003,All Persons,All IMD Quintiles,Yorkshire and The Humber,All Routes,All Stages,All Ages,2021
2.75,.68000001,.64999998,.72000003,All Persons,All IMD Quintiles,Yorkshire and The Humber,All Routes,All Stages,All Ages,2021
3,.68000001,.64999998,.72000003,All Persons,All IMD Quintiles,Yorkshire and The Humber,All Routes,All Stages,All Ages,2021
3.25,.68000001,.64999998,.72000003,All Persons,All IMD Quintiles,Yorkshire and The Humber,All Routes,All Stages,All Ages,2021
3.5,.68000001,.64999998,.72000003,All Persons,All IMD Quintiles,Yorkshire and The Humber,All Routes,All Stages,All Ages,2021
3.75,.68000001,.64999998,.72000003,All Persons,All IMD Quintiles,Yorkshire and The Humber,All Routes,All Stages,All Ages,2021
4,.68000001,.64999998,.72000003,All Persons,All IMD Quintiles,Yorkshire and The Humber,All Routes,All Stages,All Ages,2021
4.5,.68000001,.64999998,.72000003,All Persons,All IMD Quintiles,Yorkshire and The Humber,All Routes,All Stages,All Ages,2021
4.75,.60000002,.44999999,.75,All Persons,All IMD Quintiles,Yorkshire and The Humber,All Routes,All Stages,All Ages,2021
